[START] 5.6b - 2026-06-19 19:28:53
# ==============================================================
# 5.7b.1 - Lightweight runtime bootstrap for the not-weighted gradient-boosted weekly hazard benchmark
# ==============================================================
- SCRIPT_NAME: dropout_bench_v3_D_07_A_dynamic_weekly_gb_weekly_hazard.py
- RUN_ID: f3766e75053447a7beb7a1c4936d231f
- CPU_CORES: 8
- DUCKDB_PATH: /Users/rafars/dropout_benchmark_desenv/outputs_benchmark_survival/benchmark_survival.duckdb
- BENCHMARK_HORIZONS: [10, 20, 30]
- CALIBRATION_BINS: 10
ARTIFACT | shared_config | /Users/rafars/dropout_benchmark_desenv/benchmark_shared_config.toml
ARTIFACT | modeling_contract | /Users/rafars/dropout_benchmark_desenv/benchmark_modeling_contract.toml
ARTIFACT | run_metadata | /Users/rafars/dropout_benchmark_desenv/outputs_benchmark_survival/metadata/run_metadata.json
[END] 5.7b.1 - 2026-06-19 19:28:53
[RUN_PLAN] dynamic_window_weeks=2 script=dropout_bench_v3_D_07_A_dynamic_weekly_gb_weekly_hazard.py
[START] 5.6b - 2026-06-19 19:28:53
# ==============================================================
# 5.7b.2 - Prepare the shared dynamic weekly treatment for the not-weighted gradient-boosted benchmark
# ==============================================================
[Stage 5.7b.2 table_gb_weekly_hazard_not_weighted_preprocessing_summary_w2 — Not-weighted gradient-boosted preprocessing summary]
table_name=table_gb_weekly_hazard_not_weighted_preprocessing_summary_w2
rows=1, cols=12
                       model_family  active_window_weeks  raw_train_rows_before_truncation  raw_test_rows_before_truncation  train_rows  test_rows  n_input_features_raw  n_numeric_features  n_categorical_features  n_output_features_after_preprocessing  train_event_rate  test_event_rate
gb_weekly_hazard_not_weighted_tuned                    2                            719498                           308393       66712      28573                    16                  10                       6                                     46          0.021091         0.020614
ARTIFACT | Stage 5.7b.2 table_gb_weekly_hazard_not_weighted_preprocessing_summary_w2 — Not-weighted gradient-boosted preprocessing summary | duckdb://table_gb_weekly_hazard_not_weighted_preprocessing_summary_w2
[Stage 5.7b.2 table_gb_weekly_hazard_not_weighted_raw_feature_manifest_w2 — Not-weighted gradient-boosted raw feature manifest]
table_name=table_gb_weekly_hazard_not_weighted_raw_feature_manifest_w2
rows=16, cols=6
feature_name_operational feature_role  present_in_train  present_in_test  covered_by_canonical_config_after_alias canonical_source_name
                  gender  categorical              True             True                                    False                      
                  region  categorical              True             True                                    False                      
       highest_education  categorical              True             True                                    False                      
                imd_band  categorical              True             True                                    False                      
                age_band  categorical              True             True                                    False                      
              disability  categorical              True             True                                    False                      
    num_of_prev_attempts      numeric              True             True                                     True  num_of_prev_attempts
         studied_credits      numeric              True             True                                     True       studied_credits
                    week      numeric              True             True                                     True                  week
       total_clicks_week      numeric              True             True                                     True          total_clicks
        active_this_week      numeric              True             True                                    False                      
         n_vle_rows_week      numeric              True             True                                    False                      
   n_distinct_sites_week      numeric              True             True                                    False                      
      cum_clicks_until_t      numeric              True             True                                    False                      
                 recency      numeric              True             True                                    False                      
                  streak      numeric              True             True                                    False                      
ARTIFACT | Stage 5.7b.2 table_gb_weekly_hazard_not_weighted_raw_feature_manifest_w2 — Not-weighted gradient-boosted raw feature manifest | duckdb://table_gb_weekly_hazard_not_weighted_raw_feature_manifest_w2
[Stage 5.7b.2 table_gb_weekly_hazard_not_weighted_feature_names_out_w2 — Not-weighted gradient-boosted transformed feature names]
table_name=table_gb_weekly_hazard_not_weighted_feature_names_out_w2
rows=46, cols=1
       preprocessed_feature_name
       num__num_of_prev_attempts
            num__studied_credits
                       num__week
          num__total_clicks_week
           num__active_this_week
            num__n_vle_rows_week
      num__n_distinct_sites_week
         num__cum_clicks_until_t
                    num__recency
                     num__streak
                   cat__gender_F
                   cat__gender_M
 cat__region_East Anglian Region
cat__region_East Midlands Region
             cat__region_Ireland
       cat__region_London Region
        cat__region_North Region
cat__region_North Western Region
            cat__region_Scotland
   cat__region_South East Region
ARTIFACT | Stage 5.7b.2 table_gb_weekly_hazard_not_weighted_feature_names_out_w2 — Not-weighted gradient-boosted transformed feature names | duckdb://table_gb_weekly_hazard_not_weighted_feature_names_out_w2
ARTIFACT | gb_weekly_hazard_not_weighted_preprocessing_config | /Users/rafars/dropout_benchmark_desenv/outputs_benchmark_survival/metadata/gb_weekly_hazard_not_weighted_preprocessing_config_w2.json
{
  "model_name": "gb_weekly_hazard_not_weighted_tuned",
  "train_table": "pp_linear_hazard_ready_train",
  "test_table": "pp_linear_hazard_ready_test",
  "target_column": "event_t",
  "categorical_features": [
    "gender",
    "region",
    "highest_education",
    "imd_band",
    "age_band",
    "disability"
  ],
  "numeric_features": [
    "num_of_prev_attempts",
    "studied_credits",
    "week",
    "total_clicks_week",
    "active_this_week",
    "n_vle_rows_week",
    "n_distinct_sites_week",
    "cum_clicks_until_t",
    "recency",
    "streak"
  ],
  "operational_feature_columns": [
    "gender",
    "region",
    "highest_education",
    "imd_band",
    "age_band",
    "disability",
    "num_of_prev_attempts",
    "studied_credits",
    "week",
    "total_clicks_week",
    "active_this_week",
    "n_vle_rows_week",
    "n_distinct_sites_week",
    "cum_clicks_until_t",
    "recency",
    "streak"
  ],
  "canonical_expected_features_raw": [
    "studied_credits",
    "num_of_prev_attempts",
    "week",
    "total_clicks"
  ],
  "canonical_expected_features_resolved": [
    "studied_credits",
    "num_of_prev_attempts",
    "week",
    "total_clicks_week"
  ],
  "feature_alias_map": {
    "total_clicks": "total_clicks_week"
  },
  "n_train_rows": 66712,
  "n_test_rows": 28573,
  "active_window_weeks": 2,
  "raw_train_rows_before_truncation": 719498,
  "raw_test_rows_before_truncation": 308393,
  "n_output_features_after_preprocessing": 46,
  "train_event_rate": 0.02109065835232042,
  "test_event_rate": 0.020613866237356945,
  "design_note": "The not-weighted gradient-boosted weekly hazard benchmark reuses the same weekly dynamic treatment contract as D5.7 while removing positive-class weighting only.",
  "methodological_note": "All learned preprocessing operations were fit on training data only and then applied unchanged to test data."
}

[END] 5.7b.2 - 2026-06-19 19:28:54
[START] 5.6b - 2026-06-19 19:28:54
# ==============================================================
# 5.7b.3 - Compute runtime guardrails for the not-weighted gradient-boosted weekly hazard model
# ==============================================================
[Stage 5.7b.3 table_gb_weekly_hazard_not_weighted_guardrails_w2 — Not-weighted gradient-boosted runtime guardrails]
table_name=table_gb_weekly_hazard_not_weighted_guardrails_w2
rows=1, cols=14
 active_window_weeks  search_row_cap  final_row_cap  search_rows_selected  final_rows_selected  subtrain_total_rows  full_total_rows  n_features  subtrain_event_rate  full_event_rate  sampled_subtrain_event_rate  sampled_full_event_rate sample_weight_strategy                 implementation
                   2           53348          66712                 53348                66712                53348            66712          46             0.021275         0.021091                     0.021275                 0.021091                   none sklearn_hist_gradient_boosting
ARTIFACT | Stage 5.7b.3 table_gb_weekly_hazard_not_weighted_guardrails_w2 — Not-weighted gradient-boosted runtime guardrails | duckdb://table_gb_weekly_hazard_not_weighted_guardrails_w2
[END] 5.7b.3 - 2026-06-19 19:28:54
[START] 5.6b - 2026-06-19 19:28:54
# ==============================================================
# 5.7b.4 - Tune and evaluate the not-weighted gradient-boosted weekly hazard model
# ==============================================================
[Stage 5.7b.4 table_gb_weekly_hazard_not_weighted_tuning_results_w2 — Not-weighted gradient-boosted tuning results]
table_name=table_gb_weekly_hazard_not_weighted_tuning_results_w2
rows=24, cols=13
 candidate_id  max_depth  learning_rate  max_iter  effective_iter  min_samples_leaf  l2_regularization  fit_rows  fit_features  val_log_loss  val_brier  val_roc_auc fit_status
           24          4           0.10       250             250               160               10.0     53348            46      0.086196   0.019193     0.804166         ok
           23          4           0.10       150             150               160               10.0     53348            46      0.086214   0.019196     0.803315         ok
           20          4           0.05       200             200               200               10.0     53348            46      0.086364   0.019228     0.802943         ok
           22          4           0.10        80              80               200               10.0     53348            46      0.086511   0.019231     0.801216         ok
           15          3           0.08       200             200               160               10.0     53348            46      0.086667   0.019245     0.799992         ok
            8          2           0.10       200             200               160               10.0     53348            46      0.086875   0.019262     0.797985         ok
           21          4           0.08        80              80               300                5.0     53348            46      0.086922   0.019261     0.797297         ok
           13          3           0.05       200             200               200               10.0     53348            46      0.087090   0.019264     0.795484         ok
           14          3           0.08       100             100               300                5.0     53348            46      0.087159   0.019273     0.795233         ok
           19          4           0.05       100             100               300               10.0     53348            46      0.087257   0.019290     0.794818         ok
           16          3           0.10        80              80               300               10.0     53348            46      0.087341   0.019285     0.793120         ok
           18          4           0.03       150             150               250               10.0     53348            46      0.087432   0.019297     0.792410         ok
            6          2           0.08       150             150               200                5.0     53348            46      0.087463   0.019307     0.792633         ok
           11          3           0.03       200             200               160                5.0     53348            46      0.087675   0.019307     0.789728         ok
           17          4           0.02       200             200               300               10.0     53348            46      0.087686   0.019322     0.791045         ok
           12          3           0.05       120             120               160                5.0     53348            46      0.087696   0.019305     0.789396         ok
            7          2           0.10       100             100               250                5.0     53348            46      0.087779   0.019320     0.788729         ok
            5          2           0.05       200             200               160                5.0     53348            46      0.087838   0.019332     0.788746         ok
           10          3           0.03       120             120               200                5.0     53348            46      0.088860   0.019401     0.780304         ok
            4          2           0.05       120             120               300                1.0     53348            46      0.088904   0.019405     0.779051         ok
ARTIFACT | Stage 5.7b.4 table_gb_weekly_hazard_not_weighted_tuning_results_w2 — Not-weighted gradient-boosted tuning results | duckdb://table_gb_weekly_hazard_not_weighted_tuning_results_w2
[Stage 5.7b.4 table_gb_weekly_hazard_not_weighted_tuned_test_predictions_w2 — Not-weighted gradient-boosted test predictions]
table_name=table_gb_weekly_hazard_not_weighted_tuned_test_predictions_w2
rows=28573, cols=29
   enrollment_id  id_student code_module code_presentation  week  event_t  event_observed  t_event_week  t_final_week  used_zero_week_fallback_for_censoring gender               region     highest_education imd_band age_band  num_of_prev_attempts  studied_credits disability  total_clicks_week  active_this_week  n_vle_rows_week  n_distinct_sites_week  cum_clicks_until_t  recency  streak split  pred_hazard  pred_survival  pred_risk
100561|DDD|2014J      100561         DDD             2014J     0        0               0           NaN            37                                      0      M  East Anglian Region    Lower Than A Level   70-80%     0-35                     1               60          N               10.0                 1                8                      4                10.0        0       1  test     0.051612       0.948388   0.051612
100561|DDD|2014J      100561         DDD             2014J     1        0               0           NaN            37                                      0      M  East Anglian Region    Lower Than A Level   70-80%     0-35                     1               60          N                0.0                 0                0                      0                10.0        1       0  test     0.072117       0.879993   0.120007
100561|DDD|2014J      100561         DDD             2014J     2        0               0           NaN            37                                      0      M  East Anglian Region    Lower Than A Level   70-80%     0-35                     1               60          N               91.0                 1               26                     11               101.0        0       2  test     0.008948       0.872119   0.127881
100621|CCC|2014B      100621         CCC             2014B     0        0               1           6.0             6                                      0      M West Midlands Region A Level or Equivalent   50-60%    35-55                     0               60          N                0.0                 0                0                      0                 0.0        1       0  test     0.035644       0.964356   0.035644
100621|CCC|2014B      100621         CCC             2014B     1        0               1           6.0             6                                      0      M West Midlands Region A Level or Equivalent   50-60%    35-55                     0               60          N                3.0                 1                2                      2                 3.0        0       2  test     0.029567       0.935844   0.064156
100621|CCC|2014B      100621         CCC             2014B     2        0               1           6.0             6                                      0      M West Midlands Region A Level or Equivalent   50-60%    35-55                     0               60          N                1.0                 1                1                      1                 4.0        0       3  test     0.003526       0.932544   0.067456
101187|DDD|2014J      101187         DDD             2014J     0        0               0           NaN            37                                      0      F        London Region      HE Qualification   30-40%    35-55                     0              120          N                0.0                 0                0                      0                 0.0        1       0  test     0.014027       0.985973   0.014027
101187|DDD|2014J      101187         DDD             2014J     1        0               0           NaN            37                                      0      F        London Region      HE Qualification   30-40%    35-55                     0              120          N                0.0                 0                0                      0                 0.0        2       0  test     0.033588       0.952856   0.047144
101187|DDD|2014J      101187         DDD             2014J     2        0               0           NaN            37                                      0      F        London Region      HE Qualification   30-40%    35-55                     0              120          N                0.0                 0                0                      0                 0.0        3       0  test     0.119028       0.839439   0.160561
101279|DDD|2014J      101279         DDD             2014J     0        0               0           NaN            37                                      0      F     Yorkshire Region A Level or Equivalent    0-10%    35-55                     0               60          N               79.0                 1               31                     21                79.0        0       1  test     0.023198       0.976802   0.023198
101279|DDD|2014J      101279         DDD             2014J     1        0               0           NaN            37                                      0      F     Yorkshire Region A Level or Equivalent    0-10%    35-55                     0               60          N                1.0                 1                1                      1                80.0        0       2  test     0.046340       0.931536   0.068464
101279|DDD|2014J      101279         DDD             2014J     2        0               0           NaN            37                                      0      F     Yorkshire Region A Level or Equivalent    0-10%    35-55                     0               60          N                1.0                 1                1                      1                81.0        0       3  test     0.028185       0.905281   0.094719
101414|EEE|2013J      101414         EEE             2013J     0        0               0           NaN            38                                      0      M     Yorkshire Region    Lower Than A Level   70-80%    35-55                     0              105          N                0.0                 0                0                      0                 0.0        1       0  test     0.035070       0.964930   0.035070
101414|EEE|2013J      101414         EEE             2013J     1        0               0           NaN            38                                      0      M     Yorkshire Region    Lower Than A Level   70-80%    35-55                     0              105          N                0.0                 0                0                      0                 0.0        2       0  test     0.120514       0.848642   0.151358
101414|EEE|2013J      101414         EEE             2013J     2        0               0           NaN            38                                      0      M     Yorkshire Region    Lower Than A Level   70-80%    35-55                     0              105          N                0.0                 0                0                      0                 0.0        3       0  test     0.013894       0.836851   0.163149
101700|CCC|2014J      101700         CCC             2014J     0        0               0           NaN            38                                      0      M        London Region A Level or Equivalent    10-20     0-35                     0               60          Y                0.0                 0                0                      0                 0.0        1       0  test     0.001194       0.998806   0.001194
101700|CCC|2014J      101700         CCC             2014J     1        0               0           NaN            38                                      0      M        London Region A Level or Equivalent    10-20     0-35                     0               60          Y                0.0                 0                0                      0                 0.0        2       0  test     0.004979       0.993833   0.006167
101700|CCC|2014J      101700         CCC             2014J     2        0               0           NaN            38                                      0      M        London Region A Level or Equivalent    10-20     0-35                     0               60          Y                0.0                 0                0                      0                 0.0        3       0  test     0.001743       0.992101   0.007899
101781|AAA|2013J      101781         AAA             2013J     0        0               0           NaN            38                                      0      M         South Region    Lower Than A Level   80-90%    35-55                     0               60          N              182.0                 1               43                     11               182.0        0       1  test     0.048299       0.951701   0.048299
101781|AAA|2013J      101781         AAA             2013J     1        0               0           NaN            38                                      0      M         South Region    Lower Than A Level   80-90%    35-55                     0               60          N              514.0                 1               59                     20               696.0        0       2  test     0.036147       0.917300   0.082700
ARTIFACT | Stage 5.7b.4 table_gb_weekly_hazard_not_weighted_tuned_test_predictions_w2 — Not-weighted gradient-boosted test predictions | duckdb://table_gb_weekly_hazard_not_weighted_tuned_test_predictions_w2
[Stage 5.7b.4 table_gb_weekly_hazard_not_weighted_tuned_primary_metrics_w2 — Not-weighted gradient-boosted primary metrics]
table_name=table_gb_weekly_hazard_not_weighted_tuned_primary_metrics_w2
rows=2, cols=4
metric_name metric_category  metric_value                         notes
        ibs         primary      0.141637 sksurv_integrated_brier_score
    c_index      co_primary      0.479734          pycox_concordance_td
ARTIFACT | Stage 5.7b.4 table_gb_weekly_hazard_not_weighted_tuned_primary_metrics_w2 — Not-weighted gradient-boosted primary metrics | duckdb://table_gb_weekly_hazard_not_weighted_tuned_primary_metrics_w2
[Stage 5.7b.4 table_gb_weekly_hazard_not_weighted_tuned_brier_by_horizon_w2 — Not-weighted gradient-boosted Brier scores by horizon]
table_name=table_gb_weekly_hazard_not_weighted_tuned_brier_by_horizon_w2
rows=3, cols=5
 horizon_week      metric_name metric_category  metric_value              notes
           10 brier_at_horizon         primary      0.118980 sksurv_brier_score
           20 brier_at_horizon         primary      0.166415 sksurv_brier_score
           30 brier_at_horizon         primary      0.201582 sksurv_brier_score
ARTIFACT | Stage 5.7b.4 table_gb_weekly_hazard_not_weighted_tuned_brier_by_horizon_w2 — Not-weighted gradient-boosted Brier scores by horizon | duckdb://table_gb_weekly_hazard_not_weighted_tuned_brier_by_horizon_w2
[Stage 5.7b.4 table_gb_weekly_hazard_not_weighted_tuned_secondary_metrics_w2 — Not-weighted gradient-boosted secondary metrics]
table_name=table_gb_weekly_hazard_not_weighted_tuned_secondary_metrics_w2
rows=6, cols=5
 horizon_week         metric_name metric_category  metric_value                                                                                  notes
           10 risk_auc_at_horizon       secondary      0.393719                                                            roc_auc_on_evaluable_subset
           10  time_dependent_auc       secondary      0.394368 ipcw_supported_subset(duration < 38); retained=6742/9778; auc=0.394368; local_ipcw_auc
           20 risk_auc_at_horizon       secondary      0.411382                                                            roc_auc_on_evaluable_subset
           20  time_dependent_auc       secondary      0.410719 ipcw_supported_subset(duration < 38); retained=6742/9778; auc=0.410719; local_ipcw_auc
           30 risk_auc_at_horizon       secondary      0.426690                                                            roc_auc_on_evaluable_subset
           30  time_dependent_auc       secondary      0.425771 ipcw_supported_subset(duration < 38); retained=6742/9778; auc=0.425771; local_ipcw_auc
ARTIFACT | Stage 5.7b.4 table_gb_weekly_hazard_not_weighted_tuned_secondary_metrics_w2 — Not-weighted gradient-boosted secondary metrics | duckdb://table_gb_weekly_hazard_not_weighted_tuned_secondary_metrics_w2
[Stage 5.7b.4 table_gb_weekly_hazard_not_weighted_tuned_td_auc_support_audit_w2 — Not-weighted gradient-boosted IPCW support audit]
table_name=table_gb_weekly_hazard_not_weighted_tuned_td_auc_support_audit_w2
rows=3, cols=6
 horizon_week  max_ipcw_time  n_total_test_enrollments  n_supported_test_enrollments  mean_auc                                                                                  notes
           10           38.0                      9778                          6742  0.394368 ipcw_supported_subset(duration < 38); retained=6742/9778; auc=0.394368; local_ipcw_auc
           20           38.0                      9778                          6742  0.410719 ipcw_supported_subset(duration < 38); retained=6742/9778; auc=0.410719; local_ipcw_auc
           30           38.0                      9778                          6742  0.425771 ipcw_supported_subset(duration < 38); retained=6742/9778; auc=0.425771; local_ipcw_auc
ARTIFACT | Stage 5.7b.4 table_gb_weekly_hazard_not_weighted_tuned_td_auc_support_audit_w2 — Not-weighted gradient-boosted IPCW support audit | duckdb://table_gb_weekly_hazard_not_weighted_tuned_td_auc_support_audit_w2
[Stage 5.7b.4 table_gb_weekly_hazard_not_weighted_tuned_row_diagnostics_w2 — Not-weighted gradient-boosted row-level diagnostics]
table_name=table_gb_weekly_hazard_not_weighted_tuned_row_diagnostics_w2
rows=1, cols=5
                         model_name  row_level_roc_auc  row_level_pr_auc  row_level_log_loss  row_level_brier
gb_weekly_hazard_not_weighted_tuned           0.824217          0.101202             0.08498         0.019281
ARTIFACT | Stage 5.7b.4 table_gb_weekly_hazard_not_weighted_tuned_row_diagnostics_w2 — Not-weighted gradient-boosted row-level diagnostics | duckdb://table_gb_weekly_hazard_not_weighted_tuned_row_diagnostics_w2
[Stage 5.7b.4 table_gb_weekly_hazard_not_weighted_tuned_support_by_horizon_w2 — Not-weighted gradient-boosted support by horizon]
table_name=table_gb_weekly_hazard_not_weighted_tuned_support_by_horizon_w2
rows=3, cols=4
 horizon_week  n_evaluable_enrollments  n_events_by_horizon  event_rate_by_horizon
           10                     9778                 1215               0.124259
           20                     9778                 1736               0.177541
           30                     9778                 2129               0.217734
ARTIFACT | Stage 5.7b.4 table_gb_weekly_hazard_not_weighted_tuned_support_by_horizon_w2 — Not-weighted gradient-boosted support by horizon | duckdb://table_gb_weekly_hazard_not_weighted_tuned_support_by_horizon_w2
[Stage 5.7b.4 table_gb_weekly_hazard_not_weighted_tuned_calibration_summary_w2 — Not-weighted gradient-boosted calibration summary]
table_name=table_gb_weekly_hazard_not_weighted_tuned_calibration_summary_w2
rows=3, cols=5
 horizon_week            metric_name metric_category  metric_value                                         notes
           10 calibration_at_horizon         primary      0.087868 Weighted absolute calibration gap across bins
           20 calibration_at_horizon         primary      0.126525 Weighted absolute calibration gap across bins
           30 calibration_at_horizon         primary      0.158113 Weighted absolute calibration gap across bins
ARTIFACT | Stage 5.7b.4 table_gb_weekly_hazard_not_weighted_tuned_calibration_summary_w2 — Not-weighted gradient-boosted calibration summary | duckdb://table_gb_weekly_hazard_not_weighted_tuned_calibration_summary_w2
[Stage 5.7b.4 table_gb_weekly_hazard_not_weighted_tuned_calibration_bins_by_horizon_w2 — Not-weighted gradient-boosted calibration bins]
table_name=table_gb_weekly_hazard_not_weighted_tuned_calibration_bins_by_horizon_w2
rows=30, cols=6
 calibration_bin   n  mean_predicted_risk  observed_event_rate  horizon_week  abs_calibration_gap
               0 978             0.005605             0.254601            10             0.248997
               1 978             0.012095             0.161554            10             0.149459
               2 978             0.018288             0.129857            10             0.111569
               3 977             0.025771             0.121801            10             0.096030
               4 978             0.035900             0.097137            10             0.061237
               5 978             0.049465             0.101227            10             0.051762
               6 977             0.067005             0.097236            10             0.030231
               7 978             0.088007             0.101227            10             0.013220
               8 978             0.116062             0.084867            10             0.031195
               9 978             0.177978             0.093047            10             0.084931
               0 978             0.005605             0.310838            20             0.305234
               1 978             0.012095             0.219836            20             0.207741
               2 978             0.018288             0.188139            20             0.169852
               3 977             0.025771             0.184237            20             0.158466
               4 978             0.035900             0.153374            20             0.117474
               5 978             0.049465             0.150307            20             0.100842
               6 977             0.067005             0.152508            20             0.085503
               7 978             0.088007             0.144172            20             0.056165
               8 978             0.116062             0.137014            20             0.020952
               9 978             0.177978             0.134969            20             0.043009
ARTIFACT | Stage 5.7b.4 table_gb_weekly_hazard_not_weighted_tuned_calibration_bins_by_horizon_w2 — Not-weighted gradient-boosted calibration bins | duckdb://table_gb_weekly_hazard_not_weighted_tuned_calibration_bins_by_horizon_w2
[Stage 5.7b.4 table_gb_weekly_hazard_not_weighted_tuned_predicted_vs_observed_survival_w2 — Not-weighted gradient-boosted predicted versus observed survival]
table_name=table_gb_weekly_hazard_not_weighted_tuned_predicted_vs_observed_survival_w2
rows=3, cols=5
 horizon_week  n_evaluable_enrollments  mean_predicted_survival  mean_observed_survival  abs_gap
           10                     9778                  0.94038                0.875741 0.064638
           20                     9778                  0.94038                0.822459 0.117921
           30                     9778                  0.94038                0.782266 0.158113
ARTIFACT | Stage 5.7b.4 table_gb_weekly_hazard_not_weighted_tuned_predicted_vs_observed_survival_w2 — Not-weighted gradient-boosted predicted versus observed survival | duckdb://table_gb_weekly_hazard_not_weighted_tuned_predicted_vs_observed_survival_w2
ARTIFACT | gb_weekly_hazard_not_weighted_model | /Users/rafars/dropout_benchmark_desenv/outputs_benchmark_survival/models/gb_weekly_hazard_not_weighted_tuned_w2.joblib
ARTIFACT | gb_weekly_hazard_not_weighted_preprocessor | /Users/rafars/dropout_benchmark_desenv/outputs_benchmark_survival/models/gb_weekly_hazard_not_weighted_preprocessor_w2.joblib
ARTIFACT | gb_weekly_hazard_not_weighted_tuned_model_config | /Users/rafars/dropout_benchmark_desenv/outputs_benchmark_survival/metadata/gb_weekly_hazard_not_weighted_tuned_model_config_w2.json
{
  "model_name": "gb_weekly_hazard_not_weighted_tuned",
  "family_name": "discrete_time_dynamic",
  "model_family": "discrete_time_boosted",
  "model_type": "gradient_boosted_weekly_hazard",
  "implementation": "sklearn_hist_gradient_boosting",
  "candidate_grid": [
    {
      "max_depth": 2,
      "learning_rate": 0.02,
      "max_iter": 80,
      "min_samples_leaf": 300,
      "l2_regularization": 5.0
    },
    {
      "max_depth": 2,
      "learning_rate": 0.02,
      "max_iter": 150,
      "min_samples_leaf": 200,
      "l2_regularization": 5.0
    },
    {
      "max_depth": 2,
      "learning_rate": 0.03,
      "max_iter": 120,
      "min_samples_leaf": 300,
      "l2_regularization": 5.0
    },
    {
      "max_depth": 2,
      "learning_rate": 0.05,
      "max_iter": 120,
      "min_samples_leaf": 300,
      "l2_regularization": 1.0
    },
    {
      "max_depth": 2,
      "learning_rate": 0.05,
      "max_iter": 200,
      "min_samples_leaf": 160,
      "l2_regularization": 5.0
    },
    {
      "max_depth": 2,
      "learning_rate": 0.08,
      "max_iter": 150,
      "min_samples_leaf": 200,
      "l2_regularization": 5.0
    },
    {
      "max_depth": 2,
      "learning_rate": 0.1,
      "max_iter": 100,
      "min_samples_leaf": 250,
      "l2_regularization": 5.0
    },
    {
      "max_depth": 2,
      "learning_rate": 0.1,
      "max_iter": 200,
      "min_samples_leaf": 160,
      "l2_regularization": 10.0
    },
    {
      "max_depth": 3,
      "learning_rate": 0.02,
      "max_iter": 150,
      "min_samples_leaf": 300,
      "l2_regularization": 10.0
    },
    {
      "max_depth": 3,
      "learning_rate": 0.03,
      "max_iter": 120,
      "min_samples_leaf": 200,
      "l2_regularization": 5.0
    },
    {
      "max_depth": 3,
      "learning_rate": 0.03,
      "max_iter": 200,
      "min_samples_leaf": 160,
      "l2_regularization": 5.0
    },
    {
      "max_depth": 3,
      "learning_rate": 0.05,
      "max_iter": 120,
      "min_samples_leaf": 160,
      "l2_regularization": 5.0
    },
    {
      "max_depth": 3,
      "learning_rate": 0.05,
      "max_iter": 200,
      "min_samples_leaf": 200,
      "l2_regularization": 10.0
    },
    {
      "max_depth": 3,
      "learning_rate": 0.08,
      "max_iter": 100,
      "min_samples_leaf": 300,
      "l2_regularization": 5.0
    },
    {
      "max_depth": 3,
      "learning_rate": 0.08,
      "max_iter": 200,
      "min_samples_leaf": 160,
      "l2_regularization": 10.0
    },
    {
      "max_depth": 3,
      "learning_rate": 0.1,
      "max_iter": 80,
      "min_samples_leaf": 300,
      "l2_regularization": 10.0
    },
    {
      "max_depth": 4,
      "learning_rate": 0.02,
      "max_iter": 200,
      "min_samples_leaf": 300,
      "l2_regularization": 10.0
    },
    {
      "max_depth": 4,
      "learning_rate": 0.03,
      "max_iter": 150,
      "min_samples_leaf": 250,
      "l2_regularization": 10.0
    },
    {
      "max_depth": 4,
      "learning_rate": 0.05,
      "max_iter": 100,
      "min_samples_leaf": 300,
      "l2_regularization": 10.0
    },
    {
      "max_depth": 4,
      "learning_rate": 0.05,
      "max_iter": 200,
      "min_samples_leaf": 200,
      "l2_regularization": 10.0
    },
    {
      "max_depth": 4,
      "learning_rate": 0.08,
      "max_iter": 80,
      "min_samples_leaf": 300,
      "l2_regularization": 5.0
    },
    {
      "max_depth": 4,
      "learning_rate": 0.1,
      "max_iter": 80,
      "min_samples_leaf": 200,
      "l2_regularization": 10.0
    },
    {
      "max_depth": 4,
      "learning_rate": 0.1,
      "max_iter": 150,
      "min_samples_leaf": 160,
      "l2_regularization": 10.0
    },
    {
      "max_depth": 4,
      "learning_rate": 0.1,
      "max_iter": 250,
      "min_samples_leaf": 160,
      "l2_regularization": 10.0
    }
  ],
  "selection_metric": "val_log_loss_on_discrete_hazard",
  "validation_split": {
    "method": "GroupShuffleSplit",
    "test_size": 0.2,
    "group_column": "enrollment_id",
    "random_seed": 42
  },
  "guardrails": {
    "active_window_weeks": 2,
    "search_row_cap": 53348,
    "final_row_cap": 66712,
    "search_rows_selected": 53348,
    "final_rows_selected": 66712,
    "subtrain_total_rows": 53348,
    "full_total_rows": 66712,
    "n_features": 46,
    "subtrain_event_rate": 0.02127539926520207,
    "full_event_rate": 0.02109065835232042,
    "sampled_subtrain_event_rate": 0.02127539926520207,
    "sampled_full_event_rate": 0.02109065835232042,
    "sample_weight_strategy": "none",
    "implementation": "sklearn_hist_gradient_boosting"
  },
  "benchmark_horizons": [
    10,
    20,
    30
  ],
  "calibration_bins": 10,
  "calibration_contract_version": "v2_ipcw_km_observed_risk",
  "calibration_observed_risk_method": "ipcw_km_pseudo_event_rate",
  "active_window_weeks": 2,
  "best_candidate": {
    "candidate_id": 24,
    "params": {
      "max_depth": 4,
      "learning_rate": 0.1,
      "max_iter": 250,
      "min_samples_leaf": 160,
      "l2_regularization": 10.0
    },
    "val_log_loss": 0.08619636292804847
  },
  "preprocessing": {
    "categorical_features": [
      "gender",
      "region",
      "highest_education",
      "imd_band",
      "age_band",
      "disability"
    ],
    "numeric_features": [
      "num_of_prev_attempts",
      "studied_credits",
      "week",
      "total_clicks_week",
      "active_this_week",
      "n_vle_rows_week",
      "n_distinct_sites_week",
      "cum_clicks_until_t",
      "recency",
      "streak"
    ],
    "categorical_encoder": "OneHotEncoder(handle_unknown=ignore, sparse_output=True)",
    "numeric_scaler": "MaxAbsScaler"
  },
  "weighting_strategy": "none; this official D5.7 variant preserves the same candidate grid and evaluation contract without positive-class weighting.",
  "design_note": "This variant keeps the same weekly benchmark arm, feature contract, and conservative boosted configuration while leaving positive-class weighting exclusively to the weighted sensitivity counterpart."
}

 candidate_id  max_depth  learning_rate  max_iter  effective_iter  min_samples_leaf  l2_regularization  fit_rows  fit_features  val_log_loss  val_brier  val_roc_auc fit_status
           24          4           0.10       250             250               160               10.0     53348            46      0.086196   0.019193     0.804166         ok
           23          4           0.10       150             150               160               10.0     53348            46      0.086214   0.019196     0.803315         ok
           20          4           0.05       200             200               200               10.0     53348            46      0.086364   0.019228     0.802943         ok
           22          4           0.10        80              80               200               10.0     53348            46      0.086511   0.019231     0.801216         ok
           15          3           0.08       200             200               160               10.0     53348            46      0.086667   0.019245     0.799992         ok
            8          2           0.10       200             200               160               10.0     53348            46      0.086875   0.019262     0.797985         ok
           21          4           0.08        80              80               300                5.0     53348            46      0.086922   0.019261     0.797297         ok
           13          3           0.05       200             200               200               10.0     53348            46      0.087090   0.019264     0.795484         ok
           14          3           0.08       100             100               300                5.0     53348            46      0.087159   0.019273     0.795233         ok
           19          4           0.05       100             100               300               10.0     53348            46      0.087257   0.019290     0.794818         ok
           16          3           0.10        80              80               300               10.0     53348            46      0.087341   0.019285     0.793120         ok
           18          4           0.03       150             150               250               10.0     53348            46      0.087432   0.019297     0.792410         ok
            6          2           0.08       150             150               200                5.0     53348            46      0.087463   0.019307     0.792633         ok
           11          3           0.03       200             200               160                5.0     53348            46      0.087675   0.019307     0.789728         ok
           17          4           0.02       200             200               300               10.0     53348            46      0.087686   0.019322     0.791045         ok
           12          3           0.05       120             120               160                5.0     53348            46      0.087696   0.019305     0.789396         ok
            7          2           0.10       100             100               250                5.0     53348            46      0.087779   0.019320     0.788729         ok
            5          2           0.05       200             200               160                5.0     53348            46      0.087838   0.019332     0.788746         ok
           10          3           0.03       120             120               200                5.0     53348            46      0.088860   0.019401     0.780304         ok
            4          2           0.05       120             120               300                1.0     53348            46      0.088904   0.019405     0.779051         ok
[END] 5.7b.4 - 2026-06-19 19:29:09
[RUN_PLAN] dynamic_window_weeks=4 script=dropout_bench_v3_D_07_A_dynamic_weekly_gb_weekly_hazard.py
[START] 5.6b - 2026-06-19 19:29:09
# ==============================================================
# 5.7b.2 - Prepare the shared dynamic weekly treatment for the not-weighted gradient-boosted benchmark
# ==============================================================
[Stage 5.7b.2 table_gb_weekly_hazard_not_weighted_preprocessing_summary_w4 — Not-weighted gradient-boosted preprocessing summary]
table_name=table_gb_weekly_hazard_not_weighted_preprocessing_summary_w4
rows=1, cols=12
                       model_family  active_window_weeks  raw_train_rows_before_truncation  raw_test_rows_before_truncation  train_rows  test_rows  n_input_features_raw  n_numeric_features  n_categorical_features  n_output_features_after_preprocessing  train_event_rate  test_event_rate
gb_weekly_hazard_not_weighted_tuned                    4                            719498                           308393      109284      46835                    16                  10                       6                                     46           0.01702          0.01706
ARTIFACT | Stage 5.7b.2 table_gb_weekly_hazard_not_weighted_preprocessing_summary_w4 — Not-weighted gradient-boosted preprocessing summary | duckdb://table_gb_weekly_hazard_not_weighted_preprocessing_summary_w4
[Stage 5.7b.2 table_gb_weekly_hazard_not_weighted_raw_feature_manifest_w4 — Not-weighted gradient-boosted raw feature manifest]
table_name=table_gb_weekly_hazard_not_weighted_raw_feature_manifest_w4
rows=16, cols=6
feature_name_operational feature_role  present_in_train  present_in_test  covered_by_canonical_config_after_alias canonical_source_name
                  gender  categorical              True             True                                    False                      
                  region  categorical              True             True                                    False                      
       highest_education  categorical              True             True                                    False                      
                imd_band  categorical              True             True                                    False                      
                age_band  categorical              True             True                                    False                      
              disability  categorical              True             True                                    False                      
    num_of_prev_attempts      numeric              True             True                                     True  num_of_prev_attempts
         studied_credits      numeric              True             True                                     True       studied_credits
                    week      numeric              True             True                                     True                  week
       total_clicks_week      numeric              True             True                                     True          total_clicks
        active_this_week      numeric              True             True                                    False                      
         n_vle_rows_week      numeric              True             True                                    False                      
   n_distinct_sites_week      numeric              True             True                                    False                      
      cum_clicks_until_t      numeric              True             True                                    False                      
                 recency      numeric              True             True                                    False                      
                  streak      numeric              True             True                                    False                      
ARTIFACT | Stage 5.7b.2 table_gb_weekly_hazard_not_weighted_raw_feature_manifest_w4 — Not-weighted gradient-boosted raw feature manifest | duckdb://table_gb_weekly_hazard_not_weighted_raw_feature_manifest_w4
[Stage 5.7b.2 table_gb_weekly_hazard_not_weighted_feature_names_out_w4 — Not-weighted gradient-boosted transformed feature names]
table_name=table_gb_weekly_hazard_not_weighted_feature_names_out_w4
rows=46, cols=1
       preprocessed_feature_name
       num__num_of_prev_attempts
            num__studied_credits
                       num__week
          num__total_clicks_week
           num__active_this_week
            num__n_vle_rows_week
      num__n_distinct_sites_week
         num__cum_clicks_until_t
                    num__recency
                     num__streak
                   cat__gender_F
                   cat__gender_M
 cat__region_East Anglian Region
cat__region_East Midlands Region
             cat__region_Ireland
       cat__region_London Region
        cat__region_North Region
cat__region_North Western Region
            cat__region_Scotland
   cat__region_South East Region
ARTIFACT | Stage 5.7b.2 table_gb_weekly_hazard_not_weighted_feature_names_out_w4 — Not-weighted gradient-boosted transformed feature names | duckdb://table_gb_weekly_hazard_not_weighted_feature_names_out_w4
ARTIFACT | gb_weekly_hazard_not_weighted_preprocessing_config | /Users/rafars/dropout_benchmark_desenv/outputs_benchmark_survival/metadata/gb_weekly_hazard_not_weighted_preprocessing_config_w4.json
{
  "model_name": "gb_weekly_hazard_not_weighted_tuned",
  "train_table": "pp_linear_hazard_ready_train",
  "test_table": "pp_linear_hazard_ready_test",
  "target_column": "event_t",
  "categorical_features": [
    "gender",
    "region",
    "highest_education",
    "imd_band",
    "age_band",
    "disability"
  ],
  "numeric_features": [
    "num_of_prev_attempts",
    "studied_credits",
    "week",
    "total_clicks_week",
    "active_this_week",
    "n_vle_rows_week",
    "n_distinct_sites_week",
    "cum_clicks_until_t",
    "recency",
    "streak"
  ],
  "operational_feature_columns": [
    "gender",
    "region",
    "highest_education",
    "imd_band",
    "age_band",
    "disability",
    "num_of_prev_attempts",
    "studied_credits",
    "week",
    "total_clicks_week",
    "active_this_week",
    "n_vle_rows_week",
    "n_distinct_sites_week",
    "cum_clicks_until_t",
    "recency",
    "streak"
  ],
  "canonical_expected_features_raw": [
    "studied_credits",
    "num_of_prev_attempts",
    "week",
    "total_clicks"
  ],
  "canonical_expected_features_resolved": [
    "studied_credits",
    "num_of_prev_attempts",
    "week",
    "total_clicks_week"
  ],
  "feature_alias_map": {
    "total_clicks": "total_clicks_week"
  },
  "n_train_rows": 109284,
  "n_test_rows": 46835,
  "active_window_weeks": 4,
  "raw_train_rows_before_truncation": 719498,
  "raw_test_rows_before_truncation": 308393,
  "n_output_features_after_preprocessing": 46,
  "train_event_rate": 0.01701987482156583,
  "test_event_rate": 0.01705989110707804,
  "design_note": "The not-weighted gradient-boosted weekly hazard benchmark reuses the same weekly dynamic treatment contract as D5.7 while removing positive-class weighting only.",
  "methodological_note": "All learned preprocessing operations were fit on training data only and then applied unchanged to test data."
}

[END] 5.7b.2 - 2026-06-19 19:29:10
[START] 5.6b - 2026-06-19 19:29:10
# ==============================================================
# 5.7b.3 - Compute runtime guardrails for the not-weighted gradient-boosted weekly hazard model
# ==============================================================
[Stage 5.7b.3 table_gb_weekly_hazard_not_weighted_guardrails_w4 — Not-weighted gradient-boosted runtime guardrails]
table_name=table_gb_weekly_hazard_not_weighted_guardrails_w4
rows=1, cols=14
 active_window_weeks  search_row_cap  final_row_cap  search_rows_selected  final_rows_selected  subtrain_total_rows  full_total_rows  n_features  subtrain_event_rate  full_event_rate  sampled_subtrain_event_rate  sampled_full_event_rate sample_weight_strategy                 implementation
                   4           80000         108695                 80000               108695                87386           109284          46             0.017108          0.01702                     0.018687                 0.017112                   none sklearn_hist_gradient_boosting
ARTIFACT | Stage 5.7b.3 table_gb_weekly_hazard_not_weighted_guardrails_w4 — Not-weighted gradient-boosted runtime guardrails | duckdb://table_gb_weekly_hazard_not_weighted_guardrails_w4
[END] 5.7b.3 - 2026-06-19 19:29:10
[START] 5.6b - 2026-06-19 19:29:10
# ==============================================================
# 5.7b.4 - Tune and evaluate the not-weighted gradient-boosted weekly hazard model
# ==============================================================
[Stage 5.7b.4 table_gb_weekly_hazard_not_weighted_tuning_results_w4 — Not-weighted gradient-boosted tuning results]
table_name=table_gb_weekly_hazard_not_weighted_tuning_results_w4
rows=24, cols=13
 candidate_id  max_depth  learning_rate  max_iter  effective_iter  min_samples_leaf  l2_regularization  fit_rows  fit_features  val_log_loss  val_brier  val_roc_auc fit_status
           23          4           0.10       150             150               160               10.0     80000            46      0.074782   0.015902     0.791349         ok
           24          4           0.10       250             250               160               10.0     80000            46      0.074821   0.015896     0.792219         ok
           20          4           0.05       200             200               200               10.0     80000            46      0.074893   0.015911     0.789248         ok
           15          3           0.08       200             200               160               10.0     80000            46      0.074937   0.015916     0.788541         ok
           22          4           0.10        80              80               200               10.0     80000            46      0.075029   0.015919     0.787217         ok
           13          3           0.05       200             200               200               10.0     80000            46      0.075113   0.015932     0.786677         ok
           21          4           0.08        80              80               300                5.0     80000            46      0.075145   0.015926     0.786039         ok
           14          3           0.08       100             100               300                5.0     80000            46      0.075200   0.015940     0.786058         ok
           16          3           0.10        80              80               300               10.0     80000            46      0.075267   0.015941     0.784946         ok
            8          2           0.10       200             200               160               10.0     80000            46      0.075331   0.015952     0.784770         ok
           19          4           0.05       100             100               300               10.0     80000            46      0.075464   0.015954     0.783156         ok
           18          4           0.03       150             150               250               10.0     80000            46      0.075563   0.015960     0.782380         ok
            6          2           0.08       150             150               200                5.0     80000            46      0.075567   0.015970     0.782411         ok
           11          3           0.03       200             200               160                5.0     80000            46      0.075568   0.015964     0.782316         ok
           12          3           0.05       120             120               160                5.0     80000            46      0.075580   0.015966     0.782427         ok
           17          4           0.02       200             200               300               10.0     80000            46      0.075712   0.015971     0.781205         ok
            5          2           0.05       200             200               160                5.0     80000            46      0.075801   0.015982     0.779627         ok
            7          2           0.10       100             100               250                5.0     80000            46      0.075860   0.015989     0.779538         ok
           10          3           0.03       120             120               200                5.0     80000            46      0.076310   0.016016     0.775938         ok
            4          2           0.05       120             120               300                1.0     80000            46      0.076510   0.016029     0.772803         ok
ARTIFACT | Stage 5.7b.4 table_gb_weekly_hazard_not_weighted_tuning_results_w4 — Not-weighted gradient-boosted tuning results | duckdb://table_gb_weekly_hazard_not_weighted_tuning_results_w4
[Stage 5.7b.4 table_gb_weekly_hazard_not_weighted_tuned_test_predictions_w4 — Not-weighted gradient-boosted test predictions]
table_name=table_gb_weekly_hazard_not_weighted_tuned_test_predictions_w4
rows=46835, cols=29
   enrollment_id  id_student code_module code_presentation  week  event_t  event_observed  t_event_week  t_final_week  used_zero_week_fallback_for_censoring gender               region     highest_education imd_band age_band  num_of_prev_attempts  studied_credits disability  total_clicks_week  active_this_week  n_vle_rows_week  n_distinct_sites_week  cum_clicks_until_t  recency  streak split  pred_hazard  pred_survival  pred_risk
100561|DDD|2014J      100561         DDD             2014J     0        0               0           NaN            37                                      0      M  East Anglian Region    Lower Than A Level   70-80%     0-35                     1               60          N               10.0                 1                8                      4                10.0        0       1  test     0.058428       0.941572   0.058428
100561|DDD|2014J      100561         DDD             2014J     1        0               0           NaN            37                                      0      M  East Anglian Region    Lower Than A Level   70-80%     0-35                     1               60          N                0.0                 0                0                      0                10.0        1       0  test     0.056122       0.888730   0.111270
100561|DDD|2014J      100561         DDD             2014J     2        0               0           NaN            37                                      0      M  East Anglian Region    Lower Than A Level   70-80%     0-35                     1               60          N               91.0                 1               26                     11               101.0        0       2  test     0.020237       0.870745   0.129255
100561|DDD|2014J      100561         DDD             2014J     3        0               0           NaN            37                                      0      M  East Anglian Region    Lower Than A Level   70-80%     0-35                     1               60          N                6.0                 1                4                      2               107.0        0       3  test     0.035182       0.840110   0.159890
100561|DDD|2014J      100561         DDD             2014J     4        0               0           NaN            37                                      0      M  East Anglian Region    Lower Than A Level   70-80%     0-35                     1               60          N               30.0                 1               17                      8               137.0        0       4  test     0.030507       0.814481   0.185519
100621|CCC|2014B      100621         CCC             2014B     0        0               1           6.0             6                                      0      M West Midlands Region A Level or Equivalent   50-60%    35-55                     0               60          N                0.0                 0                0                      0                 0.0        1       0  test     0.003049       0.996951   0.003049
100621|CCC|2014B      100621         CCC             2014B     1        0               1           6.0             6                                      0      M West Midlands Region A Level or Equivalent   50-60%    35-55                     0               60          N                3.0                 1                2                      2                 3.0        0       2  test     0.009209       0.987770   0.012230
100621|CCC|2014B      100621         CCC             2014B     2        0               1           6.0             6                                      0      M West Midlands Region A Level or Equivalent   50-60%    35-55                     0               60          N                1.0                 1                1                      1                 4.0        0       3  test     0.012507       0.975416   0.024584
100621|CCC|2014B      100621         CCC             2014B     3        0               1           6.0             6                                      0      M West Midlands Region A Level or Equivalent   50-60%    35-55                     0               60          N                1.0                 1                1                      1                 5.0        0       4  test     0.056429       0.920374   0.079626
100621|CCC|2014B      100621         CCC             2014B     4        0               1           6.0             6                                      0      M West Midlands Region A Level or Equivalent   50-60%    35-55                     0               60          N                0.0                 0                0                      0                 5.0        1       0  test     0.013258       0.908172   0.091828
101187|DDD|2014J      101187         DDD             2014J     0        0               0           NaN            37                                      0      F        London Region      HE Qualification   30-40%    35-55                     0              120          N                0.0                 0                0                      0                 0.0        1       0  test     0.018936       0.981064   0.018936
101187|DDD|2014J      101187         DDD             2014J     1        0               0           NaN            37                                      0      F        London Region      HE Qualification   30-40%    35-55                     0              120          N                0.0                 0                0                      0                 0.0        2       0  test     0.039293       0.942515   0.057485
101187|DDD|2014J      101187         DDD             2014J     2        0               0           NaN            37                                      0      F        London Region      HE Qualification   30-40%    35-55                     0              120          N                0.0                 0                0                      0                 0.0        3       0  test     0.092790       0.855060   0.144940
101187|DDD|2014J      101187         DDD             2014J     3        0               0           NaN            37                                      0      F        London Region      HE Qualification   30-40%    35-55                     0              120          N                0.0                 0                0                      0                 0.0        4       0  test     0.020050       0.837916   0.162084
101187|DDD|2014J      101187         DDD             2014J     4        0               0           NaN            37                                      0      F        London Region      HE Qualification   30-40%    35-55                     0              120          N                0.0                 0                0                      0                 0.0        5       0  test     0.018475       0.822435   0.177565
101279|DDD|2014J      101279         DDD             2014J     0        0               0           NaN            37                                      0      F     Yorkshire Region A Level or Equivalent    0-10%    35-55                     0               60          N               79.0                 1               31                     21                79.0        0       1  test     0.009641       0.990359   0.009641
101279|DDD|2014J      101279         DDD             2014J     1        0               0           NaN            37                                      0      F     Yorkshire Region A Level or Equivalent    0-10%    35-55                     0               60          N                1.0                 1                1                      1                80.0        0       2  test     0.051785       0.939074   0.060926
101279|DDD|2014J      101279         DDD             2014J     2        0               0           NaN            37                                      0      F     Yorkshire Region A Level or Equivalent    0-10%    35-55                     0               60          N                1.0                 1                1                      1                81.0        0       3  test     0.025764       0.914879   0.085121
101279|DDD|2014J      101279         DDD             2014J     3        0               0           NaN            37                                      0      F     Yorkshire Region A Level or Equivalent    0-10%    35-55                     0               60          N                0.0                 0                0                      0                81.0        1       0  test     0.016315       0.899954   0.100046
101279|DDD|2014J      101279         DDD             2014J     4        0               0           NaN            37                                      0      F     Yorkshire Region A Level or Equivalent    0-10%    35-55                     0               60          N                9.0                 1                5                      4                90.0        0       2  test     0.022089       0.880075   0.119925
ARTIFACT | Stage 5.7b.4 table_gb_weekly_hazard_not_weighted_tuned_test_predictions_w4 — Not-weighted gradient-boosted test predictions | duckdb://table_gb_weekly_hazard_not_weighted_tuned_test_predictions_w4
[Stage 5.7b.4 table_gb_weekly_hazard_not_weighted_tuned_primary_metrics_w4 — Not-weighted gradient-boosted primary metrics]
table_name=table_gb_weekly_hazard_not_weighted_tuned_primary_metrics_w4
rows=2, cols=4
metric_name metric_category  metric_value                         notes
        ibs         primary      0.141016 sksurv_integrated_brier_score
    c_index      co_primary      0.501815          pycox_concordance_td
ARTIFACT | Stage 5.7b.4 table_gb_weekly_hazard_not_weighted_tuned_primary_metrics_w4 — Not-weighted gradient-boosted primary metrics | duckdb://table_gb_weekly_hazard_not_weighted_tuned_primary_metrics_w4
[Stage 5.7b.4 table_gb_weekly_hazard_not_weighted_tuned_brier_by_horizon_w4 — Not-weighted gradient-boosted Brier scores by horizon]
table_name=table_gb_weekly_hazard_not_weighted_tuned_brier_by_horizon_w4
rows=3, cols=5
 horizon_week      metric_name metric_category  metric_value              notes
           10 brier_at_horizon         primary      0.120619 sksurv_brier_score
           20 brier_at_horizon         primary      0.164633 sksurv_brier_score
           30 brier_at_horizon         primary      0.198053 sksurv_brier_score
ARTIFACT | Stage 5.7b.4 table_gb_weekly_hazard_not_weighted_tuned_brier_by_horizon_w4 — Not-weighted gradient-boosted Brier scores by horizon | duckdb://table_gb_weekly_hazard_not_weighted_tuned_brier_by_horizon_w4
[Stage 5.7b.4 table_gb_weekly_hazard_not_weighted_tuned_secondary_metrics_w4 — Not-weighted gradient-boosted secondary metrics]
table_name=table_gb_weekly_hazard_not_weighted_tuned_secondary_metrics_w4
rows=6, cols=5
 horizon_week         metric_name metric_category  metric_value                                                                                  notes
           10 risk_auc_at_horizon       secondary      0.325683                                                            roc_auc_on_evaluable_subset
           10  time_dependent_auc       secondary      0.328055 ipcw_supported_subset(duration < 38); retained=6742/9778; auc=0.328055; local_ipcw_auc
           20 risk_auc_at_horizon       secondary      0.384841                                                            roc_auc_on_evaluable_subset
           20  time_dependent_auc       secondary      0.388143 ipcw_supported_subset(duration < 38); retained=6742/9778; auc=0.388143; local_ipcw_auc
           30 risk_auc_at_horizon       secondary      0.409934                                                            roc_auc_on_evaluable_subset
           30  time_dependent_auc       secondary      0.414068 ipcw_supported_subset(duration < 38); retained=6742/9778; auc=0.414068; local_ipcw_auc
ARTIFACT | Stage 5.7b.4 table_gb_weekly_hazard_not_weighted_tuned_secondary_metrics_w4 — Not-weighted gradient-boosted secondary metrics | duckdb://table_gb_weekly_hazard_not_weighted_tuned_secondary_metrics_w4
[Stage 5.7b.4 table_gb_weekly_hazard_not_weighted_tuned_td_auc_support_audit_w4 — Not-weighted gradient-boosted IPCW support audit]
table_name=table_gb_weekly_hazard_not_weighted_tuned_td_auc_support_audit_w4
rows=3, cols=6
 horizon_week  max_ipcw_time  n_total_test_enrollments  n_supported_test_enrollments  mean_auc                                                                                  notes
           10           38.0                      9778                          6742  0.328055 ipcw_supported_subset(duration < 38); retained=6742/9778; auc=0.328055; local_ipcw_auc
           20           38.0                      9778                          6742  0.388143 ipcw_supported_subset(duration < 38); retained=6742/9778; auc=0.388143; local_ipcw_auc
           30           38.0                      9778                          6742  0.414068 ipcw_supported_subset(duration < 38); retained=6742/9778; auc=0.414068; local_ipcw_auc
ARTIFACT | Stage 5.7b.4 table_gb_weekly_hazard_not_weighted_tuned_td_auc_support_audit_w4 — Not-weighted gradient-boosted IPCW support audit | duckdb://table_gb_weekly_hazard_not_weighted_tuned_td_auc_support_audit_w4
[Stage 5.7b.4 table_gb_weekly_hazard_not_weighted_tuned_row_diagnostics_w4 — Not-weighted gradient-boosted row-level diagnostics]
table_name=table_gb_weekly_hazard_not_weighted_tuned_row_diagnostics_w4
rows=1, cols=5
                         model_name  row_level_roc_auc  row_level_pr_auc  row_level_log_loss  row_level_brier
gb_weekly_hazard_not_weighted_tuned            0.81407          0.081719            0.074311          0.01617
ARTIFACT | Stage 5.7b.4 table_gb_weekly_hazard_not_weighted_tuned_row_diagnostics_w4 — Not-weighted gradient-boosted row-level diagnostics | duckdb://table_gb_weekly_hazard_not_weighted_tuned_row_diagnostics_w4
[Stage 5.7b.4 table_gb_weekly_hazard_not_weighted_tuned_support_by_horizon_w4 — Not-weighted gradient-boosted support by horizon]
table_name=table_gb_weekly_hazard_not_weighted_tuned_support_by_horizon_w4
rows=3, cols=4
 horizon_week  n_evaluable_enrollments  n_events_by_horizon  event_rate_by_horizon
           10                     9778                 1215               0.124259
           20                     9778                 1736               0.177541
           30                     9778                 2129               0.217734
ARTIFACT | Stage 5.7b.4 table_gb_weekly_hazard_not_weighted_tuned_support_by_horizon_w4 — Not-weighted gradient-boosted support by horizon | duckdb://table_gb_weekly_hazard_not_weighted_tuned_support_by_horizon_w4
[Stage 5.7b.4 table_gb_weekly_hazard_not_weighted_tuned_calibration_summary_w4 — Not-weighted gradient-boosted calibration summary]
table_name=table_gb_weekly_hazard_not_weighted_tuned_calibration_summary_w4
rows=3, cols=5
 horizon_week            metric_name metric_category  metric_value                                         notes
           10 calibration_at_horizon         primary      0.093845 Weighted absolute calibration gap across bins
           20 calibration_at_horizon         primary      0.115710 Weighted absolute calibration gap across bins
           30 calibration_at_horizon         primary      0.146453 Weighted absolute calibration gap across bins
ARTIFACT | Stage 5.7b.4 table_gb_weekly_hazard_not_weighted_tuned_calibration_summary_w4 — Not-weighted gradient-boosted calibration summary | duckdb://table_gb_weekly_hazard_not_weighted_tuned_calibration_summary_w4
[Stage 5.7b.4 table_gb_weekly_hazard_not_weighted_tuned_calibration_bins_by_horizon_w4 — Not-weighted gradient-boosted calibration bins]
table_name=table_gb_weekly_hazard_not_weighted_tuned_calibration_bins_by_horizon_w4
rows=30, cols=6
 calibration_bin   n  mean_predicted_risk  observed_event_rate  horizon_week  abs_calibration_gap
               0 978             0.010581             0.382413            10             0.371832
               1 978             0.023329             0.155419            10             0.132090
               2 978             0.033641             0.105317            10             0.071676
               3 977             0.045028             0.103378            10             0.058350
               4 978             0.057859             0.100204            10             0.042346
               5 978             0.072411             0.081800            10             0.009388
               6 977             0.090158             0.101331            10             0.011173
               7 978             0.111042             0.086912            10             0.024130
               8 978             0.140285             0.066462            10             0.073823
               9 978             0.202821             0.059305            10             0.143516
               0 978             0.010581             0.422290            20             0.411709
               1 978             0.023329             0.205521            20             0.182193
               2 978             0.033641             0.160532            20             0.126891
               3 977             0.045028             0.144319            20             0.099292
               4 978             0.057859             0.144172            20             0.086313
               5 978             0.072411             0.144172            20             0.071761
               6 977             0.090158             0.149437            20             0.059279
               7 978             0.111042             0.146217            20             0.035175
               8 978             0.140285             0.133947            20             0.006338
               9 978             0.202821             0.124744            20             0.078077
ARTIFACT | Stage 5.7b.4 table_gb_weekly_hazard_not_weighted_tuned_calibration_bins_by_horizon_w4 — Not-weighted gradient-boosted calibration bins | duckdb://table_gb_weekly_hazard_not_weighted_tuned_calibration_bins_by_horizon_w4
[Stage 5.7b.4 table_gb_weekly_hazard_not_weighted_tuned_predicted_vs_observed_survival_w4 — Not-weighted gradient-boosted predicted versus observed survival]
table_name=table_gb_weekly_hazard_not_weighted_tuned_predicted_vs_observed_survival_w4
rows=3, cols=5
 horizon_week  n_evaluable_enrollments  mean_predicted_survival  mean_observed_survival  abs_gap
           10                     9778                 0.921282                0.875741 0.045541
           20                     9778                 0.921282                0.822459 0.098824
           30                     9778                 0.921282                0.782266 0.139016
ARTIFACT | Stage 5.7b.4 table_gb_weekly_hazard_not_weighted_tuned_predicted_vs_observed_survival_w4 — Not-weighted gradient-boosted predicted versus observed survival | duckdb://table_gb_weekly_hazard_not_weighted_tuned_predicted_vs_observed_survival_w4
ARTIFACT | gb_weekly_hazard_not_weighted_model | /Users/rafars/dropout_benchmark_desenv/outputs_benchmark_survival/models/gb_weekly_hazard_not_weighted_tuned_w4.joblib
ARTIFACT | gb_weekly_hazard_not_weighted_preprocessor | /Users/rafars/dropout_benchmark_desenv/outputs_benchmark_survival/models/gb_weekly_hazard_not_weighted_preprocessor_w4.joblib
ARTIFACT | gb_weekly_hazard_not_weighted_tuned_model_config | /Users/rafars/dropout_benchmark_desenv/outputs_benchmark_survival/metadata/gb_weekly_hazard_not_weighted_tuned_model_config_w4.json
{
  "model_name": "gb_weekly_hazard_not_weighted_tuned",
  "family_name": "discrete_time_dynamic",
  "model_family": "discrete_time_boosted",
  "model_type": "gradient_boosted_weekly_hazard",
  "implementation": "sklearn_hist_gradient_boosting",
  "candidate_grid": [
    {
      "max_depth": 2,
      "learning_rate": 0.02,
      "max_iter": 80,
      "min_samples_leaf": 300,
      "l2_regularization": 5.0
    },
    {
      "max_depth": 2,
      "learning_rate": 0.02,
      "max_iter": 150,
      "min_samples_leaf": 200,
      "l2_regularization": 5.0
    },
    {
      "max_depth": 2,
      "learning_rate": 0.03,
      "max_iter": 120,
      "min_samples_leaf": 300,
      "l2_regularization": 5.0
    },
    {
      "max_depth": 2,
      "learning_rate": 0.05,
      "max_iter": 120,
      "min_samples_leaf": 300,
      "l2_regularization": 1.0
    },
    {
      "max_depth": 2,
      "learning_rate": 0.05,
      "max_iter": 200,
      "min_samples_leaf": 160,
      "l2_regularization": 5.0
    },
    {
      "max_depth": 2,
      "learning_rate": 0.08,
      "max_iter": 150,
      "min_samples_leaf": 200,
      "l2_regularization": 5.0
    },
    {
      "max_depth": 2,
      "learning_rate": 0.1,
      "max_iter": 100,
      "min_samples_leaf": 250,
      "l2_regularization": 5.0
    },
    {
      "max_depth": 2,
      "learning_rate": 0.1,
      "max_iter": 200,
      "min_samples_leaf": 160,
      "l2_regularization": 10.0
    },
    {
      "max_depth": 3,
      "learning_rate": 0.02,
      "max_iter": 150,
      "min_samples_leaf": 300,
      "l2_regularization": 10.0
    },
    {
      "max_depth": 3,
      "learning_rate": 0.03,
      "max_iter": 120,
      "min_samples_leaf": 200,
      "l2_regularization": 5.0
    },
    {
      "max_depth": 3,
      "learning_rate": 0.03,
      "max_iter": 200,
      "min_samples_leaf": 160,
      "l2_regularization": 5.0
    },
    {
      "max_depth": 3,
      "learning_rate": 0.05,
      "max_iter": 120,
      "min_samples_leaf": 160,
      "l2_regularization": 5.0
    },
    {
      "max_depth": 3,
      "learning_rate": 0.05,
      "max_iter": 200,
      "min_samples_leaf": 200,
      "l2_regularization": 10.0
    },
    {
      "max_depth": 3,
      "learning_rate": 0.08,
      "max_iter": 100,
      "min_samples_leaf": 300,
      "l2_regularization": 5.0
    },
    {
      "max_depth": 3,
      "learning_rate": 0.08,
      "max_iter": 200,
      "min_samples_leaf": 160,
      "l2_regularization": 10.0
    },
    {
      "max_depth": 3,
      "learning_rate": 0.1,
      "max_iter": 80,
      "min_samples_leaf": 300,
      "l2_regularization": 10.0
    },
    {
      "max_depth": 4,
      "learning_rate": 0.02,
      "max_iter": 200,
      "min_samples_leaf": 300,
      "l2_regularization": 10.0
    },
    {
      "max_depth": 4,
      "learning_rate": 0.03,
      "max_iter": 150,
      "min_samples_leaf": 250,
      "l2_regularization": 10.0
    },
    {
      "max_depth": 4,
      "learning_rate": 0.05,
      "max_iter": 100,
      "min_samples_leaf": 300,
      "l2_regularization": 10.0
    },
    {
      "max_depth": 4,
      "learning_rate": 0.05,
      "max_iter": 200,
      "min_samples_leaf": 200,
      "l2_regularization": 10.0
    },
    {
      "max_depth": 4,
      "learning_rate": 0.08,
      "max_iter": 80,
      "min_samples_leaf": 300,
      "l2_regularization": 5.0
    },
    {
      "max_depth": 4,
      "learning_rate": 0.1,
      "max_iter": 80,
      "min_samples_leaf": 200,
      "l2_regularization": 10.0
    },
    {
      "max_depth": 4,
      "learning_rate": 0.1,
      "max_iter": 150,
      "min_samples_leaf": 160,
      "l2_regularization": 10.0
    },
    {
      "max_depth": 4,
      "learning_rate": 0.1,
      "max_iter": 250,
      "min_samples_leaf": 160,
      "l2_regularization": 10.0
    }
  ],
  "selection_metric": "val_log_loss_on_discrete_hazard",
  "validation_split": {
    "method": "GroupShuffleSplit",
    "test_size": 0.2,
    "group_column": "enrollment_id",
    "random_seed": 42
  },
  "guardrails": {
    "active_window_weeks": 4,
    "search_row_cap": 80000,
    "final_row_cap": 108695,
    "search_rows_selected": 80000,
    "final_rows_selected": 108695,
    "subtrain_total_rows": 87386,
    "full_total_rows": 109284,
    "n_features": 46,
    "subtrain_event_rate": 0.017108003570365963,
    "full_event_rate": 0.01701987482156583,
    "sampled_subtrain_event_rate": 0.0186875,
    "sampled_full_event_rate": 0.017112102672616036,
    "sample_weight_strategy": "none",
    "implementation": "sklearn_hist_gradient_boosting"
  },
  "benchmark_horizons": [
    10,
    20,
    30
  ],
  "calibration_bins": 10,
  "calibration_contract_version": "v2_ipcw_km_observed_risk",
  "calibration_observed_risk_method": "ipcw_km_pseudo_event_rate",
  "active_window_weeks": 4,
  "best_candidate": {
    "candidate_id": 23,
    "params": {
      "max_depth": 4,
      "learning_rate": 0.1,
      "max_iter": 150,
      "min_samples_leaf": 160,
      "l2_regularization": 10.0
    },
    "val_log_loss": 0.07478157577625792
  },
  "preprocessing": {
    "categorical_features": [
      "gender",
      "region",
      "highest_education",
      "imd_band",
      "age_band",
      "disability"
    ],
    "numeric_features": [
      "num_of_prev_attempts",
      "studied_credits",
      "week",
      "total_clicks_week",
      "active_this_week",
      "n_vle_rows_week",
      "n_distinct_sites_week",
      "cum_clicks_until_t",
      "recency",
      "streak"
    ],
    "categorical_encoder": "OneHotEncoder(handle_unknown=ignore, sparse_output=True)",
    "numeric_scaler": "MaxAbsScaler"
  },
  "weighting_strategy": "none; this official D5.7 variant preserves the same candidate grid and evaluation contract without positive-class weighting.",
  "design_note": "This variant keeps the same weekly benchmark arm, feature contract, and conservative boosted configuration while leaving positive-class weighting exclusively to the weighted sensitivity counterpart."
}

 candidate_id  max_depth  learning_rate  max_iter  effective_iter  min_samples_leaf  l2_regularization  fit_rows  fit_features  val_log_loss  val_brier  val_roc_auc fit_status
           23          4           0.10       150             150               160               10.0     80000            46      0.074782   0.015902     0.791349         ok
           24          4           0.10       250             250               160               10.0     80000            46      0.074821   0.015896     0.792219         ok
           20          4           0.05       200             200               200               10.0     80000            46      0.074893   0.015911     0.789248         ok
           15          3           0.08       200             200               160               10.0     80000            46      0.074937   0.015916     0.788541         ok
           22          4           0.10        80              80               200               10.0     80000            46      0.075029   0.015919     0.787217         ok
           13          3           0.05       200             200               200               10.0     80000            46      0.075113   0.015932     0.786677         ok
           21          4           0.08        80              80               300                5.0     80000            46      0.075145   0.015926     0.786039         ok
           14          3           0.08       100             100               300                5.0     80000            46      0.075200   0.015940     0.786058         ok
           16          3           0.10        80              80               300               10.0     80000            46      0.075267   0.015941     0.784946         ok
            8          2           0.10       200             200               160               10.0     80000            46      0.075331   0.015952     0.784770         ok
           19          4           0.05       100             100               300               10.0     80000            46      0.075464   0.015954     0.783156         ok
           18          4           0.03       150             150               250               10.0     80000            46      0.075563   0.015960     0.782380         ok
            6          2           0.08       150             150               200                5.0     80000            46      0.075567   0.015970     0.782411         ok
           11          3           0.03       200             200               160                5.0     80000            46      0.075568   0.015964     0.782316         ok
           12          3           0.05       120             120               160                5.0     80000            46      0.075580   0.015966     0.782427         ok
           17          4           0.02       200             200               300               10.0     80000            46      0.075712   0.015971     0.781205         ok
            5          2           0.05       200             200               160                5.0     80000            46      0.075801   0.015982     0.779627         ok
            7          2           0.10       100             100               250                5.0     80000            46      0.075860   0.015989     0.779538         ok
           10          3           0.03       120             120               200                5.0     80000            46      0.076310   0.016016     0.775938         ok
            4          2           0.05       120             120               300                1.0     80000            46      0.076510   0.016029     0.772803         ok
[END] 5.7b.4 - 2026-06-19 19:29:31
[RUN_PLAN] dynamic_window_weeks=6 script=dropout_bench_v3_D_07_A_dynamic_weekly_gb_weekly_hazard.py
[START] 5.6b - 2026-06-19 19:29:31
# ==============================================================
# 5.7b.2 - Prepare the shared dynamic weekly treatment for the not-weighted gradient-boosted benchmark
# ==============================================================
[Stage 5.7b.2 table_gb_weekly_hazard_not_weighted_preprocessing_summary_w6 — Not-weighted gradient-boosted preprocessing summary]
table_name=table_gb_weekly_hazard_not_weighted_preprocessing_summary_w6
rows=1, cols=12
                       model_family  active_window_weeks  raw_train_rows_before_truncation  raw_test_rows_before_truncation  train_rows  test_rows  n_input_features_raw  n_numeric_features  n_categorical_features  n_output_features_after_preprocessing  train_event_rate  test_event_rate
gb_weekly_hazard_not_weighted_tuned                    6                            719498                           308393      151041      64730                    16                  10                       6                                     46          0.014499         0.014383
ARTIFACT | Stage 5.7b.2 table_gb_weekly_hazard_not_weighted_preprocessing_summary_w6 — Not-weighted gradient-boosted preprocessing summary | duckdb://table_gb_weekly_hazard_not_weighted_preprocessing_summary_w6
[Stage 5.7b.2 table_gb_weekly_hazard_not_weighted_raw_feature_manifest_w6 — Not-weighted gradient-boosted raw feature manifest]
table_name=table_gb_weekly_hazard_not_weighted_raw_feature_manifest_w6
rows=16, cols=6
feature_name_operational feature_role  present_in_train  present_in_test  covered_by_canonical_config_after_alias canonical_source_name
                  gender  categorical              True             True                                    False                      
                  region  categorical              True             True                                    False                      
       highest_education  categorical              True             True                                    False                      
                imd_band  categorical              True             True                                    False                      
                age_band  categorical              True             True                                    False                      
              disability  categorical              True             True                                    False                      
    num_of_prev_attempts      numeric              True             True                                     True  num_of_prev_attempts
         studied_credits      numeric              True             True                                     True       studied_credits
                    week      numeric              True             True                                     True                  week
       total_clicks_week      numeric              True             True                                     True          total_clicks
        active_this_week      numeric              True             True                                    False                      
         n_vle_rows_week      numeric              True             True                                    False                      
   n_distinct_sites_week      numeric              True             True                                    False                      
      cum_clicks_until_t      numeric              True             True                                    False                      
                 recency      numeric              True             True                                    False                      
                  streak      numeric              True             True                                    False                      
ARTIFACT | Stage 5.7b.2 table_gb_weekly_hazard_not_weighted_raw_feature_manifest_w6 — Not-weighted gradient-boosted raw feature manifest | duckdb://table_gb_weekly_hazard_not_weighted_raw_feature_manifest_w6
[Stage 5.7b.2 table_gb_weekly_hazard_not_weighted_feature_names_out_w6 — Not-weighted gradient-boosted transformed feature names]
table_name=table_gb_weekly_hazard_not_weighted_feature_names_out_w6
rows=46, cols=1
       preprocessed_feature_name
       num__num_of_prev_attempts
            num__studied_credits
                       num__week
          num__total_clicks_week
           num__active_this_week
            num__n_vle_rows_week
      num__n_distinct_sites_week
         num__cum_clicks_until_t
                    num__recency
                     num__streak
                   cat__gender_F
                   cat__gender_M
 cat__region_East Anglian Region
cat__region_East Midlands Region
             cat__region_Ireland
       cat__region_London Region
        cat__region_North Region
cat__region_North Western Region
            cat__region_Scotland
   cat__region_South East Region
ARTIFACT | Stage 5.7b.2 table_gb_weekly_hazard_not_weighted_feature_names_out_w6 — Not-weighted gradient-boosted transformed feature names | duckdb://table_gb_weekly_hazard_not_weighted_feature_names_out_w6
ARTIFACT | gb_weekly_hazard_not_weighted_preprocessing_config | /Users/rafars/dropout_benchmark_desenv/outputs_benchmark_survival/metadata/gb_weekly_hazard_not_weighted_preprocessing_config_w6.json
{
  "model_name": "gb_weekly_hazard_not_weighted_tuned",
  "train_table": "pp_linear_hazard_ready_train",
  "test_table": "pp_linear_hazard_ready_test",
  "target_column": "event_t",
  "categorical_features": [
    "gender",
    "region",
    "highest_education",
    "imd_band",
    "age_band",
    "disability"
  ],
  "numeric_features": [
    "num_of_prev_attempts",
    "studied_credits",
    "week",
    "total_clicks_week",
    "active_this_week",
    "n_vle_rows_week",
    "n_distinct_sites_week",
    "cum_clicks_until_t",
    "recency",
    "streak"
  ],
  "operational_feature_columns": [
    "gender",
    "region",
    "highest_education",
    "imd_band",
    "age_band",
    "disability",
    "num_of_prev_attempts",
    "studied_credits",
    "week",
    "total_clicks_week",
    "active_this_week",
    "n_vle_rows_week",
    "n_distinct_sites_week",
    "cum_clicks_until_t",
    "recency",
    "streak"
  ],
  "canonical_expected_features_raw": [
    "studied_credits",
    "num_of_prev_attempts",
    "week",
    "total_clicks"
  ],
  "canonical_expected_features_resolved": [
    "studied_credits",
    "num_of_prev_attempts",
    "week",
    "total_clicks_week"
  ],
  "feature_alias_map": {
    "total_clicks": "total_clicks_week"
  },
  "n_train_rows": 151041,
  "n_test_rows": 64730,
  "active_window_weeks": 6,
  "raw_train_rows_before_truncation": 719498,
  "raw_test_rows_before_truncation": 308393,
  "n_output_features_after_preprocessing": 46,
  "train_event_rate": 0.014499374342066062,
  "test_event_rate": 0.014382820948555539,
  "design_note": "The not-weighted gradient-boosted weekly hazard benchmark reuses the same weekly dynamic treatment contract as D5.7 while removing positive-class weighting only.",
  "methodological_note": "All learned preprocessing operations were fit on training data only and then applied unchanged to test data."
}

[END] 5.7b.2 - 2026-06-19 19:29:32
[START] 5.6b - 2026-06-19 19:29:32
# ==============================================================
# 5.7b.3 - Compute runtime guardrails for the not-weighted gradient-boosted weekly hazard model
# ==============================================================
[Stage 5.7b.3 table_gb_weekly_hazard_not_weighted_guardrails_w6 — Not-weighted gradient-boosted runtime guardrails]
table_name=table_gb_weekly_hazard_not_weighted_guardrails_w6
rows=1, cols=14
 active_window_weeks  search_row_cap  final_row_cap  search_rows_selected  final_rows_selected  subtrain_total_rows  full_total_rows  n_features  subtrain_event_rate  full_event_rate  sampled_subtrain_event_rate  sampled_full_event_rate sample_weight_strategy                 implementation
                   6           80000         108695                 80000               108695               120781           151041          46             0.014555         0.014499                     0.021975                 0.020148                   none sklearn_hist_gradient_boosting
ARTIFACT | Stage 5.7b.3 table_gb_weekly_hazard_not_weighted_guardrails_w6 — Not-weighted gradient-boosted runtime guardrails | duckdb://table_gb_weekly_hazard_not_weighted_guardrails_w6
[END] 5.7b.3 - 2026-06-19 19:29:32
[START] 5.6b - 2026-06-19 19:29:32
# ==============================================================
# 5.7b.4 - Tune and evaluate the not-weighted gradient-boosted weekly hazard model
# ==============================================================
[Stage 5.7b.4 table_gb_weekly_hazard_not_weighted_tuning_results_w6 — Not-weighted gradient-boosted tuning results]
table_name=table_gb_weekly_hazard_not_weighted_tuning_results_w6
rows=24, cols=13
 candidate_id  max_depth  learning_rate  max_iter  effective_iter  min_samples_leaf  l2_regularization  fit_rows  fit_features  val_log_loss  val_brier  val_roc_auc fit_status
           23          4           0.10       150             150               160               10.0     80000            46      0.067334   0.013845     0.795155         ok
           24          4           0.10       250             250               160               10.0     80000            46      0.067413   0.013849     0.794907         ok
           20          4           0.05       200             200               200               10.0     80000            46      0.067457   0.013839     0.792883         ok
           22          4           0.10        80              80               200               10.0     80000            46      0.067494   0.013830     0.792275         ok
           15          3           0.08       200             200               160               10.0     80000            46      0.067536   0.013838     0.791560         ok
           21          4           0.08        80              80               300                5.0     80000            46      0.067766   0.013839     0.789204         ok
           13          3           0.05       200             200               200               10.0     80000            46      0.067828   0.013837     0.787792         ok
           14          3           0.08       100             100               300                5.0     80000            46      0.067900   0.013832     0.787115         ok
           19          4           0.05       100             100               300               10.0     80000            46      0.067993   0.013844     0.786490         ok
            8          2           0.10       200             200               160               10.0     80000            46      0.068008   0.013860     0.786143         ok
           18          4           0.03       150             150               250               10.0     80000            46      0.068011   0.013842     0.787115         ok
           16          3           0.10        80              80               300               10.0     80000            46      0.068038   0.013843     0.785206         ok
           17          4           0.02       200             200               300               10.0     80000            46      0.068179   0.013846     0.785190         ok
           11          3           0.03       200             200               160                5.0     80000            46      0.068198   0.013846     0.784017         ok
           12          3           0.05       120             120               160                5.0     80000            46      0.068202   0.013847     0.784110         ok
            6          2           0.08       150             150               200                5.0     80000            46      0.068219   0.013854     0.784221         ok
            5          2           0.05       200             200               160                5.0     80000            46      0.068427   0.013862     0.781921         ok
            7          2           0.10       100             100               250                5.0     80000            46      0.068464   0.013865     0.781771         ok
           10          3           0.03       120             120               200                5.0     80000            46      0.068771   0.013861     0.778828         ok
            4          2           0.05       120             120               300                1.0     80000            46      0.069026   0.013885     0.775008         ok
ARTIFACT | Stage 5.7b.4 table_gb_weekly_hazard_not_weighted_tuning_results_w6 — Not-weighted gradient-boosted tuning results | duckdb://table_gb_weekly_hazard_not_weighted_tuning_results_w6
[Stage 5.7b.4 table_gb_weekly_hazard_not_weighted_tuned_test_predictions_w6 — Not-weighted gradient-boosted test predictions]
table_name=table_gb_weekly_hazard_not_weighted_tuned_test_predictions_w6
rows=64730, cols=29
   enrollment_id  id_student code_module code_presentation  week  event_t  event_observed  t_event_week  t_final_week  used_zero_week_fallback_for_censoring gender               region     highest_education imd_band age_band  num_of_prev_attempts  studied_credits disability  total_clicks_week  active_this_week  n_vle_rows_week  n_distinct_sites_week  cum_clicks_until_t  recency  streak split  pred_hazard  pred_survival  pred_risk
100561|DDD|2014J      100561         DDD             2014J     0        0               0           NaN            37                                      0      M  East Anglian Region    Lower Than A Level   70-80%     0-35                     1               60          N               10.0                 1                8                      4                10.0        0       1  test     0.079631       0.920369   0.079631
100561|DDD|2014J      100561         DDD             2014J     1        0               0           NaN            37                                      0      M  East Anglian Region    Lower Than A Level   70-80%     0-35                     1               60          N                0.0                 0                0                      0                10.0        1       0  test     0.069731       0.856191   0.143809
100561|DDD|2014J      100561         DDD             2014J     2        0               0           NaN            37                                      0      M  East Anglian Region    Lower Than A Level   70-80%     0-35                     1               60          N               91.0                 1               26                     11               101.0        0       2  test     0.024557       0.835166   0.164834
100561|DDD|2014J      100561         DDD             2014J     3        0               0           NaN            37                                      0      M  East Anglian Region    Lower Than A Level   70-80%     0-35                     1               60          N                6.0                 1                4                      2               107.0        0       3  test     0.005056       0.830943   0.169057
100561|DDD|2014J      100561         DDD             2014J     4        0               0           NaN            37                                      0      M  East Anglian Region    Lower Than A Level   70-80%     0-35                     1               60          N               30.0                 1               17                      8               137.0        0       4  test     0.044603       0.793881   0.206119
100561|DDD|2014J      100561         DDD             2014J     5        0               0           NaN            37                                      0      M  East Anglian Region    Lower Than A Level   70-80%     0-35                     1               60          N               65.0                 1               36                     14               202.0        0       5  test     0.038282       0.763489   0.236511
100561|DDD|2014J      100561         DDD             2014J     6        0               0           NaN            37                                      0      M  East Anglian Region    Lower Than A Level   70-80%     0-35                     1               60          N               27.0                 1               15                      9               229.0        0       6  test     0.003861       0.760541   0.239459
100621|CCC|2014B      100621         CCC             2014B     0        0               1           6.0             6                                      0      M West Midlands Region A Level or Equivalent   50-60%    35-55                     0               60          N                0.0                 0                0                      0                 0.0        1       0  test     0.007605       0.992395   0.007605
100621|CCC|2014B      100621         CCC             2014B     1        0               1           6.0             6                                      0      M West Midlands Region A Level or Equivalent   50-60%    35-55                     0               60          N                3.0                 1                2                      2                 3.0        0       2  test     0.014379       0.978125   0.021875
100621|CCC|2014B      100621         CCC             2014B     2        0               1           6.0             6                                      0      M West Midlands Region A Level or Equivalent   50-60%    35-55                     0               60          N                1.0                 1                1                      1                 4.0        0       3  test     0.052801       0.926479   0.073521
100621|CCC|2014B      100621         CCC             2014B     3        0               1           6.0             6                                      0      M West Midlands Region A Level or Equivalent   50-60%    35-55                     0               60          N                1.0                 1                1                      1                 5.0        0       4  test     0.058856       0.871950   0.128050
100621|CCC|2014B      100621         CCC             2014B     4        0               1           6.0             6                                      0      M West Midlands Region A Level or Equivalent   50-60%    35-55                     0               60          N                0.0                 0                0                      0                 5.0        1       0  test     0.014506       0.859301   0.140699
100621|CCC|2014B      100621         CCC             2014B     5        0               1           6.0             6                                      0      M West Midlands Region A Level or Equivalent   50-60%    35-55                     0               60          N                0.0                 0                0                      0                 5.0        2       0  test     0.011312       0.849580   0.150420
100621|CCC|2014B      100621         CCC             2014B     6        1               1           6.0             6                                      0      M West Midlands Region A Level or Equivalent   50-60%    35-55                     0               60          N                0.0                 0                0                      0                 5.0        3       0  test     0.015843       0.836121   0.163879
101187|DDD|2014J      101187         DDD             2014J     0        0               0           NaN            37                                      0      F        London Region      HE Qualification   30-40%    35-55                     0              120          N                0.0                 0                0                      0                 0.0        1       0  test     0.027149       0.972851   0.027149
101187|DDD|2014J      101187         DDD             2014J     1        0               0           NaN            37                                      0      F        London Region      HE Qualification   30-40%    35-55                     0              120          N                0.0                 0                0                      0                 0.0        2       0  test     0.076201       0.898719   0.101281
101187|DDD|2014J      101187         DDD             2014J     2        0               0           NaN            37                                      0      F        London Region      HE Qualification   30-40%    35-55                     0              120          N                0.0                 0                0                      0                 0.0        3       0  test     0.123779       0.787477   0.212523
101187|DDD|2014J      101187         DDD             2014J     3        0               0           NaN            37                                      0      F        London Region      HE Qualification   30-40%    35-55                     0              120          N                0.0                 0                0                      0                 0.0        4       0  test     0.034034       0.760676   0.239324
101187|DDD|2014J      101187         DDD             2014J     4        0               0           NaN            37                                      0      F        London Region      HE Qualification   30-40%    35-55                     0              120          N                0.0                 0                0                      0                 0.0        5       0  test     0.023409       0.742869   0.257131
101187|DDD|2014J      101187         DDD             2014J     5        0               0           NaN            37                                      0      F        London Region      HE Qualification   30-40%    35-55                     0              120          N                0.0                 0                0                      0                 0.0        6       0  test     0.012442       0.733626   0.266374
ARTIFACT | Stage 5.7b.4 table_gb_weekly_hazard_not_weighted_tuned_test_predictions_w6 — Not-weighted gradient-boosted test predictions | duckdb://table_gb_weekly_hazard_not_weighted_tuned_test_predictions_w6
[Stage 5.7b.4 table_gb_weekly_hazard_not_weighted_tuned_primary_metrics_w6 — Not-weighted gradient-boosted primary metrics]
table_name=table_gb_weekly_hazard_not_weighted_tuned_primary_metrics_w6
rows=2, cols=4
metric_name metric_category  metric_value                         notes
        ibs         primary      0.144972 sksurv_integrated_brier_score
    c_index      co_primary      0.498173          pycox_concordance_td
ARTIFACT | Stage 5.7b.4 table_gb_weekly_hazard_not_weighted_tuned_primary_metrics_w6 — Not-weighted gradient-boosted primary metrics | duckdb://table_gb_weekly_hazard_not_weighted_tuned_primary_metrics_w6
[Stage 5.7b.4 table_gb_weekly_hazard_not_weighted_tuned_brier_by_horizon_w6 — Not-weighted gradient-boosted Brier scores by horizon]
table_name=table_gb_weekly_hazard_not_weighted_tuned_brier_by_horizon_w6
rows=3, cols=5
 horizon_week      metric_name metric_category  metric_value              notes
           10 brier_at_horizon         primary      0.127920 sksurv_brier_score
           20 brier_at_horizon         primary      0.167871 sksurv_brier_score
           30 brier_at_horizon         primary      0.197386 sksurv_brier_score
ARTIFACT | Stage 5.7b.4 table_gb_weekly_hazard_not_weighted_tuned_brier_by_horizon_w6 — Not-weighted gradient-boosted Brier scores by horizon | duckdb://table_gb_weekly_hazard_not_weighted_tuned_brier_by_horizon_w6
[Stage 5.7b.4 table_gb_weekly_hazard_not_weighted_tuned_secondary_metrics_w6 — Not-weighted gradient-boosted secondary metrics]
table_name=table_gb_weekly_hazard_not_weighted_tuned_secondary_metrics_w6
rows=6, cols=5
 horizon_week         metric_name metric_category  metric_value                                                                                  notes
           10 risk_auc_at_horizon       secondary      0.271455                                                            roc_auc_on_evaluable_subset
           10  time_dependent_auc       secondary      0.270839 ipcw_supported_subset(duration < 38); retained=6742/9778; auc=0.270839; local_ipcw_auc
           20 risk_auc_at_horizon       secondary      0.333516                                                            roc_auc_on_evaluable_subset
           20  time_dependent_auc       secondary      0.332288 ipcw_supported_subset(duration < 38); retained=6742/9778; auc=0.332288; local_ipcw_auc
           30 risk_auc_at_horizon       secondary      0.367782                                                            roc_auc_on_evaluable_subset
           30  time_dependent_auc       secondary      0.366848 ipcw_supported_subset(duration < 38); retained=6742/9778; auc=0.366848; local_ipcw_auc
ARTIFACT | Stage 5.7b.4 table_gb_weekly_hazard_not_weighted_tuned_secondary_metrics_w6 — Not-weighted gradient-boosted secondary metrics | duckdb://table_gb_weekly_hazard_not_weighted_tuned_secondary_metrics_w6
[Stage 5.7b.4 table_gb_weekly_hazard_not_weighted_tuned_td_auc_support_audit_w6 — Not-weighted gradient-boosted IPCW support audit]
table_name=table_gb_weekly_hazard_not_weighted_tuned_td_auc_support_audit_w6
rows=3, cols=6
 horizon_week  max_ipcw_time  n_total_test_enrollments  n_supported_test_enrollments  mean_auc                                                                                  notes
           10           38.0                      9778                          6742  0.270839 ipcw_supported_subset(duration < 38); retained=6742/9778; auc=0.270839; local_ipcw_auc
           20           38.0                      9778                          6742  0.332288 ipcw_supported_subset(duration < 38); retained=6742/9778; auc=0.332288; local_ipcw_auc
           30           38.0                      9778                          6742  0.366848 ipcw_supported_subset(duration < 38); retained=6742/9778; auc=0.366848; local_ipcw_auc
ARTIFACT | Stage 5.7b.4 table_gb_weekly_hazard_not_weighted_tuned_td_auc_support_audit_w6 — Not-weighted gradient-boosted IPCW support audit | duckdb://table_gb_weekly_hazard_not_weighted_tuned_td_auc_support_audit_w6
[Stage 5.7b.4 table_gb_weekly_hazard_not_weighted_tuned_row_diagnostics_w6 — Not-weighted gradient-boosted row-level diagnostics]
table_name=table_gb_weekly_hazard_not_weighted_tuned_row_diagnostics_w6
rows=1, cols=5
                         model_name  row_level_roc_auc  row_level_pr_auc  row_level_log_loss  row_level_brier
gb_weekly_hazard_not_weighted_tuned            0.82283          0.073454            0.065274         0.013784
ARTIFACT | Stage 5.7b.4 table_gb_weekly_hazard_not_weighted_tuned_row_diagnostics_w6 — Not-weighted gradient-boosted row-level diagnostics | duckdb://table_gb_weekly_hazard_not_weighted_tuned_row_diagnostics_w6
[Stage 5.7b.4 table_gb_weekly_hazard_not_weighted_tuned_support_by_horizon_w6 — Not-weighted gradient-boosted support by horizon]
table_name=table_gb_weekly_hazard_not_weighted_tuned_support_by_horizon_w6
rows=3, cols=4
 horizon_week  n_evaluable_enrollments  n_events_by_horizon  event_rate_by_horizon
           10                     9778                 1215               0.124259
           20                     9778                 1736               0.177541
           30                     9778                 2129               0.217734
ARTIFACT | Stage 5.7b.4 table_gb_weekly_hazard_not_weighted_tuned_support_by_horizon_w6 — Not-weighted gradient-boosted support by horizon | duckdb://table_gb_weekly_hazard_not_weighted_tuned_support_by_horizon_w6
[Stage 5.7b.4 table_gb_weekly_hazard_not_weighted_tuned_calibration_summary_w6 — Not-weighted gradient-boosted calibration summary]
table_name=table_gb_weekly_hazard_not_weighted_tuned_calibration_summary_w6
rows=3, cols=5
 horizon_week            metric_name metric_category  metric_value                                         notes
           10 calibration_at_horizon         primary      0.126470 Weighted absolute calibration gap across bins
           20 calibration_at_horizon         primary      0.126043 Weighted absolute calibration gap across bins
           30 calibration_at_horizon         primary      0.136884 Weighted absolute calibration gap across bins
ARTIFACT | Stage 5.7b.4 table_gb_weekly_hazard_not_weighted_tuned_calibration_summary_w6 — Not-weighted gradient-boosted calibration summary | duckdb://table_gb_weekly_hazard_not_weighted_tuned_calibration_summary_w6
[Stage 5.7b.4 table_gb_weekly_hazard_not_weighted_tuned_calibration_bins_by_horizon_w6 — Not-weighted gradient-boosted calibration bins]
table_name=table_gb_weekly_hazard_not_weighted_tuned_calibration_bins_by_horizon_w6
rows=30, cols=6
 calibration_bin   n  mean_predicted_risk  observed_event_rate  horizon_week  abs_calibration_gap
               0 978             0.017667             0.479550            10             0.461883
               1 978             0.040388             0.153374            10             0.112986
               2 978             0.058410             0.101227            10             0.042817
               3 977             0.077057             0.098260            10             0.021203
               4 978             0.095877             0.089980            10             0.005897
               5 978             0.117407             0.076687            10             0.040720
               6 977             0.142781             0.071648            10             0.071133
               7 978             0.172176             0.070552            10             0.101624
               8 978             0.212452             0.052147            10             0.160305
               9 978             0.295052             0.049080            10             0.245972
               0 978             0.017667             0.517382            20             0.499715
               1 978             0.040388             0.209611            20             0.169223
               2 978             0.058410             0.149284            20             0.090875
               3 977             0.077057             0.164790            20             0.087733
               4 978             0.095877             0.144172            20             0.048295
               5 978             0.117407             0.124744            20             0.007338
               6 977             0.142781             0.131013            20             0.011767
               7 978             0.172176             0.124744            20             0.047431
               8 978             0.212452             0.110429            20             0.102023
               9 978             0.295052             0.099182            20             0.195870
ARTIFACT | Stage 5.7b.4 table_gb_weekly_hazard_not_weighted_tuned_calibration_bins_by_horizon_w6 — Not-weighted gradient-boosted calibration bins | duckdb://table_gb_weekly_hazard_not_weighted_tuned_calibration_bins_by_horizon_w6
[Stage 5.7b.4 table_gb_weekly_hazard_not_weighted_tuned_predicted_vs_observed_survival_w6 — Not-weighted gradient-boosted predicted versus observed survival]
table_name=table_gb_weekly_hazard_not_weighted_tuned_predicted_vs_observed_survival_w6
rows=3, cols=5
 horizon_week  n_evaluable_enrollments  mean_predicted_survival  mean_observed_survival  abs_gap
           10                     9778                 0.877071                0.875741 0.001329
           20                     9778                 0.877071                0.822459 0.054612
           30                     9778                 0.877071                0.782266 0.094804
ARTIFACT | Stage 5.7b.4 table_gb_weekly_hazard_not_weighted_tuned_predicted_vs_observed_survival_w6 — Not-weighted gradient-boosted predicted versus observed survival | duckdb://table_gb_weekly_hazard_not_weighted_tuned_predicted_vs_observed_survival_w6
ARTIFACT | gb_weekly_hazard_not_weighted_model | /Users/rafars/dropout_benchmark_desenv/outputs_benchmark_survival/models/gb_weekly_hazard_not_weighted_tuned_w6.joblib
ARTIFACT | gb_weekly_hazard_not_weighted_preprocessor | /Users/rafars/dropout_benchmark_desenv/outputs_benchmark_survival/models/gb_weekly_hazard_not_weighted_preprocessor_w6.joblib
ARTIFACT | gb_weekly_hazard_not_weighted_tuned_model_config | /Users/rafars/dropout_benchmark_desenv/outputs_benchmark_survival/metadata/gb_weekly_hazard_not_weighted_tuned_model_config_w6.json
{
  "model_name": "gb_weekly_hazard_not_weighted_tuned",
  "family_name": "discrete_time_dynamic",
  "model_family": "discrete_time_boosted",
  "model_type": "gradient_boosted_weekly_hazard",
  "implementation": "sklearn_hist_gradient_boosting",
  "candidate_grid": [
    {
      "max_depth": 2,
      "learning_rate": 0.02,
      "max_iter": 80,
      "min_samples_leaf": 300,
      "l2_regularization": 5.0
    },
    {
      "max_depth": 2,
      "learning_rate": 0.02,
      "max_iter": 150,
      "min_samples_leaf": 200,
      "l2_regularization": 5.0
    },
    {
      "max_depth": 2,
      "learning_rate": 0.03,
      "max_iter": 120,
      "min_samples_leaf": 300,
      "l2_regularization": 5.0
    },
    {
      "max_depth": 2,
      "learning_rate": 0.05,
      "max_iter": 120,
      "min_samples_leaf": 300,
      "l2_regularization": 1.0
    },
    {
      "max_depth": 2,
      "learning_rate": 0.05,
      "max_iter": 200,
      "min_samples_leaf": 160,
      "l2_regularization": 5.0
    },
    {
      "max_depth": 2,
      "learning_rate": 0.08,
      "max_iter": 150,
      "min_samples_leaf": 200,
      "l2_regularization": 5.0
    },
    {
      "max_depth": 2,
      "learning_rate": 0.1,
      "max_iter": 100,
      "min_samples_leaf": 250,
      "l2_regularization": 5.0
    },
    {
      "max_depth": 2,
      "learning_rate": 0.1,
      "max_iter": 200,
      "min_samples_leaf": 160,
      "l2_regularization": 10.0
    },
    {
      "max_depth": 3,
      "learning_rate": 0.02,
      "max_iter": 150,
      "min_samples_leaf": 300,
      "l2_regularization": 10.0
    },
    {
      "max_depth": 3,
      "learning_rate": 0.03,
      "max_iter": 120,
      "min_samples_leaf": 200,
      "l2_regularization": 5.0
    },
    {
      "max_depth": 3,
      "learning_rate": 0.03,
      "max_iter": 200,
      "min_samples_leaf": 160,
      "l2_regularization": 5.0
    },
    {
      "max_depth": 3,
      "learning_rate": 0.05,
      "max_iter": 120,
      "min_samples_leaf": 160,
      "l2_regularization": 5.0
    },
    {
      "max_depth": 3,
      "learning_rate": 0.05,
      "max_iter": 200,
      "min_samples_leaf": 200,
      "l2_regularization": 10.0
    },
    {
      "max_depth": 3,
      "learning_rate": 0.08,
      "max_iter": 100,
      "min_samples_leaf": 300,
      "l2_regularization": 5.0
    },
    {
      "max_depth": 3,
      "learning_rate": 0.08,
      "max_iter": 200,
      "min_samples_leaf": 160,
      "l2_regularization": 10.0
    },
    {
      "max_depth": 3,
      "learning_rate": 0.1,
      "max_iter": 80,
      "min_samples_leaf": 300,
      "l2_regularization": 10.0
    },
    {
      "max_depth": 4,
      "learning_rate": 0.02,
      "max_iter": 200,
      "min_samples_leaf": 300,
      "l2_regularization": 10.0
    },
    {
      "max_depth": 4,
      "learning_rate": 0.03,
      "max_iter": 150,
      "min_samples_leaf": 250,
      "l2_regularization": 10.0
    },
    {
      "max_depth": 4,
      "learning_rate": 0.05,
      "max_iter": 100,
      "min_samples_leaf": 300,
      "l2_regularization": 10.0
    },
    {
      "max_depth": 4,
      "learning_rate": 0.05,
      "max_iter": 200,
      "min_samples_leaf": 200,
      "l2_regularization": 10.0
    },
    {
      "max_depth": 4,
      "learning_rate": 0.08,
      "max_iter": 80,
      "min_samples_leaf": 300,
      "l2_regularization": 5.0
    },
    {
      "max_depth": 4,
      "learning_rate": 0.1,
      "max_iter": 80,
      "min_samples_leaf": 200,
      "l2_regularization": 10.0
    },
    {
      "max_depth": 4,
      "learning_rate": 0.1,
      "max_iter": 150,
      "min_samples_leaf": 160,
      "l2_regularization": 10.0
    },
    {
      "max_depth": 4,
      "learning_rate": 0.1,
      "max_iter": 250,
      "min_samples_leaf": 160,
      "l2_regularization": 10.0
    }
  ],
  "selection_metric": "val_log_loss_on_discrete_hazard",
  "validation_split": {
    "method": "GroupShuffleSplit",
    "test_size": 0.2,
    "group_column": "enrollment_id",
    "random_seed": 42
  },
  "guardrails": {
    "active_window_weeks": 6,
    "search_row_cap": 80000,
    "final_row_cap": 108695,
    "search_rows_selected": 80000,
    "final_rows_selected": 108695,
    "subtrain_total_rows": 120781,
    "full_total_rows": 151041,
    "n_features": 46,
    "subtrain_event_rate": 0.014555269454632765,
    "full_event_rate": 0.014499374342066062,
    "sampled_subtrain_event_rate": 0.021975,
    "sampled_full_event_rate": 0.02014812088872533,
    "sample_weight_strategy": "none",
    "implementation": "sklearn_hist_gradient_boosting"
  },
  "benchmark_horizons": [
    10,
    20,
    30
  ],
  "calibration_bins": 10,
  "calibration_contract_version": "v2_ipcw_km_observed_risk",
  "calibration_observed_risk_method": "ipcw_km_pseudo_event_rate",
  "active_window_weeks": 6,
  "best_candidate": {
    "candidate_id": 23,
    "params": {
      "max_depth": 4,
      "learning_rate": 0.1,
      "max_iter": 150,
      "min_samples_leaf": 160,
      "l2_regularization": 10.0
    },
    "val_log_loss": 0.06733409127675301
  },
  "preprocessing": {
    "categorical_features": [
      "gender",
      "region",
      "highest_education",
      "imd_band",
      "age_band",
      "disability"
    ],
    "numeric_features": [
      "num_of_prev_attempts",
      "studied_credits",
      "week",
      "total_clicks_week",
      "active_this_week",
      "n_vle_rows_week",
      "n_distinct_sites_week",
      "cum_clicks_until_t",
      "recency",
      "streak"
    ],
    "categorical_encoder": "OneHotEncoder(handle_unknown=ignore, sparse_output=True)",
    "numeric_scaler": "MaxAbsScaler"
  },
  "weighting_strategy": "none; this official D5.7 variant preserves the same candidate grid and evaluation contract without positive-class weighting.",
  "design_note": "This variant keeps the same weekly benchmark arm, feature contract, and conservative boosted configuration while leaving positive-class weighting exclusively to the weighted sensitivity counterpart."
}

 candidate_id  max_depth  learning_rate  max_iter  effective_iter  min_samples_leaf  l2_regularization  fit_rows  fit_features  val_log_loss  val_brier  val_roc_auc fit_status
           23          4           0.10       150             150               160               10.0     80000            46      0.067334   0.013845     0.795155         ok
           24          4           0.10       250             250               160               10.0     80000            46      0.067413   0.013849     0.794907         ok
           20          4           0.05       200             200               200               10.0     80000            46      0.067457   0.013839     0.792883         ok
           22          4           0.10        80              80               200               10.0     80000            46      0.067494   0.013830     0.792275         ok
           15          3           0.08       200             200               160               10.0     80000            46      0.067536   0.013838     0.791560         ok
           21          4           0.08        80              80               300                5.0     80000            46      0.067766   0.013839     0.789204         ok
           13          3           0.05       200             200               200               10.0     80000            46      0.067828   0.013837     0.787792         ok
           14          3           0.08       100             100               300                5.0     80000            46      0.067900   0.013832     0.787115         ok
           19          4           0.05       100             100               300               10.0     80000            46      0.067993   0.013844     0.786490         ok
            8          2           0.10       200             200               160               10.0     80000            46      0.068008   0.013860     0.786143         ok
           18          4           0.03       150             150               250               10.0     80000            46      0.068011   0.013842     0.787115         ok
           16          3           0.10        80              80               300               10.0     80000            46      0.068038   0.013843     0.785206         ok
           17          4           0.02       200             200               300               10.0     80000            46      0.068179   0.013846     0.785190         ok
           11          3           0.03       200             200               160                5.0     80000            46      0.068198   0.013846     0.784017         ok
           12          3           0.05       120             120               160                5.0     80000            46      0.068202   0.013847     0.784110         ok
            6          2           0.08       150             150               200                5.0     80000            46      0.068219   0.013854     0.784221         ok
            5          2           0.05       200             200               160                5.0     80000            46      0.068427   0.013862     0.781921         ok
            7          2           0.10       100             100               250                5.0     80000            46      0.068464   0.013865     0.781771         ok
           10          3           0.03       120             120               200                5.0     80000            46      0.068771   0.013861     0.778828         ok
            4          2           0.05       120             120               300                1.0     80000            46      0.069026   0.013885     0.775008         ok
[END] 5.7b.4 - 2026-06-19 19:29:54
[RUN_PLAN] dynamic_window_weeks=8 script=dropout_bench_v3_D_07_A_dynamic_weekly_gb_weekly_hazard.py
[START] 5.6b - 2026-06-19 19:29:54
# ==============================================================
# 5.7b.2 - Prepare the shared dynamic weekly treatment for the not-weighted gradient-boosted benchmark
# ==============================================================
[Stage 5.7b.2 table_gb_weekly_hazard_not_weighted_preprocessing_summary_w8 — Not-weighted gradient-boosted preprocessing summary]
table_name=table_gb_weekly_hazard_not_weighted_preprocessing_summary_w8
rows=1, cols=12
                       model_family  active_window_weeks  raw_train_rows_before_truncation  raw_test_rows_before_truncation  train_rows  test_rows  n_input_features_raw  n_numeric_features  n_categorical_features  n_output_features_after_preprocessing  train_event_rate  test_event_rate
gb_weekly_hazard_not_weighted_tuned                    8                            719498                           308393      192111      82348                    16                  10                       6                                     46          0.013149         0.013127
ARTIFACT | Stage 5.7b.2 table_gb_weekly_hazard_not_weighted_preprocessing_summary_w8 — Not-weighted gradient-boosted preprocessing summary | duckdb://table_gb_weekly_hazard_not_weighted_preprocessing_summary_w8
[Stage 5.7b.2 table_gb_weekly_hazard_not_weighted_raw_feature_manifest_w8 — Not-weighted gradient-boosted raw feature manifest]
table_name=table_gb_weekly_hazard_not_weighted_raw_feature_manifest_w8
rows=16, cols=6
feature_name_operational feature_role  present_in_train  present_in_test  covered_by_canonical_config_after_alias canonical_source_name
                  gender  categorical              True             True                                    False                      
                  region  categorical              True             True                                    False                      
       highest_education  categorical              True             True                                    False                      
                imd_band  categorical              True             True                                    False                      
                age_band  categorical              True             True                                    False                      
              disability  categorical              True             True                                    False                      
    num_of_prev_attempts      numeric              True             True                                     True  num_of_prev_attempts
         studied_credits      numeric              True             True                                     True       studied_credits
                    week      numeric              True             True                                     True                  week
       total_clicks_week      numeric              True             True                                     True          total_clicks
        active_this_week      numeric              True             True                                    False                      
         n_vle_rows_week      numeric              True             True                                    False                      
   n_distinct_sites_week      numeric              True             True                                    False                      
      cum_clicks_until_t      numeric              True             True                                    False                      
                 recency      numeric              True             True                                    False                      
                  streak      numeric              True             True                                    False                      
ARTIFACT | Stage 5.7b.2 table_gb_weekly_hazard_not_weighted_raw_feature_manifest_w8 — Not-weighted gradient-boosted raw feature manifest | duckdb://table_gb_weekly_hazard_not_weighted_raw_feature_manifest_w8
[Stage 5.7b.2 table_gb_weekly_hazard_not_weighted_feature_names_out_w8 — Not-weighted gradient-boosted transformed feature names]
table_name=table_gb_weekly_hazard_not_weighted_feature_names_out_w8
rows=46, cols=1
       preprocessed_feature_name
       num__num_of_prev_attempts
            num__studied_credits
                       num__week
          num__total_clicks_week
           num__active_this_week
            num__n_vle_rows_week
      num__n_distinct_sites_week
         num__cum_clicks_until_t
                    num__recency
                     num__streak
                   cat__gender_F
                   cat__gender_M
 cat__region_East Anglian Region
cat__region_East Midlands Region
             cat__region_Ireland
       cat__region_London Region
        cat__region_North Region
cat__region_North Western Region
            cat__region_Scotland
   cat__region_South East Region
ARTIFACT | Stage 5.7b.2 table_gb_weekly_hazard_not_weighted_feature_names_out_w8 — Not-weighted gradient-boosted transformed feature names | duckdb://table_gb_weekly_hazard_not_weighted_feature_names_out_w8
ARTIFACT | gb_weekly_hazard_not_weighted_preprocessing_config | /Users/rafars/dropout_benchmark_desenv/outputs_benchmark_survival/metadata/gb_weekly_hazard_not_weighted_preprocessing_config_w8.json
{
  "model_name": "gb_weekly_hazard_not_weighted_tuned",
  "train_table": "pp_linear_hazard_ready_train",
  "test_table": "pp_linear_hazard_ready_test",
  "target_column": "event_t",
  "categorical_features": [
    "gender",
    "region",
    "highest_education",
    "imd_band",
    "age_band",
    "disability"
  ],
  "numeric_features": [
    "num_of_prev_attempts",
    "studied_credits",
    "week",
    "total_clicks_week",
    "active_this_week",
    "n_vle_rows_week",
    "n_distinct_sites_week",
    "cum_clicks_until_t",
    "recency",
    "streak"
  ],
  "operational_feature_columns": [
    "gender",
    "region",
    "highest_education",
    "imd_band",
    "age_band",
    "disability",
    "num_of_prev_attempts",
    "studied_credits",
    "week",
    "total_clicks_week",
    "active_this_week",
    "n_vle_rows_week",
    "n_distinct_sites_week",
    "cum_clicks_until_t",
    "recency",
    "streak"
  ],
  "canonical_expected_features_raw": [
    "studied_credits",
    "num_of_prev_attempts",
    "week",
    "total_clicks"
  ],
  "canonical_expected_features_resolved": [
    "studied_credits",
    "num_of_prev_attempts",
    "week",
    "total_clicks_week"
  ],
  "feature_alias_map": {
    "total_clicks": "total_clicks_week"
  },
  "n_train_rows": 192111,
  "n_test_rows": 82348,
  "active_window_weeks": 8,
  "raw_train_rows_before_truncation": 719498,
  "raw_test_rows_before_truncation": 308393,
  "n_output_features_after_preprocessing": 46,
  "train_event_rate": 0.013148648437622,
  "test_event_rate": 0.013127216204400835,
  "design_note": "The not-weighted gradient-boosted weekly hazard benchmark reuses the same weekly dynamic treatment contract as D5.7 while removing positive-class weighting only.",
  "methodological_note": "All learned preprocessing operations were fit on training data only and then applied unchanged to test data."
}

[END] 5.7b.2 - 2026-06-19 19:29:55
[START] 5.6b - 2026-06-19 19:29:55
# ==============================================================
# 5.7b.3 - Compute runtime guardrails for the not-weighted gradient-boosted weekly hazard model
# ==============================================================
[Stage 5.7b.3 table_gb_weekly_hazard_not_weighted_guardrails_w8 — Not-weighted gradient-boosted runtime guardrails]
table_name=table_gb_weekly_hazard_not_weighted_guardrails_w8
rows=1, cols=14
 active_window_weeks  search_row_cap  final_row_cap  search_rows_selected  final_rows_selected  subtrain_total_rows  full_total_rows  n_features  subtrain_event_rate  full_event_rate  sampled_subtrain_event_rate  sampled_full_event_rate sample_weight_strategy                 implementation
                   8           80000         108695                 80000               108695               153632           192111          46             0.013142         0.013149                     0.025237                 0.023239                   none sklearn_hist_gradient_boosting
ARTIFACT | Stage 5.7b.3 table_gb_weekly_hazard_not_weighted_guardrails_w8 — Not-weighted gradient-boosted runtime guardrails | duckdb://table_gb_weekly_hazard_not_weighted_guardrails_w8
[END] 5.7b.3 - 2026-06-19 19:29:55
[START] 5.6b - 2026-06-19 19:29:55
# ==============================================================
# 5.7b.4 - Tune and evaluate the not-weighted gradient-boosted weekly hazard model
# ==============================================================
[Stage 5.7b.4 table_gb_weekly_hazard_not_weighted_tuning_results_w8 — Not-weighted gradient-boosted tuning results]
table_name=table_gb_weekly_hazard_not_weighted_tuning_results_w8
rows=24, cols=13
 candidate_id  max_depth  learning_rate  max_iter  effective_iter  min_samples_leaf  l2_regularization  fit_rows  fit_features  val_log_loss  val_brier  val_roc_auc fit_status
           24          4           0.10       250             250               160               10.0     80000            46      0.065116   0.013067     0.795662         ok
           23          4           0.10       150             150               160               10.0     80000            46      0.065125   0.013049     0.795930         ok
           20          4           0.05       200             200               200               10.0     80000            46      0.065285   0.013024     0.793581         ok
           15          3           0.08       200             200               160               10.0     80000            46      0.065414   0.013021     0.790782         ok
           22          4           0.10        80              80               200               10.0     80000            46      0.065427   0.013009     0.791510         ok
           21          4           0.08        80              80               300                5.0     80000            46      0.065453   0.012998     0.792253         ok
           13          3           0.05       200             200               200               10.0     80000            46      0.065620   0.013002     0.788422         ok
            8          2           0.10       200             200               160               10.0     80000            46      0.065733   0.013020     0.786777         ok
           14          3           0.08       100             100               300                5.0     80000            46      0.065739   0.013005     0.787741         ok
           19          4           0.05       100             100               300               10.0     80000            46      0.065789   0.012998     0.787998         ok
           16          3           0.10        80              80               300               10.0     80000            46      0.065828   0.013006     0.786344         ok
           18          4           0.03       150             150               250               10.0     80000            46      0.065894   0.012992     0.786714         ok
           12          3           0.05       120             120               160                5.0     80000            46      0.065953   0.012987     0.785425         ok
           11          3           0.03       200             200               160                5.0     80000            46      0.065953   0.012987     0.785512         ok
           17          4           0.02       200             200               300               10.0     80000            46      0.066009   0.012987     0.785863         ok
            6          2           0.08       150             150               200                5.0     80000            46      0.066182   0.013011     0.780589         ok
            5          2           0.05       200             200               160                5.0     80000            46      0.066291   0.013001     0.779853         ok
            7          2           0.10       100             100               250                5.0     80000            46      0.066351   0.013012     0.778529         ok
           10          3           0.03       120             120               200                5.0     80000            46      0.066531   0.012980     0.779508         ok
            4          2           0.05       120             120               300                1.0     80000            46      0.066792   0.013002     0.773261         ok
ARTIFACT | Stage 5.7b.4 table_gb_weekly_hazard_not_weighted_tuning_results_w8 — Not-weighted gradient-boosted tuning results | duckdb://table_gb_weekly_hazard_not_weighted_tuning_results_w8
[Stage 5.7b.4 table_gb_weekly_hazard_not_weighted_tuned_test_predictions_w8 — Not-weighted gradient-boosted test predictions]
table_name=table_gb_weekly_hazard_not_weighted_tuned_test_predictions_w8
rows=82348, cols=29
   enrollment_id  id_student code_module code_presentation  week  event_t  event_observed  t_event_week  t_final_week  used_zero_week_fallback_for_censoring gender               region     highest_education imd_band age_band  num_of_prev_attempts  studied_credits disability  total_clicks_week  active_this_week  n_vle_rows_week  n_distinct_sites_week  cum_clicks_until_t  recency  streak split  pred_hazard  pred_survival  pred_risk
100561|DDD|2014J      100561         DDD             2014J     0        0               0           NaN            37                                      0      M  East Anglian Region    Lower Than A Level   70-80%     0-35                     1               60          N               10.0                 1                8                      4                10.0        0       1  test     0.099162       0.900838   0.099162
100561|DDD|2014J      100561         DDD             2014J     1        0               0           NaN            37                                      0      M  East Anglian Region    Lower Than A Level   70-80%     0-35                     1               60          N                0.0                 0                0                      0                10.0        1       0  test     0.098668       0.811954   0.188046
100561|DDD|2014J      100561         DDD             2014J     2        0               0           NaN            37                                      0      M  East Anglian Region    Lower Than A Level   70-80%     0-35                     1               60          N               91.0                 1               26                     11               101.0        0       2  test     0.027169       0.789894   0.210106
100561|DDD|2014J      100561         DDD             2014J     3        0               0           NaN            37                                      0      M  East Anglian Region    Lower Than A Level   70-80%     0-35                     1               60          N                6.0                 1                4                      2               107.0        0       3  test     0.008248       0.783379   0.216621
100561|DDD|2014J      100561         DDD             2014J     4        0               0           NaN            37                                      0      M  East Anglian Region    Lower Than A Level   70-80%     0-35                     1               60          N               30.0                 1               17                      8               137.0        0       4  test     0.071765       0.727160   0.272840
100561|DDD|2014J      100561         DDD             2014J     5        0               0           NaN            37                                      0      M  East Anglian Region    Lower Than A Level   70-80%     0-35                     1               60          N               65.0                 1               36                     14               202.0        0       5  test     0.036675       0.700492   0.299508
100561|DDD|2014J      100561         DDD             2014J     6        0               0           NaN            37                                      0      M  East Anglian Region    Lower Than A Level   70-80%     0-35                     1               60          N               27.0                 1               15                      9               229.0        0       6  test     0.004565       0.697294   0.302706
100561|DDD|2014J      100561         DDD             2014J     7        0               0           NaN            37                                      0      M  East Anglian Region    Lower Than A Level   70-80%     0-35                     1               60          N               59.0                 1               14                      5               288.0        0       7  test     0.012814       0.688359   0.311641
100561|DDD|2014J      100561         DDD             2014J     8        0               0           NaN            37                                      0      M  East Anglian Region    Lower Than A Level   70-80%     0-35                     1               60          N               62.0                 1               22                      7               350.0        0       8  test     0.014760       0.678199   0.321801
100621|CCC|2014B      100621         CCC             2014B     0        0               1           6.0             6                                      0      M West Midlands Region A Level or Equivalent   50-60%    35-55                     0               60          N                0.0                 0                0                      0                 0.0        1       0  test     0.077009       0.922991   0.077009
100621|CCC|2014B      100621         CCC             2014B     1        0               1           6.0             6                                      0      M West Midlands Region A Level or Equivalent   50-60%    35-55                     0               60          N                3.0                 1                2                      2                 3.0        0       2  test     0.073966       0.854721   0.145279
100621|CCC|2014B      100621         CCC             2014B     2        0               1           6.0             6                                      0      M West Midlands Region A Level or Equivalent   50-60%    35-55                     0               60          N                1.0                 1                1                      1                 4.0        0       3  test     0.013909       0.842833   0.157167
100621|CCC|2014B      100621         CCC             2014B     3        0               1           6.0             6                                      0      M West Midlands Region A Level or Equivalent   50-60%    35-55                     0               60          N                1.0                 1                1                      1                 5.0        0       4  test     0.022352       0.823993   0.176007
100621|CCC|2014B      100621         CCC             2014B     4        0               1           6.0             6                                      0      M West Midlands Region A Level or Equivalent   50-60%    35-55                     0               60          N                0.0                 0                0                      0                 5.0        1       0  test     0.017475       0.809594   0.190406
100621|CCC|2014B      100621         CCC             2014B     5        0               1           6.0             6                                      0      M West Midlands Region A Level or Equivalent   50-60%    35-55                     0               60          N                0.0                 0                0                      0                 5.0        2       0  test     0.016876       0.795931   0.204069
100621|CCC|2014B      100621         CCC             2014B     6        1               1           6.0             6                                      0      M West Midlands Region A Level or Equivalent   50-60%    35-55                     0               60          N                0.0                 0                0                      0                 5.0        3       0  test     0.011561       0.786730   0.213270
101187|DDD|2014J      101187         DDD             2014J     0        0               0           NaN            37                                      0      F        London Region      HE Qualification   30-40%    35-55                     0              120          N                0.0                 0                0                      0                 0.0        1       0  test     0.026217       0.973783   0.026217
101187|DDD|2014J      101187         DDD             2014J     1        0               0           NaN            37                                      0      F        London Region      HE Qualification   30-40%    35-55                     0              120          N                0.0                 0                0                      0                 0.0        2       0  test     0.050539       0.924568   0.075432
101187|DDD|2014J      101187         DDD             2014J     2        0               0           NaN            37                                      0      F        London Region      HE Qualification   30-40%    35-55                     0              120          N                0.0                 0                0                      0                 0.0        3       0  test     0.055983       0.872809   0.127191
101187|DDD|2014J      101187         DDD             2014J     3        0               0           NaN            37                                      0      F        London Region      HE Qualification   30-40%    35-55                     0              120          N                0.0                 0                0                      0                 0.0        4       0  test     0.158009       0.734897   0.265103
ARTIFACT | Stage 5.7b.4 table_gb_weekly_hazard_not_weighted_tuned_test_predictions_w8 — Not-weighted gradient-boosted test predictions | duckdb://table_gb_weekly_hazard_not_weighted_tuned_test_predictions_w8
[Stage 5.7b.4 table_gb_weekly_hazard_not_weighted_tuned_primary_metrics_w8 — Not-weighted gradient-boosted primary metrics]
table_name=table_gb_weekly_hazard_not_weighted_tuned_primary_metrics_w8
rows=2, cols=4
metric_name metric_category  metric_value                         notes
        ibs         primary      0.154097 sksurv_integrated_brier_score
    c_index      co_primary      0.498202          pycox_concordance_td
ARTIFACT | Stage 5.7b.4 table_gb_weekly_hazard_not_weighted_tuned_primary_metrics_w8 — Not-weighted gradient-boosted primary metrics | duckdb://table_gb_weekly_hazard_not_weighted_tuned_primary_metrics_w8
[Stage 5.7b.4 table_gb_weekly_hazard_not_weighted_tuned_brier_by_horizon_w8 — Not-weighted gradient-boosted Brier scores by horizon]
table_name=table_gb_weekly_hazard_not_weighted_tuned_brier_by_horizon_w8
rows=3, cols=5
 horizon_week      metric_name metric_category  metric_value              notes
           10 brier_at_horizon         primary      0.143095 sksurv_brier_score
           20 brier_at_horizon         primary      0.177911 sksurv_brier_score
           30 brier_at_horizon         primary      0.202758 sksurv_brier_score
ARTIFACT | Stage 5.7b.4 table_gb_weekly_hazard_not_weighted_tuned_brier_by_horizon_w8 — Not-weighted gradient-boosted Brier scores by horizon | duckdb://table_gb_weekly_hazard_not_weighted_tuned_brier_by_horizon_w8
[Stage 5.7b.4 table_gb_weekly_hazard_not_weighted_tuned_secondary_metrics_w8 — Not-weighted gradient-boosted secondary metrics]
table_name=table_gb_weekly_hazard_not_weighted_tuned_secondary_metrics_w8
rows=6, cols=5
 horizon_week         metric_name metric_category  metric_value                                                                                  notes
           10 risk_auc_at_horizon       secondary      0.231591                                                            roc_auc_on_evaluable_subset
           10  time_dependent_auc       secondary      0.234719 ipcw_supported_subset(duration < 38); retained=6742/9778; auc=0.234719; local_ipcw_auc
           20 risk_auc_at_horizon       secondary      0.301359                                                            roc_auc_on_evaluable_subset
           20  time_dependent_auc       secondary      0.304494 ipcw_supported_subset(duration < 38); retained=6742/9778; auc=0.304494; local_ipcw_auc
           30 risk_auc_at_horizon       secondary      0.341977                                                            roc_auc_on_evaluable_subset
           30  time_dependent_auc       secondary      0.346077 ipcw_supported_subset(duration < 38); retained=6742/9778; auc=0.346077; local_ipcw_auc
ARTIFACT | Stage 5.7b.4 table_gb_weekly_hazard_not_weighted_tuned_secondary_metrics_w8 — Not-weighted gradient-boosted secondary metrics | duckdb://table_gb_weekly_hazard_not_weighted_tuned_secondary_metrics_w8
[Stage 5.7b.4 table_gb_weekly_hazard_not_weighted_tuned_td_auc_support_audit_w8 — Not-weighted gradient-boosted IPCW support audit]
table_name=table_gb_weekly_hazard_not_weighted_tuned_td_auc_support_audit_w8
rows=3, cols=6
 horizon_week  max_ipcw_time  n_total_test_enrollments  n_supported_test_enrollments  mean_auc                                                                                  notes
           10           38.0                      9778                          6742  0.234719 ipcw_supported_subset(duration < 38); retained=6742/9778; auc=0.234719; local_ipcw_auc
           20           38.0                      9778                          6742  0.304494 ipcw_supported_subset(duration < 38); retained=6742/9778; auc=0.304494; local_ipcw_auc
           30           38.0                      9778                          6742  0.346077 ipcw_supported_subset(duration < 38); retained=6742/9778; auc=0.346077; local_ipcw_auc
ARTIFACT | Stage 5.7b.4 table_gb_weekly_hazard_not_weighted_tuned_td_auc_support_audit_w8 — Not-weighted gradient-boosted IPCW support audit | duckdb://table_gb_weekly_hazard_not_weighted_tuned_td_auc_support_audit_w8
[Stage 5.7b.4 table_gb_weekly_hazard_not_weighted_tuned_row_diagnostics_w8 — Not-weighted gradient-boosted row-level diagnostics]
table_name=table_gb_weekly_hazard_not_weighted_tuned_row_diagnostics_w8
rows=1, cols=5
                         model_name  row_level_roc_auc  row_level_pr_auc  row_level_log_loss  row_level_brier
gb_weekly_hazard_not_weighted_tuned           0.816759          0.068233            0.062779         0.012833
ARTIFACT | Stage 5.7b.4 table_gb_weekly_hazard_not_weighted_tuned_row_diagnostics_w8 — Not-weighted gradient-boosted row-level diagnostics | duckdb://table_gb_weekly_hazard_not_weighted_tuned_row_diagnostics_w8
[Stage 5.7b.4 table_gb_weekly_hazard_not_weighted_tuned_support_by_horizon_w8 — Not-weighted gradient-boosted support by horizon]
table_name=table_gb_weekly_hazard_not_weighted_tuned_support_by_horizon_w8
rows=3, cols=4
 horizon_week  n_evaluable_enrollments  n_events_by_horizon  event_rate_by_horizon
           10                     9778                 1215               0.124259
           20                     9778                 1736               0.177541
           30                     9778                 2129               0.217734
ARTIFACT | Stage 5.7b.4 table_gb_weekly_hazard_not_weighted_tuned_support_by_horizon_w8 — Not-weighted gradient-boosted support by horizon | duckdb://table_gb_weekly_hazard_not_weighted_tuned_support_by_horizon_w8
[Stage 5.7b.4 table_gb_weekly_hazard_not_weighted_tuned_calibration_summary_w8 — Not-weighted gradient-boosted calibration summary]
table_name=table_gb_weekly_hazard_not_weighted_tuned_calibration_summary_w8
rows=3, cols=5
 horizon_week            metric_name metric_category  metric_value                                         notes
           10 calibration_at_horizon         primary      0.176463 Weighted absolute calibration gap across bins
           20 calibration_at_horizon         primary      0.159104 Weighted absolute calibration gap across bins
           30 calibration_at_horizon         primary      0.152026 Weighted absolute calibration gap across bins
ARTIFACT | Stage 5.7b.4 table_gb_weekly_hazard_not_weighted_tuned_calibration_summary_w8 — Not-weighted gradient-boosted calibration summary | duckdb://table_gb_weekly_hazard_not_weighted_tuned_calibration_summary_w8
[Stage 5.7b.4 table_gb_weekly_hazard_not_weighted_tuned_calibration_bins_by_horizon_w8 — Not-weighted gradient-boosted calibration bins]
table_name=table_gb_weekly_hazard_not_weighted_tuned_calibration_bins_by_horizon_w8
rows=30, cols=6
 calibration_bin   n  mean_predicted_risk  observed_event_rate  horizon_week  abs_calibration_gap
               0 978             0.022789             0.549080            10             0.526291
               1 978             0.057664             0.149284            10             0.091620
               2 978             0.086458             0.112474            10             0.026016
               3 977             0.112968             0.087001            10             0.025967
               4 978             0.141213             0.062372            10             0.078841
               5 978             0.171472             0.075665            10             0.095807
               6 977             0.203637             0.068577            10             0.135059
               7 978             0.241112             0.057260            10             0.183852
               8 978             0.290761             0.043967            10             0.246793
               9 978             0.390999             0.036810            10             0.354189
               0 978             0.022789             0.581800            20             0.559011
               1 978             0.057664             0.213701            20             0.156038
               2 978             0.086458             0.169734            20             0.083276
               3 977             0.112968             0.138178            20             0.025210
               4 978             0.141213             0.134969            20             0.006244
               5 978             0.171472             0.124744            20             0.046728
               6 977             0.203637             0.120778            20             0.082859
               7 978             0.241112             0.101227            20             0.139885
               8 978             0.290761             0.104294            20             0.186466
               9 978             0.390999             0.085890            20             0.305109
ARTIFACT | Stage 5.7b.4 table_gb_weekly_hazard_not_weighted_tuned_calibration_bins_by_horizon_w8 — Not-weighted gradient-boosted calibration bins | duckdb://table_gb_weekly_hazard_not_weighted_tuned_calibration_bins_by_horizon_w8
[Stage 5.7b.4 table_gb_weekly_hazard_not_weighted_tuned_predicted_vs_observed_survival_w8 — Not-weighted gradient-boosted predicted versus observed survival]
table_name=table_gb_weekly_hazard_not_weighted_tuned_predicted_vs_observed_survival_w8
rows=3, cols=5
 horizon_week  n_evaluable_enrollments  mean_predicted_survival  mean_observed_survival  abs_gap
           10                     9778                  0.82809                0.875741 0.047651
           20                     9778                  0.82809                0.822459 0.005631
           30                     9778                  0.82809                0.782266 0.045824
ARTIFACT | Stage 5.7b.4 table_gb_weekly_hazard_not_weighted_tuned_predicted_vs_observed_survival_w8 — Not-weighted gradient-boosted predicted versus observed survival | duckdb://table_gb_weekly_hazard_not_weighted_tuned_predicted_vs_observed_survival_w8
ARTIFACT | gb_weekly_hazard_not_weighted_model | /Users/rafars/dropout_benchmark_desenv/outputs_benchmark_survival/models/gb_weekly_hazard_not_weighted_tuned_w8.joblib
ARTIFACT | gb_weekly_hazard_not_weighted_preprocessor | /Users/rafars/dropout_benchmark_desenv/outputs_benchmark_survival/models/gb_weekly_hazard_not_weighted_preprocessor_w8.joblib
ARTIFACT | gb_weekly_hazard_not_weighted_tuned_model_config | /Users/rafars/dropout_benchmark_desenv/outputs_benchmark_survival/metadata/gb_weekly_hazard_not_weighted_tuned_model_config_w8.json
{
  "model_name": "gb_weekly_hazard_not_weighted_tuned",
  "family_name": "discrete_time_dynamic",
  "model_family": "discrete_time_boosted",
  "model_type": "gradient_boosted_weekly_hazard",
  "implementation": "sklearn_hist_gradient_boosting",
  "candidate_grid": [
    {
      "max_depth": 2,
      "learning_rate": 0.02,
      "max_iter": 80,
      "min_samples_leaf": 300,
      "l2_regularization": 5.0
    },
    {
      "max_depth": 2,
      "learning_rate": 0.02,
      "max_iter": 150,
      "min_samples_leaf": 200,
      "l2_regularization": 5.0
    },
    {
      "max_depth": 2,
      "learning_rate": 0.03,
      "max_iter": 120,
      "min_samples_leaf": 300,
      "l2_regularization": 5.0
    },
    {
      "max_depth": 2,
      "learning_rate": 0.05,
      "max_iter": 120,
      "min_samples_leaf": 300,
      "l2_regularization": 1.0
    },
    {
      "max_depth": 2,
      "learning_rate": 0.05,
      "max_iter": 200,
      "min_samples_leaf": 160,
      "l2_regularization": 5.0
    },
    {
      "max_depth": 2,
      "learning_rate": 0.08,
      "max_iter": 150,
      "min_samples_leaf": 200,
      "l2_regularization": 5.0
    },
    {
      "max_depth": 2,
      "learning_rate": 0.1,
      "max_iter": 100,
      "min_samples_leaf": 250,
      "l2_regularization": 5.0
    },
    {
      "max_depth": 2,
      "learning_rate": 0.1,
      "max_iter": 200,
      "min_samples_leaf": 160,
      "l2_regularization": 10.0
    },
    {
      "max_depth": 3,
      "learning_rate": 0.02,
      "max_iter": 150,
      "min_samples_leaf": 300,
      "l2_regularization": 10.0
    },
    {
      "max_depth": 3,
      "learning_rate": 0.03,
      "max_iter": 120,
      "min_samples_leaf": 200,
      "l2_regularization": 5.0
    },
    {
      "max_depth": 3,
      "learning_rate": 0.03,
      "max_iter": 200,
      "min_samples_leaf": 160,
      "l2_regularization": 5.0
    },
    {
      "max_depth": 3,
      "learning_rate": 0.05,
      "max_iter": 120,
      "min_samples_leaf": 160,
      "l2_regularization": 5.0
    },
    {
      "max_depth": 3,
      "learning_rate": 0.05,
      "max_iter": 200,
      "min_samples_leaf": 200,
      "l2_regularization": 10.0
    },
    {
      "max_depth": 3,
      "learning_rate": 0.08,
      "max_iter": 100,
      "min_samples_leaf": 300,
      "l2_regularization": 5.0
    },
    {
      "max_depth": 3,
      "learning_rate": 0.08,
      "max_iter": 200,
      "min_samples_leaf": 160,
      "l2_regularization": 10.0
    },
    {
      "max_depth": 3,
      "learning_rate": 0.1,
      "max_iter": 80,
      "min_samples_leaf": 300,
      "l2_regularization": 10.0
    },
    {
      "max_depth": 4,
      "learning_rate": 0.02,
      "max_iter": 200,
      "min_samples_leaf": 300,
      "l2_regularization": 10.0
    },
    {
      "max_depth": 4,
      "learning_rate": 0.03,
      "max_iter": 150,
      "min_samples_leaf": 250,
      "l2_regularization": 10.0
    },
    {
      "max_depth": 4,
      "learning_rate": 0.05,
      "max_iter": 100,
      "min_samples_leaf": 300,
      "l2_regularization": 10.0
    },
    {
      "max_depth": 4,
      "learning_rate": 0.05,
      "max_iter": 200,
      "min_samples_leaf": 200,
      "l2_regularization": 10.0
    },
    {
      "max_depth": 4,
      "learning_rate": 0.08,
      "max_iter": 80,
      "min_samples_leaf": 300,
      "l2_regularization": 5.0
    },
    {
      "max_depth": 4,
      "learning_rate": 0.1,
      "max_iter": 80,
      "min_samples_leaf": 200,
      "l2_regularization": 10.0
    },
    {
      "max_depth": 4,
      "learning_rate": 0.1,
      "max_iter": 150,
      "min_samples_leaf": 160,
      "l2_regularization": 10.0
    },
    {
      "max_depth": 4,
      "learning_rate": 0.1,
      "max_iter": 250,
      "min_samples_leaf": 160,
      "l2_regularization": 10.0
    }
  ],
  "selection_metric": "val_log_loss_on_discrete_hazard",
  "validation_split": {
    "method": "GroupShuffleSplit",
    "test_size": 0.2,
    "group_column": "enrollment_id",
    "random_seed": 42
  },
  "guardrails": {
    "active_window_weeks": 8,
    "search_row_cap": 80000,
    "final_row_cap": 108695,
    "search_rows_selected": 80000,
    "final_rows_selected": 108695,
    "subtrain_total_rows": 153632,
    "full_total_rows": 192111,
    "n_features": 46,
    "subtrain_event_rate": 0.01314179337637992,
    "full_event_rate": 0.013148648437622,
    "sampled_subtrain_event_rate": 0.0252375,
    "sampled_full_event_rate": 0.023239339436036618,
    "sample_weight_strategy": "none",
    "implementation": "sklearn_hist_gradient_boosting"
  },
  "benchmark_horizons": [
    10,
    20,
    30
  ],
  "calibration_bins": 10,
  "calibration_contract_version": "v2_ipcw_km_observed_risk",
  "calibration_observed_risk_method": "ipcw_km_pseudo_event_rate",
  "active_window_weeks": 8,
  "best_candidate": {
    "candidate_id": 24,
    "params": {
      "max_depth": 4,
      "learning_rate": 0.1,
      "max_iter": 250,
      "min_samples_leaf": 160,
      "l2_regularization": 10.0
    },
    "val_log_loss": 0.06511603040879708
  },
  "preprocessing": {
    "categorical_features": [
      "gender",
      "region",
      "highest_education",
      "imd_band",
      "age_band",
      "disability"
    ],
    "numeric_features": [
      "num_of_prev_attempts",
      "studied_credits",
      "week",
      "total_clicks_week",
      "active_this_week",
      "n_vle_rows_week",
      "n_distinct_sites_week",
      "cum_clicks_until_t",
      "recency",
      "streak"
    ],
    "categorical_encoder": "OneHotEncoder(handle_unknown=ignore, sparse_output=True)",
    "numeric_scaler": "MaxAbsScaler"
  },
  "weighting_strategy": "none; this official D5.7 variant preserves the same candidate grid and evaluation contract without positive-class weighting.",
  "design_note": "This variant keeps the same weekly benchmark arm, feature contract, and conservative boosted configuration while leaving positive-class weighting exclusively to the weighted sensitivity counterpart."
}

 candidate_id  max_depth  learning_rate  max_iter  effective_iter  min_samples_leaf  l2_regularization  fit_rows  fit_features  val_log_loss  val_brier  val_roc_auc fit_status
           24          4           0.10       250             250               160               10.0     80000            46      0.065116   0.013067     0.795662         ok
           23          4           0.10       150             150               160               10.0     80000            46      0.065125   0.013049     0.795930         ok
           20          4           0.05       200             200               200               10.0     80000            46      0.065285   0.013024     0.793581         ok
           15          3           0.08       200             200               160               10.0     80000            46      0.065414   0.013021     0.790782         ok
           22          4           0.10        80              80               200               10.0     80000            46      0.065427   0.013009     0.791510         ok
           21          4           0.08        80              80               300                5.0     80000            46      0.065453   0.012998     0.792253         ok
           13          3           0.05       200             200               200               10.0     80000            46      0.065620   0.013002     0.788422         ok
            8          2           0.10       200             200               160               10.0     80000            46      0.065733   0.013020     0.786777         ok
           14          3           0.08       100             100               300                5.0     80000            46      0.065739   0.013005     0.787741         ok
           19          4           0.05       100             100               300               10.0     80000            46      0.065789   0.012998     0.787998         ok
           16          3           0.10        80              80               300               10.0     80000            46      0.065828   0.013006     0.786344         ok
           18          4           0.03       150             150               250               10.0     80000            46      0.065894   0.012992     0.786714         ok
           12          3           0.05       120             120               160                5.0     80000            46      0.065953   0.012987     0.785425         ok
           11          3           0.03       200             200               160                5.0     80000            46      0.065953   0.012987     0.785512         ok
           17          4           0.02       200             200               300               10.0     80000            46      0.066009   0.012987     0.785863         ok
            6          2           0.08       150             150               200                5.0     80000            46      0.066182   0.013011     0.780589         ok
            5          2           0.05       200             200               160                5.0     80000            46      0.066291   0.013001     0.779853         ok
            7          2           0.10       100             100               250                5.0     80000            46      0.066351   0.013012     0.778529         ok
           10          3           0.03       120             120               200                5.0     80000            46      0.066531   0.012980     0.779508         ok
            4          2           0.05       120             120               300                1.0     80000            46      0.066792   0.013002     0.773261         ok
[END] 5.7b.4 - 2026-06-19 19:30:17
[RUN_PLAN] dynamic_window_weeks=10 script=dropout_bench_v3_D_07_A_dynamic_weekly_gb_weekly_hazard.py
[START] 5.6b - 2026-06-19 19:30:17
# ==============================================================
# 5.7b.2 - Prepare the shared dynamic weekly treatment for the not-weighted gradient-boosted benchmark
# ==============================================================
[Stage 5.7b.2 table_gb_weekly_hazard_not_weighted_preprocessing_summary_w10 — Not-weighted gradient-boosted preprocessing summary]
table_name=table_gb_weekly_hazard_not_weighted_preprocessing_summary_w10
rows=1, cols=12
                       model_family  active_window_weeks  raw_train_rows_before_truncation  raw_test_rows_before_truncation  train_rows  test_rows  n_input_features_raw  n_numeric_features  n_categorical_features  n_output_features_after_preprocessing  train_event_rate  test_event_rate
gb_weekly_hazard_not_weighted_tuned                   10                            719498                           308393      232541      99670                    16                  10                       6                                     46          0.012105          0.01219
ARTIFACT | Stage 5.7b.2 table_gb_weekly_hazard_not_weighted_preprocessing_summary_w10 — Not-weighted gradient-boosted preprocessing summary | duckdb://table_gb_weekly_hazard_not_weighted_preprocessing_summary_w10
[Stage 5.7b.2 table_gb_weekly_hazard_not_weighted_raw_feature_manifest_w10 — Not-weighted gradient-boosted raw feature manifest]
table_name=table_gb_weekly_hazard_not_weighted_raw_feature_manifest_w10
rows=16, cols=6
feature_name_operational feature_role  present_in_train  present_in_test  covered_by_canonical_config_after_alias canonical_source_name
                  gender  categorical              True             True                                    False                      
                  region  categorical              True             True                                    False                      
       highest_education  categorical              True             True                                    False                      
                imd_band  categorical              True             True                                    False                      
                age_band  categorical              True             True                                    False                      
              disability  categorical              True             True                                    False                      
    num_of_prev_attempts      numeric              True             True                                     True  num_of_prev_attempts
         studied_credits      numeric              True             True                                     True       studied_credits
                    week      numeric              True             True                                     True                  week
       total_clicks_week      numeric              True             True                                     True          total_clicks
        active_this_week      numeric              True             True                                    False                      
         n_vle_rows_week      numeric              True             True                                    False                      
   n_distinct_sites_week      numeric              True             True                                    False                      
      cum_clicks_until_t      numeric              True             True                                    False                      
                 recency      numeric              True             True                                    False                      
                  streak      numeric              True             True                                    False                      
ARTIFACT | Stage 5.7b.2 table_gb_weekly_hazard_not_weighted_raw_feature_manifest_w10 — Not-weighted gradient-boosted raw feature manifest | duckdb://table_gb_weekly_hazard_not_weighted_raw_feature_manifest_w10
[Stage 5.7b.2 table_gb_weekly_hazard_not_weighted_feature_names_out_w10 — Not-weighted gradient-boosted transformed feature names]
table_name=table_gb_weekly_hazard_not_weighted_feature_names_out_w10
rows=46, cols=1
       preprocessed_feature_name
       num__num_of_prev_attempts
            num__studied_credits
                       num__week
          num__total_clicks_week
           num__active_this_week
            num__n_vle_rows_week
      num__n_distinct_sites_week
         num__cum_clicks_until_t
                    num__recency
                     num__streak
                   cat__gender_F
                   cat__gender_M
 cat__region_East Anglian Region
cat__region_East Midlands Region
             cat__region_Ireland
       cat__region_London Region
        cat__region_North Region
cat__region_North Western Region
            cat__region_Scotland
   cat__region_South East Region
ARTIFACT | Stage 5.7b.2 table_gb_weekly_hazard_not_weighted_feature_names_out_w10 — Not-weighted gradient-boosted transformed feature names | duckdb://table_gb_weekly_hazard_not_weighted_feature_names_out_w10
ARTIFACT | gb_weekly_hazard_not_weighted_preprocessing_config | /Users/rafars/dropout_benchmark_desenv/outputs_benchmark_survival/metadata/gb_weekly_hazard_not_weighted_preprocessing_config_w10.json
{
  "model_name": "gb_weekly_hazard_not_weighted_tuned",
  "train_table": "pp_linear_hazard_ready_train",
  "test_table": "pp_linear_hazard_ready_test",
  "target_column": "event_t",
  "categorical_features": [
    "gender",
    "region",
    "highest_education",
    "imd_band",
    "age_band",
    "disability"
  ],
  "numeric_features": [
    "num_of_prev_attempts",
    "studied_credits",
    "week",
    "total_clicks_week",
    "active_this_week",
    "n_vle_rows_week",
    "n_distinct_sites_week",
    "cum_clicks_until_t",
    "recency",
    "streak"
  ],
  "operational_feature_columns": [
    "gender",
    "region",
    "highest_education",
    "imd_band",
    "age_band",
    "disability",
    "num_of_prev_attempts",
    "studied_credits",
    "week",
    "total_clicks_week",
    "active_this_week",
    "n_vle_rows_week",
    "n_distinct_sites_week",
    "cum_clicks_until_t",
    "recency",
    "streak"
  ],
  "canonical_expected_features_raw": [
    "studied_credits",
    "num_of_prev_attempts",
    "week",
    "total_clicks"
  ],
  "canonical_expected_features_resolved": [
    "studied_credits",
    "num_of_prev_attempts",
    "week",
    "total_clicks_week"
  ],
  "feature_alias_map": {
    "total_clicks": "total_clicks_week"
  },
  "n_train_rows": 232541,
  "n_test_rows": 99670,
  "active_window_weeks": 10,
  "raw_train_rows_before_truncation": 719498,
  "raw_test_rows_before_truncation": 308393,
  "n_output_features_after_preprocessing": 46,
  "train_event_rate": 0.012105392167402737,
  "test_event_rate": 0.012190227751580214,
  "design_note": "The not-weighted gradient-boosted weekly hazard benchmark reuses the same weekly dynamic treatment contract as D5.7 while removing positive-class weighting only.",
  "methodological_note": "All learned preprocessing operations were fit on training data only and then applied unchanged to test data."
}

[END] 5.7b.2 - 2026-06-19 19:30:18
[START] 5.6b - 2026-06-19 19:30:18
# ==============================================================
# 5.7b.3 - Compute runtime guardrails for the not-weighted gradient-boosted weekly hazard model
# ==============================================================
[Stage 5.7b.3 table_gb_weekly_hazard_not_weighted_guardrails_w10 — Not-weighted gradient-boosted runtime guardrails]
table_name=table_gb_weekly_hazard_not_weighted_guardrails_w10
rows=1, cols=14
 active_window_weeks  search_row_cap  final_row_cap  search_rows_selected  final_rows_selected  subtrain_total_rows  full_total_rows  n_features  subtrain_event_rate  full_event_rate  sampled_subtrain_event_rate  sampled_full_event_rate sample_weight_strategy                 implementation
                  10           80000         108695                 80000               108695               185979           232541          46             0.012136         0.012105                     0.028213                 0.025898                   none sklearn_hist_gradient_boosting
ARTIFACT | Stage 5.7b.3 table_gb_weekly_hazard_not_weighted_guardrails_w10 — Not-weighted gradient-boosted runtime guardrails | duckdb://table_gb_weekly_hazard_not_weighted_guardrails_w10
[END] 5.7b.3 - 2026-06-19 19:30:19
[START] 5.6b - 2026-06-19 19:30:19
# ==============================================================
# 5.7b.4 - Tune and evaluate the not-weighted gradient-boosted weekly hazard model
# ==============================================================
[Stage 5.7b.4 table_gb_weekly_hazard_not_weighted_tuning_results_w10 — Not-weighted gradient-boosted tuning results]
table_name=table_gb_weekly_hazard_not_weighted_tuning_results_w10
rows=24, cols=13
 candidate_id  max_depth  learning_rate  max_iter  effective_iter  min_samples_leaf  l2_regularization  fit_rows  fit_features  val_log_loss  val_brier  val_roc_auc fit_status
           23          4           0.10       150             150               160               10.0     80000            46      0.063014   0.012202     0.796785         ok
           24          4           0.10       250             250               160               10.0     80000            46      0.063024   0.012245     0.795165         ok
           22          4           0.10        80              80               200               10.0     80000            46      0.063198   0.012129     0.794701         ok
           20          4           0.05       200             200               200               10.0     80000            46      0.063217   0.012151     0.794198         ok
           15          3           0.08       200             200               160               10.0     80000            46      0.063219   0.012171     0.794136         ok
           21          4           0.08        80              80               300                5.0     80000            46      0.063402   0.012114     0.792601         ok
           13          3           0.05       200             200               200               10.0     80000            46      0.063594   0.012124     0.788849         ok
            8          2           0.10       200             200               160               10.0     80000            46      0.063712   0.012136     0.786966         ok
           14          3           0.08       100             100               300                5.0     80000            46      0.063726   0.012121     0.788402         ok
           19          4           0.05       100             100               300               10.0     80000            46      0.063728   0.012102     0.788520         ok
           16          3           0.10        80              80               300               10.0     80000            46      0.063769   0.012130     0.786862         ok
           18          4           0.03       150             150               250               10.0     80000            46      0.063795   0.012091     0.787729         ok
           17          4           0.02       200             200               300               10.0     80000            46      0.063930   0.012089     0.786579         ok
           11          3           0.03       200             200               160                5.0     80000            46      0.063958   0.012098     0.784938         ok
           12          3           0.05       120             120               160                5.0     80000            46      0.063968   0.012104     0.784824         ok
            6          2           0.08       150             150               200                5.0     80000            46      0.064157   0.012113     0.779937         ok
            7          2           0.10       100             100               250                5.0     80000            46      0.064345   0.012104     0.776639         ok
            5          2           0.05       200             200               160                5.0     80000            46      0.064393   0.012106     0.776205         ok
           10          3           0.03       120             120               200                5.0     80000            46      0.064428   0.012060     0.779432         ok
            9          3           0.02       150             150               300               10.0     80000            46      0.064725   0.012039     0.775673         ok
ARTIFACT | Stage 5.7b.4 table_gb_weekly_hazard_not_weighted_tuning_results_w10 — Not-weighted gradient-boosted tuning results | duckdb://table_gb_weekly_hazard_not_weighted_tuning_results_w10
[Stage 5.7b.4 table_gb_weekly_hazard_not_weighted_tuned_test_predictions_w10 — Not-weighted gradient-boosted test predictions]
table_name=table_gb_weekly_hazard_not_weighted_tuned_test_predictions_w10
rows=99670, cols=29
   enrollment_id  id_student code_module code_presentation  week  event_t  event_observed  t_event_week  t_final_week  used_zero_week_fallback_for_censoring gender               region     highest_education imd_band age_band  num_of_prev_attempts  studied_credits disability  total_clicks_week  active_this_week  n_vle_rows_week  n_distinct_sites_week  cum_clicks_until_t  recency  streak split  pred_hazard  pred_survival  pred_risk
100561|DDD|2014J      100561         DDD             2014J     0        0               0           NaN            37                                      0      M  East Anglian Region    Lower Than A Level   70-80%     0-35                     1               60          N               10.0                 1                8                      4                10.0        0       1  test     0.033920       0.966080   0.033920
100561|DDD|2014J      100561         DDD             2014J     1        0               0           NaN            37                                      0      M  East Anglian Region    Lower Than A Level   70-80%     0-35                     1               60          N                0.0                 0                0                      0                10.0        1       0  test     0.112526       0.857371   0.142629
100561|DDD|2014J      100561         DDD             2014J     2        0               0           NaN            37                                      0      M  East Anglian Region    Lower Than A Level   70-80%     0-35                     1               60          N               91.0                 1               26                     11               101.0        0       2  test     0.105818       0.766646   0.233354
100561|DDD|2014J      100561         DDD             2014J     3        0               0           NaN            37                                      0      M  East Anglian Region    Lower Than A Level   70-80%     0-35                     1               60          N                6.0                 1                4                      2               107.0        0       3  test     0.036171       0.738916   0.261084
100561|DDD|2014J      100561         DDD             2014J     4        0               0           NaN            37                                      0      M  East Anglian Region    Lower Than A Level   70-80%     0-35                     1               60          N               30.0                 1               17                      8               137.0        0       4  test     0.010625       0.731065   0.268935
100561|DDD|2014J      100561         DDD             2014J     5        0               0           NaN            37                                      0      M  East Anglian Region    Lower Than A Level   70-80%     0-35                     1               60          N               65.0                 1               36                     14               202.0        0       5  test     0.003759       0.728317   0.271683
100561|DDD|2014J      100561         DDD             2014J     6        0               0           NaN            37                                      0      M  East Anglian Region    Lower Than A Level   70-80%     0-35                     1               60          N               27.0                 1               15                      9               229.0        0       6  test     0.025415       0.709807   0.290193
100561|DDD|2014J      100561         DDD             2014J     7        0               0           NaN            37                                      0      M  East Anglian Region    Lower Than A Level   70-80%     0-35                     1               60          N               59.0                 1               14                      5               288.0        0       7  test     0.082353       0.651353   0.348647
100561|DDD|2014J      100561         DDD             2014J     8        0               0           NaN            37                                      0      M  East Anglian Region    Lower Than A Level   70-80%     0-35                     1               60          N               62.0                 1               22                      7               350.0        0       8  test     0.048249       0.619926   0.380074
100561|DDD|2014J      100561         DDD             2014J     9        0               0           NaN            37                                      0      M  East Anglian Region    Lower Than A Level   70-80%     0-35                     1               60          N                4.0                 1                3                      2               354.0        0       9  test     0.004219       0.617310   0.382690
100561|DDD|2014J      100561         DDD             2014J    10        0               0           NaN            37                                      0      M  East Anglian Region    Lower Than A Level   70-80%     0-35                     1               60          N                3.0                 1                3                      3               357.0        0      10  test     0.010724       0.610690   0.389310
100621|CCC|2014B      100621         CCC             2014B     0        0               1           6.0             6                                      0      M West Midlands Region A Level or Equivalent   50-60%    35-55                     0               60          N                0.0                 0                0                      0                 0.0        1       0  test     0.019588       0.980412   0.019588
100621|CCC|2014B      100621         CCC             2014B     1        0               1           6.0             6                                      0      M West Midlands Region A Level or Equivalent   50-60%    35-55                     0               60          N                3.0                 1                2                      2                 3.0        0       2  test     0.069398       0.912373   0.087627
100621|CCC|2014B      100621         CCC             2014B     2        0               1           6.0             6                                      0      M West Midlands Region A Level or Equivalent   50-60%    35-55                     0               60          N                1.0                 1                1                      1                 4.0        0       3  test     0.084534       0.835247   0.164753
100621|CCC|2014B      100621         CCC             2014B     3        0               1           6.0             6                                      0      M West Midlands Region A Level or Equivalent   50-60%    35-55                     0               60          N                1.0                 1                1                      1                 5.0        0       4  test     0.017027       0.821025   0.178975
100621|CCC|2014B      100621         CCC             2014B     4        0               1           6.0             6                                      0      M West Midlands Region A Level or Equivalent   50-60%    35-55                     0               60          N                0.0                 0                0                      0                 5.0        1       0  test     0.038596       0.789337   0.210663
100621|CCC|2014B      100621         CCC             2014B     5        0               1           6.0             6                                      0      M West Midlands Region A Level or Equivalent   50-60%    35-55                     0               60          N                0.0                 0                0                      0                 5.0        2       0  test     0.041407       0.756654   0.243346
100621|CCC|2014B      100621         CCC             2014B     6        1               1           6.0             6                                      0      M West Midlands Region A Level or Equivalent   50-60%    35-55                     0               60          N                0.0                 0                0                      0                 5.0        3       0  test     0.033473       0.731326   0.268674
101187|DDD|2014J      101187         DDD             2014J     0        0               0           NaN            37                                      0      F        London Region      HE Qualification   30-40%    35-55                     0              120          N                0.0                 0                0                      0                 0.0        1       0  test     0.011090       0.988910   0.011090
101187|DDD|2014J      101187         DDD             2014J     1        0               0           NaN            37                                      0      F        London Region      HE Qualification   30-40%    35-55                     0              120          N                0.0                 0                0                      0                 0.0        2       0  test     0.042155       0.947223   0.052777
ARTIFACT | Stage 5.7b.4 table_gb_weekly_hazard_not_weighted_tuned_test_predictions_w10 — Not-weighted gradient-boosted test predictions | duckdb://table_gb_weekly_hazard_not_weighted_tuned_test_predictions_w10
[Stage 5.7b.4 table_gb_weekly_hazard_not_weighted_tuned_primary_metrics_w10 — Not-weighted gradient-boosted primary metrics]
table_name=table_gb_weekly_hazard_not_weighted_tuned_primary_metrics_w10
rows=2, cols=4
metric_name metric_category  metric_value                         notes
        ibs         primary      0.165975 sksurv_integrated_brier_score
    c_index      co_primary      0.494188          pycox_concordance_td
ARTIFACT | Stage 5.7b.4 table_gb_weekly_hazard_not_weighted_tuned_primary_metrics_w10 — Not-weighted gradient-boosted primary metrics | duckdb://table_gb_weekly_hazard_not_weighted_tuned_primary_metrics_w10
[Stage 5.7b.4 table_gb_weekly_hazard_not_weighted_tuned_brier_by_horizon_w10 — Not-weighted gradient-boosted Brier scores by horizon]
table_name=table_gb_weekly_hazard_not_weighted_tuned_brier_by_horizon_w10
rows=3, cols=5
 horizon_week      metric_name metric_category  metric_value              notes
           10 brier_at_horizon         primary      0.164211 sksurv_brier_score
           20 brier_at_horizon         primary      0.191708 sksurv_brier_score
           30 brier_at_horizon         primary      0.213147 sksurv_brier_score
ARTIFACT | Stage 5.7b.4 table_gb_weekly_hazard_not_weighted_tuned_brier_by_horizon_w10 — Not-weighted gradient-boosted Brier scores by horizon | duckdb://table_gb_weekly_hazard_not_weighted_tuned_brier_by_horizon_w10
[Stage 5.7b.4 table_gb_weekly_hazard_not_weighted_tuned_secondary_metrics_w10 — Not-weighted gradient-boosted secondary metrics]
table_name=table_gb_weekly_hazard_not_weighted_tuned_secondary_metrics_w10
rows=6, cols=5
 horizon_week         metric_name metric_category  metric_value                                                                                  notes
           10 risk_auc_at_horizon       secondary      0.176844                                                            roc_auc_on_evaluable_subset
           10  time_dependent_auc       secondary      0.177905 ipcw_supported_subset(duration < 38); retained=6742/9778; auc=0.177905; local_ipcw_auc
           20 risk_auc_at_horizon       secondary      0.274936                                                            roc_auc_on_evaluable_subset
           20  time_dependent_auc       secondary      0.276690 ipcw_supported_subset(duration < 38); retained=6742/9778; auc=0.276690; local_ipcw_auc
           30 risk_auc_at_horizon       secondary      0.313849                                                            roc_auc_on_evaluable_subset
           30  time_dependent_auc       secondary      0.315759 ipcw_supported_subset(duration < 38); retained=6742/9778; auc=0.315759; local_ipcw_auc
ARTIFACT | Stage 5.7b.4 table_gb_weekly_hazard_not_weighted_tuned_secondary_metrics_w10 — Not-weighted gradient-boosted secondary metrics | duckdb://table_gb_weekly_hazard_not_weighted_tuned_secondary_metrics_w10
[Stage 5.7b.4 table_gb_weekly_hazard_not_weighted_tuned_td_auc_support_audit_w10 — Not-weighted gradient-boosted IPCW support audit]
table_name=table_gb_weekly_hazard_not_weighted_tuned_td_auc_support_audit_w10
rows=3, cols=6
 horizon_week  max_ipcw_time  n_total_test_enrollments  n_supported_test_enrollments  mean_auc                                                                                  notes
           10           38.0                      9778                          6742  0.177905 ipcw_supported_subset(duration < 38); retained=6742/9778; auc=0.177905; local_ipcw_auc
           20           38.0                      9778                          6742  0.276690 ipcw_supported_subset(duration < 38); retained=6742/9778; auc=0.276690; local_ipcw_auc
           30           38.0                      9778                          6742  0.315759 ipcw_supported_subset(duration < 38); retained=6742/9778; auc=0.315759; local_ipcw_auc
ARTIFACT | Stage 5.7b.4 table_gb_weekly_hazard_not_weighted_tuned_td_auc_support_audit_w10 — Not-weighted gradient-boosted IPCW support audit | duckdb://table_gb_weekly_hazard_not_weighted_tuned_td_auc_support_audit_w10
[Stage 5.7b.4 table_gb_weekly_hazard_not_weighted_tuned_row_diagnostics_w10 — Not-weighted gradient-boosted row-level diagnostics]
table_name=table_gb_weekly_hazard_not_weighted_tuned_row_diagnostics_w10
rows=1, cols=5
                         model_name  row_level_roc_auc  row_level_pr_auc  row_level_log_loss  row_level_brier
gb_weekly_hazard_not_weighted_tuned           0.808496          0.062296            0.061673         0.012155
ARTIFACT | Stage 5.7b.4 table_gb_weekly_hazard_not_weighted_tuned_row_diagnostics_w10 — Not-weighted gradient-boosted row-level diagnostics | duckdb://table_gb_weekly_hazard_not_weighted_tuned_row_diagnostics_w10
[Stage 5.7b.4 table_gb_weekly_hazard_not_weighted_tuned_support_by_horizon_w10 — Not-weighted gradient-boosted support by horizon]
table_name=table_gb_weekly_hazard_not_weighted_tuned_support_by_horizon_w10
rows=3, cols=4
 horizon_week  n_evaluable_enrollments  n_events_by_horizon  event_rate_by_horizon
           10                     9778                 1215               0.124259
           20                     9778                 1736               0.177541
           30                     9778                 2129               0.217734
ARTIFACT | Stage 5.7b.4 table_gb_weekly_hazard_not_weighted_tuned_support_by_horizon_w10 — Not-weighted gradient-boosted support by horizon | duckdb://table_gb_weekly_hazard_not_weighted_tuned_support_by_horizon_w10
[Stage 5.7b.4 table_gb_weekly_hazard_not_weighted_tuned_calibration_summary_w10 — Not-weighted gradient-boosted calibration summary]
table_name=table_gb_weekly_hazard_not_weighted_tuned_calibration_summary_w10
rows=3, cols=5
 horizon_week            metric_name metric_category  metric_value                                         notes
           10 calibration_at_horizon         primary      0.233344 Weighted absolute calibration gap across bins
           20 calibration_at_horizon         primary      0.201985 Weighted absolute calibration gap across bins
           30 calibration_at_horizon         primary      0.183071 Weighted absolute calibration gap across bins
ARTIFACT | Stage 5.7b.4 table_gb_weekly_hazard_not_weighted_tuned_calibration_summary_w10 — Not-weighted gradient-boosted calibration summary | duckdb://table_gb_weekly_hazard_not_weighted_tuned_calibration_summary_w10
[Stage 5.7b.4 table_gb_weekly_hazard_not_weighted_tuned_calibration_bins_by_horizon_w10 — Not-weighted gradient-boosted calibration bins]
table_name=table_gb_weekly_hazard_not_weighted_tuned_calibration_bins_by_horizon_w10
rows=30, cols=6
 calibration_bin   n  mean_predicted_risk  observed_event_rate  horizon_week  abs_calibration_gap
               0 978             0.033035             0.625767            10             0.592732
               1 978             0.087117             0.167689            10             0.080572
               2 978             0.126602             0.108384            10             0.018217
               3 977             0.162711             0.089048            10             0.073663
               4 978             0.195501             0.057260            10             0.138242
               5 978             0.230024             0.053170            10             0.176854
               6 977             0.266488             0.046059            10             0.220429
               7 978             0.306708             0.041922            10             0.264785
               8 978             0.360312             0.036810            10             0.323502
               9 978             0.460628             0.016360            10             0.444268
               0 978             0.033035             0.646217            20             0.613182
               1 978             0.087117             0.217791            20             0.130674
               2 978             0.126602             0.165644            20             0.039043
               3 977             0.162711             0.134084            20             0.028627
               4 978             0.195501             0.128834            20             0.066667
               5 978             0.230024             0.108384            20             0.121640
               6 977             0.266488             0.107472            20             0.159016
               7 978             0.306708             0.087935            20             0.218773
               8 978             0.360312             0.097137            20             0.263175
               9 978             0.460628             0.081800            20             0.378828
ARTIFACT | Stage 5.7b.4 table_gb_weekly_hazard_not_weighted_tuned_calibration_bins_by_horizon_w10 — Not-weighted gradient-boosted calibration bins | duckdb://table_gb_weekly_hazard_not_weighted_tuned_calibration_bins_by_horizon_w10
[Stage 5.7b.4 table_gb_weekly_hazard_not_weighted_tuned_predicted_vs_observed_survival_w10 — Not-weighted gradient-boosted predicted versus observed survival]
table_name=table_gb_weekly_hazard_not_weighted_tuned_predicted_vs_observed_survival_w10
rows=3, cols=5
 horizon_week  n_evaluable_enrollments  mean_predicted_survival  mean_observed_survival  abs_gap
           10                     9778                 0.777086                0.875741 0.098656
           20                     9778                 0.777086                0.822459 0.045373
           30                     9778                 0.777086                0.782266 0.005181
ARTIFACT | Stage 5.7b.4 table_gb_weekly_hazard_not_weighted_tuned_predicted_vs_observed_survival_w10 — Not-weighted gradient-boosted predicted versus observed survival | duckdb://table_gb_weekly_hazard_not_weighted_tuned_predicted_vs_observed_survival_w10
ARTIFACT | gb_weekly_hazard_not_weighted_model | /Users/rafars/dropout_benchmark_desenv/outputs_benchmark_survival/models/gb_weekly_hazard_not_weighted_tuned_w10.joblib
ARTIFACT | gb_weekly_hazard_not_weighted_preprocessor | /Users/rafars/dropout_benchmark_desenv/outputs_benchmark_survival/models/gb_weekly_hazard_not_weighted_preprocessor_w10.joblib
ARTIFACT | gb_weekly_hazard_not_weighted_tuned_model_config | /Users/rafars/dropout_benchmark_desenv/outputs_benchmark_survival/metadata/gb_weekly_hazard_not_weighted_tuned_model_config_w10.json
{
  "model_name": "gb_weekly_hazard_not_weighted_tuned",
  "family_name": "discrete_time_dynamic",
  "model_family": "discrete_time_boosted",
  "model_type": "gradient_boosted_weekly_hazard",
  "implementation": "sklearn_hist_gradient_boosting",
  "candidate_grid": [
    {
      "max_depth": 2,
      "learning_rate": 0.02,
      "max_iter": 80,
      "min_samples_leaf": 300,
      "l2_regularization": 5.0
    },
    {
      "max_depth": 2,
      "learning_rate": 0.02,
      "max_iter": 150,
      "min_samples_leaf": 200,
      "l2_regularization": 5.0
    },
    {
      "max_depth": 2,
      "learning_rate": 0.03,
      "max_iter": 120,
      "min_samples_leaf": 300,
      "l2_regularization": 5.0
    },
    {
      "max_depth": 2,
      "learning_rate": 0.05,
      "max_iter": 120,
      "min_samples_leaf": 300,
      "l2_regularization": 1.0
    },
    {
      "max_depth": 2,
      "learning_rate": 0.05,
      "max_iter": 200,
      "min_samples_leaf": 160,
      "l2_regularization": 5.0
    },
    {
      "max_depth": 2,
      "learning_rate": 0.08,
      "max_iter": 150,
      "min_samples_leaf": 200,
      "l2_regularization": 5.0
    },
    {
      "max_depth": 2,
      "learning_rate": 0.1,
      "max_iter": 100,
      "min_samples_leaf": 250,
      "l2_regularization": 5.0
    },
    {
      "max_depth": 2,
      "learning_rate": 0.1,
      "max_iter": 200,
      "min_samples_leaf": 160,
      "l2_regularization": 10.0
    },
    {
      "max_depth": 3,
      "learning_rate": 0.02,
      "max_iter": 150,
      "min_samples_leaf": 300,
      "l2_regularization": 10.0
    },
    {
      "max_depth": 3,
      "learning_rate": 0.03,
      "max_iter": 120,
      "min_samples_leaf": 200,
      "l2_regularization": 5.0
    },
    {
      "max_depth": 3,
      "learning_rate": 0.03,
      "max_iter": 200,
      "min_samples_leaf": 160,
      "l2_regularization": 5.0
    },
    {
      "max_depth": 3,
      "learning_rate": 0.05,
      "max_iter": 120,
      "min_samples_leaf": 160,
      "l2_regularization": 5.0
    },
    {
      "max_depth": 3,
      "learning_rate": 0.05,
      "max_iter": 200,
      "min_samples_leaf": 200,
      "l2_regularization": 10.0
    },
    {
      "max_depth": 3,
      "learning_rate": 0.08,
      "max_iter": 100,
      "min_samples_leaf": 300,
      "l2_regularization": 5.0
    },
    {
      "max_depth": 3,
      "learning_rate": 0.08,
      "max_iter": 200,
      "min_samples_leaf": 160,
      "l2_regularization": 10.0
    },
    {
      "max_depth": 3,
      "learning_rate": 0.1,
      "max_iter": 80,
      "min_samples_leaf": 300,
      "l2_regularization": 10.0
    },
    {
      "max_depth": 4,
      "learning_rate": 0.02,
      "max_iter": 200,
      "min_samples_leaf": 300,
      "l2_regularization": 10.0
    },
    {
      "max_depth": 4,
      "learning_rate": 0.03,
      "max_iter": 150,
      "min_samples_leaf": 250,
      "l2_regularization": 10.0
    },
    {
      "max_depth": 4,
      "learning_rate": 0.05,
      "max_iter": 100,
      "min_samples_leaf": 300,
      "l2_regularization": 10.0
    },
    {
      "max_depth": 4,
      "learning_rate": 0.05,
      "max_iter": 200,
      "min_samples_leaf": 200,
      "l2_regularization": 10.0
    },
    {
      "max_depth": 4,
      "learning_rate": 0.08,
      "max_iter": 80,
      "min_samples_leaf": 300,
      "l2_regularization": 5.0
    },
    {
      "max_depth": 4,
      "learning_rate": 0.1,
      "max_iter": 80,
      "min_samples_leaf": 200,
      "l2_regularization": 10.0
    },
    {
      "max_depth": 4,
      "learning_rate": 0.1,
      "max_iter": 150,
      "min_samples_leaf": 160,
      "l2_regularization": 10.0
    },
    {
      "max_depth": 4,
      "learning_rate": 0.1,
      "max_iter": 250,
      "min_samples_leaf": 160,
      "l2_regularization": 10.0
    }
  ],
  "selection_metric": "val_log_loss_on_discrete_hazard",
  "validation_split": {
    "method": "GroupShuffleSplit",
    "test_size": 0.2,
    "group_column": "enrollment_id",
    "random_seed": 42
  },
  "guardrails": {
    "active_window_weeks": 10,
    "search_row_cap": 80000,
    "final_row_cap": 108695,
    "search_rows_selected": 80000,
    "final_rows_selected": 108695,
    "subtrain_total_rows": 185979,
    "full_total_rows": 232541,
    "n_features": 46,
    "subtrain_event_rate": 0.012135778770721426,
    "full_event_rate": 0.012105392167402737,
    "sampled_subtrain_event_rate": 0.0282125,
    "sampled_full_event_rate": 0.025898155388932333,
    "sample_weight_strategy": "none",
    "implementation": "sklearn_hist_gradient_boosting"
  },
  "benchmark_horizons": [
    10,
    20,
    30
  ],
  "calibration_bins": 10,
  "calibration_contract_version": "v2_ipcw_km_observed_risk",
  "calibration_observed_risk_method": "ipcw_km_pseudo_event_rate",
  "active_window_weeks": 10,
  "best_candidate": {
    "candidate_id": 23,
    "params": {
      "max_depth": 4,
      "learning_rate": 0.1,
      "max_iter": 150,
      "min_samples_leaf": 160,
      "l2_regularization": 10.0
    },
    "val_log_loss": 0.06301420505216329
  },
  "preprocessing": {
    "categorical_features": [
      "gender",
      "region",
      "highest_education",
      "imd_band",
      "age_band",
      "disability"
    ],
    "numeric_features": [
      "num_of_prev_attempts",
      "studied_credits",
      "week",
      "total_clicks_week",
      "active_this_week",
      "n_vle_rows_week",
      "n_distinct_sites_week",
      "cum_clicks_until_t",
      "recency",
      "streak"
    ],
    "categorical_encoder": "OneHotEncoder(handle_unknown=ignore, sparse_output=True)",
    "numeric_scaler": "MaxAbsScaler"
  },
  "weighting_strategy": "none; this official D5.7 variant preserves the same candidate grid and evaluation contract without positive-class weighting.",
  "design_note": "This variant keeps the same weekly benchmark arm, feature contract, and conservative boosted configuration while leaving positive-class weighting exclusively to the weighted sensitivity counterpart."
}

 candidate_id  max_depth  learning_rate  max_iter  effective_iter  min_samples_leaf  l2_regularization  fit_rows  fit_features  val_log_loss  val_brier  val_roc_auc fit_status
           23          4           0.10       150             150               160               10.0     80000            46      0.063014   0.012202     0.796785         ok
           24          4           0.10       250             250               160               10.0     80000            46      0.063024   0.012245     0.795165         ok
           22          4           0.10        80              80               200               10.0     80000            46      0.063198   0.012129     0.794701         ok
           20          4           0.05       200             200               200               10.0     80000            46      0.063217   0.012151     0.794198         ok
           15          3           0.08       200             200               160               10.0     80000            46      0.063219   0.012171     0.794136         ok
           21          4           0.08        80              80               300                5.0     80000            46      0.063402   0.012114     0.792601         ok
           13          3           0.05       200             200               200               10.0     80000            46      0.063594   0.012124     0.788849         ok
            8          2           0.10       200             200               160               10.0     80000            46      0.063712   0.012136     0.786966         ok
           14          3           0.08       100             100               300                5.0     80000            46      0.063726   0.012121     0.788402         ok
           19          4           0.05       100             100               300               10.0     80000            46      0.063728   0.012102     0.788520         ok
           16          3           0.10        80              80               300               10.0     80000            46      0.063769   0.012130     0.786862         ok
           18          4           0.03       150             150               250               10.0     80000            46      0.063795   0.012091     0.787729         ok
           17          4           0.02       200             200               300               10.0     80000            46      0.063930   0.012089     0.786579         ok
           11          3           0.03       200             200               160                5.0     80000            46      0.063958   0.012098     0.784938         ok
           12          3           0.05       120             120               160                5.0     80000            46      0.063968   0.012104     0.784824         ok
            6          2           0.08       150             150               200                5.0     80000            46      0.064157   0.012113     0.779937         ok
            7          2           0.10       100             100               250                5.0     80000            46      0.064345   0.012104     0.776639         ok
            5          2           0.05       200             200               160                5.0     80000            46      0.064393   0.012106     0.776205         ok
           10          3           0.03       120             120               200                5.0     80000            46      0.064428   0.012060     0.779432         ok
            9          3           0.02       150             150               300               10.0     80000            46      0.064725   0.012039     0.775673         ok
[END] 5.7b.4 - 2026-06-19 19:30:41
[START] 5.6b - 2026-06-19 19:30:41
# ==============================================================
# 5.7b.5 - Close the DuckDB runtime cleanly
# ==============================================================
DuckDB connection closed.
[END] 5.7b.5 - 2026-06-19 19:30:42
