[RUN_PLAN] comparable_window_weeks=2
[START] 5.12 - 2026-06-19 22:25:21
# ==============================================================
# 5.12.1 - Lightweight runtime bootstrap
# ==============================================================
ARTIFACT | benchmark_shared_config | /Users/rafars/dropout_benchmark_desenv/benchmark_shared_config.toml
ARTIFACT | benchmark_modeling_contract | /Users/rafars/dropout_benchmark_desenv/benchmark_modeling_contract.toml
ARTIFACT | run_metadata | /Users/rafars/dropout_benchmark_desenv/outputs_benchmark_survival/metadata/run_metadata.json
ARTIFACT | duckdb_path | /Users/rafars/dropout_benchmark_desenv/outputs_benchmark_survival/benchmark_survival.duckdb
{
  "run_id": "f3766e75053447a7beb7a1c4936d231f",
  "random_seed": 42,
  "tuning_parallel_backend": "processes",
  "test_size": 0.3,
  "early_window_weeks": 4,
  "main_enrollment_window_weeks": 4,
  "effective_window_weeks": 2,
  "input_train_table": "enrollment_cox_ready_train_w2",
  "input_test_table": "enrollment_cox_ready_test_w2"
}
[END] 5.12.1 - 2026-06-19 22:25:21
[START] 5.12 - 2026-06-19 22:25:21
# ==============================================================
# 5.12.2 - Build comparable-window Royston-Parmar treatment
# ==============================================================
[Stage 5.12.2 table_royston_parmar_preprocessing_summary - Royston-Parmar preprocessing summary]
table_name=table_royston_parmar_preprocessing_summary_w2
rows=1, cols=22
  model_family  train_rows  test_rows  n_input_features_raw  n_numeric_features  n_categorical_features  n_features_after_encoding_before_filter  n_features_after_variance_filter  n_features_after_formula_sanitization  n_features_dropped_by_variance_filter  n_events_train  n_events_test  mean_duration_train  mean_duration_test                              numeric_prefill_policy categorical_imputation                     categorical_encoding                   numeric_scaling  variance_filter_threshold output_dtype                                      positioning_note  window_weeks
royston_parmar       22815       9778                    11                   5                       6                                       35                                35                                     35                                      0            5171           2216            30.536182           30.539476 deterministic_train_median_or_zero_when_all_missing       constant_missing one_hot_drop_first_handle_unknown_ignore standard_scaler_fit_on_train_only               1.000000e-12      float64 early-window comparable flexible parametric benchmark             2
ARTIFACT | Stage 5.12.2 table_royston_parmar_preprocessing_summary - Royston-Parmar preprocessing summary | duckdb://table_royston_parmar_preprocessing_summary_w2
[Stage 5.12.2 table_royston_parmar_raw_feature_manifest - Royston-Parmar raw feature manifest]
table_name=table_royston_parmar_raw_feature_manifest_w2
rows=11, cols=6
 feature_name_operational feature_role  present_in_train  present_in_test  covered_by_canonical_config  numeric_prefill_value
                   gender  categorical              True             True                        False                    NaN
                   region  categorical              True             True                        False                    NaN
        highest_education  categorical              True             True                        False                    NaN
                 imd_band  categorical              True             True                        False                    NaN
                 age_band  categorical              True             True                        False                    NaN
               disability  categorical              True             True                        False                    NaN
     num_of_prev_attempts      numeric              True             True                         True                    0.0
          studied_credits      numeric              True             True                         True                   60.0
     clicks_first_2_weeks      numeric              True             True                         True                   56.0
     active_weeks_first_2      numeric              True             True                         True                    2.0
mean_clicks_first_2_weeks      numeric              True             True                         True                   33.0
ARTIFACT | Stage 5.12.2 table_royston_parmar_raw_feature_manifest - Royston-Parmar raw feature manifest | duckdb://table_royston_parmar_raw_feature_manifest_w2
[Stage 5.12.2 table_royston_parmar_feature_names_out - Royston-Parmar output feature manifest]
table_name=table_royston_parmar_feature_names_out_w2
rows=35, cols=2
                         feature_name_out  transformed_variance_train
                num__num_of_prev_attempts                    1.000000
                     num__studied_credits                    1.000000
                num__clicks_first_2_weeks                    1.000000
                num__active_weeks_first_2                    1.000000
           num__mean_clicks_first_2_weeks                    1.000000
                            cat__gender_M                    0.247988
         cat__region_East Midlands Region                    0.067091
                      cat__region_Ireland                    0.034283
                cat__region_London Region                    0.088295
                 cat__region_North Region                    0.052060
         cat__region_North Western Region                    0.082139
                     cat__region_Scotland                    0.094370
            cat__region_South East Region                    0.059974
                 cat__region_South Region                    0.087554
            cat__region_South West Region                    0.068848
                        cat__region_Wales                    0.059707
         cat__region_West Midlands Region                    0.073261
             cat__region_Yorkshire Region                    0.058136
  cat__highest_education_HE Qualification                    0.123970
cat__highest_education_Lower Than A Level                    0.240991
ARTIFACT | Stage 5.12.2 table_royston_parmar_feature_names_out - Royston-Parmar output feature manifest | duckdb://table_royston_parmar_feature_names_out_w2
[Stage 5.12.2 table_royston_parmar_formula_feature_map - Royston-Parmar formula feature map]
table_name=table_royston_parmar_formula_feature_map_w2
rows=35, cols=2
                         feature_name_out                        feature_name_safe
                num__num_of_prev_attempts                 num_num_of_prev_attempts
                     num__studied_credits                      num_studied_credits
                num__clicks_first_2_weeks                 num_clicks_first_2_weeks
                num__active_weeks_first_2                 num_active_weeks_first_2
           num__mean_clicks_first_2_weeks            num_mean_clicks_first_2_weeks
                            cat__gender_M                             cat_gender_M
         cat__region_East Midlands Region          cat_region_East_Midlands_Region
                      cat__region_Ireland                       cat_region_Ireland
                cat__region_London Region                 cat_region_London_Region
                 cat__region_North Region                  cat_region_North_Region
         cat__region_North Western Region          cat_region_North_Western_Region
                     cat__region_Scotland                      cat_region_Scotland
            cat__region_South East Region             cat_region_South_East_Region
                 cat__region_South Region                  cat_region_South_Region
            cat__region_South West Region             cat_region_South_West_Region
                        cat__region_Wales                         cat_region_Wales
         cat__region_West Midlands Region          cat_region_West_Midlands_Region
             cat__region_Yorkshire Region              cat_region_Yorkshire_Region
  cat__highest_education_HE Qualification   cat_highest_education_HE_Qualification
cat__highest_education_Lower Than A Level cat_highest_education_Lower_Than_A_Level
ARTIFACT | Stage 5.12.2 table_royston_parmar_formula_feature_map - Royston-Parmar formula feature map | duckdb://table_royston_parmar_formula_feature_map_w2
ARTIFACT | royston_parmar_preprocessing_config | /Users/rafars/dropout_benchmark_desenv/outputs_benchmark_survival/metadata/royston_parmar_preprocessing_config_w2.json
{
  "model_family": "royston_parmar",
  "duration_column": "duration",
  "event_column": "event",
  "categorical_features": [
    "gender",
    "region",
    "highest_education",
    "imd_band",
    "age_band",
    "disability"
  ],
  "numeric_features": [
    "num_of_prev_attempts",
    "studied_credits",
    "clicks_first_2_weeks",
    "active_weeks_first_2",
    "mean_clicks_first_2_weeks"
  ],
  "raw_feature_columns": [
    "gender",
    "region",
    "highest_education",
    "imd_band",
    "age_band",
    "disability",
    "num_of_prev_attempts",
    "studied_credits",
    "clicks_first_2_weeks",
    "active_weeks_first_2",
    "mean_clicks_first_2_weeks"
  ],
  "expected_features_raw": [
    "studied_credits",
    "num_of_prev_attempts",
    "num_of_prev_attempts",
    "studied_credits",
    "clicks_first_2_weeks",
    "active_weeks_first_2",
    "mean_clicks_first_2_weeks"
  ],
  "expected_features_resolved": [
    "studied_credits",
    "num_of_prev_attempts",
    "clicks_first_2_weeks",
    "active_weeks_first_2",
    "mean_clicks_first_2_weeks"
  ],
  "numeric_prefill_policy": "deterministic_train_median_or_zero_when_all_missing",
  "numeric_fill_values": {
    "num_of_prev_attempts": 0.0,
    "studied_credits": 60.0,
    "clicks_first_2_weeks": 56.0,
    "active_weeks_first_2": 2.0,
    "mean_clicks_first_2_weeks": 33.0
  },
  "categorical_imputation": "constant_missing",
  "categorical_encoding": "one_hot_drop_first_handle_unknown_ignore",
  "numeric_scaling": "standard_scaler_fit_on_train_only",
  "variance_filter_threshold": 1e-12,
  "feature_names_before_filter": [
    "num__num_of_prev_attempts",
    "num__studied_credits",
    "num__clicks_first_2_weeks",
    "num__active_weeks_first_2",
    "num__mean_clicks_first_2_weeks",
    "cat__gender_M",
    "cat__region_East Midlands Region",
    "cat__region_Ireland",
    "cat__region_London Region",
    "cat__region_North Region",
    "cat__region_North Western Region",
    "cat__region_Scotland",
    "cat__region_South East Region",
    "cat__region_South Region",
    "cat__region_South West Region",
    "cat__region_Wales",
    "cat__region_West Midlands Region",
    "cat__region_Yorkshire Region",
    "cat__highest_education_HE Qualification",
    "cat__highest_education_Lower Than A Level",
    "cat__highest_education_No Formal quals",
    "cat__highest_education_Post Graduate Qualification",
    "cat__imd_band_10-20",
    "cat__imd_band_20-30%",
    "cat__imd_band_30-40%",
    "cat__imd_band_40-50%",
    "cat__imd_band_50-60%",
    "cat__imd_band_60-70%",
    "cat__imd_band_70-80%",
    "cat__imd_band_80-90%",
    "cat__imd_band_90-100%",
    "cat__imd_band_None",
    "cat__age_band_35-55",
    "cat__age_band_55<=",
    "cat__disability_Y"
  ],
  "feature_names_out": [
    "num__num_of_prev_attempts",
    "num__studied_credits",
    "num__clicks_first_2_weeks",
    "num__active_weeks_first_2",
    "num__mean_clicks_first_2_weeks",
    "cat__gender_M",
    "cat__region_East Midlands Region",
    "cat__region_Ireland",
    "cat__region_London Region",
    "cat__region_North Region",
    "cat__region_North Western Region",
    "cat__region_Scotland",
    "cat__region_South East Region",
    "cat__region_South Region",
    "cat__region_South West Region",
    "cat__region_Wales",
    "cat__region_West Midlands Region",
    "cat__region_Yorkshire Region",
    "cat__highest_education_HE Qualification",
    "cat__highest_education_Lower Than A Level",
    "cat__highest_education_No Formal quals",
    "cat__highest_education_Post Graduate Qualification",
    "cat__imd_band_10-20",
    "cat__imd_band_20-30%",
    "cat__imd_band_30-40%",
    "cat__imd_band_40-50%",
    "cat__imd_band_50-60%",
    "cat__imd_band_60-70%",
    "cat__imd_band_70-80%",
    "cat__imd_band_80-90%",
    "cat__imd_band_90-100%",
    "cat__imd_band_None",
    "cat__age_band_35-55",
    "cat__age_band_55<=",
    "cat__disability_Y"
  ],
  "feature_names_safe": [
    "num_num_of_prev_attempts",
    "num_studied_credits",
    "num_clicks_first_2_weeks",
    "num_active_weeks_first_2",
    "num_mean_clicks_first_2_weeks",
    "cat_gender_M",
    "cat_region_East_Midlands_Region",
    "cat_region_Ireland",
    "cat_region_London_Region",
    "cat_region_North_Region",
    "cat_region_North_Western_Region",
    "cat_region_Scotland",
    "cat_region_South_East_Region",
    "cat_region_South_Region",
    "cat_region_South_West_Region",
    "cat_region_Wales",
    "cat_region_West_Midlands_Region",
    "cat_region_Yorkshire_Region",
    "cat_highest_education_HE_Qualification",
    "cat_highest_education_Lower_Than_A_Level",
    "cat_highest_education_No_Formal_quals",
    "cat_highest_education_Post_Graduate_Qualification",
    "cat_imd_band_10_20",
    "cat_imd_band_20_30",
    "cat_imd_band_30_40",
    "cat_imd_band_40_50",
    "cat_imd_band_50_60",
    "cat_imd_band_60_70",
    "cat_imd_band_70_80",
    "cat_imd_band_80_90",
    "cat_imd_band_90_100",
    "cat_imd_band_None",
    "cat_age_band_35_55",
    "cat_age_band_55",
    "cat_disability_Y"
  ],
  "formula_feature_map": {
    "num__num_of_prev_attempts": "num_num_of_prev_attempts",
    "num__studied_credits": "num_studied_credits",
    "num__clicks_first_2_weeks": "num_clicks_first_2_weeks",
    "num__active_weeks_first_2": "num_active_weeks_first_2",
    "num__mean_clicks_first_2_weeks": "num_mean_clicks_first_2_weeks",
    "cat__gender_M": "cat_gender_M",
    "cat__region_East Midlands Region": "cat_region_East_Midlands_Region",
    "cat__region_Ireland": "cat_region_Ireland",
    "cat__region_London Region": "cat_region_London_Region",
    "cat__region_North Region": "cat_region_North_Region",
    "cat__region_North Western Region": "cat_region_North_Western_Region",
    "cat__region_Scotland": "cat_region_Scotland",
    "cat__region_South East Region": "cat_region_South_East_Region",
    "cat__region_South Region": "cat_region_South_Region",
    "cat__region_South West Region": "cat_region_South_West_Region",
    "cat__region_Wales": "cat_region_Wales",
    "cat__region_West Midlands Region": "cat_region_West_Midlands_Region",
    "cat__region_Yorkshire Region": "cat_region_Yorkshire_Region",
    "cat__highest_education_HE Qualification": "cat_highest_education_HE_Qualification",
    "cat__highest_education_Lower Than A Level": "cat_highest_education_Lower_Than_A_Level",
    "cat__highest_education_No Formal quals": "cat_highest_education_No_Formal_quals",
    "cat__highest_education_Post Graduate Qualification": "cat_highest_education_Post_Graduate_Qualification",
    "cat__imd_band_10-20": "cat_imd_band_10_20",
    "cat__imd_band_20-30%": "cat_imd_band_20_30",
    "cat__imd_band_30-40%": "cat_imd_band_30_40",
    "cat__imd_band_40-50%": "cat_imd_band_40_50",
    "cat__imd_band_50-60%": "cat_imd_band_50_60",
    "cat__imd_band_60-70%": "cat_imd_band_60_70",
    "cat__imd_band_70-80%": "cat_imd_band_70_80",
    "cat__imd_band_80-90%": "cat_imd_band_80_90",
    "cat__imd_band_90-100%": "cat_imd_band_90_100",
    "cat__imd_band_None": "cat_imd_band_None",
    "cat__age_band_35-55": "cat_age_band_35_55",
    "cat__age_band_55<=": "cat_age_band_55",
    "cat__disability_Y": "cat_disability_Y"
  },
  "dropped_low_variance_features": [],
  "positioning_note": "early-window comparable flexible parametric benchmark",
  "window_weeks": 2,
  "duration_floor": 1.0
}

[END] 5.12.2 - 2026-06-19 22:25:21
[START] 5.12 - 2026-06-19 22:25:21
# ==============================================================
# 5.12.3 - Tune and evaluate the comparable-window Royston-Parmar model
# ==============================================================
- TUNING_WORKERS: 8
- TUNING_BACKEND: processes
[Stage 5.12.3 table_royston_parmar_tuning_results - Royston-Parmar tuning results]
table_name=table_royston_parmar_tuning_results_w2
rows=24, cols=11
 candidate_id  n_baseline_knots  penalizer  l1_ratio  duration_floor           implementation                                                                                                                                                                                                                                                                                                                                                                                                                                                                                                                                                                                                                                                                                                                                                                                                                                                                                                                                                                                                                  regressors fit_status  val_ibs  val_c_index                                                                                                                                                                                                                                                                                                                                                                                                                                                                                                                                                                                                                                                                                                                                                                                                                                                                                                                                                                                                                                                                                                                                                       error_message
           14                 3      0.025       0.0             1.0 lifelines_crc_spline_aft {'beta_': 'num_num_of_prev_attempts + num_studied_credits + num_clicks_first_2_weeks + num_active_weeks_first_2 + num_mean_clicks_first_2_weeks + cat_gender_M + cat_region_East_Midlands_Region + cat_region_Ireland + cat_region_London_Region + cat_region_North_Region + cat_region_North_Western_Region + cat_region_Scotland + cat_region_South_East_Region + cat_region_South_Region + cat_region_South_West_Region + cat_region_Wales + cat_region_West_Midlands_Region + cat_region_Yorkshire_Region + cat_highest_education_HE_Qualification + cat_highest_education_Lower_Than_A_Level + cat_highest_education_No_Formal_quals + cat_highest_education_Post_Graduate_Qualification + cat_imd_band_10_20 + cat_imd_band_20_30 + cat_imd_band_30_40 + cat_imd_band_40_50 + cat_imd_band_50_60 + cat_imd_band_60_70 + cat_imd_band_70_80 + cat_imd_band_80_90 + cat_imd_band_90_100 + cat_imd_band_None + cat_age_band_35_55 + cat_age_band_55 + cat_disability_Y', 'gamma0_': '1', 'gamma1_': '1', 'gamma2_': '1'}     failed      NaN          NaN                                                                                                                                                                                                                                                                                                                                                                                                                                                                                                                                                                                                                                                                                                                                                                                                                                                                                                           StatisticalWarning: The diagonal of the variance_matrix_ has negative values. This could be a problem with CRCSplineFitter's fit to the data.\n\nIt's advisable to not trust the variances reported, and to be suspicious of the fitted parameters too.\n
           17                 3      0.150       0.0             1.0 lifelines_crc_spline_aft {'beta_': 'num_num_of_prev_attempts + num_studied_credits + num_clicks_first_2_weeks + num_active_weeks_first_2 + num_mean_clicks_first_2_weeks + cat_gender_M + cat_region_East_Midlands_Region + cat_region_Ireland + cat_region_London_Region + cat_region_North_Region + cat_region_North_Western_Region + cat_region_Scotland + cat_region_South_East_Region + cat_region_South_Region + cat_region_South_West_Region + cat_region_Wales + cat_region_West_Midlands_Region + cat_region_Yorkshire_Region + cat_highest_education_HE_Qualification + cat_highest_education_Lower_Than_A_Level + cat_highest_education_No_Formal_quals + cat_highest_education_Post_Graduate_Qualification + cat_imd_band_10_20 + cat_imd_band_20_30 + cat_imd_band_30_40 + cat_imd_band_40_50 + cat_imd_band_50_60 + cat_imd_band_60_70 + cat_imd_band_70_80 + cat_imd_band_80_90 + cat_imd_band_90_100 + cat_imd_band_None + cat_age_band_35_55 + cat_age_band_55 + cat_disability_Y', 'gamma0_': '1', 'gamma1_': '1', 'gamma2_': '1'}     failed      NaN          NaN ConvergenceError: \n               Fitting did not converge. Try the following:\n\n               0. Are there any lifelines warnings outputted during the `fit`?\n               1. Inspect your DataFrame: does everything look as expected?\n               2. Try scaling your duration vector down, i.e. `df[duration_col] = df[duration_col]/100`\n               3. Is there high-collinearity in the dataset? Try using the variance inflation factor (VIF) to find redundant variables.\n               4. Try using an alternate minimizer: ``fitter._scipy_fit_method = "SLSQP"``.\n               5. Trying adding a small penalizer (or changing it, if already present). Example: `CRCSplineFitter(penalizer=0.01).fit(...)`.\n               6. Are there any extreme outliers? Try modeling them or dropping them to see if it helps convergence.\n\n               minimum_results= message: Iteration limit reached\nsuccess: False\n status: 9\n    fun: 1.6839031688958708\n      x: [ 3.610e+00  3.421e-02 ...  4.497e-01  6.384e-01]\n    nit: 500\n    jac: [-1.713e-01 -3.468e-02 ... -1.895e-01  1.642e-01]\n   nfev: 1075\n   njev: 500\n
           20                 3      0.500       0.0             1.0 lifelines_crc_spline_aft {'beta_': 'num_num_of_prev_attempts + num_studied_credits + num_clicks_first_2_weeks + num_active_weeks_first_2 + num_mean_clicks_first_2_weeks + cat_gender_M + cat_region_East_Midlands_Region + cat_region_Ireland + cat_region_London_Region + cat_region_North_Region + cat_region_North_Western_Region + cat_region_Scotland + cat_region_South_East_Region + cat_region_South_Region + cat_region_South_West_Region + cat_region_Wales + cat_region_West_Midlands_Region + cat_region_Yorkshire_Region + cat_highest_education_HE_Qualification + cat_highest_education_Lower_Than_A_Level + cat_highest_education_No_Formal_quals + cat_highest_education_Post_Graduate_Qualification + cat_imd_band_10_20 + cat_imd_band_20_30 + cat_imd_band_30_40 + cat_imd_band_40_50 + cat_imd_band_50_60 + cat_imd_band_60_70 + cat_imd_band_70_80 + cat_imd_band_80_90 + cat_imd_band_90_100 + cat_imd_band_None + cat_age_band_35_55 + cat_age_band_55 + cat_disability_Y', 'gamma0_': '1', 'gamma1_': '1', 'gamma2_': '1'}     failed      NaN          NaN  ConvergenceError: \n               Fitting did not converge. Try the following:\n\n               0. Are there any lifelines warnings outputted during the `fit`?\n               1. Inspect your DataFrame: does everything look as expected?\n               2. Try scaling your duration vector down, i.e. `df[duration_col] = df[duration_col]/100`\n               3. Is there high-collinearity in the dataset? Try using the variance inflation factor (VIF) to find redundant variables.\n               4. Try using an alternate minimizer: ``fitter._scipy_fit_method = "SLSQP"``.\n               5. Trying adding a small penalizer (or changing it, if already present). Example: `CRCSplineFitter(penalizer=0.01).fit(...)`.\n               6. Are there any extreme outliers? Try modeling them or dropping them to see if it helps convergence.\n\n               minimum_results= message: Iteration limit reached\nsuccess: False\n status: 9\n    fun: 6.3288248152122755\n      x: [ 1.040e+00  6.337e-03 ...  3.970e-01  6.099e-01]\n    nit: 500\n    jac: [-8.342e-02  1.921e-02 ... -1.036e-01  1.048e-01]\n   nfev: 990\n   njev: 500\n
           21                 3      0.700       0.0             1.0 lifelines_crc_spline_aft {'beta_': 'num_num_of_prev_attempts + num_studied_credits + num_clicks_first_2_weeks + num_active_weeks_first_2 + num_mean_clicks_first_2_weeks + cat_gender_M + cat_region_East_Midlands_Region + cat_region_Ireland + cat_region_London_Region + cat_region_North_Region + cat_region_North_Western_Region + cat_region_Scotland + cat_region_South_East_Region + cat_region_South_Region + cat_region_South_West_Region + cat_region_Wales + cat_region_West_Midlands_Region + cat_region_Yorkshire_Region + cat_highest_education_HE_Qualification + cat_highest_education_Lower_Than_A_Level + cat_highest_education_No_Formal_quals + cat_highest_education_Post_Graduate_Qualification + cat_imd_band_10_20 + cat_imd_band_20_30 + cat_imd_band_30_40 + cat_imd_band_40_50 + cat_imd_band_50_60 + cat_imd_band_60_70 + cat_imd_band_70_80 + cat_imd_band_80_90 + cat_imd_band_90_100 + cat_imd_band_None + cat_age_band_35_55 + cat_age_band_55 + cat_disability_Y', 'gamma0_': '1', 'gamma1_': '1', 'gamma2_': '1'}     failed      NaN          NaN   ConvergenceError: \n               Fitting did not converge. Try the following:\n\n               0. Are there any lifelines warnings outputted during the `fit`?\n               1. Inspect your DataFrame: does everything look as expected?\n               2. Try scaling your duration vector down, i.e. `df[duration_col] = df[duration_col]/100`\n               3. Is there high-collinearity in the dataset? Try using the variance inflation factor (VIF) to find redundant variables.\n               4. Try using an alternate minimizer: ``fitter._scipy_fit_method = "SLSQP"``.\n               5. Trying adding a small penalizer (or changing it, if already present). Example: `CRCSplineFitter(penalizer=0.01).fit(...)`.\n               6. Are there any extreme outliers? Try modeling them or dropping them to see if it helps convergence.\n\n               minimum_results= message: Iteration limit reached\nsuccess: False\n status: 9\n    fun: 2.378172343819055\n      x: [-2.815e+00  1.205e-01 ... -6.660e-01 -1.107e-01]\n    nit: 500\n    jac: [ 3.857e-01  2.410e-01 ... -8.315e-01  4.549e+00]\n   nfev: 924\n   njev: 500\n
           22                 3      1.000       0.0             1.0 lifelines_crc_spline_aft {'beta_': 'num_num_of_prev_attempts + num_studied_credits + num_clicks_first_2_weeks + num_active_weeks_first_2 + num_mean_clicks_first_2_weeks + cat_gender_M + cat_region_East_Midlands_Region + cat_region_Ireland + cat_region_London_Region + cat_region_North_Region + cat_region_North_Western_Region + cat_region_Scotland + cat_region_South_East_Region + cat_region_South_Region + cat_region_South_West_Region + cat_region_Wales + cat_region_West_Midlands_Region + cat_region_Yorkshire_Region + cat_highest_education_HE_Qualification + cat_highest_education_Lower_Than_A_Level + cat_highest_education_No_Formal_quals + cat_highest_education_Post_Graduate_Qualification + cat_imd_band_10_20 + cat_imd_band_20_30 + cat_imd_band_30_40 + cat_imd_band_40_50 + cat_imd_band_50_60 + cat_imd_band_60_70 + cat_imd_band_70_80 + cat_imd_band_80_90 + cat_imd_band_90_100 + cat_imd_band_None + cat_age_band_35_55 + cat_age_band_55 + cat_disability_Y', 'gamma0_': '1', 'gamma1_': '1', 'gamma2_': '1'}     failed      NaN          NaN  ConvergenceError: \n               Fitting did not converge. Try the following:\n\n               0. Are there any lifelines warnings outputted during the `fit`?\n               1. Inspect your DataFrame: does everything look as expected?\n               2. Try scaling your duration vector down, i.e. `df[duration_col] = df[duration_col]/100`\n               3. Is there high-collinearity in the dataset? Try using the variance inflation factor (VIF) to find redundant variables.\n               4. Try using an alternate minimizer: ``fitter._scipy_fit_method = "SLSQP"``.\n               5. Trying adding a small penalizer (or changing it, if already present). Example: `CRCSplineFitter(penalizer=0.01).fit(...)`.\n               6. Are there any extreme outliers? Try modeling them or dropping them to see if it helps convergence.\n\n               minimum_results= message: Iteration limit reached\nsuccess: False\n status: 9\n    fun: 2.034945276985641\n      x: [-2.599e+00 -5.743e-02 ... -6.176e-01 -1.019e-01]\n    nit: 500\n    jac: [ 3.516e-01 -9.572e-02 ... -1.026e+00  5.219e+00]\n   nfev: 1018\n   njev: 500\n
           13                 3      0.010       0.0             1.0 lifelines_crc_spline_aft {'beta_': 'num_num_of_prev_attempts + num_studied_credits + num_clicks_first_2_weeks + num_active_weeks_first_2 + num_mean_clicks_first_2_weeks + cat_gender_M + cat_region_East_Midlands_Region + cat_region_Ireland + cat_region_London_Region + cat_region_North_Region + cat_region_North_Western_Region + cat_region_Scotland + cat_region_South_East_Region + cat_region_South_Region + cat_region_South_West_Region + cat_region_Wales + cat_region_West_Midlands_Region + cat_region_Yorkshire_Region + cat_highest_education_HE_Qualification + cat_highest_education_Lower_Than_A_Level + cat_highest_education_No_Formal_quals + cat_highest_education_Post_Graduate_Qualification + cat_imd_band_10_20 + cat_imd_band_20_30 + cat_imd_band_30_40 + cat_imd_band_40_50 + cat_imd_band_50_60 + cat_imd_band_60_70 + cat_imd_band_70_80 + cat_imd_band_80_90 + cat_imd_band_90_100 + cat_imd_band_None + cat_age_band_35_55 + cat_age_band_55 + cat_disability_Y', 'gamma0_': '1', 'gamma1_': '1', 'gamma2_': '1'}         ok 0.118972     0.608616                                                                                                                                                                                                                                                                                                                                                                                                                                                                                                                                                                                                                                                                                                                                                                                                                                                                                                                                                                                                                                                                                                                                                                None
            1                 2      0.010       0.0             1.0 lifelines_crc_spline_aft                 {'beta_': 'num_num_of_prev_attempts + num_studied_credits + num_clicks_first_2_weeks + num_active_weeks_first_2 + num_mean_clicks_first_2_weeks + cat_gender_M + cat_region_East_Midlands_Region + cat_region_Ireland + cat_region_London_Region + cat_region_North_Region + cat_region_North_Western_Region + cat_region_Scotland + cat_region_South_East_Region + cat_region_South_Region + cat_region_South_West_Region + cat_region_Wales + cat_region_West_Midlands_Region + cat_region_Yorkshire_Region + cat_highest_education_HE_Qualification + cat_highest_education_Lower_Than_A_Level + cat_highest_education_No_Formal_quals + cat_highest_education_Post_Graduate_Qualification + cat_imd_band_10_20 + cat_imd_band_20_30 + cat_imd_band_30_40 + cat_imd_band_40_50 + cat_imd_band_50_60 + cat_imd_band_60_70 + cat_imd_band_70_80 + cat_imd_band_80_90 + cat_imd_band_90_100 + cat_imd_band_None + cat_age_band_35_55 + cat_age_band_55 + cat_disability_Y', 'gamma0_': '1', 'gamma1_': '1'}         ok 0.119114     0.610258                                                                                                                                                                                                                                                                                                                                                                                                                                                                                                                                                                                                                                                                                                                                                                                                                                                                                                                                                                                                                                                                                                                                                                None
            2                 2      0.025       0.0             1.0 lifelines_crc_spline_aft                 {'beta_': 'num_num_of_prev_attempts + num_studied_credits + num_clicks_first_2_weeks + num_active_weeks_first_2 + num_mean_clicks_first_2_weeks + cat_gender_M + cat_region_East_Midlands_Region + cat_region_Ireland + cat_region_London_Region + cat_region_North_Region + cat_region_North_Western_Region + cat_region_Scotland + cat_region_South_East_Region + cat_region_South_Region + cat_region_South_West_Region + cat_region_Wales + cat_region_West_Midlands_Region + cat_region_Yorkshire_Region + cat_highest_education_HE_Qualification + cat_highest_education_Lower_Than_A_Level + cat_highest_education_No_Formal_quals + cat_highest_education_Post_Graduate_Qualification + cat_imd_band_10_20 + cat_imd_band_20_30 + cat_imd_band_30_40 + cat_imd_band_40_50 + cat_imd_band_50_60 + cat_imd_band_60_70 + cat_imd_band_70_80 + cat_imd_band_80_90 + cat_imd_band_90_100 + cat_imd_band_None + cat_age_band_35_55 + cat_age_band_55 + cat_disability_Y', 'gamma0_': '1', 'gamma1_': '1'}         ok 0.119237     0.611953                                                                                                                                                                                                                                                                                                                                                                                                                                                                                                                                                                                                                                                                                                                                                                                                                                                                                                                                                                                                                                                                                                                                                                None
            3                 2      0.050       0.0             1.0 lifelines_crc_spline_aft                 {'beta_': 'num_num_of_prev_attempts + num_studied_credits + num_clicks_first_2_weeks + num_active_weeks_first_2 + num_mean_clicks_first_2_weeks + cat_gender_M + cat_region_East_Midlands_Region + cat_region_Ireland + cat_region_London_Region + cat_region_North_Region + cat_region_North_Western_Region + cat_region_Scotland + cat_region_South_East_Region + cat_region_South_Region + cat_region_South_West_Region + cat_region_Wales + cat_region_West_Midlands_Region + cat_region_Yorkshire_Region + cat_highest_education_HE_Qualification + cat_highest_education_Lower_Than_A_Level + cat_highest_education_No_Formal_quals + cat_highest_education_Post_Graduate_Qualification + cat_imd_band_10_20 + cat_imd_band_20_30 + cat_imd_band_30_40 + cat_imd_band_40_50 + cat_imd_band_50_60 + cat_imd_band_60_70 + cat_imd_band_70_80 + cat_imd_band_80_90 + cat_imd_band_90_100 + cat_imd_band_None + cat_age_band_35_55 + cat_age_band_55 + cat_disability_Y', 'gamma0_': '1', 'gamma1_': '1'}         ok 0.119569     0.611003                                                                                                                                                                                                                                                                                                                                                                                                                                                                                                                                                                                                                                                                                                                                                                                                                                                                                                                                                                                                                                                                                                                                                                None
           16                 3      0.100       0.0             1.0 lifelines_crc_spline_aft {'beta_': 'num_num_of_prev_attempts + num_studied_credits + num_clicks_first_2_weeks + num_active_weeks_first_2 + num_mean_clicks_first_2_weeks + cat_gender_M + cat_region_East_Midlands_Region + cat_region_Ireland + cat_region_London_Region + cat_region_North_Region + cat_region_North_Western_Region + cat_region_Scotland + cat_region_South_East_Region + cat_region_South_Region + cat_region_South_West_Region + cat_region_Wales + cat_region_West_Midlands_Region + cat_region_Yorkshire_Region + cat_highest_education_HE_Qualification + cat_highest_education_Lower_Than_A_Level + cat_highest_education_No_Formal_quals + cat_highest_education_Post_Graduate_Qualification + cat_imd_band_10_20 + cat_imd_band_20_30 + cat_imd_band_30_40 + cat_imd_band_40_50 + cat_imd_band_50_60 + cat_imd_band_60_70 + cat_imd_band_70_80 + cat_imd_band_80_90 + cat_imd_band_90_100 + cat_imd_band_None + cat_age_band_35_55 + cat_age_band_55 + cat_disability_Y', 'gamma0_': '1', 'gamma1_': '1', 'gamma2_': '1'}         ok 0.119716     0.600262                                                                                                                                                                                                                                                                                                                                                                                                                                                                                                                                                                                                                                                                                                                                                                                                                                                                                                                                                                                                                                                                                                                                                                None
            4                 2      0.100       0.0             1.0 lifelines_crc_spline_aft                 {'beta_': 'num_num_of_prev_attempts + num_studied_credits + num_clicks_first_2_weeks + num_active_weeks_first_2 + num_mean_clicks_first_2_weeks + cat_gender_M + cat_region_East_Midlands_Region + cat_region_Ireland + cat_region_London_Region + cat_region_North_Region + cat_region_North_Western_Region + cat_region_Scotland + cat_region_South_East_Region + cat_region_South_Region + cat_region_South_West_Region + cat_region_Wales + cat_region_West_Midlands_Region + cat_region_Yorkshire_Region + cat_highest_education_HE_Qualification + cat_highest_education_Lower_Than_A_Level + cat_highest_education_No_Formal_quals + cat_highest_education_Post_Graduate_Qualification + cat_imd_band_10_20 + cat_imd_band_20_30 + cat_imd_band_30_40 + cat_imd_band_40_50 + cat_imd_band_50_60 + cat_imd_band_60_70 + cat_imd_band_70_80 + cat_imd_band_80_90 + cat_imd_band_90_100 + cat_imd_band_None + cat_age_band_35_55 + cat_age_band_55 + cat_disability_Y', 'gamma0_': '1', 'gamma1_': '1'}         ok 0.119965     0.610730                                                                                                                                                                                                                                                                                                                                                                                                                                                                                                                                                                                                                                                                                                                                                                                                                                                                                                                                                                                                                                                                                                                                                                None
            5                 2      0.150       0.0             1.0 lifelines_crc_spline_aft                 {'beta_': 'num_num_of_prev_attempts + num_studied_credits + num_clicks_first_2_weeks + num_active_weeks_first_2 + num_mean_clicks_first_2_weeks + cat_gender_M + cat_region_East_Midlands_Region + cat_region_Ireland + cat_region_London_Region + cat_region_North_Region + cat_region_North_Western_Region + cat_region_Scotland + cat_region_South_East_Region + cat_region_South_Region + cat_region_South_West_Region + cat_region_Wales + cat_region_West_Midlands_Region + cat_region_Yorkshire_Region + cat_highest_education_HE_Qualification + cat_highest_education_Lower_Than_A_Level + cat_highest_education_No_Formal_quals + cat_highest_education_Post_Graduate_Qualification + cat_imd_band_10_20 + cat_imd_band_20_30 + cat_imd_band_30_40 + cat_imd_band_40_50 + cat_imd_band_50_60 + cat_imd_band_60_70 + cat_imd_band_70_80 + cat_imd_band_80_90 + cat_imd_band_90_100 + cat_imd_band_None + cat_age_band_35_55 + cat_age_band_55 + cat_disability_Y', 'gamma0_': '1', 'gamma1_': '1'}         ok 0.120312     0.609733                                                                                                                                                                                                                                                                                                                                                                                                                                                                                                                                                                                                                                                                                                                                                                                                                                                                                                                                                                                                                                                                                                                                                                None
           18                 3      0.200       0.0             1.0 lifelines_crc_spline_aft {'beta_': 'num_num_of_prev_attempts + num_studied_credits + num_clicks_first_2_weeks + num_active_weeks_first_2 + num_mean_clicks_first_2_weeks + cat_gender_M + cat_region_East_Midlands_Region + cat_region_Ireland + cat_region_London_Region + cat_region_North_Region + cat_region_North_Western_Region + cat_region_Scotland + cat_region_South_East_Region + cat_region_South_Region + cat_region_South_West_Region + cat_region_Wales + cat_region_West_Midlands_Region + cat_region_Yorkshire_Region + cat_highest_education_HE_Qualification + cat_highest_education_Lower_Than_A_Level + cat_highest_education_No_Formal_quals + cat_highest_education_Post_Graduate_Qualification + cat_imd_band_10_20 + cat_imd_band_20_30 + cat_imd_band_30_40 + cat_imd_band_40_50 + cat_imd_band_50_60 + cat_imd_band_60_70 + cat_imd_band_70_80 + cat_imd_band_80_90 + cat_imd_band_90_100 + cat_imd_band_None + cat_age_band_35_55 + cat_age_band_55 + cat_disability_Y', 'gamma0_': '1', 'gamma1_': '1', 'gamma2_': '1'}         ok 0.120779     0.607012                                                                                                                                                                                                                                                                                                                                                                                                                                                                                                                                                                                                                                                                                                                                                                                                                                                                                                                                                                                                                                                                                                                                                                None
            6                 2      0.200       0.0             1.0 lifelines_crc_spline_aft                 {'beta_': 'num_num_of_prev_attempts + num_studied_credits + num_clicks_first_2_weeks + num_active_weeks_first_2 + num_mean_clicks_first_2_weeks + cat_gender_M + cat_region_East_Midlands_Region + cat_region_Ireland + cat_region_London_Region + cat_region_North_Region + cat_region_North_Western_Region + cat_region_Scotland + cat_region_South_East_Region + cat_region_South_Region + cat_region_South_West_Region + cat_region_Wales + cat_region_West_Midlands_Region + cat_region_Yorkshire_Region + cat_highest_education_HE_Qualification + cat_highest_education_Lower_Than_A_Level + cat_highest_education_No_Formal_quals + cat_highest_education_Post_Graduate_Qualification + cat_imd_band_10_20 + cat_imd_band_20_30 + cat_imd_band_30_40 + cat_imd_band_40_50 + cat_imd_band_50_60 + cat_imd_band_60_70 + cat_imd_band_70_80 + cat_imd_band_80_90 + cat_imd_band_90_100 + cat_imd_band_None + cat_age_band_35_55 + cat_age_band_55 + cat_disability_Y', 'gamma0_': '1', 'gamma1_': '1'}         ok 0.120798     0.608279                                                                                                                                                                                                                                                                                                                                                                                                                                                                                                                                                                                                                                                                                                                                                                                                                                                                                                                                                                                                                                                                                                                                                                None
           19                 3      0.300       0.0             1.0 lifelines_crc_spline_aft {'beta_': 'num_num_of_prev_attempts + num_studied_credits + num_clicks_first_2_weeks + num_active_weeks_first_2 + num_mean_clicks_first_2_weeks + cat_gender_M + cat_region_East_Midlands_Region + cat_region_Ireland + cat_region_London_Region + cat_region_North_Region + cat_region_North_Western_Region + cat_region_Scotland + cat_region_South_East_Region + cat_region_South_Region + cat_region_South_West_Region + cat_region_Wales + cat_region_West_Midlands_Region + cat_region_Yorkshire_Region + cat_highest_education_HE_Qualification + cat_highest_education_Lower_Than_A_Level + cat_highest_education_No_Formal_quals + cat_highest_education_Post_Graduate_Qualification + cat_imd_band_10_20 + cat_imd_band_20_30 + cat_imd_band_30_40 + cat_imd_band_40_50 + cat_imd_band_50_60 + cat_imd_band_60_70 + cat_imd_band_70_80 + cat_imd_band_80_90 + cat_imd_band_90_100 + cat_imd_band_None + cat_age_band_35_55 + cat_age_band_55 + cat_disability_Y', 'gamma0_': '1', 'gamma1_': '1', 'gamma2_': '1'}         ok 0.121343     0.607965                                                                                                                                                                                                                                                                                                                                                                                                                                                                                                                                                                                                                                                                                                                                                                                                                                                                                                                                                                                                                                                                                                                                                                None
            7                 2      0.300       0.0             1.0 lifelines_crc_spline_aft                 {'beta_': 'num_num_of_prev_attempts + num_studied_credits + num_clicks_first_2_weeks + num_active_weeks_first_2 + num_mean_clicks_first_2_weeks + cat_gender_M + cat_region_East_Midlands_Region + cat_region_Ireland + cat_region_London_Region + cat_region_North_Region + cat_region_North_Western_Region + cat_region_Scotland + cat_region_South_East_Region + cat_region_South_Region + cat_region_South_West_Region + cat_region_Wales + cat_region_West_Midlands_Region + cat_region_Yorkshire_Region + cat_highest_education_HE_Qualification + cat_highest_education_Lower_Than_A_Level + cat_highest_education_No_Formal_quals + cat_highest_education_Post_Graduate_Qualification + cat_imd_band_10_20 + cat_imd_band_20_30 + cat_imd_band_30_40 + cat_imd_band_40_50 + cat_imd_band_50_60 + cat_imd_band_60_70 + cat_imd_band_70_80 + cat_imd_band_80_90 + cat_imd_band_90_100 + cat_imd_band_None + cat_age_band_35_55 + cat_age_band_55 + cat_disability_Y', 'gamma0_': '1', 'gamma1_': '1'}         ok 0.121355     0.608298                                                                                                                                                                                                                                                                                                                                                                                                                                                                                                                                                                                                                                                                                                                                                                                                                                                                                                                                                                                                                                                                                                                                                                None
           15                 3      0.050       0.0             1.0 lifelines_crc_spline_aft {'beta_': 'num_num_of_prev_attempts + num_studied_credits + num_clicks_first_2_weeks + num_active_weeks_first_2 + num_mean_clicks_first_2_weeks + cat_gender_M + cat_region_East_Midlands_Region + cat_region_Ireland + cat_region_London_Region + cat_region_North_Region + cat_region_North_Western_Region + cat_region_Scotland + cat_region_South_East_Region + cat_region_South_Region + cat_region_South_West_Region + cat_region_Wales + cat_region_West_Midlands_Region + cat_region_Yorkshire_Region + cat_highest_education_HE_Qualification + cat_highest_education_Lower_Than_A_Level + cat_highest_education_No_Formal_quals + cat_highest_education_Post_Graduate_Qualification + cat_imd_band_10_20 + cat_imd_band_20_30 + cat_imd_band_30_40 + cat_imd_band_40_50 + cat_imd_band_50_60 + cat_imd_band_60_70 + cat_imd_band_70_80 + cat_imd_band_80_90 + cat_imd_band_90_100 + cat_imd_band_None + cat_age_band_35_55 + cat_age_band_55 + cat_disability_Y', 'gamma0_': '1', 'gamma1_': '1', 'gamma2_': '1'}         ok 0.121775     0.579652                                                                                                                                                                                                                                                                                                                                                                                                                                                                                                                                                                                                                                                                                                                                                                                                                                                                                                                                                                                                                                                                                                                                                                None
            8                 2      0.500       0.0             1.0 lifelines_crc_spline_aft                 {'beta_': 'num_num_of_prev_attempts + num_studied_credits + num_clicks_first_2_weeks + num_active_weeks_first_2 + num_mean_clicks_first_2_weeks + cat_gender_M + cat_region_East_Midlands_Region + cat_region_Ireland + cat_region_London_Region + cat_region_North_Region + cat_region_North_Western_Region + cat_region_Scotland + cat_region_South_East_Region + cat_region_South_Region + cat_region_South_West_Region + cat_region_Wales + cat_region_West_Midlands_Region + cat_region_Yorkshire_Region + cat_highest_education_HE_Qualification + cat_highest_education_Lower_Than_A_Level + cat_highest_education_No_Formal_quals + cat_highest_education_Post_Graduate_Qualification + cat_imd_band_10_20 + cat_imd_band_20_30 + cat_imd_band_30_40 + cat_imd_band_40_50 + cat_imd_band_50_60 + cat_imd_band_60_70 + cat_imd_band_70_80 + cat_imd_band_80_90 + cat_imd_band_90_100 + cat_imd_band_None + cat_age_band_35_55 + cat_age_band_55 + cat_disability_Y', 'gamma0_': '1', 'gamma1_': '1'}         ok 0.121972     0.605572                                                                                                                                                                                                                                                                                                                                                                                                                                                                                                                                                                                                                                                                                                                                                                                                                                                                                                                                                                                                                                                                                                                                                                None
            9                 2      0.700       0.0             1.0 lifelines_crc_spline_aft                 {'beta_': 'num_num_of_prev_attempts + num_studied_credits + num_clicks_first_2_weeks + num_active_weeks_first_2 + num_mean_clicks_first_2_weeks + cat_gender_M + cat_region_East_Midlands_Region + cat_region_Ireland + cat_region_London_Region + cat_region_North_Region + cat_region_North_Western_Region + cat_region_Scotland + cat_region_South_East_Region + cat_region_South_Region + cat_region_South_West_Region + cat_region_Wales + cat_region_West_Midlands_Region + cat_region_Yorkshire_Region + cat_highest_education_HE_Qualification + cat_highest_education_Lower_Than_A_Level + cat_highest_education_No_Formal_quals + cat_highest_education_Post_Graduate_Qualification + cat_imd_band_10_20 + cat_imd_band_20_30 + cat_imd_band_30_40 + cat_imd_band_40_50 + cat_imd_band_50_60 + cat_imd_band_60_70 + cat_imd_band_70_80 + cat_imd_band_80_90 + cat_imd_band_90_100 + cat_imd_band_None + cat_age_band_35_55 + cat_age_band_55 + cat_disability_Y', 'gamma0_': '1', 'gamma1_': '1'}         ok 0.122379     0.606664                                                                                                                                                                                                                                                                                                                                                                                                                                                                                                                                                                                                                                                                                                                                                                                                                                                                                                                                                                                                                                                                                                                                                                None
           10                 2      1.000       0.0             1.0 lifelines_crc_spline_aft                 {'beta_': 'num_num_of_prev_attempts + num_studied_credits + num_clicks_first_2_weeks + num_active_weeks_first_2 + num_mean_clicks_first_2_weeks + cat_gender_M + cat_region_East_Midlands_Region + cat_region_Ireland + cat_region_London_Region + cat_region_North_Region + cat_region_North_Western_Region + cat_region_Scotland + cat_region_South_East_Region + cat_region_South_Region + cat_region_South_West_Region + cat_region_Wales + cat_region_West_Midlands_Region + cat_region_Yorkshire_Region + cat_highest_education_HE_Qualification + cat_highest_education_Lower_Than_A_Level + cat_highest_education_No_Formal_quals + cat_highest_education_Post_Graduate_Qualification + cat_imd_band_10_20 + cat_imd_band_20_30 + cat_imd_band_30_40 + cat_imd_band_40_50 + cat_imd_band_50_60 + cat_imd_band_60_70 + cat_imd_band_70_80 + cat_imd_band_80_90 + cat_imd_band_90_100 + cat_imd_band_None + cat_age_band_35_55 + cat_age_band_55 + cat_disability_Y', 'gamma0_': '1', 'gamma1_': '1'}         ok 0.122765     0.606299                                                                                                                                                                                                                                                                                                                                                                                                                                                                                                                                                                                                                                                                                                                                                                                                                                                                                                                                                                                                                                                                                                                                                                None
ARTIFACT | Stage 5.12.3 table_royston_parmar_tuning_results - Royston-Parmar tuning results | duckdb://table_royston_parmar_tuning_results_w2
[Stage 5.12.3 table_royston_parmar_tuned_test_predictions - Royston-Parmar test predictions]
table_name=table_royston_parmar_tuned_test_predictions_w2
rows=29334, cols=6
      enrollment_id  event  duration  horizon_week  pred_survival_h  pred_risk_h
 100561||DDD||2014J      0        37            10         0.807574     0.192426
 100621||CCC||2014B      1         6            10         0.840481     0.159519
 101187||DDD||2014J      0        37            10         0.741920     0.258080
 101279||DDD||2014J      0        37            10         0.909447     0.090553
 101414||EEE||2013J      0        38            10         0.691716     0.308284
 101700||CCC||2014J      0        38            10         0.763503     0.236497
 101781||AAA||2013J      0        38            10         0.944301     0.055699
 102209||CCC||2014J      1        15            10         0.926049     0.073951
 102343||FFF||2013J      0        38            10         0.920215     0.079785
1023623||CCC||2014J      0        38            10         0.869362     0.130638
1033968||DDD||2014B      1        13            10         0.800660     0.199340
 103891||DDD||2014B      0        34            10         0.825349     0.174651
 104316||FFF||2014B      0        34            10         0.930187     0.069813
1045203||AAA||2014J      0        38            10         0.963739     0.036261
1047645||CCC||2014B      0        34            10         0.728634     0.271366
1053702||EEE||2013J      0        38            10         0.924897     0.075103
 105629||FFF||2013J      0        38            10         0.900994     0.099006
1057883||CCC||2014B      0        34            10         0.802076     0.197924
 106383||BBB||2014J      1        21            10         0.854586     0.145414
 106553||DDD||2014J      0        37            10         0.814366     0.185634
ARTIFACT | Stage 5.12.3 table_royston_parmar_tuned_test_predictions - Royston-Parmar test predictions | duckdb://table_royston_parmar_tuned_test_predictions_w2
[Stage 5.12.3 table_royston_parmar_tuned_primary_metrics - Royston-Parmar primary metrics]
table_name=table_royston_parmar_tuned_primary_metrics_w2
rows=2, cols=4
metric_name metric_category  metric_value                         notes
        ibs         primary      0.121969 sksurv_integrated_brier_score
    c_index      co_primary      0.603169          pycox_concordance_td
ARTIFACT | Stage 5.12.3 table_royston_parmar_tuned_primary_metrics - Royston-Parmar primary metrics | duckdb://table_royston_parmar_tuned_primary_metrics_w2
[Stage 5.12.3 table_royston_parmar_tuned_brier_by_horizon - Royston-Parmar Brier scores by horizon]
table_name=table_royston_parmar_tuned_brier_by_horizon_w2
rows=3, cols=5
 horizon_week      metric_name metric_category  metric_value              notes
           10 brier_at_horizon         primary      0.105545 sksurv_brier_score
           20 brier_at_horizon         primary      0.142950 sksurv_brier_score
           30 brier_at_horizon         primary      0.167200 sksurv_brier_score
ARTIFACT | Stage 5.12.3 table_royston_parmar_tuned_brier_by_horizon - Royston-Parmar Brier scores by horizon | duckdb://table_royston_parmar_tuned_brier_by_horizon_w2
[Stage 5.12.3 table_royston_parmar_tuned_secondary_metrics - Royston-Parmar secondary metrics]
table_name=table_royston_parmar_tuned_secondary_metrics_w2
rows=6, cols=5
 horizon_week         metric_name metric_category  metric_value                                                                                  notes
           10 risk_auc_at_horizon       secondary      0.669930                                                            roc_auc_on_evaluable_subset
           10  time_dependent_auc       secondary      0.658723 ipcw_supported_subset(duration < 38); retained=6742/9778; auc=0.658723; local_ipcw_auc
           20 risk_auc_at_horizon       secondary      0.625592                                                            roc_auc_on_evaluable_subset
           20  time_dependent_auc       secondary      0.612164 ipcw_supported_subset(duration < 38); retained=6742/9778; auc=0.612164; local_ipcw_auc
           30 risk_auc_at_horizon       secondary      0.603569                                                            roc_auc_on_evaluable_subset
           30  time_dependent_auc       secondary      0.588371 ipcw_supported_subset(duration < 38); retained=6742/9778; auc=0.588371; local_ipcw_auc
ARTIFACT | Stage 5.12.3 table_royston_parmar_tuned_secondary_metrics - Royston-Parmar secondary metrics | duckdb://table_royston_parmar_tuned_secondary_metrics_w2
[Stage 5.12.3 table_royston_parmar_tuned_td_auc_support_audit - Royston-Parmar IPCW support audit]
table_name=table_royston_parmar_tuned_td_auc_support_audit_w2
rows=3, cols=6
 horizon_week  max_ipcw_time  n_total_test_enrollments  n_supported_test_enrollments  mean_auc                                                            notes
           10           38.0                      9778                          6742  0.658723 IPCW-supported subset used for Royston-Parmar time-dependent AUC
           20           38.0                      9778                          6742  0.612164 IPCW-supported subset used for Royston-Parmar time-dependent AUC
           30           38.0                      9778                          6742  0.588371 IPCW-supported subset used for Royston-Parmar time-dependent AUC
ARTIFACT | Stage 5.12.3 table_royston_parmar_tuned_td_auc_support_audit - Royston-Parmar IPCW support audit | duckdb://table_royston_parmar_tuned_td_auc_support_audit_w2
[Stage 5.12.3 table_royston_parmar_tuned_row_diagnostics - Royston-Parmar row-level diagnostics]
table_name=table_royston_parmar_tuned_row_diagnostics_w2
rows=1, cols=6
          model_name  row_level_roc_auc  row_level_pr_auc  row_level_log_loss  row_level_brier                                                                    diagnostic_note
royston_parmar_tuned           0.190808          0.137561            0.719397         0.220064 auxiliary enrollment-level proxy only; not a primary cross-family benchmark metric
ARTIFACT | Stage 5.12.3 table_royston_parmar_tuned_row_diagnostics - Royston-Parmar row-level diagnostics | duckdb://table_royston_parmar_tuned_row_diagnostics_w2
[Stage 5.12.3 table_royston_parmar_tuned_support_by_horizon - Royston-Parmar support by horizon]
table_name=table_royston_parmar_tuned_support_by_horizon_w2
rows=3, cols=4
 horizon_week  n_evaluable_enrollments  n_events_by_horizon  event_rate_by_horizon
           10                     9778                 1215               0.124259
           20                     9778                 1736               0.177541
           30                     9778                 2129               0.217734
ARTIFACT | Stage 5.12.3 table_royston_parmar_tuned_support_by_horizon - Royston-Parmar support by horizon | duckdb://table_royston_parmar_tuned_support_by_horizon_w2
[Stage 5.12.3 table_royston_parmar_tuned_calibration_summary - Royston-Parmar calibration summary]
table_name=table_royston_parmar_tuned_calibration_summary_w2
rows=3, cols=5
 horizon_week            metric_name metric_category  metric_value                                         notes
           10 calibration_at_horizon         primary      0.021185 Weighted absolute calibration gap across bins
           20 calibration_at_horizon         primary      0.022193 Weighted absolute calibration gap across bins
           30 calibration_at_horizon         primary      0.023939 Weighted absolute calibration gap across bins
ARTIFACT | Stage 5.12.3 table_royston_parmar_tuned_calibration_summary - Royston-Parmar calibration summary | duckdb://table_royston_parmar_tuned_calibration_summary_w2
[Stage 5.12.3 table_royston_parmar_tuned_calibration_bins_by_horizon - Royston-Parmar calibration bins]
table_name=table_royston_parmar_tuned_calibration_bins_by_horizon_w2
rows=30, cols=6
 calibration_bin   n  mean_predicted_risk  observed_event_rate  horizon_week  abs_calibration_gap
               0 978             0.047291             0.043967            10             0.003324
               1 978             0.067781             0.054192            10             0.013589
               2 978             0.082015             0.063395            10             0.018621
               3 977             0.096212             0.068577            10             0.027635
               4 978             0.112263             0.111452            10             0.000811
               5 978             0.131292             0.118609            10             0.012683
               6 977             0.157458             0.137155            10             0.020304
               7 978             0.193930             0.202454            10             0.008524
               8 978             0.241324             0.220859            10             0.020465
               9 978             0.307784             0.221881            10             0.085902
               0 978             0.074497             0.086912            20             0.012415
               1 978             0.106164             0.104294            20             0.001869
               2 978             0.127760             0.120654            20             0.007105
               3 977             0.148626             0.115660            20             0.032966
               4 978             0.171089             0.172802            20             0.001713
               5 978             0.196022             0.178937            20             0.017086
               6 977             0.227440             0.208802            20             0.018637
               7 978             0.265858             0.264826            20             0.001031
               8 978             0.306112             0.268916            20             0.037196
               9 978             0.345494             0.253579            20             0.091915
ARTIFACT | Stage 5.12.3 table_royston_parmar_tuned_calibration_bins_by_horizon - Royston-Parmar calibration bins | duckdb://table_royston_parmar_tuned_calibration_bins_by_horizon_w2
[Stage 5.12.3 table_royston_parmar_tuned_predicted_vs_observed_survival - Royston-Parmar predicted versus observed survival]
table_name=table_royston_parmar_tuned_predicted_vs_observed_survival_w2
rows=3, cols=5
 horizon_week  n_evaluable_enrollments  mean_predicted_survival  mean_observed_survival  abs_gap
           10                     9778                 0.856261                0.875741 0.019480
           20                     9778                 0.803092                0.822459 0.019366
           30                     9778                 0.770236                0.782266 0.012030
ARTIFACT | Stage 5.12.3 table_royston_parmar_tuned_predicted_vs_observed_survival - Royston-Parmar predicted versus observed survival | duckdb://table_royston_parmar_tuned_predicted_vs_observed_survival_w2
ARTIFACT | royston_parmar_model | /Users/rafars/dropout_benchmark_desenv/outputs_benchmark_survival/models/royston_parmar_tuned_w2.joblib
ARTIFACT | royston_parmar_preprocessor | /Users/rafars/dropout_benchmark_desenv/outputs_benchmark_survival/models/royston_parmar_preprocessor_w2.joblib
ARTIFACT | royston_parmar_tuned_model_config | /Users/rafars/dropout_benchmark_desenv/outputs_benchmark_survival/metadata/royston_parmar_tuned_model_config_w2.json
{
  "model_name": "royston_parmar_tuned",
  "selection_metric": "lowest_validation_ibs_among_warning_free_candidates",
  "validation_split": {
    "method": "GroupShuffleSplit",
    "test_size": 0.1,
    "group_column": "enrollment_id",
    "random_seed": 42
  },
  "effective_window_weeks": 2,
  "input_train_table": "enrollment_cox_ready_train_w2",
  "input_test_table": "enrollment_cox_ready_test_w2",
  "search_space": [
    {
      "candidate_id": 1,
      "n_baseline_knots": 2,
      "penalizer": 0.01,
      "l1_ratio": 0.0
    },
    {
      "candidate_id": 2,
      "n_baseline_knots": 2,
      "penalizer": 0.025,
      "l1_ratio": 0.0
    },
    {
      "candidate_id": 3,
      "n_baseline_knots": 2,
      "penalizer": 0.05,
      "l1_ratio": 0.0
    },
    {
      "candidate_id": 4,
      "n_baseline_knots": 2,
      "penalizer": 0.1,
      "l1_ratio": 0.0
    },
    {
      "candidate_id": 5,
      "n_baseline_knots": 2,
      "penalizer": 0.15,
      "l1_ratio": 0.0
    },
    {
      "candidate_id": 6,
      "n_baseline_knots": 2,
      "penalizer": 0.2,
      "l1_ratio": 0.0
    },
    {
      "candidate_id": 7,
      "n_baseline_knots": 2,
      "penalizer": 0.3,
      "l1_ratio": 0.0
    },
    {
      "candidate_id": 8,
      "n_baseline_knots": 2,
      "penalizer": 0.5,
      "l1_ratio": 0.0
    },
    {
      "candidate_id": 9,
      "n_baseline_knots": 2,
      "penalizer": 0.7,
      "l1_ratio": 0.0
    },
    {
      "candidate_id": 10,
      "n_baseline_knots": 2,
      "penalizer": 1.0,
      "l1_ratio": 0.0
    },
    {
      "candidate_id": 11,
      "n_baseline_knots": 2,
      "penalizer": 2.0,
      "l1_ratio": 0.0
    },
    {
      "candidate_id": 12,
      "n_baseline_knots": 2,
      "penalizer": 5.0,
      "l1_ratio": 0.0
    },
    {
      "candidate_id": 13,
      "n_baseline_knots": 3,
      "penalizer": 0.01,
      "l1_ratio": 0.0
    },
    {
      "candidate_id": 14,
      "n_baseline_knots": 3,
      "penalizer": 0.025,
      "l1_ratio": 0.0
    },
    {
      "candidate_id": 15,
      "n_baseline_knots": 3,
      "penalizer": 0.05,
      "l1_ratio": 0.0
    },
    {
      "candidate_id": 16,
      "n_baseline_knots": 3,
      "penalizer": 0.1,
      "l1_ratio": 0.0
    },
    {
      "candidate_id": 17,
      "n_baseline_knots": 3,
      "penalizer": 0.15,
      "l1_ratio": 0.0
    },
    {
      "candidate_id": 18,
      "n_baseline_knots": 3,
      "penalizer": 0.2,
      "l1_ratio": 0.0
    },
    {
      "candidate_id": 19,
      "n_baseline_knots": 3,
      "penalizer": 0.3,
      "l1_ratio": 0.0
    },
    {
      "candidate_id": 20,
      "n_baseline_knots": 3,
      "penalizer": 0.5,
      "l1_ratio": 0.0
    },
    {
      "candidate_id": 21,
      "n_baseline_knots": 3,
      "penalizer": 0.7,
      "l1_ratio": 0.0
    },
    {
      "candidate_id": 22,
      "n_baseline_knots": 3,
      "penalizer": 1.0,
      "l1_ratio": 0.0
    },
    {
      "candidate_id": 23,
      "n_baseline_knots": 3,
      "penalizer": 2.0,
      "l1_ratio": 0.0
    },
    {
      "candidate_id": 24,
      "n_baseline_knots": 3,
      "penalizer": 5.0,
      "l1_ratio": 0.0
    }
  ],
  "benchmark_horizons": [
    10,
    20,
    30
  ],
  "calibration_bins": 10,
  "calibration_contract_version": "v2_ipcw_km_observed_risk",
  "calibration_observed_risk_method": "ipcw_km_pseudo_event_rate",
  "variance_filter_threshold": 1e-12,
  "duration_floor": 1.0,
  "implementation": "lifelines_crc_spline_aft",
  "best_candidate": {
    "candidate_id": 13,
    "params": {
      "n_baseline_knots": 3,
      "penalizer": 0.01,
      "l1_ratio": 0.0
    },
    "duration_floor": 1.0,
    "regressors": {
      "beta_": "num_num_of_prev_attempts + num_studied_credits + num_clicks_first_2_weeks + num_active_weeks_first_2 + num_mean_clicks_first_2_weeks + cat_gender_M + cat_region_East_Midlands_Region + cat_region_Ireland + cat_region_London_Region + cat_region_North_Region + cat_region_North_Western_Region + cat_region_Scotland + cat_region_South_East_Region + cat_region_South_Region + cat_region_South_West_Region + cat_region_Wales + cat_region_West_Midlands_Region + cat_region_Yorkshire_Region + cat_highest_education_HE_Qualification + cat_highest_education_Lower_Than_A_Level + cat_highest_education_No_Formal_quals + cat_highest_education_Post_Graduate_Qualification + cat_imd_band_10_20 + cat_imd_band_20_30 + cat_imd_band_30_40 + cat_imd_band_40_50 + cat_imd_band_50_60 + cat_imd_band_60_70 + cat_imd_band_70_80 + cat_imd_band_80_90 + cat_imd_band_90_100 + cat_imd_band_None + cat_age_band_35_55 + cat_age_band_55 + cat_disability_Y",
      "gamma0_": "1",
      "gamma1_": "1",
      "gamma2_": "1"
    },
    "val_ibs": 0.11897155509113023,
    "val_c_index": 0.6086159804615807,
    "implementation": "lifelines_crc_spline_aft"
  },
  "preprocessing": {
    "categorical_features": [
      "gender",
      "region",
      "highest_education",
      "imd_band",
      "age_band",
      "disability"
    ],
    "numeric_features": [
      "num_of_prev_attempts",
      "studied_credits",
      "clicks_first_2_weeks",
      "active_weeks_first_2",
      "mean_clicks_first_2_weeks"
    ],
    "numeric_prefill_values": {
      "num_of_prev_attempts": 0.0,
      "studied_credits": 60.0,
      "clicks_first_2_weeks": 56.0,
      "active_weeks_first_2": 2.0,
      "mean_clicks_first_2_weeks": 33.0
    },
    "feature_names_before_filter": [
      "num__num_of_prev_attempts",
      "num__studied_credits",
      "num__clicks_first_2_weeks",
      "num__active_weeks_first_2",
      "num__mean_clicks_first_2_weeks",
      "cat__gender_M",
      "cat__region_East Midlands Region",
      "cat__region_Ireland",
      "cat__region_London Region",
      "cat__region_North Region",
      "cat__region_North Western Region",
      "cat__region_Scotland",
      "cat__region_South East Region",
      "cat__region_South Region",
      "cat__region_South West Region",
      "cat__region_Wales",
      "cat__region_West Midlands Region",
      "cat__region_Yorkshire Region",
      "cat__highest_education_HE Qualification",
      "cat__highest_education_Lower Than A Level",
      "cat__highest_education_No Formal quals",
      "cat__highest_education_Post Graduate Qualification",
      "cat__imd_band_10-20",
      "cat__imd_band_20-30%",
      "cat__imd_band_30-40%",
      "cat__imd_band_40-50%",
      "cat__imd_band_50-60%",
      "cat__imd_band_60-70%",
      "cat__imd_band_70-80%",
      "cat__imd_band_80-90%",
      "cat__imd_band_90-100%",
      "cat__imd_band_None",
      "cat__age_band_35-55",
      "cat__age_band_55<=",
      "cat__disability_Y"
    ],
    "feature_names_out": [
      "num__num_of_prev_attempts",
      "num__studied_credits",
      "num__clicks_first_2_weeks",
      "num__active_weeks_first_2",
      "num__mean_clicks_first_2_weeks",
      "cat__gender_M",
      "cat__region_East Midlands Region",
      "cat__region_Ireland",
      "cat__region_London Region",
      "cat__region_North Region",
      "cat__region_North Western Region",
      "cat__region_Scotland",
      "cat__region_South East Region",
      "cat__region_South Region",
      "cat__region_South West Region",
      "cat__region_Wales",
      "cat__region_West Midlands Region",
      "cat__region_Yorkshire Region",
      "cat__highest_education_HE Qualification",
      "cat__highest_education_Lower Than A Level",
      "cat__highest_education_No Formal quals",
      "cat__highest_education_Post Graduate Qualification",
      "cat__imd_band_10-20",
      "cat__imd_band_20-30%",
      "cat__imd_band_30-40%",
      "cat__imd_band_40-50%",
      "cat__imd_band_50-60%",
      "cat__imd_band_60-70%",
      "cat__imd_band_70-80%",
      "cat__imd_band_80-90%",
      "cat__imd_band_90-100%",
      "cat__imd_band_None",
      "cat__age_band_35-55",
      "cat__age_band_55<=",
      "cat__disability_Y"
    ],
    "feature_names_safe": [
      "num_num_of_prev_attempts",
      "num_studied_credits",
      "num_clicks_first_2_weeks",
      "num_active_weeks_first_2",
      "num_mean_clicks_first_2_weeks",
      "cat_gender_M",
      "cat_region_East_Midlands_Region",
      "cat_region_Ireland",
      "cat_region_London_Region",
      "cat_region_North_Region",
      "cat_region_North_Western_Region",
      "cat_region_Scotland",
      "cat_region_South_East_Region",
      "cat_region_South_Region",
      "cat_region_South_West_Region",
      "cat_region_Wales",
      "cat_region_West_Midlands_Region",
      "cat_region_Yorkshire_Region",
      "cat_highest_education_HE_Qualification",
      "cat_highest_education_Lower_Than_A_Level",
      "cat_highest_education_No_Formal_quals",
      "cat_highest_education_Post_Graduate_Qualification",
      "cat_imd_band_10_20",
      "cat_imd_band_20_30",
      "cat_imd_band_30_40",
      "cat_imd_band_40_50",
      "cat_imd_band_50_60",
      "cat_imd_band_60_70",
      "cat_imd_band_70_80",
      "cat_imd_band_80_90",
      "cat_imd_band_90_100",
      "cat_imd_band_None",
      "cat_age_band_35_55",
      "cat_age_band_55",
      "cat_disability_Y"
    ],
    "formula_feature_map": {
      "num__num_of_prev_attempts": "num_num_of_prev_attempts",
      "num__studied_credits": "num_studied_credits",
      "num__clicks_first_2_weeks": "num_clicks_first_2_weeks",
      "num__active_weeks_first_2": "num_active_weeks_first_2",
      "num__mean_clicks_first_2_weeks": "num_mean_clicks_first_2_weeks",
      "cat__gender_M": "cat_gender_M",
      "cat__region_East Midlands Region": "cat_region_East_Midlands_Region",
      "cat__region_Ireland": "cat_region_Ireland",
      "cat__region_London Region": "cat_region_London_Region",
      "cat__region_North Region": "cat_region_North_Region",
      "cat__region_North Western Region": "cat_region_North_Western_Region",
      "cat__region_Scotland": "cat_region_Scotland",
      "cat__region_South East Region": "cat_region_South_East_Region",
      "cat__region_South Region": "cat_region_South_Region",
      "cat__region_South West Region": "cat_region_South_West_Region",
      "cat__region_Wales": "cat_region_Wales",
      "cat__region_West Midlands Region": "cat_region_West_Midlands_Region",
      "cat__region_Yorkshire Region": "cat_region_Yorkshire_Region",
      "cat__highest_education_HE Qualification": "cat_highest_education_HE_Qualification",
      "cat__highest_education_Lower Than A Level": "cat_highest_education_Lower_Than_A_Level",
      "cat__highest_education_No Formal quals": "cat_highest_education_No_Formal_quals",
      "cat__highest_education_Post Graduate Qualification": "cat_highest_education_Post_Graduate_Qualification",
      "cat__imd_band_10-20": "cat_imd_band_10_20",
      "cat__imd_band_20-30%": "cat_imd_band_20_30",
      "cat__imd_band_30-40%": "cat_imd_band_30_40",
      "cat__imd_band_40-50%": "cat_imd_band_40_50",
      "cat__imd_band_50-60%": "cat_imd_band_50_60",
      "cat__imd_band_60-70%": "cat_imd_band_60_70",
      "cat__imd_band_70-80%": "cat_imd_band_70_80",
      "cat__imd_band_80-90%": "cat_imd_band_80_90",
      "cat__imd_band_90-100%": "cat_imd_band_90_100",
      "cat__imd_band_None": "cat_imd_band_None",
      "cat__age_band_35-55": "cat_age_band_35_55",
      "cat__age_band_55<=": "cat_age_band_55",
      "cat__disability_Y": "cat_disability_Y"
    },
    "dropped_low_variance_features": []
  },
  "design_note": "The comparable Royston-Parmar arm preserves the canonical early-window contract, uses the same deterministic preprocessing as the other continuous-time baselines, sanitizes transformed feature names for formula-safe spline fitting, and rejects candidates that emit fit or prediction warnings under strict execution."
}

 candidate_id                                                      params  duration_floor                                                                                                                                                                                                                                                                                                                                                                                                                                                                                                                                                                                                                                                                                                                                                                                                                                                                                                                                                                                                                  regressors  val_ibs  val_c_index           implementation
           13 {'n_baseline_knots': 3, 'penalizer': 0.01, 'l1_ratio': 0.0}             1.0 {'beta_': 'num_num_of_prev_attempts + num_studied_credits + num_clicks_first_2_weeks + num_active_weeks_first_2 + num_mean_clicks_first_2_weeks + cat_gender_M + cat_region_East_Midlands_Region + cat_region_Ireland + cat_region_London_Region + cat_region_North_Region + cat_region_North_Western_Region + cat_region_Scotland + cat_region_South_East_Region + cat_region_South_Region + cat_region_South_West_Region + cat_region_Wales + cat_region_West_Midlands_Region + cat_region_Yorkshire_Region + cat_highest_education_HE_Qualification + cat_highest_education_Lower_Than_A_Level + cat_highest_education_No_Formal_quals + cat_highest_education_Post_Graduate_Qualification + cat_imd_band_10_20 + cat_imd_band_20_30 + cat_imd_band_30_40 + cat_imd_band_40_50 + cat_imd_band_50_60 + cat_imd_band_60_70 + cat_imd_band_70_80 + cat_imd_band_80_90 + cat_imd_band_90_100 + cat_imd_band_None + cat_age_band_35_55 + cat_age_band_55 + cat_disability_Y', 'gamma0_': '1', 'gamma1_': '1', 'gamma2_': '1'} 0.118972     0.608616 lifelines_crc_spline_aft
[END] 5.12.3 - 2026-06-19 22:26:33
[START] 5.12 - 2026-06-19 22:26:33
# ==============================================================
# 5.12.4 - Close runtime resources
# ==============================================================
DuckDB connection closed.
ARTIFACT | duckdb_connection | closed::/Users/rafars/dropout_benchmark_desenv/outputs_benchmark_survival/benchmark_survival.duckdb
[END] 5.12.4 - 2026-06-19 22:26:34
[RUN_PLAN] comparable_window_weeks=4
[START] 5.12 - 2026-06-19 22:26:34
# ==============================================================
# 5.12.1 - Lightweight runtime bootstrap
# ==============================================================
ARTIFACT | benchmark_shared_config | /Users/rafars/dropout_benchmark_desenv/benchmark_shared_config.toml
ARTIFACT | benchmark_modeling_contract | /Users/rafars/dropout_benchmark_desenv/benchmark_modeling_contract.toml
ARTIFACT | run_metadata | /Users/rafars/dropout_benchmark_desenv/outputs_benchmark_survival/metadata/run_metadata.json
ARTIFACT | duckdb_path | /Users/rafars/dropout_benchmark_desenv/outputs_benchmark_survival/benchmark_survival.duckdb
{
  "run_id": "f3766e75053447a7beb7a1c4936d231f",
  "random_seed": 42,
  "tuning_parallel_backend": "processes",
  "test_size": 0.3,
  "early_window_weeks": 4,
  "main_enrollment_window_weeks": 4,
  "effective_window_weeks": 4,
  "input_train_table": "enrollment_cox_ready_train",
  "input_test_table": "enrollment_cox_ready_test"
}
[END] 5.12.1 - 2026-06-19 22:26:34
[START] 5.12 - 2026-06-19 22:26:34
# ==============================================================
# 5.12.2 - Build comparable-window Royston-Parmar treatment
# ==============================================================
[Stage 5.12.2 table_royston_parmar_preprocessing_summary - Royston-Parmar preprocessing summary]
table_name=table_royston_parmar_preprocessing_summary
rows=1, cols=22
  model_family  train_rows  test_rows  n_input_features_raw  n_numeric_features  n_categorical_features  n_features_after_encoding_before_filter  n_features_after_variance_filter  n_features_after_formula_sanitization  n_features_dropped_by_variance_filter  n_events_train  n_events_test  mean_duration_train  mean_duration_test                              numeric_prefill_policy categorical_imputation                     categorical_encoding                   numeric_scaling  variance_filter_threshold output_dtype                                      positioning_note  window_weeks
royston_parmar       22815       9778                    11                   5                       6                                       35                                35                                     35                                      0            5171           2216            30.536182           30.539476 deterministic_train_median_or_zero_when_all_missing       constant_missing one_hot_drop_first_handle_unknown_ignore standard_scaler_fit_on_train_only               1.000000e-12      float64 early-window comparable flexible parametric benchmark             4
ARTIFACT | Stage 5.12.2 table_royston_parmar_preprocessing_summary - Royston-Parmar preprocessing summary | duckdb://table_royston_parmar_preprocessing_summary
[Stage 5.12.2 table_royston_parmar_raw_feature_manifest - Royston-Parmar raw feature manifest]
table_name=table_royston_parmar_raw_feature_manifest
rows=11, cols=6
 feature_name_operational feature_role  present_in_train  present_in_test  covered_by_canonical_config  numeric_prefill_value
                   gender  categorical              True             True                        False                    NaN
                   region  categorical              True             True                        False                    NaN
        highest_education  categorical              True             True                        False                    NaN
                 imd_band  categorical              True             True                        False                    NaN
                 age_band  categorical              True             True                        False                    NaN
               disability  categorical              True             True                        False                    NaN
     num_of_prev_attempts      numeric              True             True                         True                   0.00
          studied_credits      numeric              True             True                         True                  60.00
     clicks_first_4_weeks      numeric              True             True                         True                 136.00
     active_weeks_first_4      numeric              True             True                         True                   4.00
mean_clicks_first_4_weeks      numeric              True             True                         True                  41.25
ARTIFACT | Stage 5.12.2 table_royston_parmar_raw_feature_manifest - Royston-Parmar raw feature manifest | duckdb://table_royston_parmar_raw_feature_manifest
[Stage 5.12.2 table_royston_parmar_feature_names_out - Royston-Parmar output feature manifest]
table_name=table_royston_parmar_feature_names_out
rows=35, cols=2
                         feature_name_out  transformed_variance_train
                num__num_of_prev_attempts                    1.000000
                     num__studied_credits                    1.000000
                num__clicks_first_4_weeks                    1.000000
                num__active_weeks_first_4                    1.000000
           num__mean_clicks_first_4_weeks                    1.000000
                            cat__gender_M                    0.247988
         cat__region_East Midlands Region                    0.067091
                      cat__region_Ireland                    0.034283
                cat__region_London Region                    0.088295
                 cat__region_North Region                    0.052060
         cat__region_North Western Region                    0.082139
                     cat__region_Scotland                    0.094370
            cat__region_South East Region                    0.059974
                 cat__region_South Region                    0.087554
            cat__region_South West Region                    0.068848
                        cat__region_Wales                    0.059707
         cat__region_West Midlands Region                    0.073261
             cat__region_Yorkshire Region                    0.058136
  cat__highest_education_HE Qualification                    0.123970
cat__highest_education_Lower Than A Level                    0.240991
ARTIFACT | Stage 5.12.2 table_royston_parmar_feature_names_out - Royston-Parmar output feature manifest | duckdb://table_royston_parmar_feature_names_out
[Stage 5.12.2 table_royston_parmar_formula_feature_map - Royston-Parmar formula feature map]
table_name=table_royston_parmar_formula_feature_map
rows=35, cols=2
                         feature_name_out                        feature_name_safe
                num__num_of_prev_attempts                 num_num_of_prev_attempts
                     num__studied_credits                      num_studied_credits
                num__clicks_first_4_weeks                 num_clicks_first_4_weeks
                num__active_weeks_first_4                 num_active_weeks_first_4
           num__mean_clicks_first_4_weeks            num_mean_clicks_first_4_weeks
                            cat__gender_M                             cat_gender_M
         cat__region_East Midlands Region          cat_region_East_Midlands_Region
                      cat__region_Ireland                       cat_region_Ireland
                cat__region_London Region                 cat_region_London_Region
                 cat__region_North Region                  cat_region_North_Region
         cat__region_North Western Region          cat_region_North_Western_Region
                     cat__region_Scotland                      cat_region_Scotland
            cat__region_South East Region             cat_region_South_East_Region
                 cat__region_South Region                  cat_region_South_Region
            cat__region_South West Region             cat_region_South_West_Region
                        cat__region_Wales                         cat_region_Wales
         cat__region_West Midlands Region          cat_region_West_Midlands_Region
             cat__region_Yorkshire Region              cat_region_Yorkshire_Region
  cat__highest_education_HE Qualification   cat_highest_education_HE_Qualification
cat__highest_education_Lower Than A Level cat_highest_education_Lower_Than_A_Level
ARTIFACT | Stage 5.12.2 table_royston_parmar_formula_feature_map - Royston-Parmar formula feature map | duckdb://table_royston_parmar_formula_feature_map
ARTIFACT | royston_parmar_preprocessing_config | /Users/rafars/dropout_benchmark_desenv/outputs_benchmark_survival/metadata/royston_parmar_preprocessing_config.json
{
  "model_family": "royston_parmar",
  "duration_column": "duration",
  "event_column": "event",
  "categorical_features": [
    "gender",
    "region",
    "highest_education",
    "imd_band",
    "age_band",
    "disability"
  ],
  "numeric_features": [
    "num_of_prev_attempts",
    "studied_credits",
    "clicks_first_4_weeks",
    "active_weeks_first_4",
    "mean_clicks_first_4_weeks"
  ],
  "raw_feature_columns": [
    "gender",
    "region",
    "highest_education",
    "imd_band",
    "age_band",
    "disability",
    "num_of_prev_attempts",
    "studied_credits",
    "clicks_first_4_weeks",
    "active_weeks_first_4",
    "mean_clicks_first_4_weeks"
  ],
  "expected_features_raw": [
    "studied_credits",
    "num_of_prev_attempts",
    "studied_credits",
    "num_of_prev_attempts",
    "clicks_first_4_weeks",
    "active_weeks_first_4",
    "mean_clicks_first_4_weeks"
  ],
  "expected_features_resolved": [
    "studied_credits",
    "num_of_prev_attempts",
    "clicks_first_4_weeks",
    "active_weeks_first_4",
    "mean_clicks_first_4_weeks"
  ],
  "numeric_prefill_policy": "deterministic_train_median_or_zero_when_all_missing",
  "numeric_fill_values": {
    "num_of_prev_attempts": 0.0,
    "studied_credits": 60.0,
    "clicks_first_4_weeks": 136.0,
    "active_weeks_first_4": 4.0,
    "mean_clicks_first_4_weeks": 41.25
  },
  "categorical_imputation": "constant_missing",
  "categorical_encoding": "one_hot_drop_first_handle_unknown_ignore",
  "numeric_scaling": "standard_scaler_fit_on_train_only",
  "variance_filter_threshold": 1e-12,
  "feature_names_before_filter": [
    "num__num_of_prev_attempts",
    "num__studied_credits",
    "num__clicks_first_4_weeks",
    "num__active_weeks_first_4",
    "num__mean_clicks_first_4_weeks",
    "cat__gender_M",
    "cat__region_East Midlands Region",
    "cat__region_Ireland",
    "cat__region_London Region",
    "cat__region_North Region",
    "cat__region_North Western Region",
    "cat__region_Scotland",
    "cat__region_South East Region",
    "cat__region_South Region",
    "cat__region_South West Region",
    "cat__region_Wales",
    "cat__region_West Midlands Region",
    "cat__region_Yorkshire Region",
    "cat__highest_education_HE Qualification",
    "cat__highest_education_Lower Than A Level",
    "cat__highest_education_No Formal quals",
    "cat__highest_education_Post Graduate Qualification",
    "cat__imd_band_10-20",
    "cat__imd_band_20-30%",
    "cat__imd_band_30-40%",
    "cat__imd_band_40-50%",
    "cat__imd_band_50-60%",
    "cat__imd_band_60-70%",
    "cat__imd_band_70-80%",
    "cat__imd_band_80-90%",
    "cat__imd_band_90-100%",
    "cat__imd_band_None",
    "cat__age_band_35-55",
    "cat__age_band_55<=",
    "cat__disability_Y"
  ],
  "feature_names_out": [
    "num__num_of_prev_attempts",
    "num__studied_credits",
    "num__clicks_first_4_weeks",
    "num__active_weeks_first_4",
    "num__mean_clicks_first_4_weeks",
    "cat__gender_M",
    "cat__region_East Midlands Region",
    "cat__region_Ireland",
    "cat__region_London Region",
    "cat__region_North Region",
    "cat__region_North Western Region",
    "cat__region_Scotland",
    "cat__region_South East Region",
    "cat__region_South Region",
    "cat__region_South West Region",
    "cat__region_Wales",
    "cat__region_West Midlands Region",
    "cat__region_Yorkshire Region",
    "cat__highest_education_HE Qualification",
    "cat__highest_education_Lower Than A Level",
    "cat__highest_education_No Formal quals",
    "cat__highest_education_Post Graduate Qualification",
    "cat__imd_band_10-20",
    "cat__imd_band_20-30%",
    "cat__imd_band_30-40%",
    "cat__imd_band_40-50%",
    "cat__imd_band_50-60%",
    "cat__imd_band_60-70%",
    "cat__imd_band_70-80%",
    "cat__imd_band_80-90%",
    "cat__imd_band_90-100%",
    "cat__imd_band_None",
    "cat__age_band_35-55",
    "cat__age_band_55<=",
    "cat__disability_Y"
  ],
  "feature_names_safe": [
    "num_num_of_prev_attempts",
    "num_studied_credits",
    "num_clicks_first_4_weeks",
    "num_active_weeks_first_4",
    "num_mean_clicks_first_4_weeks",
    "cat_gender_M",
    "cat_region_East_Midlands_Region",
    "cat_region_Ireland",
    "cat_region_London_Region",
    "cat_region_North_Region",
    "cat_region_North_Western_Region",
    "cat_region_Scotland",
    "cat_region_South_East_Region",
    "cat_region_South_Region",
    "cat_region_South_West_Region",
    "cat_region_Wales",
    "cat_region_West_Midlands_Region",
    "cat_region_Yorkshire_Region",
    "cat_highest_education_HE_Qualification",
    "cat_highest_education_Lower_Than_A_Level",
    "cat_highest_education_No_Formal_quals",
    "cat_highest_education_Post_Graduate_Qualification",
    "cat_imd_band_10_20",
    "cat_imd_band_20_30",
    "cat_imd_band_30_40",
    "cat_imd_band_40_50",
    "cat_imd_band_50_60",
    "cat_imd_band_60_70",
    "cat_imd_band_70_80",
    "cat_imd_band_80_90",
    "cat_imd_band_90_100",
    "cat_imd_band_None",
    "cat_age_band_35_55",
    "cat_age_band_55",
    "cat_disability_Y"
  ],
  "formula_feature_map": {
    "num__num_of_prev_attempts": "num_num_of_prev_attempts",
    "num__studied_credits": "num_studied_credits",
    "num__clicks_first_4_weeks": "num_clicks_first_4_weeks",
    "num__active_weeks_first_4": "num_active_weeks_first_4",
    "num__mean_clicks_first_4_weeks": "num_mean_clicks_first_4_weeks",
    "cat__gender_M": "cat_gender_M",
    "cat__region_East Midlands Region": "cat_region_East_Midlands_Region",
    "cat__region_Ireland": "cat_region_Ireland",
    "cat__region_London Region": "cat_region_London_Region",
    "cat__region_North Region": "cat_region_North_Region",
    "cat__region_North Western Region": "cat_region_North_Western_Region",
    "cat__region_Scotland": "cat_region_Scotland",
    "cat__region_South East Region": "cat_region_South_East_Region",
    "cat__region_South Region": "cat_region_South_Region",
    "cat__region_South West Region": "cat_region_South_West_Region",
    "cat__region_Wales": "cat_region_Wales",
    "cat__region_West Midlands Region": "cat_region_West_Midlands_Region",
    "cat__region_Yorkshire Region": "cat_region_Yorkshire_Region",
    "cat__highest_education_HE Qualification": "cat_highest_education_HE_Qualification",
    "cat__highest_education_Lower Than A Level": "cat_highest_education_Lower_Than_A_Level",
    "cat__highest_education_No Formal quals": "cat_highest_education_No_Formal_quals",
    "cat__highest_education_Post Graduate Qualification": "cat_highest_education_Post_Graduate_Qualification",
    "cat__imd_band_10-20": "cat_imd_band_10_20",
    "cat__imd_band_20-30%": "cat_imd_band_20_30",
    "cat__imd_band_30-40%": "cat_imd_band_30_40",
    "cat__imd_band_40-50%": "cat_imd_band_40_50",
    "cat__imd_band_50-60%": "cat_imd_band_50_60",
    "cat__imd_band_60-70%": "cat_imd_band_60_70",
    "cat__imd_band_70-80%": "cat_imd_band_70_80",
    "cat__imd_band_80-90%": "cat_imd_band_80_90",
    "cat__imd_band_90-100%": "cat_imd_band_90_100",
    "cat__imd_band_None": "cat_imd_band_None",
    "cat__age_band_35-55": "cat_age_band_35_55",
    "cat__age_band_55<=": "cat_age_band_55",
    "cat__disability_Y": "cat_disability_Y"
  },
  "dropped_low_variance_features": [],
  "positioning_note": "early-window comparable flexible parametric benchmark",
  "window_weeks": 4,
  "duration_floor": 1.0
}

[END] 5.12.2 - 2026-06-19 22:26:34
[START] 5.12 - 2026-06-19 22:26:34
# ==============================================================
# 5.12.3 - Tune and evaluate the comparable-window Royston-Parmar model
# ==============================================================
- TUNING_WORKERS: 8
- TUNING_BACKEND: processes
[Stage 5.12.3 table_royston_parmar_tuning_results - Royston-Parmar tuning results]
table_name=table_royston_parmar_tuning_results
rows=24, cols=11
 candidate_id  n_baseline_knots  penalizer  l1_ratio  duration_floor           implementation                                                                                                                                                                                                                                                                                                                                                                                                                                                                                                                                                                                                                                                                                                                                                                                                                                                                                                                                                                                                                  regressors fit_status  val_ibs  val_c_index                                                                                                                                                                                                                                                                                                                                                                                                                                                                                                                                                                                                                                                                                                                                                                                                                                                                                                                                                                                                                                                                                                                                                      error_message
           16                 3      0.100       0.0             1.0 lifelines_crc_spline_aft {'beta_': 'num_num_of_prev_attempts + num_studied_credits + num_clicks_first_4_weeks + num_active_weeks_first_4 + num_mean_clicks_first_4_weeks + cat_gender_M + cat_region_East_Midlands_Region + cat_region_Ireland + cat_region_London_Region + cat_region_North_Region + cat_region_North_Western_Region + cat_region_Scotland + cat_region_South_East_Region + cat_region_South_Region + cat_region_South_West_Region + cat_region_Wales + cat_region_West_Midlands_Region + cat_region_Yorkshire_Region + cat_highest_education_HE_Qualification + cat_highest_education_Lower_Than_A_Level + cat_highest_education_No_Formal_quals + cat_highest_education_Post_Graduate_Qualification + cat_imd_band_10_20 + cat_imd_band_20_30 + cat_imd_band_30_40 + cat_imd_band_40_50 + cat_imd_band_50_60 + cat_imd_band_60_70 + cat_imd_band_70_80 + cat_imd_band_80_90 + cat_imd_band_90_100 + cat_imd_band_None + cat_age_band_35_55 + cat_age_band_55 + cat_disability_Y', 'gamma0_': '1', 'gamma1_': '1', 'gamma2_': '1'}     failed      NaN          NaN  ConvergenceError: \n               Fitting did not converge. Try the following:\n\n               0. Are there any lifelines warnings outputted during the `fit`?\n               1. Inspect your DataFrame: does everything look as expected?\n               2. Try scaling your duration vector down, i.e. `df[duration_col] = df[duration_col]/100`\n               3. Is there high-collinearity in the dataset? Try using the variance inflation factor (VIF) to find redundant variables.\n               4. Try using an alternate minimizer: ``fitter._scipy_fit_method = "SLSQP"``.\n               5. Trying adding a small penalizer (or changing it, if already present). Example: `CRCSplineFitter(penalizer=0.01).fit(...)`.\n               6. Are there any extreme outliers? Try modeling them or dropping them to see if it helps convergence.\n\n               minimum_results= message: Iteration limit reached\nsuccess: False\n status: 9\n    fun: 2.634878010611728\n      x: [ 2.607e+00  1.445e-01 ...  5.779e-01  1.083e+00]\n    nit: 500\n    jac: [-2.805e-01 -2.141e-01 ... -1.801e-01  1.612e-01]\n   nfev: 956\n   njev: 500\n
           19                 3      0.300       0.0             1.0 lifelines_crc_spline_aft {'beta_': 'num_num_of_prev_attempts + num_studied_credits + num_clicks_first_4_weeks + num_active_weeks_first_4 + num_mean_clicks_first_4_weeks + cat_gender_M + cat_region_East_Midlands_Region + cat_region_Ireland + cat_region_London_Region + cat_region_North_Region + cat_region_North_Western_Region + cat_region_Scotland + cat_region_South_East_Region + cat_region_South_Region + cat_region_South_West_Region + cat_region_Wales + cat_region_West_Midlands_Region + cat_region_Yorkshire_Region + cat_highest_education_HE_Qualification + cat_highest_education_Lower_Than_A_Level + cat_highest_education_No_Formal_quals + cat_highest_education_Post_Graduate_Qualification + cat_imd_band_10_20 + cat_imd_band_20_30 + cat_imd_band_30_40 + cat_imd_band_40_50 + cat_imd_band_50_60 + cat_imd_band_60_70 + cat_imd_band_70_80 + cat_imd_band_80_90 + cat_imd_band_90_100 + cat_imd_band_None + cat_age_band_35_55 + cat_age_band_55 + cat_disability_Y', 'gamma0_': '1', 'gamma1_': '1', 'gamma2_': '1'}     failed      NaN          NaN  ConvergenceError: \n               Fitting did not converge. Try the following:\n\n               0. Are there any lifelines warnings outputted during the `fit`?\n               1. Inspect your DataFrame: does everything look as expected?\n               2. Try scaling your duration vector down, i.e. `df[duration_col] = df[duration_col]/100`\n               3. Is there high-collinearity in the dataset? Try using the variance inflation factor (VIF) to find redundant variables.\n               4. Try using an alternate minimizer: ``fitter._scipy_fit_method = "SLSQP"``.\n               5. Trying adding a small penalizer (or changing it, if already present). Example: `CRCSplineFitter(penalizer=0.01).fit(...)`.\n               6. Are there any extreme outliers? Try modeling them or dropping them to see if it helps convergence.\n\n               minimum_results= message: Iteration limit reached\nsuccess: False\n status: 9\n    fun: 1.595414529878834\n      x: [-2.552e+00 -3.471e-02 ... -8.398e-01 -1.424e-01]\n    nit: 500\n    jac: [ 3.956e-02 -1.167e-02 ... -5.947e-02  3.404e-01]\n   nfev: 862\n   njev: 500\n
           20                 3      0.500       0.0             1.0 lifelines_crc_spline_aft {'beta_': 'num_num_of_prev_attempts + num_studied_credits + num_clicks_first_4_weeks + num_active_weeks_first_4 + num_mean_clicks_first_4_weeks + cat_gender_M + cat_region_East_Midlands_Region + cat_region_Ireland + cat_region_London_Region + cat_region_North_Region + cat_region_North_Western_Region + cat_region_Scotland + cat_region_South_East_Region + cat_region_South_Region + cat_region_South_West_Region + cat_region_Wales + cat_region_West_Midlands_Region + cat_region_Yorkshire_Region + cat_highest_education_HE_Qualification + cat_highest_education_Lower_Than_A_Level + cat_highest_education_No_Formal_quals + cat_highest_education_Post_Graduate_Qualification + cat_imd_band_10_20 + cat_imd_band_20_30 + cat_imd_band_30_40 + cat_imd_band_40_50 + cat_imd_band_50_60 + cat_imd_band_60_70 + cat_imd_band_70_80 + cat_imd_band_80_90 + cat_imd_band_90_100 + cat_imd_band_None + cat_age_band_35_55 + cat_age_band_55 + cat_disability_Y', 'gamma0_': '1', 'gamma1_': '1', 'gamma2_': '1'}     failed      NaN          NaN ConvergenceError: \n               Fitting did not converge. Try the following:\n\n               0. Are there any lifelines warnings outputted during the `fit`?\n               1. Inspect your DataFrame: does everything look as expected?\n               2. Try scaling your duration vector down, i.e. `df[duration_col] = df[duration_col]/100`\n               3. Is there high-collinearity in the dataset? Try using the variance inflation factor (VIF) to find redundant variables.\n               4. Try using an alternate minimizer: ``fitter._scipy_fit_method = "SLSQP"``.\n               5. Trying adding a small penalizer (or changing it, if already present). Example: `CRCSplineFitter(penalizer=0.01).fit(...)`.\n               6. Are there any extreme outliers? Try modeling them or dropping them to see if it helps convergence.\n\n               minimum_results= message: Iteration limit reached\nsuccess: False\n status: 9\n    fun: 4.200496385011664\n      x: [ 1.657e+00  3.951e-02 ...  3.647e-01  5.875e-01]\n    nit: 500\n    jac: [-1.989e-01  6.942e-02 ... -2.181e-01  2.277e-01]\n   nfev: 1019\n   njev: 500\n
           21                 3      0.700       0.0             1.0 lifelines_crc_spline_aft {'beta_': 'num_num_of_prev_attempts + num_studied_credits + num_clicks_first_4_weeks + num_active_weeks_first_4 + num_mean_clicks_first_4_weeks + cat_gender_M + cat_region_East_Midlands_Region + cat_region_Ireland + cat_region_London_Region + cat_region_North_Region + cat_region_North_Western_Region + cat_region_Scotland + cat_region_South_East_Region + cat_region_South_Region + cat_region_South_West_Region + cat_region_Wales + cat_region_West_Midlands_Region + cat_region_Yorkshire_Region + cat_highest_education_HE_Qualification + cat_highest_education_Lower_Than_A_Level + cat_highest_education_No_Formal_quals + cat_highest_education_Post_Graduate_Qualification + cat_imd_band_10_20 + cat_imd_band_20_30 + cat_imd_band_30_40 + cat_imd_band_40_50 + cat_imd_band_50_60 + cat_imd_band_60_70 + cat_imd_band_70_80 + cat_imd_band_80_90 + cat_imd_band_90_100 + cat_imd_band_None + cat_age_band_35_55 + cat_age_band_55 + cat_disability_Y', 'gamma0_': '1', 'gamma1_': '1', 'gamma2_': '1'}     failed      NaN          NaN  ConvergenceError: \n               Fitting did not converge. Try the following:\n\n               0. Are there any lifelines warnings outputted during the `fit`?\n               1. Inspect your DataFrame: does everything look as expected?\n               2. Try scaling your duration vector down, i.e. `df[duration_col] = df[duration_col]/100`\n               3. Is there high-collinearity in the dataset? Try using the variance inflation factor (VIF) to find redundant variables.\n               4. Try using an alternate minimizer: ``fitter._scipy_fit_method = "SLSQP"``.\n               5. Trying adding a small penalizer (or changing it, if already present). Example: `CRCSplineFitter(penalizer=0.01).fit(...)`.\n               6. Are there any extreme outliers? Try modeling them or dropping them to see if it helps convergence.\n\n               minimum_results= message: Iteration limit reached\nsuccess: False\n status: 9\n    fun: 6.935634864764884\n      x: [ 6.909e-01 -3.764e-02 ...  3.296e-01  4.722e-01]\n    nit: 500\n    jac: [-1.283e-01 -1.235e-01 ... -1.757e-01  1.417e-01]\n   nfev: 990\n   njev: 500\n
           13                 3      0.010       0.0             1.0 lifelines_crc_spline_aft {'beta_': 'num_num_of_prev_attempts + num_studied_credits + num_clicks_first_4_weeks + num_active_weeks_first_4 + num_mean_clicks_first_4_weeks + cat_gender_M + cat_region_East_Midlands_Region + cat_region_Ireland + cat_region_London_Region + cat_region_North_Region + cat_region_North_Western_Region + cat_region_Scotland + cat_region_South_East_Region + cat_region_South_Region + cat_region_South_West_Region + cat_region_Wales + cat_region_West_Midlands_Region + cat_region_Yorkshire_Region + cat_highest_education_HE_Qualification + cat_highest_education_Lower_Than_A_Level + cat_highest_education_No_Formal_quals + cat_highest_education_Post_Graduate_Qualification + cat_imd_band_10_20 + cat_imd_band_20_30 + cat_imd_band_30_40 + cat_imd_band_40_50 + cat_imd_band_50_60 + cat_imd_band_60_70 + cat_imd_band_70_80 + cat_imd_band_80_90 + cat_imd_band_90_100 + cat_imd_band_None + cat_age_band_35_55 + cat_age_band_55 + cat_disability_Y', 'gamma0_': '1', 'gamma1_': '1', 'gamma2_': '1'}         ok 0.117045     0.624005                                                                                                                                                                                                                                                                                                                                                                                                                                                                                                                                                                                                                                                                                                                                                                                                                                                                                                                                                                                                                                                                                                                                                               None
            1                 2      0.010       0.0             1.0 lifelines_crc_spline_aft                 {'beta_': 'num_num_of_prev_attempts + num_studied_credits + num_clicks_first_4_weeks + num_active_weeks_first_4 + num_mean_clicks_first_4_weeks + cat_gender_M + cat_region_East_Midlands_Region + cat_region_Ireland + cat_region_London_Region + cat_region_North_Region + cat_region_North_Western_Region + cat_region_Scotland + cat_region_South_East_Region + cat_region_South_Region + cat_region_South_West_Region + cat_region_Wales + cat_region_West_Midlands_Region + cat_region_Yorkshire_Region + cat_highest_education_HE_Qualification + cat_highest_education_Lower_Than_A_Level + cat_highest_education_No_Formal_quals + cat_highest_education_Post_Graduate_Qualification + cat_imd_band_10_20 + cat_imd_band_20_30 + cat_imd_band_30_40 + cat_imd_band_40_50 + cat_imd_band_50_60 + cat_imd_band_60_70 + cat_imd_band_70_80 + cat_imd_band_80_90 + cat_imd_band_90_100 + cat_imd_band_None + cat_age_band_35_55 + cat_age_band_55 + cat_disability_Y', 'gamma0_': '1', 'gamma1_': '1'}         ok 0.117053     0.629626                                                                                                                                                                                                                                                                                                                                                                                                                                                                                                                                                                                                                                                                                                                                                                                                                                                                                                                                                                                                                                                                                                                                                               None
            2                 2      0.025       0.0             1.0 lifelines_crc_spline_aft                 {'beta_': 'num_num_of_prev_attempts + num_studied_credits + num_clicks_first_4_weeks + num_active_weeks_first_4 + num_mean_clicks_first_4_weeks + cat_gender_M + cat_region_East_Midlands_Region + cat_region_Ireland + cat_region_London_Region + cat_region_North_Region + cat_region_North_Western_Region + cat_region_Scotland + cat_region_South_East_Region + cat_region_South_Region + cat_region_South_West_Region + cat_region_Wales + cat_region_West_Midlands_Region + cat_region_Yorkshire_Region + cat_highest_education_HE_Qualification + cat_highest_education_Lower_Than_A_Level + cat_highest_education_No_Formal_quals + cat_highest_education_Post_Graduate_Qualification + cat_imd_band_10_20 + cat_imd_band_20_30 + cat_imd_band_30_40 + cat_imd_band_40_50 + cat_imd_band_50_60 + cat_imd_band_60_70 + cat_imd_band_70_80 + cat_imd_band_80_90 + cat_imd_band_90_100 + cat_imd_band_None + cat_age_band_35_55 + cat_age_band_55 + cat_disability_Y', 'gamma0_': '1', 'gamma1_': '1'}         ok 0.117477     0.628755                                                                                                                                                                                                                                                                                                                                                                                                                                                                                                                                                                                                                                                                                                                                                                                                                                                                                                                                                                                                                                                                                                                                                               None
            3                 2      0.050       0.0             1.0 lifelines_crc_spline_aft                 {'beta_': 'num_num_of_prev_attempts + num_studied_credits + num_clicks_first_4_weeks + num_active_weeks_first_4 + num_mean_clicks_first_4_weeks + cat_gender_M + cat_region_East_Midlands_Region + cat_region_Ireland + cat_region_London_Region + cat_region_North_Region + cat_region_North_Western_Region + cat_region_Scotland + cat_region_South_East_Region + cat_region_South_Region + cat_region_South_West_Region + cat_region_Wales + cat_region_West_Midlands_Region + cat_region_Yorkshire_Region + cat_highest_education_HE_Qualification + cat_highest_education_Lower_Than_A_Level + cat_highest_education_No_Formal_quals + cat_highest_education_Post_Graduate_Qualification + cat_imd_band_10_20 + cat_imd_band_20_30 + cat_imd_band_30_40 + cat_imd_band_40_50 + cat_imd_band_50_60 + cat_imd_band_60_70 + cat_imd_band_70_80 + cat_imd_band_80_90 + cat_imd_band_90_100 + cat_imd_band_None + cat_age_band_35_55 + cat_age_band_55 + cat_disability_Y', 'gamma0_': '1', 'gamma1_': '1'}         ok 0.117910     0.628402                                                                                                                                                                                                                                                                                                                                                                                                                                                                                                                                                                                                                                                                                                                                                                                                                                                                                                                                                                                                                                                                                                                                                               None
           14                 3      0.025       0.0             1.0 lifelines_crc_spline_aft {'beta_': 'num_num_of_prev_attempts + num_studied_credits + num_clicks_first_4_weeks + num_active_weeks_first_4 + num_mean_clicks_first_4_weeks + cat_gender_M + cat_region_East_Midlands_Region + cat_region_Ireland + cat_region_London_Region + cat_region_North_Region + cat_region_North_Western_Region + cat_region_Scotland + cat_region_South_East_Region + cat_region_South_Region + cat_region_South_West_Region + cat_region_Wales + cat_region_West_Midlands_Region + cat_region_Yorkshire_Region + cat_highest_education_HE_Qualification + cat_highest_education_Lower_Than_A_Level + cat_highest_education_No_Formal_quals + cat_highest_education_Post_Graduate_Qualification + cat_imd_band_10_20 + cat_imd_band_20_30 + cat_imd_band_30_40 + cat_imd_band_40_50 + cat_imd_band_50_60 + cat_imd_band_60_70 + cat_imd_band_70_80 + cat_imd_band_80_90 + cat_imd_band_90_100 + cat_imd_band_None + cat_age_band_35_55 + cat_age_band_55 + cat_disability_Y', 'gamma0_': '1', 'gamma1_': '1', 'gamma2_': '1'}         ok 0.117929     0.623608                                                                                                                                                                                                                                                                                                                                                                                                                                                                                                                                                                                                                                                                                                                                                                                                                                                                                                                                                                                                                                                                                                                                                               None
            4                 2      0.100       0.0             1.0 lifelines_crc_spline_aft                 {'beta_': 'num_num_of_prev_attempts + num_studied_credits + num_clicks_first_4_weeks + num_active_weeks_first_4 + num_mean_clicks_first_4_weeks + cat_gender_M + cat_region_East_Midlands_Region + cat_region_Ireland + cat_region_London_Region + cat_region_North_Region + cat_region_North_Western_Region + cat_region_Scotland + cat_region_South_East_Region + cat_region_South_Region + cat_region_South_West_Region + cat_region_Wales + cat_region_West_Midlands_Region + cat_region_Yorkshire_Region + cat_highest_education_HE_Qualification + cat_highest_education_Lower_Than_A_Level + cat_highest_education_No_Formal_quals + cat_highest_education_Post_Graduate_Qualification + cat_imd_band_10_20 + cat_imd_band_20_30 + cat_imd_band_30_40 + cat_imd_band_40_50 + cat_imd_band_50_60 + cat_imd_band_60_70 + cat_imd_band_70_80 + cat_imd_band_80_90 + cat_imd_band_90_100 + cat_imd_band_None + cat_age_band_35_55 + cat_age_band_55 + cat_disability_Y', 'gamma0_': '1', 'gamma1_': '1'}         ok 0.118696     0.626927                                                                                                                                                                                                                                                                                                                                                                                                                                                                                                                                                                                                                                                                                                                                                                                                                                                                                                                                                                                                                                                                                                                                                               None
           15                 3      0.050       0.0             1.0 lifelines_crc_spline_aft {'beta_': 'num_num_of_prev_attempts + num_studied_credits + num_clicks_first_4_weeks + num_active_weeks_first_4 + num_mean_clicks_first_4_weeks + cat_gender_M + cat_region_East_Midlands_Region + cat_region_Ireland + cat_region_London_Region + cat_region_North_Region + cat_region_North_Western_Region + cat_region_Scotland + cat_region_South_East_Region + cat_region_South_Region + cat_region_South_West_Region + cat_region_Wales + cat_region_West_Midlands_Region + cat_region_Yorkshire_Region + cat_highest_education_HE_Qualification + cat_highest_education_Lower_Than_A_Level + cat_highest_education_No_Formal_quals + cat_highest_education_Post_Graduate_Qualification + cat_imd_band_10_20 + cat_imd_band_20_30 + cat_imd_band_30_40 + cat_imd_band_40_50 + cat_imd_band_50_60 + cat_imd_band_60_70 + cat_imd_band_70_80 + cat_imd_band_80_90 + cat_imd_band_90_100 + cat_imd_band_None + cat_age_band_35_55 + cat_age_band_55 + cat_disability_Y', 'gamma0_': '1', 'gamma1_': '1', 'gamma2_': '1'}         ok 0.118779     0.617912                                                                                                                                                                                                                                                                                                                                                                                                                                                                                                                                                                                                                                                                                                                                                                                                                                                                                                                                                                                                                                                                                                                                                               None
            5                 2      0.150       0.0             1.0 lifelines_crc_spline_aft                 {'beta_': 'num_num_of_prev_attempts + num_studied_credits + num_clicks_first_4_weeks + num_active_weeks_first_4 + num_mean_clicks_first_4_weeks + cat_gender_M + cat_region_East_Midlands_Region + cat_region_Ireland + cat_region_London_Region + cat_region_North_Region + cat_region_North_Western_Region + cat_region_Scotland + cat_region_South_East_Region + cat_region_South_Region + cat_region_South_West_Region + cat_region_Wales + cat_region_West_Midlands_Region + cat_region_Yorkshire_Region + cat_highest_education_HE_Qualification + cat_highest_education_Lower_Than_A_Level + cat_highest_education_No_Formal_quals + cat_highest_education_Post_Graduate_Qualification + cat_imd_band_10_20 + cat_imd_band_20_30 + cat_imd_band_30_40 + cat_imd_band_40_50 + cat_imd_band_50_60 + cat_imd_band_60_70 + cat_imd_band_70_80 + cat_imd_band_80_90 + cat_imd_band_90_100 + cat_imd_band_None + cat_age_band_35_55 + cat_age_band_55 + cat_disability_Y', 'gamma0_': '1', 'gamma1_': '1'}         ok 0.119370     0.626322                                                                                                                                                                                                                                                                                                                                                                                                                                                                                                                                                                                                                                                                                                                                                                                                                                                                                                                                                                                                                                                                                                                                                               None
            6                 2      0.200       0.0             1.0 lifelines_crc_spline_aft                 {'beta_': 'num_num_of_prev_attempts + num_studied_credits + num_clicks_first_4_weeks + num_active_weeks_first_4 + num_mean_clicks_first_4_weeks + cat_gender_M + cat_region_East_Midlands_Region + cat_region_Ireland + cat_region_London_Region + cat_region_North_Region + cat_region_North_Western_Region + cat_region_Scotland + cat_region_South_East_Region + cat_region_South_Region + cat_region_South_West_Region + cat_region_Wales + cat_region_West_Midlands_Region + cat_region_Yorkshire_Region + cat_highest_education_HE_Qualification + cat_highest_education_Lower_Than_A_Level + cat_highest_education_No_Formal_quals + cat_highest_education_Post_Graduate_Qualification + cat_imd_band_10_20 + cat_imd_band_20_30 + cat_imd_band_30_40 + cat_imd_band_40_50 + cat_imd_band_50_60 + cat_imd_band_60_70 + cat_imd_band_70_80 + cat_imd_band_80_90 + cat_imd_band_90_100 + cat_imd_band_None + cat_age_band_35_55 + cat_age_band_55 + cat_disability_Y', 'gamma0_': '1', 'gamma1_': '1'}         ok 0.119896     0.625507                                                                                                                                                                                                                                                                                                                                                                                                                                                                                                                                                                                                                                                                                                                                                                                                                                                                                                                                                                                                                                                                                                                                                               None
            7                 2      0.300       0.0             1.0 lifelines_crc_spline_aft                 {'beta_': 'num_num_of_prev_attempts + num_studied_credits + num_clicks_first_4_weeks + num_active_weeks_first_4 + num_mean_clicks_first_4_weeks + cat_gender_M + cat_region_East_Midlands_Region + cat_region_Ireland + cat_region_London_Region + cat_region_North_Region + cat_region_North_Western_Region + cat_region_Scotland + cat_region_South_East_Region + cat_region_South_Region + cat_region_South_West_Region + cat_region_Wales + cat_region_West_Midlands_Region + cat_region_Yorkshire_Region + cat_highest_education_HE_Qualification + cat_highest_education_Lower_Than_A_Level + cat_highest_education_No_Formal_quals + cat_highest_education_Post_Graduate_Qualification + cat_imd_band_10_20 + cat_imd_band_20_30 + cat_imd_band_30_40 + cat_imd_band_40_50 + cat_imd_band_50_60 + cat_imd_band_60_70 + cat_imd_band_70_80 + cat_imd_band_80_90 + cat_imd_band_90_100 + cat_imd_band_None + cat_age_band_35_55 + cat_age_band_55 + cat_disability_Y', 'gamma0_': '1', 'gamma1_': '1'}         ok 0.120667     0.622483                                                                                                                                                                                                                                                                                                                                                                                                                                                                                                                                                                                                                                                                                                                                                                                                                                                                                                                                                                                                                                                                                                                                                               None
           18                 3      0.200       0.0             1.0 lifelines_crc_spline_aft {'beta_': 'num_num_of_prev_attempts + num_studied_credits + num_clicks_first_4_weeks + num_active_weeks_first_4 + num_mean_clicks_first_4_weeks + cat_gender_M + cat_region_East_Midlands_Region + cat_region_Ireland + cat_region_London_Region + cat_region_North_Region + cat_region_North_Western_Region + cat_region_Scotland + cat_region_South_East_Region + cat_region_South_Region + cat_region_South_West_Region + cat_region_Wales + cat_region_West_Midlands_Region + cat_region_Yorkshire_Region + cat_highest_education_HE_Qualification + cat_highest_education_Lower_Than_A_Level + cat_highest_education_No_Formal_quals + cat_highest_education_Post_Graduate_Qualification + cat_imd_band_10_20 + cat_imd_band_20_30 + cat_imd_band_30_40 + cat_imd_band_40_50 + cat_imd_band_50_60 + cat_imd_band_60_70 + cat_imd_band_70_80 + cat_imd_band_80_90 + cat_imd_band_90_100 + cat_imd_band_None + cat_age_band_35_55 + cat_age_band_55 + cat_disability_Y', 'gamma0_': '1', 'gamma1_': '1', 'gamma2_': '1'}         ok 0.120693     0.591141                                                                                                                                                                                                                                                                                                                                                                                                                                                                                                                                                                                                                                                                                                                                                                                                                                                                                                                                                                                                                                                                                                                                                               None
            8                 2      0.500       0.0             1.0 lifelines_crc_spline_aft                 {'beta_': 'num_num_of_prev_attempts + num_studied_credits + num_clicks_first_4_weeks + num_active_weeks_first_4 + num_mean_clicks_first_4_weeks + cat_gender_M + cat_region_East_Midlands_Region + cat_region_Ireland + cat_region_London_Region + cat_region_North_Region + cat_region_North_Western_Region + cat_region_Scotland + cat_region_South_East_Region + cat_region_South_Region + cat_region_South_West_Region + cat_region_Wales + cat_region_West_Midlands_Region + cat_region_Yorkshire_Region + cat_highest_education_HE_Qualification + cat_highest_education_Lower_Than_A_Level + cat_highest_education_No_Formal_quals + cat_highest_education_Post_Graduate_Qualification + cat_imd_band_10_20 + cat_imd_band_20_30 + cat_imd_band_30_40 + cat_imd_band_40_50 + cat_imd_band_50_60 + cat_imd_band_60_70 + cat_imd_band_70_80 + cat_imd_band_80_90 + cat_imd_band_90_100 + cat_imd_band_None + cat_age_band_35_55 + cat_age_band_55 + cat_disability_Y', 'gamma0_': '1', 'gamma1_': '1'}         ok 0.121644     0.622900                                                                                                                                                                                                                                                                                                                                                                                                                                                                                                                                                                                                                                                                                                                                                                                                                                                                                                                                                                                                                                                                                                                                                               None
            9                 2      0.700       0.0             1.0 lifelines_crc_spline_aft                 {'beta_': 'num_num_of_prev_attempts + num_studied_credits + num_clicks_first_4_weeks + num_active_weeks_first_4 + num_mean_clicks_first_4_weeks + cat_gender_M + cat_region_East_Midlands_Region + cat_region_Ireland + cat_region_London_Region + cat_region_North_Region + cat_region_North_Western_Region + cat_region_Scotland + cat_region_South_East_Region + cat_region_South_Region + cat_region_South_West_Region + cat_region_Wales + cat_region_West_Midlands_Region + cat_region_Yorkshire_Region + cat_highest_education_HE_Qualification + cat_highest_education_Lower_Than_A_Level + cat_highest_education_No_Formal_quals + cat_highest_education_Post_Graduate_Qualification + cat_imd_band_10_20 + cat_imd_band_20_30 + cat_imd_band_30_40 + cat_imd_band_40_50 + cat_imd_band_50_60 + cat_imd_band_60_70 + cat_imd_band_70_80 + cat_imd_band_80_90 + cat_imd_band_90_100 + cat_imd_band_None + cat_age_band_35_55 + cat_age_band_55 + cat_disability_Y', 'gamma0_': '1', 'gamma1_': '1'}         ok 0.122157     0.622495                                                                                                                                                                                                                                                                                                                                                                                                                                                                                                                                                                                                                                                                                                                                                                                                                                                                                                                                                                                                                                                                                                                                                               None
           10                 2      1.000       0.0             1.0 lifelines_crc_spline_aft                 {'beta_': 'num_num_of_prev_attempts + num_studied_credits + num_clicks_first_4_weeks + num_active_weeks_first_4 + num_mean_clicks_first_4_weeks + cat_gender_M + cat_region_East_Midlands_Region + cat_region_Ireland + cat_region_London_Region + cat_region_North_Region + cat_region_North_Western_Region + cat_region_Scotland + cat_region_South_East_Region + cat_region_South_Region + cat_region_South_West_Region + cat_region_Wales + cat_region_West_Midlands_Region + cat_region_Yorkshire_Region + cat_highest_education_HE_Qualification + cat_highest_education_Lower_Than_A_Level + cat_highest_education_No_Formal_quals + cat_highest_education_Post_Graduate_Qualification + cat_imd_band_10_20 + cat_imd_band_20_30 + cat_imd_band_30_40 + cat_imd_band_40_50 + cat_imd_band_50_60 + cat_imd_band_60_70 + cat_imd_band_70_80 + cat_imd_band_80_90 + cat_imd_band_90_100 + cat_imd_band_None + cat_age_band_35_55 + cat_age_band_55 + cat_disability_Y', 'gamma0_': '1', 'gamma1_': '1'}         ok 0.122624     0.622057                                                                                                                                                                                                                                                                                                                                                                                                                                                                                                                                                                                                                                                                                                                                                                                                                                                                                                                                                                                                                                                                                                                                                               None
           23                 3      2.000       0.0             1.0 lifelines_crc_spline_aft {'beta_': 'num_num_of_prev_attempts + num_studied_credits + num_clicks_first_4_weeks + num_active_weeks_first_4 + num_mean_clicks_first_4_weeks + cat_gender_M + cat_region_East_Midlands_Region + cat_region_Ireland + cat_region_London_Region + cat_region_North_Region + cat_region_North_Western_Region + cat_region_Scotland + cat_region_South_East_Region + cat_region_South_Region + cat_region_South_West_Region + cat_region_Wales + cat_region_West_Midlands_Region + cat_region_Yorkshire_Region + cat_highest_education_HE_Qualification + cat_highest_education_Lower_Than_A_Level + cat_highest_education_No_Formal_quals + cat_highest_education_Post_Graduate_Qualification + cat_imd_band_10_20 + cat_imd_band_20_30 + cat_imd_band_30_40 + cat_imd_band_40_50 + cat_imd_band_50_60 + cat_imd_band_60_70 + cat_imd_band_70_80 + cat_imd_band_80_90 + cat_imd_band_90_100 + cat_imd_band_None + cat_age_band_35_55 + cat_age_band_55 + cat_disability_Y', 'gamma0_': '1', 'gamma1_': '1', 'gamma2_': '1'}         ok 0.123407     0.621697                                                                                                                                                                                                                                                                                                                                                                                                                                                                                                                                                                                                                                                                                                                                                                                                                                                                                                                                                                                                                                                                                                                                                               None
           11                 2      2.000       0.0             1.0 lifelines_crc_spline_aft                 {'beta_': 'num_num_of_prev_attempts + num_studied_credits + num_clicks_first_4_weeks + num_active_weeks_first_4 + num_mean_clicks_first_4_weeks + cat_gender_M + cat_region_East_Midlands_Region + cat_region_Ireland + cat_region_London_Region + cat_region_North_Region + cat_region_North_Western_Region + cat_region_Scotland + cat_region_South_East_Region + cat_region_South_Region + cat_region_South_West_Region + cat_region_Wales + cat_region_West_Midlands_Region + cat_region_Yorkshire_Region + cat_highest_education_HE_Qualification + cat_highest_education_Lower_Than_A_Level + cat_highest_education_No_Formal_quals + cat_highest_education_Post_Graduate_Qualification + cat_imd_band_10_20 + cat_imd_band_20_30 + cat_imd_band_30_40 + cat_imd_band_40_50 + cat_imd_band_50_60 + cat_imd_band_60_70 + cat_imd_band_70_80 + cat_imd_band_80_90 + cat_imd_band_90_100 + cat_imd_band_None + cat_age_band_35_55 + cat_age_band_55 + cat_disability_Y', 'gamma0_': '1', 'gamma1_': '1'}         ok 0.123408     0.621731                                                                                                                                                                                                                                                                                                                                                                                                                                                                                                                                                                                                                                                                                                                                                                                                                                                                                                                                                                                                                                                                                                                                                               None
ARTIFACT | Stage 5.12.3 table_royston_parmar_tuning_results - Royston-Parmar tuning results | duckdb://table_royston_parmar_tuning_results
[Stage 5.12.3 table_royston_parmar_tuned_test_predictions - Royston-Parmar test predictions]
table_name=table_royston_parmar_tuned_test_predictions
rows=29334, cols=6
      enrollment_id  event  duration  horizon_week  pred_survival_h  pred_risk_h
 100561||DDD||2014J      0        37            10         0.887458     0.112542
 100621||CCC||2014B      1         6            10         0.886967     0.113033
 101187||DDD||2014J      0        37            10         0.799135     0.200865
 101279||DDD||2014J      0        37            10         0.897763     0.102237
 101414||EEE||2013J      0        38            10         0.786219     0.213781
 101700||CCC||2014J      0        38            10         0.779151     0.220849
 101781||AAA||2013J      0        38            10         0.914809     0.085191
 102209||CCC||2014J      1        15            10         0.919261     0.080739
 102343||FFF||2013J      0        38            10         0.916687     0.083313
1023623||CCC||2014J      0        38            10         0.900493     0.099507
1033968||DDD||2014B      1        13            10         0.792564     0.207436
 103891||DDD||2014B      0        34            10         0.828775     0.171225
 104316||FFF||2014B      0        34            10         0.913818     0.086182
1045203||AAA||2014J      0        38            10         0.919894     0.080106
1047645||CCC||2014B      0        34            10         0.799661     0.200339
1053702||EEE||2013J      0        38            10         0.908350     0.091650
 105629||FFF||2013J      0        38            10         0.915435     0.084565
1057883||CCC||2014B      0        34            10         0.881184     0.118816
 106383||BBB||2014J      1        21            10         0.870265     0.129735
 106553||DDD||2014J      0        37            10         0.882346     0.117654
ARTIFACT | Stage 5.12.3 table_royston_parmar_tuned_test_predictions - Royston-Parmar test predictions | duckdb://table_royston_parmar_tuned_test_predictions
[Stage 5.12.3 table_royston_parmar_tuned_primary_metrics - Royston-Parmar primary metrics]
table_name=table_royston_parmar_tuned_primary_metrics
rows=2, cols=4
metric_name metric_category  metric_value                         notes
        ibs         primary      0.118964 sksurv_integrated_brier_score
    c_index      co_primary      0.643003          pycox_concordance_td
ARTIFACT | Stage 5.12.3 table_royston_parmar_tuned_primary_metrics - Royston-Parmar primary metrics | duckdb://table_royston_parmar_tuned_primary_metrics
[Stage 5.12.3 table_royston_parmar_tuned_brier_by_horizon - Royston-Parmar Brier scores by horizon]
table_name=table_royston_parmar_tuned_brier_by_horizon
rows=3, cols=5
 horizon_week      metric_name metric_category  metric_value              notes
           10 brier_at_horizon         primary      0.102454 sksurv_brier_score
           20 brier_at_horizon         primary      0.139270 sksurv_brier_score
           30 brier_at_horizon         primary      0.163930 sksurv_brier_score
ARTIFACT | Stage 5.12.3 table_royston_parmar_tuned_brier_by_horizon - Royston-Parmar Brier scores by horizon | duckdb://table_royston_parmar_tuned_brier_by_horizon
[Stage 5.12.3 table_royston_parmar_tuned_secondary_metrics - Royston-Parmar secondary metrics]
table_name=table_royston_parmar_tuned_secondary_metrics
rows=6, cols=5
 horizon_week         metric_name metric_category  metric_value                                                                                  notes
           10 risk_auc_at_horizon       secondary      0.740201                                                            roc_auc_on_evaluable_subset
           10  time_dependent_auc       secondary      0.733832 ipcw_supported_subset(duration < 38); retained=6742/9778; auc=0.733832; local_ipcw_auc
           20 risk_auc_at_horizon       secondary      0.672814                                                            roc_auc_on_evaluable_subset
           20  time_dependent_auc       secondary      0.663158 ipcw_supported_subset(duration < 38); retained=6742/9778; auc=0.663158; local_ipcw_auc
           30 risk_auc_at_horizon       secondary      0.644407                                                            roc_auc_on_evaluable_subset
           30  time_dependent_auc       secondary      0.632799 ipcw_supported_subset(duration < 38); retained=6742/9778; auc=0.632799; local_ipcw_auc
ARTIFACT | Stage 5.12.3 table_royston_parmar_tuned_secondary_metrics - Royston-Parmar secondary metrics | duckdb://table_royston_parmar_tuned_secondary_metrics
[Stage 5.12.3 table_royston_parmar_tuned_td_auc_support_audit - Royston-Parmar IPCW support audit]
table_name=table_royston_parmar_tuned_td_auc_support_audit
rows=3, cols=6
 horizon_week  max_ipcw_time  n_total_test_enrollments  n_supported_test_enrollments  mean_auc                                                            notes
           10           38.0                      9778                          6742  0.733832 IPCW-supported subset used for Royston-Parmar time-dependent AUC
           20           38.0                      9778                          6742  0.663158 IPCW-supported subset used for Royston-Parmar time-dependent AUC
           30           38.0                      9778                          6742  0.632799 IPCW-supported subset used for Royston-Parmar time-dependent AUC
ARTIFACT | Stage 5.12.3 table_royston_parmar_tuned_td_auc_support_audit - Royston-Parmar IPCW support audit | duckdb://table_royston_parmar_tuned_td_auc_support_audit
[Stage 5.12.3 table_royston_parmar_tuned_row_diagnostics - Royston-Parmar row-level diagnostics]
table_name=table_royston_parmar_tuned_row_diagnostics
rows=1, cols=6
          model_name  row_level_roc_auc  row_level_pr_auc  row_level_log_loss  row_level_brier                                                                    diagnostic_note
royston_parmar_tuned           0.129156          0.129854            0.719187         0.222245 auxiliary enrollment-level proxy only; not a primary cross-family benchmark metric
ARTIFACT | Stage 5.12.3 table_royston_parmar_tuned_row_diagnostics - Royston-Parmar row-level diagnostics | duckdb://table_royston_parmar_tuned_row_diagnostics
[Stage 5.12.3 table_royston_parmar_tuned_support_by_horizon - Royston-Parmar support by horizon]
table_name=table_royston_parmar_tuned_support_by_horizon
rows=3, cols=4
 horizon_week  n_evaluable_enrollments  n_events_by_horizon  event_rate_by_horizon
           10                     9778                 1215               0.124259
           20                     9778                 1736               0.177541
           30                     9778                 2129               0.217734
ARTIFACT | Stage 5.12.3 table_royston_parmar_tuned_support_by_horizon - Royston-Parmar support by horizon | duckdb://table_royston_parmar_tuned_support_by_horizon
[Stage 5.12.3 table_royston_parmar_tuned_calibration_summary - Royston-Parmar calibration summary]
table_name=table_royston_parmar_tuned_calibration_summary
rows=3, cols=5
 horizon_week            metric_name metric_category  metric_value                                         notes
           10 calibration_at_horizon         primary      0.047979 Weighted absolute calibration gap across bins
           20 calibration_at_horizon         primary      0.030791 Weighted absolute calibration gap across bins
           30 calibration_at_horizon         primary      0.024894 Weighted absolute calibration gap across bins
ARTIFACT | Stage 5.12.3 table_royston_parmar_tuned_calibration_summary - Royston-Parmar calibration summary | duckdb://table_royston_parmar_tuned_calibration_summary
[Stage 5.12.3 table_royston_parmar_tuned_calibration_bins_by_horizon - Royston-Parmar calibration bins]
table_name=table_royston_parmar_tuned_calibration_bins_by_horizon
rows=30, cols=6
 calibration_bin   n  mean_predicted_risk  observed_event_rate  horizon_week  abs_calibration_gap
               0 978             0.066823             0.029652            10             0.037171
               1 978             0.081872             0.044990            10             0.036882
               2 978             0.091199             0.037832            10             0.053367
               3 977             0.099206             0.055271            10             0.043934
               4 978             0.107820             0.072597            10             0.035223
               5 978             0.118287             0.084867            10             0.033420
               6 977             0.130874             0.126919            10             0.003955
               7 978             0.149426             0.203476            10             0.054051
               8 978             0.176467             0.281186            10             0.104719
               9 978             0.228704             0.305726            10             0.077022
               0 978             0.097247             0.074642            20             0.022605
               1 978             0.118830             0.094070            20             0.024761
               2 978             0.132057             0.093047            20             0.039010
               3 977             0.143358             0.125896            20             0.017463
               4 978             0.155462             0.128834            20             0.026628
               5 978             0.170095             0.141104            20             0.028990
               6 977             0.187577             0.193449            20             0.005873
               7 978             0.213118             0.274029            20             0.060911
               8 978             0.249867             0.319018            20             0.069152
               9 978             0.318806             0.331288            20             0.012482
ARTIFACT | Stage 5.12.3 table_royston_parmar_tuned_calibration_bins_by_horizon - Royston-Parmar calibration bins | duckdb://table_royston_parmar_tuned_calibration_bins_by_horizon
[Stage 5.12.3 table_royston_parmar_tuned_predicted_vs_observed_survival - Royston-Parmar predicted versus observed survival]
table_name=table_royston_parmar_tuned_predicted_vs_observed_survival
rows=3, cols=5
 horizon_week  n_evaluable_enrollments  mean_predicted_survival  mean_observed_survival  abs_gap
           10                     9778                 0.874930                0.875741 0.000811
           20                     9778                 0.821356                0.822459 0.001103
           30                     9778                 0.781473                0.782266 0.000793
ARTIFACT | Stage 5.12.3 table_royston_parmar_tuned_predicted_vs_observed_survival - Royston-Parmar predicted versus observed survival | duckdb://table_royston_parmar_tuned_predicted_vs_observed_survival
ARTIFACT | royston_parmar_model | /Users/rafars/dropout_benchmark_desenv/outputs_benchmark_survival/models/royston_parmar_tuned.joblib
ARTIFACT | royston_parmar_preprocessor | /Users/rafars/dropout_benchmark_desenv/outputs_benchmark_survival/models/royston_parmar_preprocessor.joblib
ARTIFACT | royston_parmar_tuned_model_config | /Users/rafars/dropout_benchmark_desenv/outputs_benchmark_survival/metadata/royston_parmar_tuned_model_config.json
{
  "model_name": "royston_parmar_tuned",
  "selection_metric": "lowest_validation_ibs_among_warning_free_candidates",
  "validation_split": {
    "method": "GroupShuffleSplit",
    "test_size": 0.1,
    "group_column": "enrollment_id",
    "random_seed": 42
  },
  "effective_window_weeks": 4,
  "input_train_table": "enrollment_cox_ready_train",
  "input_test_table": "enrollment_cox_ready_test",
  "search_space": [
    {
      "candidate_id": 1,
      "n_baseline_knots": 2,
      "penalizer": 0.01,
      "l1_ratio": 0.0
    },
    {
      "candidate_id": 2,
      "n_baseline_knots": 2,
      "penalizer": 0.025,
      "l1_ratio": 0.0
    },
    {
      "candidate_id": 3,
      "n_baseline_knots": 2,
      "penalizer": 0.05,
      "l1_ratio": 0.0
    },
    {
      "candidate_id": 4,
      "n_baseline_knots": 2,
      "penalizer": 0.1,
      "l1_ratio": 0.0
    },
    {
      "candidate_id": 5,
      "n_baseline_knots": 2,
      "penalizer": 0.15,
      "l1_ratio": 0.0
    },
    {
      "candidate_id": 6,
      "n_baseline_knots": 2,
      "penalizer": 0.2,
      "l1_ratio": 0.0
    },
    {
      "candidate_id": 7,
      "n_baseline_knots": 2,
      "penalizer": 0.3,
      "l1_ratio": 0.0
    },
    {
      "candidate_id": 8,
      "n_baseline_knots": 2,
      "penalizer": 0.5,
      "l1_ratio": 0.0
    },
    {
      "candidate_id": 9,
      "n_baseline_knots": 2,
      "penalizer": 0.7,
      "l1_ratio": 0.0
    },
    {
      "candidate_id": 10,
      "n_baseline_knots": 2,
      "penalizer": 1.0,
      "l1_ratio": 0.0
    },
    {
      "candidate_id": 11,
      "n_baseline_knots": 2,
      "penalizer": 2.0,
      "l1_ratio": 0.0
    },
    {
      "candidate_id": 12,
      "n_baseline_knots": 2,
      "penalizer": 5.0,
      "l1_ratio": 0.0
    },
    {
      "candidate_id": 13,
      "n_baseline_knots": 3,
      "penalizer": 0.01,
      "l1_ratio": 0.0
    },
    {
      "candidate_id": 14,
      "n_baseline_knots": 3,
      "penalizer": 0.025,
      "l1_ratio": 0.0
    },
    {
      "candidate_id": 15,
      "n_baseline_knots": 3,
      "penalizer": 0.05,
      "l1_ratio": 0.0
    },
    {
      "candidate_id": 16,
      "n_baseline_knots": 3,
      "penalizer": 0.1,
      "l1_ratio": 0.0
    },
    {
      "candidate_id": 17,
      "n_baseline_knots": 3,
      "penalizer": 0.15,
      "l1_ratio": 0.0
    },
    {
      "candidate_id": 18,
      "n_baseline_knots": 3,
      "penalizer": 0.2,
      "l1_ratio": 0.0
    },
    {
      "candidate_id": 19,
      "n_baseline_knots": 3,
      "penalizer": 0.3,
      "l1_ratio": 0.0
    },
    {
      "candidate_id": 20,
      "n_baseline_knots": 3,
      "penalizer": 0.5,
      "l1_ratio": 0.0
    },
    {
      "candidate_id": 21,
      "n_baseline_knots": 3,
      "penalizer": 0.7,
      "l1_ratio": 0.0
    },
    {
      "candidate_id": 22,
      "n_baseline_knots": 3,
      "penalizer": 1.0,
      "l1_ratio": 0.0
    },
    {
      "candidate_id": 23,
      "n_baseline_knots": 3,
      "penalizer": 2.0,
      "l1_ratio": 0.0
    },
    {
      "candidate_id": 24,
      "n_baseline_knots": 3,
      "penalizer": 5.0,
      "l1_ratio": 0.0
    }
  ],
  "benchmark_horizons": [
    10,
    20,
    30
  ],
  "calibration_bins": 10,
  "calibration_contract_version": "v2_ipcw_km_observed_risk",
  "calibration_observed_risk_method": "ipcw_km_pseudo_event_rate",
  "variance_filter_threshold": 1e-12,
  "duration_floor": 1.0,
  "implementation": "lifelines_crc_spline_aft",
  "best_candidate": {
    "candidate_id": 13,
    "params": {
      "n_baseline_knots": 3,
      "penalizer": 0.01,
      "l1_ratio": 0.0
    },
    "duration_floor": 1.0,
    "regressors": {
      "beta_": "num_num_of_prev_attempts + num_studied_credits + num_clicks_first_4_weeks + num_active_weeks_first_4 + num_mean_clicks_first_4_weeks + cat_gender_M + cat_region_East_Midlands_Region + cat_region_Ireland + cat_region_London_Region + cat_region_North_Region + cat_region_North_Western_Region + cat_region_Scotland + cat_region_South_East_Region + cat_region_South_Region + cat_region_South_West_Region + cat_region_Wales + cat_region_West_Midlands_Region + cat_region_Yorkshire_Region + cat_highest_education_HE_Qualification + cat_highest_education_Lower_Than_A_Level + cat_highest_education_No_Formal_quals + cat_highest_education_Post_Graduate_Qualification + cat_imd_band_10_20 + cat_imd_band_20_30 + cat_imd_band_30_40 + cat_imd_band_40_50 + cat_imd_band_50_60 + cat_imd_band_60_70 + cat_imd_band_70_80 + cat_imd_band_80_90 + cat_imd_band_90_100 + cat_imd_band_None + cat_age_band_35_55 + cat_age_band_55 + cat_disability_Y",
      "gamma0_": "1",
      "gamma1_": "1",
      "gamma2_": "1"
    },
    "val_ibs": 0.11704526879762366,
    "val_c_index": 0.624005375955605,
    "implementation": "lifelines_crc_spline_aft"
  },
  "preprocessing": {
    "categorical_features": [
      "gender",
      "region",
      "highest_education",
      "imd_band",
      "age_band",
      "disability"
    ],
    "numeric_features": [
      "num_of_prev_attempts",
      "studied_credits",
      "clicks_first_4_weeks",
      "active_weeks_first_4",
      "mean_clicks_first_4_weeks"
    ],
    "numeric_prefill_values": {
      "num_of_prev_attempts": 0.0,
      "studied_credits": 60.0,
      "clicks_first_4_weeks": 136.0,
      "active_weeks_first_4": 4.0,
      "mean_clicks_first_4_weeks": 41.25
    },
    "feature_names_before_filter": [
      "num__num_of_prev_attempts",
      "num__studied_credits",
      "num__clicks_first_4_weeks",
      "num__active_weeks_first_4",
      "num__mean_clicks_first_4_weeks",
      "cat__gender_M",
      "cat__region_East Midlands Region",
      "cat__region_Ireland",
      "cat__region_London Region",
      "cat__region_North Region",
      "cat__region_North Western Region",
      "cat__region_Scotland",
      "cat__region_South East Region",
      "cat__region_South Region",
      "cat__region_South West Region",
      "cat__region_Wales",
      "cat__region_West Midlands Region",
      "cat__region_Yorkshire Region",
      "cat__highest_education_HE Qualification",
      "cat__highest_education_Lower Than A Level",
      "cat__highest_education_No Formal quals",
      "cat__highest_education_Post Graduate Qualification",
      "cat__imd_band_10-20",
      "cat__imd_band_20-30%",
      "cat__imd_band_30-40%",
      "cat__imd_band_40-50%",
      "cat__imd_band_50-60%",
      "cat__imd_band_60-70%",
      "cat__imd_band_70-80%",
      "cat__imd_band_80-90%",
      "cat__imd_band_90-100%",
      "cat__imd_band_None",
      "cat__age_band_35-55",
      "cat__age_band_55<=",
      "cat__disability_Y"
    ],
    "feature_names_out": [
      "num__num_of_prev_attempts",
      "num__studied_credits",
      "num__clicks_first_4_weeks",
      "num__active_weeks_first_4",
      "num__mean_clicks_first_4_weeks",
      "cat__gender_M",
      "cat__region_East Midlands Region",
      "cat__region_Ireland",
      "cat__region_London Region",
      "cat__region_North Region",
      "cat__region_North Western Region",
      "cat__region_Scotland",
      "cat__region_South East Region",
      "cat__region_South Region",
      "cat__region_South West Region",
      "cat__region_Wales",
      "cat__region_West Midlands Region",
      "cat__region_Yorkshire Region",
      "cat__highest_education_HE Qualification",
      "cat__highest_education_Lower Than A Level",
      "cat__highest_education_No Formal quals",
      "cat__highest_education_Post Graduate Qualification",
      "cat__imd_band_10-20",
      "cat__imd_band_20-30%",
      "cat__imd_band_30-40%",
      "cat__imd_band_40-50%",
      "cat__imd_band_50-60%",
      "cat__imd_band_60-70%",
      "cat__imd_band_70-80%",
      "cat__imd_band_80-90%",
      "cat__imd_band_90-100%",
      "cat__imd_band_None",
      "cat__age_band_35-55",
      "cat__age_band_55<=",
      "cat__disability_Y"
    ],
    "feature_names_safe": [
      "num_num_of_prev_attempts",
      "num_studied_credits",
      "num_clicks_first_4_weeks",
      "num_active_weeks_first_4",
      "num_mean_clicks_first_4_weeks",
      "cat_gender_M",
      "cat_region_East_Midlands_Region",
      "cat_region_Ireland",
      "cat_region_London_Region",
      "cat_region_North_Region",
      "cat_region_North_Western_Region",
      "cat_region_Scotland",
      "cat_region_South_East_Region",
      "cat_region_South_Region",
      "cat_region_South_West_Region",
      "cat_region_Wales",
      "cat_region_West_Midlands_Region",
      "cat_region_Yorkshire_Region",
      "cat_highest_education_HE_Qualification",
      "cat_highest_education_Lower_Than_A_Level",
      "cat_highest_education_No_Formal_quals",
      "cat_highest_education_Post_Graduate_Qualification",
      "cat_imd_band_10_20",
      "cat_imd_band_20_30",
      "cat_imd_band_30_40",
      "cat_imd_band_40_50",
      "cat_imd_band_50_60",
      "cat_imd_band_60_70",
      "cat_imd_band_70_80",
      "cat_imd_band_80_90",
      "cat_imd_band_90_100",
      "cat_imd_band_None",
      "cat_age_band_35_55",
      "cat_age_band_55",
      "cat_disability_Y"
    ],
    "formula_feature_map": {
      "num__num_of_prev_attempts": "num_num_of_prev_attempts",
      "num__studied_credits": "num_studied_credits",
      "num__clicks_first_4_weeks": "num_clicks_first_4_weeks",
      "num__active_weeks_first_4": "num_active_weeks_first_4",
      "num__mean_clicks_first_4_weeks": "num_mean_clicks_first_4_weeks",
      "cat__gender_M": "cat_gender_M",
      "cat__region_East Midlands Region": "cat_region_East_Midlands_Region",
      "cat__region_Ireland": "cat_region_Ireland",
      "cat__region_London Region": "cat_region_London_Region",
      "cat__region_North Region": "cat_region_North_Region",
      "cat__region_North Western Region": "cat_region_North_Western_Region",
      "cat__region_Scotland": "cat_region_Scotland",
      "cat__region_South East Region": "cat_region_South_East_Region",
      "cat__region_South Region": "cat_region_South_Region",
      "cat__region_South West Region": "cat_region_South_West_Region",
      "cat__region_Wales": "cat_region_Wales",
      "cat__region_West Midlands Region": "cat_region_West_Midlands_Region",
      "cat__region_Yorkshire Region": "cat_region_Yorkshire_Region",
      "cat__highest_education_HE Qualification": "cat_highest_education_HE_Qualification",
      "cat__highest_education_Lower Than A Level": "cat_highest_education_Lower_Than_A_Level",
      "cat__highest_education_No Formal quals": "cat_highest_education_No_Formal_quals",
      "cat__highest_education_Post Graduate Qualification": "cat_highest_education_Post_Graduate_Qualification",
      "cat__imd_band_10-20": "cat_imd_band_10_20",
      "cat__imd_band_20-30%": "cat_imd_band_20_30",
      "cat__imd_band_30-40%": "cat_imd_band_30_40",
      "cat__imd_band_40-50%": "cat_imd_band_40_50",
      "cat__imd_band_50-60%": "cat_imd_band_50_60",
      "cat__imd_band_60-70%": "cat_imd_band_60_70",
      "cat__imd_band_70-80%": "cat_imd_band_70_80",
      "cat__imd_band_80-90%": "cat_imd_band_80_90",
      "cat__imd_band_90-100%": "cat_imd_band_90_100",
      "cat__imd_band_None": "cat_imd_band_None",
      "cat__age_band_35-55": "cat_age_band_35_55",
      "cat__age_band_55<=": "cat_age_band_55",
      "cat__disability_Y": "cat_disability_Y"
    },
    "dropped_low_variance_features": []
  },
  "design_note": "The comparable Royston-Parmar arm preserves the canonical early-window contract, uses the same deterministic preprocessing as the other continuous-time baselines, sanitizes transformed feature names for formula-safe spline fitting, and rejects candidates that emit fit or prediction warnings under strict execution."
}

 candidate_id                                                      params  duration_floor                                                                                                                                                                                                                                                                                                                                                                                                                                                                                                                                                                                                                                                                                                                                                                                                                                                                                                                                                                                                                  regressors  val_ibs  val_c_index           implementation
           13 {'n_baseline_knots': 3, 'penalizer': 0.01, 'l1_ratio': 0.0}             1.0 {'beta_': 'num_num_of_prev_attempts + num_studied_credits + num_clicks_first_4_weeks + num_active_weeks_first_4 + num_mean_clicks_first_4_weeks + cat_gender_M + cat_region_East_Midlands_Region + cat_region_Ireland + cat_region_London_Region + cat_region_North_Region + cat_region_North_Western_Region + cat_region_Scotland + cat_region_South_East_Region + cat_region_South_Region + cat_region_South_West_Region + cat_region_Wales + cat_region_West_Midlands_Region + cat_region_Yorkshire_Region + cat_highest_education_HE_Qualification + cat_highest_education_Lower_Than_A_Level + cat_highest_education_No_Formal_quals + cat_highest_education_Post_Graduate_Qualification + cat_imd_band_10_20 + cat_imd_band_20_30 + cat_imd_band_30_40 + cat_imd_band_40_50 + cat_imd_band_50_60 + cat_imd_band_60_70 + cat_imd_band_70_80 + cat_imd_band_80_90 + cat_imd_band_90_100 + cat_imd_band_None + cat_age_band_35_55 + cat_age_band_55 + cat_disability_Y', 'gamma0_': '1', 'gamma1_': '1', 'gamma2_': '1'} 0.117045     0.624005 lifelines_crc_spline_aft
[END] 5.12.3 - 2026-06-19 22:27:24
[START] 5.12 - 2026-06-19 22:27:24
# ==============================================================
# 5.12.4 - Close runtime resources
# ==============================================================
DuckDB connection closed.
ARTIFACT | duckdb_connection | closed::/Users/rafars/dropout_benchmark_desenv/outputs_benchmark_survival/benchmark_survival.duckdb
[END] 5.12.4 - 2026-06-19 22:27:25
[RUN_PLAN] comparable_window_weeks=6
[START] 5.12 - 2026-06-19 22:27:25
# ==============================================================
# 5.12.1 - Lightweight runtime bootstrap
# ==============================================================
ARTIFACT | benchmark_shared_config | /Users/rafars/dropout_benchmark_desenv/benchmark_shared_config.toml
ARTIFACT | benchmark_modeling_contract | /Users/rafars/dropout_benchmark_desenv/benchmark_modeling_contract.toml
ARTIFACT | run_metadata | /Users/rafars/dropout_benchmark_desenv/outputs_benchmark_survival/metadata/run_metadata.json
ARTIFACT | duckdb_path | /Users/rafars/dropout_benchmark_desenv/outputs_benchmark_survival/benchmark_survival.duckdb
{
  "run_id": "f3766e75053447a7beb7a1c4936d231f",
  "random_seed": 42,
  "tuning_parallel_backend": "processes",
  "test_size": 0.3,
  "early_window_weeks": 4,
  "main_enrollment_window_weeks": 4,
  "effective_window_weeks": 6,
  "input_train_table": "enrollment_cox_ready_train_w6",
  "input_test_table": "enrollment_cox_ready_test_w6"
}
[END] 5.12.1 - 2026-06-19 22:27:25
[START] 5.12 - 2026-06-19 22:27:25
# ==============================================================
# 5.12.2 - Build comparable-window Royston-Parmar treatment
# ==============================================================
[Stage 5.12.2 table_royston_parmar_preprocessing_summary - Royston-Parmar preprocessing summary]
table_name=table_royston_parmar_preprocessing_summary_w6
rows=1, cols=22
  model_family  train_rows  test_rows  n_input_features_raw  n_numeric_features  n_categorical_features  n_features_after_encoding_before_filter  n_features_after_variance_filter  n_features_after_formula_sanitization  n_features_dropped_by_variance_filter  n_events_train  n_events_test  mean_duration_train  mean_duration_test                              numeric_prefill_policy categorical_imputation                     categorical_encoding                   numeric_scaling  variance_filter_threshold output_dtype                                      positioning_note  window_weeks
royston_parmar       22815       9778                    11                   5                       6                                       35                                35                                     35                                      0            5171           2216            30.536182           30.539476 deterministic_train_median_or_zero_when_all_missing       constant_missing one_hot_drop_first_handle_unknown_ignore standard_scaler_fit_on_train_only               1.000000e-12      float64 early-window comparable flexible parametric benchmark             6
ARTIFACT | Stage 5.12.2 table_royston_parmar_preprocessing_summary - Royston-Parmar preprocessing summary | duckdb://table_royston_parmar_preprocessing_summary_w6
[Stage 5.12.2 table_royston_parmar_raw_feature_manifest - Royston-Parmar raw feature manifest]
table_name=table_royston_parmar_raw_feature_manifest_w6
rows=11, cols=6
 feature_name_operational feature_role  present_in_train  present_in_test  covered_by_canonical_config  numeric_prefill_value
                   gender  categorical              True             True                        False                    NaN
                   region  categorical              True             True                        False                    NaN
        highest_education  categorical              True             True                        False                    NaN
                 imd_band  categorical              True             True                        False                    NaN
                 age_band  categorical              True             True                        False                    NaN
               disability  categorical              True             True                        False                    NaN
     num_of_prev_attempts      numeric              True             True                         True                    0.0
          studied_credits      numeric              True             True                         True                   60.0
     clicks_first_6_weeks      numeric              True             True                         True                  182.0
     active_weeks_first_6      numeric              True             True                         True                    5.0
mean_clicks_first_6_weeks      numeric              True             True                         True                   39.0
ARTIFACT | Stage 5.12.2 table_royston_parmar_raw_feature_manifest - Royston-Parmar raw feature manifest | duckdb://table_royston_parmar_raw_feature_manifest_w6
[Stage 5.12.2 table_royston_parmar_feature_names_out - Royston-Parmar output feature manifest]
table_name=table_royston_parmar_feature_names_out_w6
rows=35, cols=2
                         feature_name_out  transformed_variance_train
                num__num_of_prev_attempts                    1.000000
                     num__studied_credits                    1.000000
                num__clicks_first_6_weeks                    1.000000
                num__active_weeks_first_6                    1.000000
           num__mean_clicks_first_6_weeks                    1.000000
                            cat__gender_M                    0.247988
         cat__region_East Midlands Region                    0.067091
                      cat__region_Ireland                    0.034283
                cat__region_London Region                    0.088295
                 cat__region_North Region                    0.052060
         cat__region_North Western Region                    0.082139
                     cat__region_Scotland                    0.094370
            cat__region_South East Region                    0.059974
                 cat__region_South Region                    0.087554
            cat__region_South West Region                    0.068848
                        cat__region_Wales                    0.059707
         cat__region_West Midlands Region                    0.073261
             cat__region_Yorkshire Region                    0.058136
  cat__highest_education_HE Qualification                    0.123970
cat__highest_education_Lower Than A Level                    0.240991
ARTIFACT | Stage 5.12.2 table_royston_parmar_feature_names_out - Royston-Parmar output feature manifest | duckdb://table_royston_parmar_feature_names_out_w6
[Stage 5.12.2 table_royston_parmar_formula_feature_map - Royston-Parmar formula feature map]
table_name=table_royston_parmar_formula_feature_map_w6
rows=35, cols=2
                         feature_name_out                        feature_name_safe
                num__num_of_prev_attempts                 num_num_of_prev_attempts
                     num__studied_credits                      num_studied_credits
                num__clicks_first_6_weeks                 num_clicks_first_6_weeks
                num__active_weeks_first_6                 num_active_weeks_first_6
           num__mean_clicks_first_6_weeks            num_mean_clicks_first_6_weeks
                            cat__gender_M                             cat_gender_M
         cat__region_East Midlands Region          cat_region_East_Midlands_Region
                      cat__region_Ireland                       cat_region_Ireland
                cat__region_London Region                 cat_region_London_Region
                 cat__region_North Region                  cat_region_North_Region
         cat__region_North Western Region          cat_region_North_Western_Region
                     cat__region_Scotland                      cat_region_Scotland
            cat__region_South East Region             cat_region_South_East_Region
                 cat__region_South Region                  cat_region_South_Region
            cat__region_South West Region             cat_region_South_West_Region
                        cat__region_Wales                         cat_region_Wales
         cat__region_West Midlands Region          cat_region_West_Midlands_Region
             cat__region_Yorkshire Region              cat_region_Yorkshire_Region
  cat__highest_education_HE Qualification   cat_highest_education_HE_Qualification
cat__highest_education_Lower Than A Level cat_highest_education_Lower_Than_A_Level
ARTIFACT | Stage 5.12.2 table_royston_parmar_formula_feature_map - Royston-Parmar formula feature map | duckdb://table_royston_parmar_formula_feature_map_w6
ARTIFACT | royston_parmar_preprocessing_config | /Users/rafars/dropout_benchmark_desenv/outputs_benchmark_survival/metadata/royston_parmar_preprocessing_config_w6.json
{
  "model_family": "royston_parmar",
  "duration_column": "duration",
  "event_column": "event",
  "categorical_features": [
    "gender",
    "region",
    "highest_education",
    "imd_band",
    "age_band",
    "disability"
  ],
  "numeric_features": [
    "num_of_prev_attempts",
    "studied_credits",
    "clicks_first_6_weeks",
    "active_weeks_first_6",
    "mean_clicks_first_6_weeks"
  ],
  "raw_feature_columns": [
    "gender",
    "region",
    "highest_education",
    "imd_band",
    "age_band",
    "disability",
    "num_of_prev_attempts",
    "studied_credits",
    "clicks_first_6_weeks",
    "active_weeks_first_6",
    "mean_clicks_first_6_weeks"
  ],
  "expected_features_raw": [
    "studied_credits",
    "num_of_prev_attempts",
    "num_of_prev_attempts",
    "studied_credits",
    "clicks_first_6_weeks",
    "active_weeks_first_6",
    "mean_clicks_first_6_weeks"
  ],
  "expected_features_resolved": [
    "studied_credits",
    "num_of_prev_attempts",
    "clicks_first_6_weeks",
    "active_weeks_first_6",
    "mean_clicks_first_6_weeks"
  ],
  "numeric_prefill_policy": "deterministic_train_median_or_zero_when_all_missing",
  "numeric_fill_values": {
    "num_of_prev_attempts": 0.0,
    "studied_credits": 60.0,
    "clicks_first_6_weeks": 182.0,
    "active_weeks_first_6": 5.0,
    "mean_clicks_first_6_weeks": 39.0
  },
  "categorical_imputation": "constant_missing",
  "categorical_encoding": "one_hot_drop_first_handle_unknown_ignore",
  "numeric_scaling": "standard_scaler_fit_on_train_only",
  "variance_filter_threshold": 1e-12,
  "feature_names_before_filter": [
    "num__num_of_prev_attempts",
    "num__studied_credits",
    "num__clicks_first_6_weeks",
    "num__active_weeks_first_6",
    "num__mean_clicks_first_6_weeks",
    "cat__gender_M",
    "cat__region_East Midlands Region",
    "cat__region_Ireland",
    "cat__region_London Region",
    "cat__region_North Region",
    "cat__region_North Western Region",
    "cat__region_Scotland",
    "cat__region_South East Region",
    "cat__region_South Region",
    "cat__region_South West Region",
    "cat__region_Wales",
    "cat__region_West Midlands Region",
    "cat__region_Yorkshire Region",
    "cat__highest_education_HE Qualification",
    "cat__highest_education_Lower Than A Level",
    "cat__highest_education_No Formal quals",
    "cat__highest_education_Post Graduate Qualification",
    "cat__imd_band_10-20",
    "cat__imd_band_20-30%",
    "cat__imd_band_30-40%",
    "cat__imd_band_40-50%",
    "cat__imd_band_50-60%",
    "cat__imd_band_60-70%",
    "cat__imd_band_70-80%",
    "cat__imd_band_80-90%",
    "cat__imd_band_90-100%",
    "cat__imd_band_None",
    "cat__age_band_35-55",
    "cat__age_band_55<=",
    "cat__disability_Y"
  ],
  "feature_names_out": [
    "num__num_of_prev_attempts",
    "num__studied_credits",
    "num__clicks_first_6_weeks",
    "num__active_weeks_first_6",
    "num__mean_clicks_first_6_weeks",
    "cat__gender_M",
    "cat__region_East Midlands Region",
    "cat__region_Ireland",
    "cat__region_London Region",
    "cat__region_North Region",
    "cat__region_North Western Region",
    "cat__region_Scotland",
    "cat__region_South East Region",
    "cat__region_South Region",
    "cat__region_South West Region",
    "cat__region_Wales",
    "cat__region_West Midlands Region",
    "cat__region_Yorkshire Region",
    "cat__highest_education_HE Qualification",
    "cat__highest_education_Lower Than A Level",
    "cat__highest_education_No Formal quals",
    "cat__highest_education_Post Graduate Qualification",
    "cat__imd_band_10-20",
    "cat__imd_band_20-30%",
    "cat__imd_band_30-40%",
    "cat__imd_band_40-50%",
    "cat__imd_band_50-60%",
    "cat__imd_band_60-70%",
    "cat__imd_band_70-80%",
    "cat__imd_band_80-90%",
    "cat__imd_band_90-100%",
    "cat__imd_band_None",
    "cat__age_band_35-55",
    "cat__age_band_55<=",
    "cat__disability_Y"
  ],
  "feature_names_safe": [
    "num_num_of_prev_attempts",
    "num_studied_credits",
    "num_clicks_first_6_weeks",
    "num_active_weeks_first_6",
    "num_mean_clicks_first_6_weeks",
    "cat_gender_M",
    "cat_region_East_Midlands_Region",
    "cat_region_Ireland",
    "cat_region_London_Region",
    "cat_region_North_Region",
    "cat_region_North_Western_Region",
    "cat_region_Scotland",
    "cat_region_South_East_Region",
    "cat_region_South_Region",
    "cat_region_South_West_Region",
    "cat_region_Wales",
    "cat_region_West_Midlands_Region",
    "cat_region_Yorkshire_Region",
    "cat_highest_education_HE_Qualification",
    "cat_highest_education_Lower_Than_A_Level",
    "cat_highest_education_No_Formal_quals",
    "cat_highest_education_Post_Graduate_Qualification",
    "cat_imd_band_10_20",
    "cat_imd_band_20_30",
    "cat_imd_band_30_40",
    "cat_imd_band_40_50",
    "cat_imd_band_50_60",
    "cat_imd_band_60_70",
    "cat_imd_band_70_80",
    "cat_imd_band_80_90",
    "cat_imd_band_90_100",
    "cat_imd_band_None",
    "cat_age_band_35_55",
    "cat_age_band_55",
    "cat_disability_Y"
  ],
  "formula_feature_map": {
    "num__num_of_prev_attempts": "num_num_of_prev_attempts",
    "num__studied_credits": "num_studied_credits",
    "num__clicks_first_6_weeks": "num_clicks_first_6_weeks",
    "num__active_weeks_first_6": "num_active_weeks_first_6",
    "num__mean_clicks_first_6_weeks": "num_mean_clicks_first_6_weeks",
    "cat__gender_M": "cat_gender_M",
    "cat__region_East Midlands Region": "cat_region_East_Midlands_Region",
    "cat__region_Ireland": "cat_region_Ireland",
    "cat__region_London Region": "cat_region_London_Region",
    "cat__region_North Region": "cat_region_North_Region",
    "cat__region_North Western Region": "cat_region_North_Western_Region",
    "cat__region_Scotland": "cat_region_Scotland",
    "cat__region_South East Region": "cat_region_South_East_Region",
    "cat__region_South Region": "cat_region_South_Region",
    "cat__region_South West Region": "cat_region_South_West_Region",
    "cat__region_Wales": "cat_region_Wales",
    "cat__region_West Midlands Region": "cat_region_West_Midlands_Region",
    "cat__region_Yorkshire Region": "cat_region_Yorkshire_Region",
    "cat__highest_education_HE Qualification": "cat_highest_education_HE_Qualification",
    "cat__highest_education_Lower Than A Level": "cat_highest_education_Lower_Than_A_Level",
    "cat__highest_education_No Formal quals": "cat_highest_education_No_Formal_quals",
    "cat__highest_education_Post Graduate Qualification": "cat_highest_education_Post_Graduate_Qualification",
    "cat__imd_band_10-20": "cat_imd_band_10_20",
    "cat__imd_band_20-30%": "cat_imd_band_20_30",
    "cat__imd_band_30-40%": "cat_imd_band_30_40",
    "cat__imd_band_40-50%": "cat_imd_band_40_50",
    "cat__imd_band_50-60%": "cat_imd_band_50_60",
    "cat__imd_band_60-70%": "cat_imd_band_60_70",
    "cat__imd_band_70-80%": "cat_imd_band_70_80",
    "cat__imd_band_80-90%": "cat_imd_band_80_90",
    "cat__imd_band_90-100%": "cat_imd_band_90_100",
    "cat__imd_band_None": "cat_imd_band_None",
    "cat__age_band_35-55": "cat_age_band_35_55",
    "cat__age_band_55<=": "cat_age_band_55",
    "cat__disability_Y": "cat_disability_Y"
  },
  "dropped_low_variance_features": [],
  "positioning_note": "early-window comparable flexible parametric benchmark",
  "window_weeks": 6,
  "duration_floor": 1.0
}

[END] 5.12.2 - 2026-06-19 22:27:26
[START] 5.12 - 2026-06-19 22:27:26
# ==============================================================
# 5.12.3 - Tune and evaluate the comparable-window Royston-Parmar model
# ==============================================================
- TUNING_WORKERS: 8
- TUNING_BACKEND: processes
[Stage 5.12.3 table_royston_parmar_tuning_results - Royston-Parmar tuning results]
table_name=table_royston_parmar_tuning_results_w6
rows=24, cols=11
 candidate_id  n_baseline_knots  penalizer  l1_ratio  duration_floor           implementation                                                                                                                                                                                                                                                                                                                                                                                                                                                                                                                                                                                                                                                                                                                                                                                                                                                                                                                                                                                                                  regressors fit_status  val_ibs  val_c_index                                                                                                                                                                                                                                                                                                                                                                                                                                                                                                                                                                                                                                                                                                                                                                                                                                                                                                                                                                                                                                                                                                                                                      error_message
           20                 3      0.500       0.0             1.0 lifelines_crc_spline_aft {'beta_': 'num_num_of_prev_attempts + num_studied_credits + num_clicks_first_6_weeks + num_active_weeks_first_6 + num_mean_clicks_first_6_weeks + cat_gender_M + cat_region_East_Midlands_Region + cat_region_Ireland + cat_region_London_Region + cat_region_North_Region + cat_region_North_Western_Region + cat_region_Scotland + cat_region_South_East_Region + cat_region_South_Region + cat_region_South_West_Region + cat_region_Wales + cat_region_West_Midlands_Region + cat_region_Yorkshire_Region + cat_highest_education_HE_Qualification + cat_highest_education_Lower_Than_A_Level + cat_highest_education_No_Formal_quals + cat_highest_education_Post_Graduate_Qualification + cat_imd_band_10_20 + cat_imd_band_20_30 + cat_imd_band_30_40 + cat_imd_band_40_50 + cat_imd_band_50_60 + cat_imd_band_60_70 + cat_imd_band_70_80 + cat_imd_band_80_90 + cat_imd_band_90_100 + cat_imd_band_None + cat_age_band_35_55 + cat_age_band_55 + cat_disability_Y', 'gamma0_': '1', 'gamma1_': '1', 'gamma2_': '1'}     failed      NaN          NaN ConvergenceError: \n               Fitting did not converge. Try the following:\n\n               0. Are there any lifelines warnings outputted during the `fit`?\n               1. Inspect your DataFrame: does everything look as expected?\n               2. Try scaling your duration vector down, i.e. `df[duration_col] = df[duration_col]/100`\n               3. Is there high-collinearity in the dataset? Try using the variance inflation factor (VIF) to find redundant variables.\n               4. Try using an alternate minimizer: ``fitter._scipy_fit_method = "SLSQP"``.\n               5. Trying adding a small penalizer (or changing it, if already present). Example: `CRCSplineFitter(penalizer=0.01).fit(...)`.\n               6. Are there any extreme outliers? Try modeling them or dropping them to see if it helps convergence.\n\n               minimum_results= message: Iteration limit reached\nsuccess: False\n status: 9\n    fun: 4.294296082716092\n      x: [ 1.617e+00  1.658e-01 ...  3.445e-01  5.208e-01]\n    nit: 500\n    jac: [-8.174e-01  9.463e-02 ... -9.717e-01  6.581e-01]\n   nfev: 1102\n   njev: 500\n
           21                 3      0.700       0.0             1.0 lifelines_crc_spline_aft {'beta_': 'num_num_of_prev_attempts + num_studied_credits + num_clicks_first_6_weeks + num_active_weeks_first_6 + num_mean_clicks_first_6_weeks + cat_gender_M + cat_region_East_Midlands_Region + cat_region_Ireland + cat_region_London_Region + cat_region_North_Region + cat_region_North_Western_Region + cat_region_Scotland + cat_region_South_East_Region + cat_region_South_Region + cat_region_South_West_Region + cat_region_Wales + cat_region_West_Midlands_Region + cat_region_Yorkshire_Region + cat_highest_education_HE_Qualification + cat_highest_education_Lower_Than_A_Level + cat_highest_education_No_Formal_quals + cat_highest_education_Post_Graduate_Qualification + cat_imd_band_10_20 + cat_imd_band_20_30 + cat_imd_band_30_40 + cat_imd_band_40_50 + cat_imd_band_50_60 + cat_imd_band_60_70 + cat_imd_band_70_80 + cat_imd_band_80_90 + cat_imd_band_90_100 + cat_imd_band_None + cat_age_band_35_55 + cat_age_band_55 + cat_disability_Y', 'gamma0_': '1', 'gamma1_': '1', 'gamma2_': '1'}     failed      NaN          NaN   ConvergenceError: \n               Fitting did not converge. Try the following:\n\n               0. Are there any lifelines warnings outputted during the `fit`?\n               1. Inspect your DataFrame: does everything look as expected?\n               2. Try scaling your duration vector down, i.e. `df[duration_col] = df[duration_col]/100`\n               3. Is there high-collinearity in the dataset? Try using the variance inflation factor (VIF) to find redundant variables.\n               4. Try using an alternate minimizer: ``fitter._scipy_fit_method = "SLSQP"``.\n               5. Trying adding a small penalizer (or changing it, if already present). Example: `CRCSplineFitter(penalizer=0.01).fit(...)`.\n               6. Are there any extreme outliers? Try modeling them or dropping them to see if it helps convergence.\n\n               minimum_results= message: Iteration limit reached\nsuccess: False\n status: 9\n    fun: 6.06176490045992\n      x: [ 1.058e+00  1.937e-03 ...  3.699e-01  5.319e-01]\n    nit: 500\n    jac: [-3.684e-02  8.004e-03 ... -4.536e-02  3.839e-02]\n   nfev: 958\n   njev: 500\n
           23                 3      2.000       0.0             1.0 lifelines_crc_spline_aft {'beta_': 'num_num_of_prev_attempts + num_studied_credits + num_clicks_first_6_weeks + num_active_weeks_first_6 + num_mean_clicks_first_6_weeks + cat_gender_M + cat_region_East_Midlands_Region + cat_region_Ireland + cat_region_London_Region + cat_region_North_Region + cat_region_North_Western_Region + cat_region_Scotland + cat_region_South_East_Region + cat_region_South_Region + cat_region_South_West_Region + cat_region_Wales + cat_region_West_Midlands_Region + cat_region_Yorkshire_Region + cat_highest_education_HE_Qualification + cat_highest_education_Lower_Than_A_Level + cat_highest_education_No_Formal_quals + cat_highest_education_Post_Graduate_Qualification + cat_imd_band_10_20 + cat_imd_band_20_30 + cat_imd_band_30_40 + cat_imd_band_40_50 + cat_imd_band_50_60 + cat_imd_band_60_70 + cat_imd_band_70_80 + cat_imd_band_80_90 + cat_imd_band_90_100 + cat_imd_band_None + cat_age_band_35_55 + cat_age_band_55 + cat_disability_Y', 'gamma0_': '1', 'gamma1_': '1', 'gamma2_': '1'}     failed      NaN          NaN  ConvergenceError: \n               Fitting did not converge. Try the following:\n\n               0. Are there any lifelines warnings outputted during the `fit`?\n               1. Inspect your DataFrame: does everything look as expected?\n               2. Try scaling your duration vector down, i.e. `df[duration_col] = df[duration_col]/100`\n               3. Is there high-collinearity in the dataset? Try using the variance inflation factor (VIF) to find redundant variables.\n               4. Try using an alternate minimizer: ``fitter._scipy_fit_method = "SLSQP"``.\n               5. Trying adding a small penalizer (or changing it, if already present). Example: `CRCSplineFitter(penalizer=0.01).fit(...)`.\n               6. Are there any extreme outliers? Try modeling them or dropping them to see if it helps convergence.\n\n               minimum_results= message: Iteration limit reached\nsuccess: False\n status: 9\n    fun: 7.017042929736371\n      x: [ 7.901e-01  2.000e-02 ...  2.262e-01  3.265e-01]\n    nit: 500\n    jac: [-2.646e-02  3.536e-02 ... -4.367e-02  9.089e-04]\n   nfev: 929\n   njev: 500\n
           13                 3      0.010       0.0             1.0 lifelines_crc_spline_aft {'beta_': 'num_num_of_prev_attempts + num_studied_credits + num_clicks_first_6_weeks + num_active_weeks_first_6 + num_mean_clicks_first_6_weeks + cat_gender_M + cat_region_East_Midlands_Region + cat_region_Ireland + cat_region_London_Region + cat_region_North_Region + cat_region_North_Western_Region + cat_region_Scotland + cat_region_South_East_Region + cat_region_South_Region + cat_region_South_West_Region + cat_region_Wales + cat_region_West_Midlands_Region + cat_region_Yorkshire_Region + cat_highest_education_HE_Qualification + cat_highest_education_Lower_Than_A_Level + cat_highest_education_No_Formal_quals + cat_highest_education_Post_Graduate_Qualification + cat_imd_band_10_20 + cat_imd_band_20_30 + cat_imd_band_30_40 + cat_imd_band_40_50 + cat_imd_band_50_60 + cat_imd_band_60_70 + cat_imd_band_70_80 + cat_imd_band_80_90 + cat_imd_band_90_100 + cat_imd_band_None + cat_age_band_35_55 + cat_age_band_55 + cat_disability_Y', 'gamma0_': '1', 'gamma1_': '1', 'gamma2_': '1'}         ok 0.114398     0.641144                                                                                                                                                                                                                                                                                                                                                                                                                                                                                                                                                                                                                                                                                                                                                                                                                                                                                                                                                                                                                                                                                                                                                               None
            1                 2      0.010       0.0             1.0 lifelines_crc_spline_aft                 {'beta_': 'num_num_of_prev_attempts + num_studied_credits + num_clicks_first_6_weeks + num_active_weeks_first_6 + num_mean_clicks_first_6_weeks + cat_gender_M + cat_region_East_Midlands_Region + cat_region_Ireland + cat_region_London_Region + cat_region_North_Region + cat_region_North_Western_Region + cat_region_Scotland + cat_region_South_East_Region + cat_region_South_Region + cat_region_South_West_Region + cat_region_Wales + cat_region_West_Midlands_Region + cat_region_Yorkshire_Region + cat_highest_education_HE_Qualification + cat_highest_education_Lower_Than_A_Level + cat_highest_education_No_Formal_quals + cat_highest_education_Post_Graduate_Qualification + cat_imd_band_10_20 + cat_imd_band_20_30 + cat_imd_band_30_40 + cat_imd_band_40_50 + cat_imd_band_50_60 + cat_imd_band_60_70 + cat_imd_band_70_80 + cat_imd_band_80_90 + cat_imd_band_90_100 + cat_imd_band_None + cat_age_band_35_55 + cat_age_band_55 + cat_disability_Y', 'gamma0_': '1', 'gamma1_': '1'}         ok 0.114515     0.652596                                                                                                                                                                                                                                                                                                                                                                                                                                                                                                                                                                                                                                                                                                                                                                                                                                                                                                                                                                                                                                                                                                                                                               None
            2                 2      0.025       0.0             1.0 lifelines_crc_spline_aft                 {'beta_': 'num_num_of_prev_attempts + num_studied_credits + num_clicks_first_6_weeks + num_active_weeks_first_6 + num_mean_clicks_first_6_weeks + cat_gender_M + cat_region_East_Midlands_Region + cat_region_Ireland + cat_region_London_Region + cat_region_North_Region + cat_region_North_Western_Region + cat_region_Scotland + cat_region_South_East_Region + cat_region_South_Region + cat_region_South_West_Region + cat_region_Wales + cat_region_West_Midlands_Region + cat_region_Yorkshire_Region + cat_highest_education_HE_Qualification + cat_highest_education_Lower_Than_A_Level + cat_highest_education_No_Formal_quals + cat_highest_education_Post_Graduate_Qualification + cat_imd_band_10_20 + cat_imd_band_20_30 + cat_imd_band_30_40 + cat_imd_band_40_50 + cat_imd_band_50_60 + cat_imd_band_60_70 + cat_imd_band_70_80 + cat_imd_band_80_90 + cat_imd_band_90_100 + cat_imd_band_None + cat_age_band_35_55 + cat_age_band_55 + cat_disability_Y', 'gamma0_': '1', 'gamma1_': '1'}         ok 0.115429     0.650682                                                                                                                                                                                                                                                                                                                                                                                                                                                                                                                                                                                                                                                                                                                                                                                                                                                                                                                                                                                                                                                                                                                                                               None
           14                 3      0.025       0.0             1.0 lifelines_crc_spline_aft {'beta_': 'num_num_of_prev_attempts + num_studied_credits + num_clicks_first_6_weeks + num_active_weeks_first_6 + num_mean_clicks_first_6_weeks + cat_gender_M + cat_region_East_Midlands_Region + cat_region_Ireland + cat_region_London_Region + cat_region_North_Region + cat_region_North_Western_Region + cat_region_Scotland + cat_region_South_East_Region + cat_region_South_Region + cat_region_South_West_Region + cat_region_Wales + cat_region_West_Midlands_Region + cat_region_Yorkshire_Region + cat_highest_education_HE_Qualification + cat_highest_education_Lower_Than_A_Level + cat_highest_education_No_Formal_quals + cat_highest_education_Post_Graduate_Qualification + cat_imd_band_10_20 + cat_imd_band_20_30 + cat_imd_band_30_40 + cat_imd_band_40_50 + cat_imd_band_50_60 + cat_imd_band_60_70 + cat_imd_band_70_80 + cat_imd_band_80_90 + cat_imd_band_90_100 + cat_imd_band_None + cat_age_band_35_55 + cat_age_band_55 + cat_disability_Y', 'gamma0_': '1', 'gamma1_': '1', 'gamma2_': '1'}         ok 0.115664     0.644660                                                                                                                                                                                                                                                                                                                                                                                                                                                                                                                                                                                                                                                                                                                                                                                                                                                                                                                                                                                                                                                                                                                                                               None
            3                 2      0.050       0.0             1.0 lifelines_crc_spline_aft                 {'beta_': 'num_num_of_prev_attempts + num_studied_credits + num_clicks_first_6_weeks + num_active_weeks_first_6 + num_mean_clicks_first_6_weeks + cat_gender_M + cat_region_East_Midlands_Region + cat_region_Ireland + cat_region_London_Region + cat_region_North_Region + cat_region_North_Western_Region + cat_region_Scotland + cat_region_South_East_Region + cat_region_South_Region + cat_region_South_West_Region + cat_region_Wales + cat_region_West_Midlands_Region + cat_region_Yorkshire_Region + cat_highest_education_HE_Qualification + cat_highest_education_Lower_Than_A_Level + cat_highest_education_No_Formal_quals + cat_highest_education_Post_Graduate_Qualification + cat_imd_band_10_20 + cat_imd_band_20_30 + cat_imd_band_30_40 + cat_imd_band_40_50 + cat_imd_band_50_60 + cat_imd_band_60_70 + cat_imd_band_70_80 + cat_imd_band_80_90 + cat_imd_band_90_100 + cat_imd_band_None + cat_age_band_35_55 + cat_age_band_55 + cat_disability_Y', 'gamma0_': '1', 'gamma1_': '1'}         ok 0.116206     0.649298                                                                                                                                                                                                                                                                                                                                                                                                                                                                                                                                                                                                                                                                                                                                                                                                                                                                                                                                                                                                                                                                                                                                                               None
           15                 3      0.050       0.0             1.0 lifelines_crc_spline_aft {'beta_': 'num_num_of_prev_attempts + num_studied_credits + num_clicks_first_6_weeks + num_active_weeks_first_6 + num_mean_clicks_first_6_weeks + cat_gender_M + cat_region_East_Midlands_Region + cat_region_Ireland + cat_region_London_Region + cat_region_North_Region + cat_region_North_Western_Region + cat_region_Scotland + cat_region_South_East_Region + cat_region_South_Region + cat_region_South_West_Region + cat_region_Wales + cat_region_West_Midlands_Region + cat_region_Yorkshire_Region + cat_highest_education_HE_Qualification + cat_highest_education_Lower_Than_A_Level + cat_highest_education_No_Formal_quals + cat_highest_education_Post_Graduate_Qualification + cat_imd_band_10_20 + cat_imd_band_20_30 + cat_imd_band_30_40 + cat_imd_band_40_50 + cat_imd_band_50_60 + cat_imd_band_60_70 + cat_imd_band_70_80 + cat_imd_band_80_90 + cat_imd_band_90_100 + cat_imd_band_None + cat_age_band_35_55 + cat_age_band_55 + cat_disability_Y', 'gamma0_': '1', 'gamma1_': '1', 'gamma2_': '1'}         ok 0.116850     0.642132                                                                                                                                                                                                                                                                                                                                                                                                                                                                                                                                                                                                                                                                                                                                                                                                                                                                                                                                                                                                                                                                                                                                                               None
            4                 2      0.100       0.0             1.0 lifelines_crc_spline_aft                 {'beta_': 'num_num_of_prev_attempts + num_studied_credits + num_clicks_first_6_weeks + num_active_weeks_first_6 + num_mean_clicks_first_6_weeks + cat_gender_M + cat_region_East_Midlands_Region + cat_region_Ireland + cat_region_London_Region + cat_region_North_Region + cat_region_North_Western_Region + cat_region_Scotland + cat_region_South_East_Region + cat_region_South_Region + cat_region_South_West_Region + cat_region_Wales + cat_region_West_Midlands_Region + cat_region_Yorkshire_Region + cat_highest_education_HE_Qualification + cat_highest_education_Lower_Than_A_Level + cat_highest_education_No_Formal_quals + cat_highest_education_Post_Graduate_Qualification + cat_imd_band_10_20 + cat_imd_band_20_30 + cat_imd_band_30_40 + cat_imd_band_40_50 + cat_imd_band_50_60 + cat_imd_band_60_70 + cat_imd_band_70_80 + cat_imd_band_80_90 + cat_imd_band_90_100 + cat_imd_band_None + cat_age_band_35_55 + cat_age_band_55 + cat_disability_Y', 'gamma0_': '1', 'gamma1_': '1'}         ok 0.117361     0.647508                                                                                                                                                                                                                                                                                                                                                                                                                                                                                                                                                                                                                                                                                                                                                                                                                                                                                                                                                                                                                                                                                                                                                               None
           16                 3      0.100       0.0             1.0 lifelines_crc_spline_aft {'beta_': 'num_num_of_prev_attempts + num_studied_credits + num_clicks_first_6_weeks + num_active_weeks_first_6 + num_mean_clicks_first_6_weeks + cat_gender_M + cat_region_East_Midlands_Region + cat_region_Ireland + cat_region_London_Region + cat_region_North_Region + cat_region_North_Western_Region + cat_region_Scotland + cat_region_South_East_Region + cat_region_South_Region + cat_region_South_West_Region + cat_region_Wales + cat_region_West_Midlands_Region + cat_region_Yorkshire_Region + cat_highest_education_HE_Qualification + cat_highest_education_Lower_Than_A_Level + cat_highest_education_No_Formal_quals + cat_highest_education_Post_Graduate_Qualification + cat_imd_band_10_20 + cat_imd_band_20_30 + cat_imd_band_30_40 + cat_imd_band_40_50 + cat_imd_band_50_60 + cat_imd_band_60_70 + cat_imd_band_70_80 + cat_imd_band_80_90 + cat_imd_band_90_100 + cat_imd_band_None + cat_age_band_35_55 + cat_age_band_55 + cat_disability_Y', 'gamma0_': '1', 'gamma1_': '1', 'gamma2_': '1'}         ok 0.117636     0.633560                                                                                                                                                                                                                                                                                                                                                                                                                                                                                                                                                                                                                                                                                                                                                                                                                                                                                                                                                                                                                                                                                                                                                               None
            5                 2      0.150       0.0             1.0 lifelines_crc_spline_aft                 {'beta_': 'num_num_of_prev_attempts + num_studied_credits + num_clicks_first_6_weeks + num_active_weeks_first_6 + num_mean_clicks_first_6_weeks + cat_gender_M + cat_region_East_Midlands_Region + cat_region_Ireland + cat_region_London_Region + cat_region_North_Region + cat_region_North_Western_Region + cat_region_Scotland + cat_region_South_East_Region + cat_region_South_Region + cat_region_South_West_Region + cat_region_Wales + cat_region_West_Midlands_Region + cat_region_Yorkshire_Region + cat_highest_education_HE_Qualification + cat_highest_education_Lower_Than_A_Level + cat_highest_education_No_Formal_quals + cat_highest_education_Post_Graduate_Qualification + cat_imd_band_10_20 + cat_imd_band_20_30 + cat_imd_band_30_40 + cat_imd_band_40_50 + cat_imd_band_50_60 + cat_imd_band_60_70 + cat_imd_band_70_80 + cat_imd_band_80_90 + cat_imd_band_90_100 + cat_imd_band_None + cat_age_band_35_55 + cat_age_band_55 + cat_disability_Y', 'gamma0_': '1', 'gamma1_': '1'}         ok 0.118286     0.646204                                                                                                                                                                                                                                                                                                                                                                                                                                                                                                                                                                                                                                                                                                                                                                                                                                                                                                                                                                                                                                                                                                                                                               None
            6                 2      0.200       0.0             1.0 lifelines_crc_spline_aft                 {'beta_': 'num_num_of_prev_attempts + num_studied_credits + num_clicks_first_6_weeks + num_active_weeks_first_6 + num_mean_clicks_first_6_weeks + cat_gender_M + cat_region_East_Midlands_Region + cat_region_Ireland + cat_region_London_Region + cat_region_North_Region + cat_region_North_Western_Region + cat_region_Scotland + cat_region_South_East_Region + cat_region_South_Region + cat_region_South_West_Region + cat_region_Wales + cat_region_West_Midlands_Region + cat_region_Yorkshire_Region + cat_highest_education_HE_Qualification + cat_highest_education_Lower_Than_A_Level + cat_highest_education_No_Formal_quals + cat_highest_education_Post_Graduate_Qualification + cat_imd_band_10_20 + cat_imd_band_20_30 + cat_imd_band_30_40 + cat_imd_band_40_50 + cat_imd_band_50_60 + cat_imd_band_60_70 + cat_imd_band_70_80 + cat_imd_band_80_90 + cat_imd_band_90_100 + cat_imd_band_None + cat_age_band_35_55 + cat_age_band_55 + cat_disability_Y', 'gamma0_': '1', 'gamma1_': '1'}         ok 0.119017     0.644702                                                                                                                                                                                                                                                                                                                                                                                                                                                                                                                                                                                                                                                                                                                                                                                                                                                                                                                                                                                                                                                                                                                                                               None
           18                 3      0.200       0.0             1.0 lifelines_crc_spline_aft {'beta_': 'num_num_of_prev_attempts + num_studied_credits + num_clicks_first_6_weeks + num_active_weeks_first_6 + num_mean_clicks_first_6_weeks + cat_gender_M + cat_region_East_Midlands_Region + cat_region_Ireland + cat_region_London_Region + cat_region_North_Region + cat_region_North_Western_Region + cat_region_Scotland + cat_region_South_East_Region + cat_region_South_Region + cat_region_South_West_Region + cat_region_Wales + cat_region_West_Midlands_Region + cat_region_Yorkshire_Region + cat_highest_education_HE_Qualification + cat_highest_education_Lower_Than_A_Level + cat_highest_education_No_Formal_quals + cat_highest_education_Post_Graduate_Qualification + cat_imd_band_10_20 + cat_imd_band_20_30 + cat_imd_band_30_40 + cat_imd_band_40_50 + cat_imd_band_50_60 + cat_imd_band_60_70 + cat_imd_band_70_80 + cat_imd_band_80_90 + cat_imd_band_90_100 + cat_imd_band_None + cat_age_band_35_55 + cat_age_band_55 + cat_disability_Y', 'gamma0_': '1', 'gamma1_': '1', 'gamma2_': '1'}         ok 0.119132     0.644378                                                                                                                                                                                                                                                                                                                                                                                                                                                                                                                                                                                                                                                                                                                                                                                                                                                                                                                                                                                                                                                                                                                                                               None
           19                 3      0.300       0.0             1.0 lifelines_crc_spline_aft {'beta_': 'num_num_of_prev_attempts + num_studied_credits + num_clicks_first_6_weeks + num_active_weeks_first_6 + num_mean_clicks_first_6_weeks + cat_gender_M + cat_region_East_Midlands_Region + cat_region_Ireland + cat_region_London_Region + cat_region_North_Region + cat_region_North_Western_Region + cat_region_Scotland + cat_region_South_East_Region + cat_region_South_Region + cat_region_South_West_Region + cat_region_Wales + cat_region_West_Midlands_Region + cat_region_Yorkshire_Region + cat_highest_education_HE_Qualification + cat_highest_education_Lower_Than_A_Level + cat_highest_education_No_Formal_quals + cat_highest_education_Post_Graduate_Qualification + cat_imd_band_10_20 + cat_imd_band_20_30 + cat_imd_band_30_40 + cat_imd_band_40_50 + cat_imd_band_50_60 + cat_imd_band_60_70 + cat_imd_band_70_80 + cat_imd_band_80_90 + cat_imd_band_90_100 + cat_imd_band_None + cat_age_band_35_55 + cat_age_band_55 + cat_disability_Y', 'gamma0_': '1', 'gamma1_': '1', 'gamma2_': '1'}         ok 0.120077     0.641982                                                                                                                                                                                                                                                                                                                                                                                                                                                                                                                                                                                                                                                                                                                                                                                                                                                                                                                                                                                                                                                                                                                                                               None
            7                 2      0.300       0.0             1.0 lifelines_crc_spline_aft                 {'beta_': 'num_num_of_prev_attempts + num_studied_credits + num_clicks_first_6_weeks + num_active_weeks_first_6 + num_mean_clicks_first_6_weeks + cat_gender_M + cat_region_East_Midlands_Region + cat_region_Ireland + cat_region_London_Region + cat_region_North_Region + cat_region_North_Western_Region + cat_region_Scotland + cat_region_South_East_Region + cat_region_South_Region + cat_region_South_West_Region + cat_region_Wales + cat_region_West_Midlands_Region + cat_region_Yorkshire_Region + cat_highest_education_HE_Qualification + cat_highest_education_Lower_Than_A_Level + cat_highest_education_No_Formal_quals + cat_highest_education_Post_Graduate_Qualification + cat_imd_band_10_20 + cat_imd_band_20_30 + cat_imd_band_30_40 + cat_imd_band_40_50 + cat_imd_band_50_60 + cat_imd_band_60_70 + cat_imd_band_70_80 + cat_imd_band_80_90 + cat_imd_band_90_100 + cat_imd_band_None + cat_age_band_35_55 + cat_age_band_55 + cat_disability_Y', 'gamma0_': '1', 'gamma1_': '1'}         ok 0.120077     0.642490                                                                                                                                                                                                                                                                                                                                                                                                                                                                                                                                                                                                                                                                                                                                                                                                                                                                                                                                                                                                                                                                                                                                                               None
            8                 2      0.500       0.0             1.0 lifelines_crc_spline_aft                 {'beta_': 'num_num_of_prev_attempts + num_studied_credits + num_clicks_first_6_weeks + num_active_weeks_first_6 + num_mean_clicks_first_6_weeks + cat_gender_M + cat_region_East_Midlands_Region + cat_region_Ireland + cat_region_London_Region + cat_region_North_Region + cat_region_North_Western_Region + cat_region_Scotland + cat_region_South_East_Region + cat_region_South_Region + cat_region_South_West_Region + cat_region_Wales + cat_region_West_Midlands_Region + cat_region_Yorkshire_Region + cat_highest_education_HE_Qualification + cat_highest_education_Lower_Than_A_Level + cat_highest_education_No_Formal_quals + cat_highest_education_Post_Graduate_Qualification + cat_imd_band_10_20 + cat_imd_band_20_30 + cat_imd_band_30_40 + cat_imd_band_40_50 + cat_imd_band_50_60 + cat_imd_band_60_70 + cat_imd_band_70_80 + cat_imd_band_80_90 + cat_imd_band_90_100 + cat_imd_band_None + cat_age_band_35_55 + cat_age_band_55 + cat_disability_Y', 'gamma0_': '1', 'gamma1_': '1'}         ok 0.121312     0.641543                                                                                                                                                                                                                                                                                                                                                                                                                                                                                                                                                                                                                                                                                                                                                                                                                                                                                                                                                                                                                                                                                                                                                               None
            9                 2      0.700       0.0             1.0 lifelines_crc_spline_aft                 {'beta_': 'num_num_of_prev_attempts + num_studied_credits + num_clicks_first_6_weeks + num_active_weeks_first_6 + num_mean_clicks_first_6_weeks + cat_gender_M + cat_region_East_Midlands_Region + cat_region_Ireland + cat_region_London_Region + cat_region_North_Region + cat_region_North_Western_Region + cat_region_Scotland + cat_region_South_East_Region + cat_region_South_Region + cat_region_South_West_Region + cat_region_Wales + cat_region_West_Midlands_Region + cat_region_Yorkshire_Region + cat_highest_education_HE_Qualification + cat_highest_education_Lower_Than_A_Level + cat_highest_education_No_Formal_quals + cat_highest_education_Post_Graduate_Qualification + cat_imd_band_10_20 + cat_imd_band_20_30 + cat_imd_band_30_40 + cat_imd_band_40_50 + cat_imd_band_50_60 + cat_imd_band_60_70 + cat_imd_band_70_80 + cat_imd_band_80_90 + cat_imd_band_90_100 + cat_imd_band_None + cat_age_band_35_55 + cat_age_band_55 + cat_disability_Y', 'gamma0_': '1', 'gamma1_': '1'}         ok 0.121946     0.640848                                                                                                                                                                                                                                                                                                                                                                                                                                                                                                                                                                                                                                                                                                                                                                                                                                                                                                                                                                                                                                                                                                                                                               None
           10                 2      1.000       0.0             1.0 lifelines_crc_spline_aft                 {'beta_': 'num_num_of_prev_attempts + num_studied_credits + num_clicks_first_6_weeks + num_active_weeks_first_6 + num_mean_clicks_first_6_weeks + cat_gender_M + cat_region_East_Midlands_Region + cat_region_Ireland + cat_region_London_Region + cat_region_North_Region + cat_region_North_Western_Region + cat_region_Scotland + cat_region_South_East_Region + cat_region_South_Region + cat_region_South_West_Region + cat_region_Wales + cat_region_West_Midlands_Region + cat_region_Yorkshire_Region + cat_highest_education_HE_Qualification + cat_highest_education_Lower_Than_A_Level + cat_highest_education_No_Formal_quals + cat_highest_education_Post_Graduate_Qualification + cat_imd_band_10_20 + cat_imd_band_20_30 + cat_imd_band_30_40 + cat_imd_band_40_50 + cat_imd_band_50_60 + cat_imd_band_60_70 + cat_imd_band_70_80 + cat_imd_band_80_90 + cat_imd_band_90_100 + cat_imd_band_None + cat_age_band_35_55 + cat_age_band_55 + cat_disability_Y', 'gamma0_': '1', 'gamma1_': '1'}         ok 0.122498     0.640361                                                                                                                                                                                                                                                                                                                                                                                                                                                                                                                                                                                                                                                                                                                                                                                                                                                                                                                                                                                                                                                                                                                                                               None
           22                 3      1.000       0.0             1.0 lifelines_crc_spline_aft {'beta_': 'num_num_of_prev_attempts + num_studied_credits + num_clicks_first_6_weeks + num_active_weeks_first_6 + num_mean_clicks_first_6_weeks + cat_gender_M + cat_region_East_Midlands_Region + cat_region_Ireland + cat_region_London_Region + cat_region_North_Region + cat_region_North_Western_Region + cat_region_Scotland + cat_region_South_East_Region + cat_region_South_Region + cat_region_South_West_Region + cat_region_Wales + cat_region_West_Midlands_Region + cat_region_Yorkshire_Region + cat_highest_education_HE_Qualification + cat_highest_education_Lower_Than_A_Level + cat_highest_education_No_Formal_quals + cat_highest_education_Post_Graduate_Qualification + cat_imd_band_10_20 + cat_imd_band_20_30 + cat_imd_band_30_40 + cat_imd_band_40_50 + cat_imd_band_50_60 + cat_imd_band_60_70 + cat_imd_band_70_80 + cat_imd_band_80_90 + cat_imd_band_90_100 + cat_imd_band_None + cat_age_band_35_55 + cat_age_band_55 + cat_disability_Y', 'gamma0_': '1', 'gamma1_': '1', 'gamma2_': '1'}         ok 0.122501     0.640437                                                                                                                                                                                                                                                                                                                                                                                                                                                                                                                                                                                                                                                                                                                                                                                                                                                                                                                                                                                                                                                                                                                                                               None
ARTIFACT | Stage 5.12.3 table_royston_parmar_tuning_results - Royston-Parmar tuning results | duckdb://table_royston_parmar_tuning_results_w6
[Stage 5.12.3 table_royston_parmar_tuned_test_predictions - Royston-Parmar test predictions]
table_name=table_royston_parmar_tuned_test_predictions_w6
rows=29334, cols=6
      enrollment_id  event  duration  horizon_week  pred_survival_h  pred_risk_h
 100561||DDD||2014J      0        37            10         0.898780     0.101220
 100621||CCC||2014B      1         6            10         0.871408     0.128592
 101187||DDD||2014J      0        37            10         0.806762     0.193238
 101279||DDD||2014J      0        37            10         0.913372     0.086628
 101414||EEE||2013J      0        38            10         0.768148     0.231852
 101700||CCC||2014J      0        38            10         0.749439     0.250561
 101781||AAA||2013J      0        38            10         0.927129     0.072871
 102209||CCC||2014J      1        15            10         0.930443     0.069557
 102343||FFF||2013J      0        38            10         0.922105     0.077895
1023623||CCC||2014J      0        38            10         0.894242     0.105758
1033968||DDD||2014B      1        13            10         0.816114     0.183886
 103891||DDD||2014B      0        34            10         0.815647     0.184353
 104316||FFF||2014B      0        34            10         0.921498     0.078502
1045203||AAA||2014J      0        38            10         0.931252     0.068748
1047645||CCC||2014B      0        34            10         0.791271     0.208729
1053702||EEE||2013J      0        38            10         0.923742     0.076258
 105629||FFF||2013J      0        38            10         0.930474     0.069526
1057883||CCC||2014B      0        34            10         0.894949     0.105051
 106383||BBB||2014J      1        21            10         0.865743     0.134257
 106553||DDD||2014J      0        37            10         0.898110     0.101890
ARTIFACT | Stage 5.12.3 table_royston_parmar_tuned_test_predictions - Royston-Parmar test predictions | duckdb://table_royston_parmar_tuned_test_predictions_w6
[Stage 5.12.3 table_royston_parmar_tuned_primary_metrics - Royston-Parmar primary metrics]
table_name=table_royston_parmar_tuned_primary_metrics_w6
rows=2, cols=4
metric_name metric_category  metric_value                         notes
        ibs         primary      0.116239 sksurv_integrated_brier_score
    c_index      co_primary      0.656283          pycox_concordance_td
ARTIFACT | Stage 5.12.3 table_royston_parmar_tuned_primary_metrics - Royston-Parmar primary metrics | duckdb://table_royston_parmar_tuned_primary_metrics_w6
[Stage 5.12.3 table_royston_parmar_tuned_brier_by_horizon - Royston-Parmar Brier scores by horizon]
table_name=table_royston_parmar_tuned_brier_by_horizon_w6
rows=3, cols=5
 horizon_week      metric_name metric_category  metric_value              notes
           10 brier_at_horizon         primary      0.099440 sksurv_brier_score
           20 brier_at_horizon         primary      0.136146 sksurv_brier_score
           30 brier_at_horizon         primary      0.161258 sksurv_brier_score
ARTIFACT | Stage 5.12.3 table_royston_parmar_tuned_brier_by_horizon - Royston-Parmar Brier scores by horizon | duckdb://table_royston_parmar_tuned_brier_by_horizon_w6
[Stage 5.12.3 table_royston_parmar_tuned_secondary_metrics - Royston-Parmar secondary metrics]
table_name=table_royston_parmar_tuned_secondary_metrics_w6
rows=6, cols=5
 horizon_week         metric_name metric_category  metric_value                                                                                  notes
           10 risk_auc_at_horizon       secondary      0.781413                                                            roc_auc_on_evaluable_subset
           10  time_dependent_auc       secondary      0.776650 ipcw_supported_subset(duration < 38); retained=6742/9778; auc=0.776650; local_ipcw_auc
           20 risk_auc_at_horizon       secondary      0.702587                                                            roc_auc_on_evaluable_subset
           20  time_dependent_auc       secondary      0.694033 ipcw_supported_subset(duration < 38); retained=6742/9778; auc=0.694033; local_ipcw_auc
           30 risk_auc_at_horizon       secondary      0.667152                                                            roc_auc_on_evaluable_subset
           30  time_dependent_auc       secondary      0.656358 ipcw_supported_subset(duration < 38); retained=6742/9778; auc=0.656358; local_ipcw_auc
ARTIFACT | Stage 5.12.3 table_royston_parmar_tuned_secondary_metrics - Royston-Parmar secondary metrics | duckdb://table_royston_parmar_tuned_secondary_metrics_w6
[Stage 5.12.3 table_royston_parmar_tuned_td_auc_support_audit - Royston-Parmar IPCW support audit]
table_name=table_royston_parmar_tuned_td_auc_support_audit_w6
rows=3, cols=6
 horizon_week  max_ipcw_time  n_total_test_enrollments  n_supported_test_enrollments  mean_auc                                                            notes
           10           38.0                      9778                          6742  0.776650 IPCW-supported subset used for Royston-Parmar time-dependent AUC
           20           38.0                      9778                          6742  0.694033 IPCW-supported subset used for Royston-Parmar time-dependent AUC
           30           38.0                      9778                          6742  0.656358 IPCW-supported subset used for Royston-Parmar time-dependent AUC
ARTIFACT | Stage 5.12.3 table_royston_parmar_tuned_td_auc_support_audit - Royston-Parmar IPCW support audit | duckdb://table_royston_parmar_tuned_td_auc_support_audit_w6
[Stage 5.12.3 table_royston_parmar_tuned_row_diagnostics - Royston-Parmar row-level diagnostics]
table_name=table_royston_parmar_tuned_row_diagnostics_w6
rows=1, cols=6
          model_name  row_level_roc_auc  row_level_pr_auc  row_level_log_loss  row_level_brier                                                                    diagnostic_note
royston_parmar_tuned           0.138193          0.130759             0.71931         0.223966 auxiliary enrollment-level proxy only; not a primary cross-family benchmark metric
ARTIFACT | Stage 5.12.3 table_royston_parmar_tuned_row_diagnostics - Royston-Parmar row-level diagnostics | duckdb://table_royston_parmar_tuned_row_diagnostics_w6
[Stage 5.12.3 table_royston_parmar_tuned_support_by_horizon - Royston-Parmar support by horizon]
table_name=table_royston_parmar_tuned_support_by_horizon_w6
rows=3, cols=4
 horizon_week  n_evaluable_enrollments  n_events_by_horizon  event_rate_by_horizon
           10                     9778                 1215               0.124259
           20                     9778                 1736               0.177541
           30                     9778                 2129               0.217734
ARTIFACT | Stage 5.12.3 table_royston_parmar_tuned_support_by_horizon - Royston-Parmar support by horizon | duckdb://table_royston_parmar_tuned_support_by_horizon_w6
[Stage 5.12.3 table_royston_parmar_tuned_calibration_summary - Royston-Parmar calibration summary]
table_name=table_royston_parmar_tuned_calibration_summary_w6
rows=3, cols=5
 horizon_week            metric_name metric_category  metric_value                                         notes
           10 calibration_at_horizon         primary      0.053705 Weighted absolute calibration gap across bins
           20 calibration_at_horizon         primary      0.031694 Weighted absolute calibration gap across bins
           30 calibration_at_horizon         primary      0.022982 Weighted absolute calibration gap across bins
ARTIFACT | Stage 5.12.3 table_royston_parmar_tuned_calibration_summary - Royston-Parmar calibration summary | duckdb://table_royston_parmar_tuned_calibration_summary_w6
[Stage 5.12.3 table_royston_parmar_tuned_calibration_bins_by_horizon - Royston-Parmar calibration bins]
table_name=table_royston_parmar_tuned_calibration_bins_by_horizon_w6
rows=30, cols=6
 calibration_bin   n  mean_predicted_risk  observed_event_rate  horizon_week  abs_calibration_gap
               0 978             0.060625             0.025562            10             0.035062
               1 978             0.072942             0.021472            10             0.051469
               2 978             0.080991             0.030675            10             0.050317
               3 977             0.089018             0.041965            10             0.047053
               4 978             0.097647             0.059305            10             0.038342
               5 978             0.109384             0.072597            10             0.036787
               6 977             0.126528             0.125896            10             0.000633
               7 978             0.153323             0.214724            10             0.061401
               8 978             0.187715             0.299591            10             0.111876
               9 978             0.246662             0.350716            10             0.104053
               0 978             0.089884             0.068507            20             0.021377
               1 978             0.107878             0.066462            20             0.041415
               2 978             0.119528             0.083845            20             0.035683
               3 977             0.131092             0.098260            20             0.032832
               4 978             0.143466             0.123722            20             0.019744
               5 978             0.160200             0.153374            20             0.006826
               6 977             0.184436             0.203685            20             0.019249
               7 978             0.221829             0.276074            20             0.054244
               8 978             0.268962             0.332311            20             0.063349
               9 978             0.346909             0.369121            20             0.022212
ARTIFACT | Stage 5.12.3 table_royston_parmar_tuned_calibration_bins_by_horizon - Royston-Parmar calibration bins | duckdb://table_royston_parmar_tuned_calibration_bins_by_horizon_w6
[Stage 5.12.3 table_royston_parmar_tuned_predicted_vs_observed_survival - Royston-Parmar predicted versus observed survival]
table_name=table_royston_parmar_tuned_predicted_vs_observed_survival_w6
rows=3, cols=5
 horizon_week  n_evaluable_enrollments  mean_predicted_survival  mean_observed_survival  abs_gap
           10                     9778                 0.877513                0.875741 0.001772
           20                     9778                 0.822578                0.822459 0.000119
           30                     9778                 0.781392                0.782266 0.000874
ARTIFACT | Stage 5.12.3 table_royston_parmar_tuned_predicted_vs_observed_survival - Royston-Parmar predicted versus observed survival | duckdb://table_royston_parmar_tuned_predicted_vs_observed_survival_w6
ARTIFACT | royston_parmar_model | /Users/rafars/dropout_benchmark_desenv/outputs_benchmark_survival/models/royston_parmar_tuned_w6.joblib
ARTIFACT | royston_parmar_preprocessor | /Users/rafars/dropout_benchmark_desenv/outputs_benchmark_survival/models/royston_parmar_preprocessor_w6.joblib
ARTIFACT | royston_parmar_tuned_model_config | /Users/rafars/dropout_benchmark_desenv/outputs_benchmark_survival/metadata/royston_parmar_tuned_model_config_w6.json
{
  "model_name": "royston_parmar_tuned",
  "selection_metric": "lowest_validation_ibs_among_warning_free_candidates",
  "validation_split": {
    "method": "GroupShuffleSplit",
    "test_size": 0.1,
    "group_column": "enrollment_id",
    "random_seed": 42
  },
  "effective_window_weeks": 6,
  "input_train_table": "enrollment_cox_ready_train_w6",
  "input_test_table": "enrollment_cox_ready_test_w6",
  "search_space": [
    {
      "candidate_id": 1,
      "n_baseline_knots": 2,
      "penalizer": 0.01,
      "l1_ratio": 0.0
    },
    {
      "candidate_id": 2,
      "n_baseline_knots": 2,
      "penalizer": 0.025,
      "l1_ratio": 0.0
    },
    {
      "candidate_id": 3,
      "n_baseline_knots": 2,
      "penalizer": 0.05,
      "l1_ratio": 0.0
    },
    {
      "candidate_id": 4,
      "n_baseline_knots": 2,
      "penalizer": 0.1,
      "l1_ratio": 0.0
    },
    {
      "candidate_id": 5,
      "n_baseline_knots": 2,
      "penalizer": 0.15,
      "l1_ratio": 0.0
    },
    {
      "candidate_id": 6,
      "n_baseline_knots": 2,
      "penalizer": 0.2,
      "l1_ratio": 0.0
    },
    {
      "candidate_id": 7,
      "n_baseline_knots": 2,
      "penalizer": 0.3,
      "l1_ratio": 0.0
    },
    {
      "candidate_id": 8,
      "n_baseline_knots": 2,
      "penalizer": 0.5,
      "l1_ratio": 0.0
    },
    {
      "candidate_id": 9,
      "n_baseline_knots": 2,
      "penalizer": 0.7,
      "l1_ratio": 0.0
    },
    {
      "candidate_id": 10,
      "n_baseline_knots": 2,
      "penalizer": 1.0,
      "l1_ratio": 0.0
    },
    {
      "candidate_id": 11,
      "n_baseline_knots": 2,
      "penalizer": 2.0,
      "l1_ratio": 0.0
    },
    {
      "candidate_id": 12,
      "n_baseline_knots": 2,
      "penalizer": 5.0,
      "l1_ratio": 0.0
    },
    {
      "candidate_id": 13,
      "n_baseline_knots": 3,
      "penalizer": 0.01,
      "l1_ratio": 0.0
    },
    {
      "candidate_id": 14,
      "n_baseline_knots": 3,
      "penalizer": 0.025,
      "l1_ratio": 0.0
    },
    {
      "candidate_id": 15,
      "n_baseline_knots": 3,
      "penalizer": 0.05,
      "l1_ratio": 0.0
    },
    {
      "candidate_id": 16,
      "n_baseline_knots": 3,
      "penalizer": 0.1,
      "l1_ratio": 0.0
    },
    {
      "candidate_id": 17,
      "n_baseline_knots": 3,
      "penalizer": 0.15,
      "l1_ratio": 0.0
    },
    {
      "candidate_id": 18,
      "n_baseline_knots": 3,
      "penalizer": 0.2,
      "l1_ratio": 0.0
    },
    {
      "candidate_id": 19,
      "n_baseline_knots": 3,
      "penalizer": 0.3,
      "l1_ratio": 0.0
    },
    {
      "candidate_id": 20,
      "n_baseline_knots": 3,
      "penalizer": 0.5,
      "l1_ratio": 0.0
    },
    {
      "candidate_id": 21,
      "n_baseline_knots": 3,
      "penalizer": 0.7,
      "l1_ratio": 0.0
    },
    {
      "candidate_id": 22,
      "n_baseline_knots": 3,
      "penalizer": 1.0,
      "l1_ratio": 0.0
    },
    {
      "candidate_id": 23,
      "n_baseline_knots": 3,
      "penalizer": 2.0,
      "l1_ratio": 0.0
    },
    {
      "candidate_id": 24,
      "n_baseline_knots": 3,
      "penalizer": 5.0,
      "l1_ratio": 0.0
    }
  ],
  "benchmark_horizons": [
    10,
    20,
    30
  ],
  "calibration_bins": 10,
  "calibration_contract_version": "v2_ipcw_km_observed_risk",
  "calibration_observed_risk_method": "ipcw_km_pseudo_event_rate",
  "variance_filter_threshold": 1e-12,
  "duration_floor": 1.0,
  "implementation": "lifelines_crc_spline_aft",
  "best_candidate": {
    "candidate_id": 13,
    "params": {
      "n_baseline_knots": 3,
      "penalizer": 0.01,
      "l1_ratio": 0.0
    },
    "duration_floor": 1.0,
    "regressors": {
      "beta_": "num_num_of_prev_attempts + num_studied_credits + num_clicks_first_6_weeks + num_active_weeks_first_6 + num_mean_clicks_first_6_weeks + cat_gender_M + cat_region_East_Midlands_Region + cat_region_Ireland + cat_region_London_Region + cat_region_North_Region + cat_region_North_Western_Region + cat_region_Scotland + cat_region_South_East_Region + cat_region_South_Region + cat_region_South_West_Region + cat_region_Wales + cat_region_West_Midlands_Region + cat_region_Yorkshire_Region + cat_highest_education_HE_Qualification + cat_highest_education_Lower_Than_A_Level + cat_highest_education_No_Formal_quals + cat_highest_education_Post_Graduate_Qualification + cat_imd_band_10_20 + cat_imd_band_20_30 + cat_imd_band_30_40 + cat_imd_band_40_50 + cat_imd_band_50_60 + cat_imd_band_60_70 + cat_imd_band_70_80 + cat_imd_band_80_90 + cat_imd_band_90_100 + cat_imd_band_None + cat_age_band_35_55 + cat_age_band_55 + cat_disability_Y",
      "gamma0_": "1",
      "gamma1_": "1",
      "gamma2_": "1"
    },
    "val_ibs": 0.11439828575874422,
    "val_c_index": 0.6411443656035185,
    "implementation": "lifelines_crc_spline_aft"
  },
  "preprocessing": {
    "categorical_features": [
      "gender",
      "region",
      "highest_education",
      "imd_band",
      "age_band",
      "disability"
    ],
    "numeric_features": [
      "num_of_prev_attempts",
      "studied_credits",
      "clicks_first_6_weeks",
      "active_weeks_first_6",
      "mean_clicks_first_6_weeks"
    ],
    "numeric_prefill_values": {
      "num_of_prev_attempts": 0.0,
      "studied_credits": 60.0,
      "clicks_first_6_weeks": 182.0,
      "active_weeks_first_6": 5.0,
      "mean_clicks_first_6_weeks": 39.0
    },
    "feature_names_before_filter": [
      "num__num_of_prev_attempts",
      "num__studied_credits",
      "num__clicks_first_6_weeks",
      "num__active_weeks_first_6",
      "num__mean_clicks_first_6_weeks",
      "cat__gender_M",
      "cat__region_East Midlands Region",
      "cat__region_Ireland",
      "cat__region_London Region",
      "cat__region_North Region",
      "cat__region_North Western Region",
      "cat__region_Scotland",
      "cat__region_South East Region",
      "cat__region_South Region",
      "cat__region_South West Region",
      "cat__region_Wales",
      "cat__region_West Midlands Region",
      "cat__region_Yorkshire Region",
      "cat__highest_education_HE Qualification",
      "cat__highest_education_Lower Than A Level",
      "cat__highest_education_No Formal quals",
      "cat__highest_education_Post Graduate Qualification",
      "cat__imd_band_10-20",
      "cat__imd_band_20-30%",
      "cat__imd_band_30-40%",
      "cat__imd_band_40-50%",
      "cat__imd_band_50-60%",
      "cat__imd_band_60-70%",
      "cat__imd_band_70-80%",
      "cat__imd_band_80-90%",
      "cat__imd_band_90-100%",
      "cat__imd_band_None",
      "cat__age_band_35-55",
      "cat__age_band_55<=",
      "cat__disability_Y"
    ],
    "feature_names_out": [
      "num__num_of_prev_attempts",
      "num__studied_credits",
      "num__clicks_first_6_weeks",
      "num__active_weeks_first_6",
      "num__mean_clicks_first_6_weeks",
      "cat__gender_M",
      "cat__region_East Midlands Region",
      "cat__region_Ireland",
      "cat__region_London Region",
      "cat__region_North Region",
      "cat__region_North Western Region",
      "cat__region_Scotland",
      "cat__region_South East Region",
      "cat__region_South Region",
      "cat__region_South West Region",
      "cat__region_Wales",
      "cat__region_West Midlands Region",
      "cat__region_Yorkshire Region",
      "cat__highest_education_HE Qualification",
      "cat__highest_education_Lower Than A Level",
      "cat__highest_education_No Formal quals",
      "cat__highest_education_Post Graduate Qualification",
      "cat__imd_band_10-20",
      "cat__imd_band_20-30%",
      "cat__imd_band_30-40%",
      "cat__imd_band_40-50%",
      "cat__imd_band_50-60%",
      "cat__imd_band_60-70%",
      "cat__imd_band_70-80%",
      "cat__imd_band_80-90%",
      "cat__imd_band_90-100%",
      "cat__imd_band_None",
      "cat__age_band_35-55",
      "cat__age_band_55<=",
      "cat__disability_Y"
    ],
    "feature_names_safe": [
      "num_num_of_prev_attempts",
      "num_studied_credits",
      "num_clicks_first_6_weeks",
      "num_active_weeks_first_6",
      "num_mean_clicks_first_6_weeks",
      "cat_gender_M",
      "cat_region_East_Midlands_Region",
      "cat_region_Ireland",
      "cat_region_London_Region",
      "cat_region_North_Region",
      "cat_region_North_Western_Region",
      "cat_region_Scotland",
      "cat_region_South_East_Region",
      "cat_region_South_Region",
      "cat_region_South_West_Region",
      "cat_region_Wales",
      "cat_region_West_Midlands_Region",
      "cat_region_Yorkshire_Region",
      "cat_highest_education_HE_Qualification",
      "cat_highest_education_Lower_Than_A_Level",
      "cat_highest_education_No_Formal_quals",
      "cat_highest_education_Post_Graduate_Qualification",
      "cat_imd_band_10_20",
      "cat_imd_band_20_30",
      "cat_imd_band_30_40",
      "cat_imd_band_40_50",
      "cat_imd_band_50_60",
      "cat_imd_band_60_70",
      "cat_imd_band_70_80",
      "cat_imd_band_80_90",
      "cat_imd_band_90_100",
      "cat_imd_band_None",
      "cat_age_band_35_55",
      "cat_age_band_55",
      "cat_disability_Y"
    ],
    "formula_feature_map": {
      "num__num_of_prev_attempts": "num_num_of_prev_attempts",
      "num__studied_credits": "num_studied_credits",
      "num__clicks_first_6_weeks": "num_clicks_first_6_weeks",
      "num__active_weeks_first_6": "num_active_weeks_first_6",
      "num__mean_clicks_first_6_weeks": "num_mean_clicks_first_6_weeks",
      "cat__gender_M": "cat_gender_M",
      "cat__region_East Midlands Region": "cat_region_East_Midlands_Region",
      "cat__region_Ireland": "cat_region_Ireland",
      "cat__region_London Region": "cat_region_London_Region",
      "cat__region_North Region": "cat_region_North_Region",
      "cat__region_North Western Region": "cat_region_North_Western_Region",
      "cat__region_Scotland": "cat_region_Scotland",
      "cat__region_South East Region": "cat_region_South_East_Region",
      "cat__region_South Region": "cat_region_South_Region",
      "cat__region_South West Region": "cat_region_South_West_Region",
      "cat__region_Wales": "cat_region_Wales",
      "cat__region_West Midlands Region": "cat_region_West_Midlands_Region",
      "cat__region_Yorkshire Region": "cat_region_Yorkshire_Region",
      "cat__highest_education_HE Qualification": "cat_highest_education_HE_Qualification",
      "cat__highest_education_Lower Than A Level": "cat_highest_education_Lower_Than_A_Level",
      "cat__highest_education_No Formal quals": "cat_highest_education_No_Formal_quals",
      "cat__highest_education_Post Graduate Qualification": "cat_highest_education_Post_Graduate_Qualification",
      "cat__imd_band_10-20": "cat_imd_band_10_20",
      "cat__imd_band_20-30%": "cat_imd_band_20_30",
      "cat__imd_band_30-40%": "cat_imd_band_30_40",
      "cat__imd_band_40-50%": "cat_imd_band_40_50",
      "cat__imd_band_50-60%": "cat_imd_band_50_60",
      "cat__imd_band_60-70%": "cat_imd_band_60_70",
      "cat__imd_band_70-80%": "cat_imd_band_70_80",
      "cat__imd_band_80-90%": "cat_imd_band_80_90",
      "cat__imd_band_90-100%": "cat_imd_band_90_100",
      "cat__imd_band_None": "cat_imd_band_None",
      "cat__age_band_35-55": "cat_age_band_35_55",
      "cat__age_band_55<=": "cat_age_band_55",
      "cat__disability_Y": "cat_disability_Y"
    },
    "dropped_low_variance_features": []
  },
  "design_note": "The comparable Royston-Parmar arm preserves the canonical early-window contract, uses the same deterministic preprocessing as the other continuous-time baselines, sanitizes transformed feature names for formula-safe spline fitting, and rejects candidates that emit fit or prediction warnings under strict execution."
}

 candidate_id                                                      params  duration_floor                                                                                                                                                                                                                                                                                                                                                                                                                                                                                                                                                                                                                                                                                                                                                                                                                                                                                                                                                                                                                  regressors  val_ibs  val_c_index           implementation
           13 {'n_baseline_knots': 3, 'penalizer': 0.01, 'l1_ratio': 0.0}             1.0 {'beta_': 'num_num_of_prev_attempts + num_studied_credits + num_clicks_first_6_weeks + num_active_weeks_first_6 + num_mean_clicks_first_6_weeks + cat_gender_M + cat_region_East_Midlands_Region + cat_region_Ireland + cat_region_London_Region + cat_region_North_Region + cat_region_North_Western_Region + cat_region_Scotland + cat_region_South_East_Region + cat_region_South_Region + cat_region_South_West_Region + cat_region_Wales + cat_region_West_Midlands_Region + cat_region_Yorkshire_Region + cat_highest_education_HE_Qualification + cat_highest_education_Lower_Than_A_Level + cat_highest_education_No_Formal_quals + cat_highest_education_Post_Graduate_Qualification + cat_imd_band_10_20 + cat_imd_band_20_30 + cat_imd_band_30_40 + cat_imd_band_40_50 + cat_imd_band_50_60 + cat_imd_band_60_70 + cat_imd_band_70_80 + cat_imd_band_80_90 + cat_imd_band_90_100 + cat_imd_band_None + cat_age_band_35_55 + cat_age_band_55 + cat_disability_Y', 'gamma0_': '1', 'gamma1_': '1', 'gamma2_': '1'} 0.114398     0.641144 lifelines_crc_spline_aft
[END] 5.12.3 - 2026-06-19 22:28:17
[START] 5.12 - 2026-06-19 22:28:17
# ==============================================================
# 5.12.4 - Close runtime resources
# ==============================================================
DuckDB connection closed.
ARTIFACT | duckdb_connection | closed::/Users/rafars/dropout_benchmark_desenv/outputs_benchmark_survival/benchmark_survival.duckdb
[END] 5.12.4 - 2026-06-19 22:28:18
[RUN_PLAN] comparable_window_weeks=8
[START] 5.12 - 2026-06-19 22:28:18
# ==============================================================
# 5.12.1 - Lightweight runtime bootstrap
# ==============================================================
ARTIFACT | benchmark_shared_config | /Users/rafars/dropout_benchmark_desenv/benchmark_shared_config.toml
ARTIFACT | benchmark_modeling_contract | /Users/rafars/dropout_benchmark_desenv/benchmark_modeling_contract.toml
ARTIFACT | run_metadata | /Users/rafars/dropout_benchmark_desenv/outputs_benchmark_survival/metadata/run_metadata.json
ARTIFACT | duckdb_path | /Users/rafars/dropout_benchmark_desenv/outputs_benchmark_survival/benchmark_survival.duckdb
{
  "run_id": "f3766e75053447a7beb7a1c4936d231f",
  "random_seed": 42,
  "tuning_parallel_backend": "processes",
  "test_size": 0.3,
  "early_window_weeks": 4,
  "main_enrollment_window_weeks": 4,
  "effective_window_weeks": 8,
  "input_train_table": "enrollment_cox_ready_train_w8",
  "input_test_table": "enrollment_cox_ready_test_w8"
}
[END] 5.12.1 - 2026-06-19 22:28:18
[START] 5.12 - 2026-06-19 22:28:18
# ==============================================================
# 5.12.2 - Build comparable-window Royston-Parmar treatment
# ==============================================================
[Stage 5.12.2 table_royston_parmar_preprocessing_summary - Royston-Parmar preprocessing summary]
table_name=table_royston_parmar_preprocessing_summary_w8
rows=1, cols=22
  model_family  train_rows  test_rows  n_input_features_raw  n_numeric_features  n_categorical_features  n_features_after_encoding_before_filter  n_features_after_variance_filter  n_features_after_formula_sanitization  n_features_dropped_by_variance_filter  n_events_train  n_events_test  mean_duration_train  mean_duration_test                              numeric_prefill_policy categorical_imputation                     categorical_encoding                   numeric_scaling  variance_filter_threshold output_dtype                                      positioning_note  window_weeks
royston_parmar       22815       9778                    11                   5                       6                                       35                                35                                     35                                      0            5171           2216            30.536182           30.539476 deterministic_train_median_or_zero_when_all_missing       constant_missing one_hot_drop_first_handle_unknown_ignore standard_scaler_fit_on_train_only               1.000000e-12      float64 early-window comparable flexible parametric benchmark             8
ARTIFACT | Stage 5.12.2 table_royston_parmar_preprocessing_summary - Royston-Parmar preprocessing summary | duckdb://table_royston_parmar_preprocessing_summary_w8
[Stage 5.12.2 table_royston_parmar_raw_feature_manifest - Royston-Parmar raw feature manifest]
table_name=table_royston_parmar_raw_feature_manifest_w8
rows=11, cols=6
 feature_name_operational feature_role  present_in_train  present_in_test  covered_by_canonical_config  numeric_prefill_value
                   gender  categorical              True             True                        False                    NaN
                   region  categorical              True             True                        False                    NaN
        highest_education  categorical              True             True                        False                    NaN
                 imd_band  categorical              True             True                        False                    NaN
                 age_band  categorical              True             True                        False                    NaN
               disability  categorical              True             True                        False                    NaN
     num_of_prev_attempts      numeric              True             True                         True               0.000000
          studied_credits      numeric              True             True                         True              60.000000
     clicks_first_8_weeks      numeric              True             True                         True             229.000000
     active_weeks_first_8      numeric              True             True                         True               7.000000
mean_clicks_first_8_weeks      numeric              True             True                         True              37.857143
ARTIFACT | Stage 5.12.2 table_royston_parmar_raw_feature_manifest - Royston-Parmar raw feature manifest | duckdb://table_royston_parmar_raw_feature_manifest_w8
[Stage 5.12.2 table_royston_parmar_feature_names_out - Royston-Parmar output feature manifest]
table_name=table_royston_parmar_feature_names_out_w8
rows=35, cols=2
                         feature_name_out  transformed_variance_train
                num__num_of_prev_attempts                    1.000000
                     num__studied_credits                    1.000000
                num__clicks_first_8_weeks                    1.000000
                num__active_weeks_first_8                    1.000000
           num__mean_clicks_first_8_weeks                    1.000000
                            cat__gender_M                    0.247988
         cat__region_East Midlands Region                    0.067091
                      cat__region_Ireland                    0.034283
                cat__region_London Region                    0.088295
                 cat__region_North Region                    0.052060
         cat__region_North Western Region                    0.082139
                     cat__region_Scotland                    0.094370
            cat__region_South East Region                    0.059974
                 cat__region_South Region                    0.087554
            cat__region_South West Region                    0.068848
                        cat__region_Wales                    0.059707
         cat__region_West Midlands Region                    0.073261
             cat__region_Yorkshire Region                    0.058136
  cat__highest_education_HE Qualification                    0.123970
cat__highest_education_Lower Than A Level                    0.240991
ARTIFACT | Stage 5.12.2 table_royston_parmar_feature_names_out - Royston-Parmar output feature manifest | duckdb://table_royston_parmar_feature_names_out_w8
[Stage 5.12.2 table_royston_parmar_formula_feature_map - Royston-Parmar formula feature map]
table_name=table_royston_parmar_formula_feature_map_w8
rows=35, cols=2
                         feature_name_out                        feature_name_safe
                num__num_of_prev_attempts                 num_num_of_prev_attempts
                     num__studied_credits                      num_studied_credits
                num__clicks_first_8_weeks                 num_clicks_first_8_weeks
                num__active_weeks_first_8                 num_active_weeks_first_8
           num__mean_clicks_first_8_weeks            num_mean_clicks_first_8_weeks
                            cat__gender_M                             cat_gender_M
         cat__region_East Midlands Region          cat_region_East_Midlands_Region
                      cat__region_Ireland                       cat_region_Ireland
                cat__region_London Region                 cat_region_London_Region
                 cat__region_North Region                  cat_region_North_Region
         cat__region_North Western Region          cat_region_North_Western_Region
                     cat__region_Scotland                      cat_region_Scotland
            cat__region_South East Region             cat_region_South_East_Region
                 cat__region_South Region                  cat_region_South_Region
            cat__region_South West Region             cat_region_South_West_Region
                        cat__region_Wales                         cat_region_Wales
         cat__region_West Midlands Region          cat_region_West_Midlands_Region
             cat__region_Yorkshire Region              cat_region_Yorkshire_Region
  cat__highest_education_HE Qualification   cat_highest_education_HE_Qualification
cat__highest_education_Lower Than A Level cat_highest_education_Lower_Than_A_Level
ARTIFACT | Stage 5.12.2 table_royston_parmar_formula_feature_map - Royston-Parmar formula feature map | duckdb://table_royston_parmar_formula_feature_map_w8
ARTIFACT | royston_parmar_preprocessing_config | /Users/rafars/dropout_benchmark_desenv/outputs_benchmark_survival/metadata/royston_parmar_preprocessing_config_w8.json
{
  "model_family": "royston_parmar",
  "duration_column": "duration",
  "event_column": "event",
  "categorical_features": [
    "gender",
    "region",
    "highest_education",
    "imd_band",
    "age_band",
    "disability"
  ],
  "numeric_features": [
    "num_of_prev_attempts",
    "studied_credits",
    "clicks_first_8_weeks",
    "active_weeks_first_8",
    "mean_clicks_first_8_weeks"
  ],
  "raw_feature_columns": [
    "gender",
    "region",
    "highest_education",
    "imd_band",
    "age_band",
    "disability",
    "num_of_prev_attempts",
    "studied_credits",
    "clicks_first_8_weeks",
    "active_weeks_first_8",
    "mean_clicks_first_8_weeks"
  ],
  "expected_features_raw": [
    "studied_credits",
    "num_of_prev_attempts",
    "num_of_prev_attempts",
    "studied_credits",
    "clicks_first_8_weeks",
    "active_weeks_first_8",
    "mean_clicks_first_8_weeks"
  ],
  "expected_features_resolved": [
    "studied_credits",
    "num_of_prev_attempts",
    "clicks_first_8_weeks",
    "active_weeks_first_8",
    "mean_clicks_first_8_weeks"
  ],
  "numeric_prefill_policy": "deterministic_train_median_or_zero_when_all_missing",
  "numeric_fill_values": {
    "num_of_prev_attempts": 0.0,
    "studied_credits": 60.0,
    "clicks_first_8_weeks": 229.0,
    "active_weeks_first_8": 7.0,
    "mean_clicks_first_8_weeks": 37.857142857142854
  },
  "categorical_imputation": "constant_missing",
  "categorical_encoding": "one_hot_drop_first_handle_unknown_ignore",
  "numeric_scaling": "standard_scaler_fit_on_train_only",
  "variance_filter_threshold": 1e-12,
  "feature_names_before_filter": [
    "num__num_of_prev_attempts",
    "num__studied_credits",
    "num__clicks_first_8_weeks",
    "num__active_weeks_first_8",
    "num__mean_clicks_first_8_weeks",
    "cat__gender_M",
    "cat__region_East Midlands Region",
    "cat__region_Ireland",
    "cat__region_London Region",
    "cat__region_North Region",
    "cat__region_North Western Region",
    "cat__region_Scotland",
    "cat__region_South East Region",
    "cat__region_South Region",
    "cat__region_South West Region",
    "cat__region_Wales",
    "cat__region_West Midlands Region",
    "cat__region_Yorkshire Region",
    "cat__highest_education_HE Qualification",
    "cat__highest_education_Lower Than A Level",
    "cat__highest_education_No Formal quals",
    "cat__highest_education_Post Graduate Qualification",
    "cat__imd_band_10-20",
    "cat__imd_band_20-30%",
    "cat__imd_band_30-40%",
    "cat__imd_band_40-50%",
    "cat__imd_band_50-60%",
    "cat__imd_band_60-70%",
    "cat__imd_band_70-80%",
    "cat__imd_band_80-90%",
    "cat__imd_band_90-100%",
    "cat__imd_band_None",
    "cat__age_band_35-55",
    "cat__age_band_55<=",
    "cat__disability_Y"
  ],
  "feature_names_out": [
    "num__num_of_prev_attempts",
    "num__studied_credits",
    "num__clicks_first_8_weeks",
    "num__active_weeks_first_8",
    "num__mean_clicks_first_8_weeks",
    "cat__gender_M",
    "cat__region_East Midlands Region",
    "cat__region_Ireland",
    "cat__region_London Region",
    "cat__region_North Region",
    "cat__region_North Western Region",
    "cat__region_Scotland",
    "cat__region_South East Region",
    "cat__region_South Region",
    "cat__region_South West Region",
    "cat__region_Wales",
    "cat__region_West Midlands Region",
    "cat__region_Yorkshire Region",
    "cat__highest_education_HE Qualification",
    "cat__highest_education_Lower Than A Level",
    "cat__highest_education_No Formal quals",
    "cat__highest_education_Post Graduate Qualification",
    "cat__imd_band_10-20",
    "cat__imd_band_20-30%",
    "cat__imd_band_30-40%",
    "cat__imd_band_40-50%",
    "cat__imd_band_50-60%",
    "cat__imd_band_60-70%",
    "cat__imd_band_70-80%",
    "cat__imd_band_80-90%",
    "cat__imd_band_90-100%",
    "cat__imd_band_None",
    "cat__age_band_35-55",
    "cat__age_band_55<=",
    "cat__disability_Y"
  ],
  "feature_names_safe": [
    "num_num_of_prev_attempts",
    "num_studied_credits",
    "num_clicks_first_8_weeks",
    "num_active_weeks_first_8",
    "num_mean_clicks_first_8_weeks",
    "cat_gender_M",
    "cat_region_East_Midlands_Region",
    "cat_region_Ireland",
    "cat_region_London_Region",
    "cat_region_North_Region",
    "cat_region_North_Western_Region",
    "cat_region_Scotland",
    "cat_region_South_East_Region",
    "cat_region_South_Region",
    "cat_region_South_West_Region",
    "cat_region_Wales",
    "cat_region_West_Midlands_Region",
    "cat_region_Yorkshire_Region",
    "cat_highest_education_HE_Qualification",
    "cat_highest_education_Lower_Than_A_Level",
    "cat_highest_education_No_Formal_quals",
    "cat_highest_education_Post_Graduate_Qualification",
    "cat_imd_band_10_20",
    "cat_imd_band_20_30",
    "cat_imd_band_30_40",
    "cat_imd_band_40_50",
    "cat_imd_band_50_60",
    "cat_imd_band_60_70",
    "cat_imd_band_70_80",
    "cat_imd_band_80_90",
    "cat_imd_band_90_100",
    "cat_imd_band_None",
    "cat_age_band_35_55",
    "cat_age_band_55",
    "cat_disability_Y"
  ],
  "formula_feature_map": {
    "num__num_of_prev_attempts": "num_num_of_prev_attempts",
    "num__studied_credits": "num_studied_credits",
    "num__clicks_first_8_weeks": "num_clicks_first_8_weeks",
    "num__active_weeks_first_8": "num_active_weeks_first_8",
    "num__mean_clicks_first_8_weeks": "num_mean_clicks_first_8_weeks",
    "cat__gender_M": "cat_gender_M",
    "cat__region_East Midlands Region": "cat_region_East_Midlands_Region",
    "cat__region_Ireland": "cat_region_Ireland",
    "cat__region_London Region": "cat_region_London_Region",
    "cat__region_North Region": "cat_region_North_Region",
    "cat__region_North Western Region": "cat_region_North_Western_Region",
    "cat__region_Scotland": "cat_region_Scotland",
    "cat__region_South East Region": "cat_region_South_East_Region",
    "cat__region_South Region": "cat_region_South_Region",
    "cat__region_South West Region": "cat_region_South_West_Region",
    "cat__region_Wales": "cat_region_Wales",
    "cat__region_West Midlands Region": "cat_region_West_Midlands_Region",
    "cat__region_Yorkshire Region": "cat_region_Yorkshire_Region",
    "cat__highest_education_HE Qualification": "cat_highest_education_HE_Qualification",
    "cat__highest_education_Lower Than A Level": "cat_highest_education_Lower_Than_A_Level",
    "cat__highest_education_No Formal quals": "cat_highest_education_No_Formal_quals",
    "cat__highest_education_Post Graduate Qualification": "cat_highest_education_Post_Graduate_Qualification",
    "cat__imd_band_10-20": "cat_imd_band_10_20",
    "cat__imd_band_20-30%": "cat_imd_band_20_30",
    "cat__imd_band_30-40%": "cat_imd_band_30_40",
    "cat__imd_band_40-50%": "cat_imd_band_40_50",
    "cat__imd_band_50-60%": "cat_imd_band_50_60",
    "cat__imd_band_60-70%": "cat_imd_band_60_70",
    "cat__imd_band_70-80%": "cat_imd_band_70_80",
    "cat__imd_band_80-90%": "cat_imd_band_80_90",
    "cat__imd_band_90-100%": "cat_imd_band_90_100",
    "cat__imd_band_None": "cat_imd_band_None",
    "cat__age_band_35-55": "cat_age_band_35_55",
    "cat__age_band_55<=": "cat_age_band_55",
    "cat__disability_Y": "cat_disability_Y"
  },
  "dropped_low_variance_features": [],
  "positioning_note": "early-window comparable flexible parametric benchmark",
  "window_weeks": 8,
  "duration_floor": 1.0
}

[END] 5.12.2 - 2026-06-19 22:28:18
[START] 5.12 - 2026-06-19 22:28:18
# ==============================================================
# 5.12.3 - Tune and evaluate the comparable-window Royston-Parmar model
# ==============================================================
- TUNING_WORKERS: 8
- TUNING_BACKEND: processes
[Stage 5.12.3 table_royston_parmar_tuning_results - Royston-Parmar tuning results]
table_name=table_royston_parmar_tuning_results_w8
rows=24, cols=11
 candidate_id  n_baseline_knots  penalizer  l1_ratio  duration_floor           implementation                                                                                                                                                                                                                                                                                                                                                                                                                                                                                                                                                                                                                                                                                                                                                                                                                                                                                                                                                                                                                  regressors fit_status  val_ibs  val_c_index                                                                                                                                                                                                                                                                                                                                                                                                                                                                                                                                                                                                                                                                                                                                                                                                                                                                                                                                                                                                                                                                                                                                                       error_message
           14                 3      0.025       0.0             1.0 lifelines_crc_spline_aft {'beta_': 'num_num_of_prev_attempts + num_studied_credits + num_clicks_first_8_weeks + num_active_weeks_first_8 + num_mean_clicks_first_8_weeks + cat_gender_M + cat_region_East_Midlands_Region + cat_region_Ireland + cat_region_London_Region + cat_region_North_Region + cat_region_North_Western_Region + cat_region_Scotland + cat_region_South_East_Region + cat_region_South_Region + cat_region_South_West_Region + cat_region_Wales + cat_region_West_Midlands_Region + cat_region_Yorkshire_Region + cat_highest_education_HE_Qualification + cat_highest_education_Lower_Than_A_Level + cat_highest_education_No_Formal_quals + cat_highest_education_Post_Graduate_Qualification + cat_imd_band_10_20 + cat_imd_band_20_30 + cat_imd_band_30_40 + cat_imd_band_40_50 + cat_imd_band_50_60 + cat_imd_band_60_70 + cat_imd_band_70_80 + cat_imd_band_80_90 + cat_imd_band_90_100 + cat_imd_band_None + cat_age_band_35_55 + cat_age_band_55 + cat_disability_Y', 'gamma0_': '1', 'gamma1_': '1', 'gamma2_': '1'}     failed      NaN          NaN   ConvergenceError: \n               Fitting did not converge. Try the following:\n\n               0. Are there any lifelines warnings outputted during the `fit`?\n               1. Inspect your DataFrame: does everything look as expected?\n               2. Try scaling your duration vector down, i.e. `df[duration_col] = df[duration_col]/100`\n               3. Is there high-collinearity in the dataset? Try using the variance inflation factor (VIF) to find redundant variables.\n               4. Try using an alternate minimizer: ``fitter._scipy_fit_method = "SLSQP"``.\n               5. Trying adding a small penalizer (or changing it, if already present). Example: `CRCSplineFitter(penalizer=0.01).fit(...)`.\n               6. Are there any extreme outliers? Try modeling them or dropping them to see if it helps convergence.\n\n               minimum_results= message: Iteration limit reached\nsuccess: False\n status: 9\n    fun: 1.464768492363253\n      x: [ 3.354e+00  2.722e-01 ...  6.542e-01  6.004e-01]\n    nit: 500\n    jac: [-4.050e-02 -5.293e-03 ... -3.167e-02  3.046e-02]\n   nfev: 948\n   njev: 500\n
           15                 3      0.050       0.0             1.0 lifelines_crc_spline_aft {'beta_': 'num_num_of_prev_attempts + num_studied_credits + num_clicks_first_8_weeks + num_active_weeks_first_8 + num_mean_clicks_first_8_weeks + cat_gender_M + cat_region_East_Midlands_Region + cat_region_Ireland + cat_region_London_Region + cat_region_North_Region + cat_region_North_Western_Region + cat_region_Scotland + cat_region_South_East_Region + cat_region_South_Region + cat_region_South_West_Region + cat_region_Wales + cat_region_West_Midlands_Region + cat_region_Yorkshire_Region + cat_highest_education_HE_Qualification + cat_highest_education_Lower_Than_A_Level + cat_highest_education_No_Formal_quals + cat_highest_education_Post_Graduate_Qualification + cat_imd_band_10_20 + cat_imd_band_20_30 + cat_imd_band_30_40 + cat_imd_band_40_50 + cat_imd_band_50_60 + cat_imd_band_60_70 + cat_imd_band_70_80 + cat_imd_band_80_90 + cat_imd_band_90_100 + cat_imd_band_None + cat_age_band_35_55 + cat_age_band_55 + cat_disability_Y', 'gamma0_': '1', 'gamma1_': '1', 'gamma2_': '1'}     failed      NaN          NaN  ConvergenceError: \n               Fitting did not converge. Try the following:\n\n               0. Are there any lifelines warnings outputted during the `fit`?\n               1. Inspect your DataFrame: does everything look as expected?\n               2. Try scaling your duration vector down, i.e. `df[duration_col] = df[duration_col]/100`\n               3. Is there high-collinearity in the dataset? Try using the variance inflation factor (VIF) to find redundant variables.\n               4. Try using an alternate minimizer: ``fitter._scipy_fit_method = "SLSQP"``.\n               5. Trying adding a small penalizer (or changing it, if already present). Example: `CRCSplineFitter(penalizer=0.01).fit(...)`.\n               6. Are there any extreme outliers? Try modeling them or dropping them to see if it helps convergence.\n\n               minimum_results= message: Iteration limit reached\nsuccess: False\n status: 9\n    fun: 2.000771071835598\n      x: [ 2.978e+00  3.661e-01 ...  5.561e-01  7.368e-01]\n    nit: 500\n    jac: [-8.761e-02  6.419e-02 ... -8.456e-02  5.159e-02]\n   nfev: 1089\n   njev: 500\n
           16                 3      0.100       0.0             1.0 lifelines_crc_spline_aft {'beta_': 'num_num_of_prev_attempts + num_studied_credits + num_clicks_first_8_weeks + num_active_weeks_first_8 + num_mean_clicks_first_8_weeks + cat_gender_M + cat_region_East_Midlands_Region + cat_region_Ireland + cat_region_London_Region + cat_region_North_Region + cat_region_North_Western_Region + cat_region_Scotland + cat_region_South_East_Region + cat_region_South_Region + cat_region_South_West_Region + cat_region_Wales + cat_region_West_Midlands_Region + cat_region_Yorkshire_Region + cat_highest_education_HE_Qualification + cat_highest_education_Lower_Than_A_Level + cat_highest_education_No_Formal_quals + cat_highest_education_Post_Graduate_Qualification + cat_imd_band_10_20 + cat_imd_band_20_30 + cat_imd_band_30_40 + cat_imd_band_40_50 + cat_imd_band_50_60 + cat_imd_band_60_70 + cat_imd_band_70_80 + cat_imd_band_80_90 + cat_imd_band_90_100 + cat_imd_band_None + cat_age_band_35_55 + cat_age_band_55 + cat_disability_Y', 'gamma0_': '1', 'gamma1_': '1', 'gamma2_': '1'}     failed      NaN          NaN ConvergenceError: \n               Fitting did not converge. Try the following:\n\n               0. Are there any lifelines warnings outputted during the `fit`?\n               1. Inspect your DataFrame: does everything look as expected?\n               2. Try scaling your duration vector down, i.e. `df[duration_col] = df[duration_col]/100`\n               3. Is there high-collinearity in the dataset? Try using the variance inflation factor (VIF) to find redundant variables.\n               4. Try using an alternate minimizer: ``fitter._scipy_fit_method = "SLSQP"``.\n               5. Trying adding a small penalizer (or changing it, if already present). Example: `CRCSplineFitter(penalizer=0.01).fit(...)`.\n               6. Are there any extreme outliers? Try modeling them or dropping them to see if it helps convergence.\n\n               minimum_results= message: Iteration limit reached\nsuccess: False\n status: 9\n    fun: 1.5276345863664798\n      x: [ 3.897e+00  5.196e-02 ...  5.730e-01  6.619e-01]\n    nit: 500\n    jac: [-2.287e-02 -4.300e-03 ... -3.106e-02  5.020e-02]\n   nfev: 1038\n   njev: 500\n
           17                 3      0.150       0.0             1.0 lifelines_crc_spline_aft {'beta_': 'num_num_of_prev_attempts + num_studied_credits + num_clicks_first_8_weeks + num_active_weeks_first_8 + num_mean_clicks_first_8_weeks + cat_gender_M + cat_region_East_Midlands_Region + cat_region_Ireland + cat_region_London_Region + cat_region_North_Region + cat_region_North_Western_Region + cat_region_Scotland + cat_region_South_East_Region + cat_region_South_Region + cat_region_South_West_Region + cat_region_Wales + cat_region_West_Midlands_Region + cat_region_Yorkshire_Region + cat_highest_education_HE_Qualification + cat_highest_education_Lower_Than_A_Level + cat_highest_education_No_Formal_quals + cat_highest_education_Post_Graduate_Qualification + cat_imd_band_10_20 + cat_imd_band_20_30 + cat_imd_band_30_40 + cat_imd_band_40_50 + cat_imd_band_50_60 + cat_imd_band_60_70 + cat_imd_band_70_80 + cat_imd_band_80_90 + cat_imd_band_90_100 + cat_imd_band_None + cat_age_band_35_55 + cat_age_band_55 + cat_disability_Y', 'gamma0_': '1', 'gamma1_': '1', 'gamma2_': '1'}     failed      NaN          NaN  ConvergenceError: \n               Fitting did not converge. Try the following:\n\n               0. Are there any lifelines warnings outputted during the `fit`?\n               1. Inspect your DataFrame: does everything look as expected?\n               2. Try scaling your duration vector down, i.e. `df[duration_col] = df[duration_col]/100`\n               3. Is there high-collinearity in the dataset? Try using the variance inflation factor (VIF) to find redundant variables.\n               4. Try using an alternate minimizer: ``fitter._scipy_fit_method = "SLSQP"``.\n               5. Trying adding a small penalizer (or changing it, if already present). Example: `CRCSplineFitter(penalizer=0.01).fit(...)`.\n               6. Are there any extreme outliers? Try modeling them or dropping them to see if it helps convergence.\n\n               minimum_results= message: Iteration limit reached\nsuccess: False\n status: 9\n    fun: 2.352205887692602\n      x: [ 2.801e+00  2.065e-01 ...  4.875e-01  9.390e-01]\n    nit: 500\n    jac: [-6.913e-01  2.486e-01 ... -5.417e-01  3.542e-01]\n   nfev: 1037\n   njev: 500\n
           19                 3      0.300       0.0             1.0 lifelines_crc_spline_aft {'beta_': 'num_num_of_prev_attempts + num_studied_credits + num_clicks_first_8_weeks + num_active_weeks_first_8 + num_mean_clicks_first_8_weeks + cat_gender_M + cat_region_East_Midlands_Region + cat_region_Ireland + cat_region_London_Region + cat_region_North_Region + cat_region_North_Western_Region + cat_region_Scotland + cat_region_South_East_Region + cat_region_South_Region + cat_region_South_West_Region + cat_region_Wales + cat_region_West_Midlands_Region + cat_region_Yorkshire_Region + cat_highest_education_HE_Qualification + cat_highest_education_Lower_Than_A_Level + cat_highest_education_No_Formal_quals + cat_highest_education_Post_Graduate_Qualification + cat_imd_band_10_20 + cat_imd_band_20_30 + cat_imd_band_30_40 + cat_imd_band_40_50 + cat_imd_band_50_60 + cat_imd_band_60_70 + cat_imd_band_70_80 + cat_imd_band_80_90 + cat_imd_band_90_100 + cat_imd_band_None + cat_age_band_35_55 + cat_age_band_55 + cat_disability_Y', 'gamma0_': '1', 'gamma1_': '1', 'gamma2_': '1'}     failed      NaN          NaN                                                                                                                                                                                                                                                                                                                                                                                                                                                                                                                                                                                                                                                                                                                                                                                                                                                                                                           StatisticalWarning: The diagonal of the variance_matrix_ has negative values. This could be a problem with CRCSplineFitter's fit to the data.\n\nIt's advisable to not trust the variances reported, and to be suspicious of the fitted parameters too.\n
           20                 3      0.500       0.0             1.0 lifelines_crc_spline_aft {'beta_': 'num_num_of_prev_attempts + num_studied_credits + num_clicks_first_8_weeks + num_active_weeks_first_8 + num_mean_clicks_first_8_weeks + cat_gender_M + cat_region_East_Midlands_Region + cat_region_Ireland + cat_region_London_Region + cat_region_North_Region + cat_region_North_Western_Region + cat_region_Scotland + cat_region_South_East_Region + cat_region_South_Region + cat_region_South_West_Region + cat_region_Wales + cat_region_West_Midlands_Region + cat_region_Yorkshire_Region + cat_highest_education_HE_Qualification + cat_highest_education_Lower_Than_A_Level + cat_highest_education_No_Formal_quals + cat_highest_education_Post_Graduate_Qualification + cat_imd_band_10_20 + cat_imd_band_20_30 + cat_imd_band_30_40 + cat_imd_band_40_50 + cat_imd_band_50_60 + cat_imd_band_60_70 + cat_imd_band_70_80 + cat_imd_band_80_90 + cat_imd_band_90_100 + cat_imd_band_None + cat_age_band_35_55 + cat_age_band_55 + cat_disability_Y', 'gamma0_': '1', 'gamma1_': '1', 'gamma2_': '1'}     failed      NaN          NaN                                                                                                                                                                                                                                                                                                                                                                                                                                                                                                                                                                                                                                                                                                                                                                                                                                                                                                           StatisticalWarning: The diagonal of the variance_matrix_ has negative values. This could be a problem with CRCSplineFitter's fit to the data.\n\nIt's advisable to not trust the variances reported, and to be suspicious of the fitted parameters too.\n
           21                 3      0.700       0.0             1.0 lifelines_crc_spline_aft {'beta_': 'num_num_of_prev_attempts + num_studied_credits + num_clicks_first_8_weeks + num_active_weeks_first_8 + num_mean_clicks_first_8_weeks + cat_gender_M + cat_region_East_Midlands_Region + cat_region_Ireland + cat_region_London_Region + cat_region_North_Region + cat_region_North_Western_Region + cat_region_Scotland + cat_region_South_East_Region + cat_region_South_Region + cat_region_South_West_Region + cat_region_Wales + cat_region_West_Midlands_Region + cat_region_Yorkshire_Region + cat_highest_education_HE_Qualification + cat_highest_education_Lower_Than_A_Level + cat_highest_education_No_Formal_quals + cat_highest_education_Post_Graduate_Qualification + cat_imd_band_10_20 + cat_imd_band_20_30 + cat_imd_band_30_40 + cat_imd_band_40_50 + cat_imd_band_50_60 + cat_imd_band_60_70 + cat_imd_band_70_80 + cat_imd_band_80_90 + cat_imd_band_90_100 + cat_imd_band_None + cat_age_band_35_55 + cat_age_band_55 + cat_disability_Y', 'gamma0_': '1', 'gamma1_': '1', 'gamma2_': '1'}     failed      NaN          NaN                                                                                                                                                                                                                                                                                                                                                                                                                                                                                                                                                                                                                                                                                                                                                                                                                                                                                                           StatisticalWarning: The diagonal of the variance_matrix_ has negative values. This could be a problem with CRCSplineFitter's fit to the data.\n\nIt's advisable to not trust the variances reported, and to be suspicious of the fitted parameters too.\n
           13                 3      0.010       0.0             1.0 lifelines_crc_spline_aft {'beta_': 'num_num_of_prev_attempts + num_studied_credits + num_clicks_first_8_weeks + num_active_weeks_first_8 + num_mean_clicks_first_8_weeks + cat_gender_M + cat_region_East_Midlands_Region + cat_region_Ireland + cat_region_London_Region + cat_region_North_Region + cat_region_North_Western_Region + cat_region_Scotland + cat_region_South_East_Region + cat_region_South_Region + cat_region_South_West_Region + cat_region_Wales + cat_region_West_Midlands_Region + cat_region_Yorkshire_Region + cat_highest_education_HE_Qualification + cat_highest_education_Lower_Than_A_Level + cat_highest_education_No_Formal_quals + cat_highest_education_Post_Graduate_Qualification + cat_imd_band_10_20 + cat_imd_band_20_30 + cat_imd_band_30_40 + cat_imd_band_40_50 + cat_imd_band_50_60 + cat_imd_band_60_70 + cat_imd_band_70_80 + cat_imd_band_80_90 + cat_imd_band_90_100 + cat_imd_band_None + cat_age_band_35_55 + cat_age_band_55 + cat_disability_Y', 'gamma0_': '1', 'gamma1_': '1', 'gamma2_': '1'}         ok 0.110944     0.669614                                                                                                                                                                                                                                                                                                                                                                                                                                                                                                                                                                                                                                                                                                                                                                                                                                                                                                                                                                                                                                                                                                                                                                None
            1                 2      0.010       0.0             1.0 lifelines_crc_spline_aft                 {'beta_': 'num_num_of_prev_attempts + num_studied_credits + num_clicks_first_8_weeks + num_active_weeks_first_8 + num_mean_clicks_first_8_weeks + cat_gender_M + cat_region_East_Midlands_Region + cat_region_Ireland + cat_region_London_Region + cat_region_North_Region + cat_region_North_Western_Region + cat_region_Scotland + cat_region_South_East_Region + cat_region_South_Region + cat_region_South_West_Region + cat_region_Wales + cat_region_West_Midlands_Region + cat_region_Yorkshire_Region + cat_highest_education_HE_Qualification + cat_highest_education_Lower_Than_A_Level + cat_highest_education_No_Formal_quals + cat_highest_education_Post_Graduate_Qualification + cat_imd_band_10_20 + cat_imd_band_20_30 + cat_imd_band_30_40 + cat_imd_band_40_50 + cat_imd_band_50_60 + cat_imd_band_60_70 + cat_imd_band_70_80 + cat_imd_band_80_90 + cat_imd_band_90_100 + cat_imd_band_None + cat_age_band_35_55 + cat_age_band_55 + cat_disability_Y', 'gamma0_': '1', 'gamma1_': '1'}         ok 0.111434     0.678560                                                                                                                                                                                                                                                                                                                                                                                                                                                                                                                                                                                                                                                                                                                                                                                                                                                                                                                                                                                                                                                                                                                                                                None
            2                 2      0.025       0.0             1.0 lifelines_crc_spline_aft                 {'beta_': 'num_num_of_prev_attempts + num_studied_credits + num_clicks_first_8_weeks + num_active_weeks_first_8 + num_mean_clicks_first_8_weeks + cat_gender_M + cat_region_East_Midlands_Region + cat_region_Ireland + cat_region_London_Region + cat_region_North_Region + cat_region_North_Western_Region + cat_region_Scotland + cat_region_South_East_Region + cat_region_South_Region + cat_region_South_West_Region + cat_region_Wales + cat_region_West_Midlands_Region + cat_region_Yorkshire_Region + cat_highest_education_HE_Qualification + cat_highest_education_Lower_Than_A_Level + cat_highest_education_No_Formal_quals + cat_highest_education_Post_Graduate_Qualification + cat_imd_band_10_20 + cat_imd_band_20_30 + cat_imd_band_30_40 + cat_imd_band_40_50 + cat_imd_band_50_60 + cat_imd_band_60_70 + cat_imd_band_70_80 + cat_imd_band_80_90 + cat_imd_band_90_100 + cat_imd_band_None + cat_age_band_35_55 + cat_age_band_55 + cat_disability_Y', 'gamma0_': '1', 'gamma1_': '1'}         ok 0.112965     0.676041                                                                                                                                                                                                                                                                                                                                                                                                                                                                                                                                                                                                                                                                                                                                                                                                                                                                                                                                                                                                                                                                                                                                                                None
            3                 2      0.050       0.0             1.0 lifelines_crc_spline_aft                 {'beta_': 'num_num_of_prev_attempts + num_studied_credits + num_clicks_first_8_weeks + num_active_weeks_first_8 + num_mean_clicks_first_8_weeks + cat_gender_M + cat_region_East_Midlands_Region + cat_region_Ireland + cat_region_London_Region + cat_region_North_Region + cat_region_North_Western_Region + cat_region_Scotland + cat_region_South_East_Region + cat_region_South_Region + cat_region_South_West_Region + cat_region_Wales + cat_region_West_Midlands_Region + cat_region_Yorkshire_Region + cat_highest_education_HE_Qualification + cat_highest_education_Lower_Than_A_Level + cat_highest_education_No_Formal_quals + cat_highest_education_Post_Graduate_Qualification + cat_imd_band_10_20 + cat_imd_band_20_30 + cat_imd_band_30_40 + cat_imd_band_40_50 + cat_imd_band_50_60 + cat_imd_band_60_70 + cat_imd_band_70_80 + cat_imd_band_80_90 + cat_imd_band_90_100 + cat_imd_band_None + cat_age_band_35_55 + cat_age_band_55 + cat_disability_Y', 'gamma0_': '1', 'gamma1_': '1'}         ok 0.114102     0.675214                                                                                                                                                                                                                                                                                                                                                                                                                                                                                                                                                                                                                                                                                                                                                                                                                                                                                                                                                                                                                                                                                                                                                                None
            4                 2      0.100       0.0             1.0 lifelines_crc_spline_aft                 {'beta_': 'num_num_of_prev_attempts + num_studied_credits + num_clicks_first_8_weeks + num_active_weeks_first_8 + num_mean_clicks_first_8_weeks + cat_gender_M + cat_region_East_Midlands_Region + cat_region_Ireland + cat_region_London_Region + cat_region_North_Region + cat_region_North_Western_Region + cat_region_Scotland + cat_region_South_East_Region + cat_region_South_Region + cat_region_South_West_Region + cat_region_Wales + cat_region_West_Midlands_Region + cat_region_Yorkshire_Region + cat_highest_education_HE_Qualification + cat_highest_education_Lower_Than_A_Level + cat_highest_education_No_Formal_quals + cat_highest_education_Post_Graduate_Qualification + cat_imd_band_10_20 + cat_imd_band_20_30 + cat_imd_band_30_40 + cat_imd_band_40_50 + cat_imd_band_50_60 + cat_imd_band_60_70 + cat_imd_band_70_80 + cat_imd_band_80_90 + cat_imd_band_90_100 + cat_imd_band_None + cat_age_band_35_55 + cat_age_band_55 + cat_disability_Y', 'gamma0_': '1', 'gamma1_': '1'}         ok 0.115774     0.669634                                                                                                                                                                                                                                                                                                                                                                                                                                                                                                                                                                                                                                                                                                                                                                                                                                                                                                                                                                                                                                                                                                                                                                None
            5                 2      0.150       0.0             1.0 lifelines_crc_spline_aft                 {'beta_': 'num_num_of_prev_attempts + num_studied_credits + num_clicks_first_8_weeks + num_active_weeks_first_8 + num_mean_clicks_first_8_weeks + cat_gender_M + cat_region_East_Midlands_Region + cat_region_Ireland + cat_region_London_Region + cat_region_North_Region + cat_region_North_Western_Region + cat_region_Scotland + cat_region_South_East_Region + cat_region_South_Region + cat_region_South_West_Region + cat_region_Wales + cat_region_West_Midlands_Region + cat_region_Yorkshire_Region + cat_highest_education_HE_Qualification + cat_highest_education_Lower_Than_A_Level + cat_highest_education_No_Formal_quals + cat_highest_education_Post_Graduate_Qualification + cat_imd_band_10_20 + cat_imd_band_20_30 + cat_imd_band_30_40 + cat_imd_band_40_50 + cat_imd_band_50_60 + cat_imd_band_60_70 + cat_imd_band_70_80 + cat_imd_band_80_90 + cat_imd_band_90_100 + cat_imd_band_None + cat_age_band_35_55 + cat_age_band_55 + cat_disability_Y', 'gamma0_': '1', 'gamma1_': '1'}         ok 0.117013     0.668634                                                                                                                                                                                                                                                                                                                                                                                                                                                                                                                                                                                                                                                                                                                                                                                                                                                                                                                                                                                                                                                                                                                                                                None
            6                 2      0.200       0.0             1.0 lifelines_crc_spline_aft                 {'beta_': 'num_num_of_prev_attempts + num_studied_credits + num_clicks_first_8_weeks + num_active_weeks_first_8 + num_mean_clicks_first_8_weeks + cat_gender_M + cat_region_East_Midlands_Region + cat_region_Ireland + cat_region_London_Region + cat_region_North_Region + cat_region_North_Western_Region + cat_region_Scotland + cat_region_South_East_Region + cat_region_South_Region + cat_region_South_West_Region + cat_region_Wales + cat_region_West_Midlands_Region + cat_region_Yorkshire_Region + cat_highest_education_HE_Qualification + cat_highest_education_Lower_Than_A_Level + cat_highest_education_No_Formal_quals + cat_highest_education_Post_Graduate_Qualification + cat_imd_band_10_20 + cat_imd_band_20_30 + cat_imd_band_30_40 + cat_imd_band_40_50 + cat_imd_band_50_60 + cat_imd_band_60_70 + cat_imd_band_70_80 + cat_imd_band_80_90 + cat_imd_band_90_100 + cat_imd_band_None + cat_age_band_35_55 + cat_age_band_55 + cat_disability_Y', 'gamma0_': '1', 'gamma1_': '1'}         ok 0.118030     0.666363                                                                                                                                                                                                                                                                                                                                                                                                                                                                                                                                                                                                                                                                                                                                                                                                                                                                                                                                                                                                                                                                                                                                                                None
            7                 2      0.300       0.0             1.0 lifelines_crc_spline_aft                 {'beta_': 'num_num_of_prev_attempts + num_studied_credits + num_clicks_first_8_weeks + num_active_weeks_first_8 + num_mean_clicks_first_8_weeks + cat_gender_M + cat_region_East_Midlands_Region + cat_region_Ireland + cat_region_London_Region + cat_region_North_Region + cat_region_North_Western_Region + cat_region_Scotland + cat_region_South_East_Region + cat_region_South_Region + cat_region_South_West_Region + cat_region_Wales + cat_region_West_Midlands_Region + cat_region_Yorkshire_Region + cat_highest_education_HE_Qualification + cat_highest_education_Lower_Than_A_Level + cat_highest_education_No_Formal_quals + cat_highest_education_Post_Graduate_Qualification + cat_imd_band_10_20 + cat_imd_band_20_30 + cat_imd_band_30_40 + cat_imd_band_40_50 + cat_imd_band_50_60 + cat_imd_band_60_70 + cat_imd_band_70_80 + cat_imd_band_80_90 + cat_imd_band_90_100 + cat_imd_band_None + cat_age_band_35_55 + cat_age_band_55 + cat_disability_Y', 'gamma0_': '1', 'gamma1_': '1'}         ok 0.119399     0.664749                                                                                                                                                                                                                                                                                                                                                                                                                                                                                                                                                                                                                                                                                                                                                                                                                                                                                                                                                                                                                                                                                                                                                                None
            8                 2      0.500       0.0             1.0 lifelines_crc_spline_aft                 {'beta_': 'num_num_of_prev_attempts + num_studied_credits + num_clicks_first_8_weeks + num_active_weeks_first_8 + num_mean_clicks_first_8_weeks + cat_gender_M + cat_region_East_Midlands_Region + cat_region_Ireland + cat_region_London_Region + cat_region_North_Region + cat_region_North_Western_Region + cat_region_Scotland + cat_region_South_East_Region + cat_region_South_Region + cat_region_South_West_Region + cat_region_Wales + cat_region_West_Midlands_Region + cat_region_Yorkshire_Region + cat_highest_education_HE_Qualification + cat_highest_education_Lower_Than_A_Level + cat_highest_education_No_Formal_quals + cat_highest_education_Post_Graduate_Qualification + cat_imd_band_10_20 + cat_imd_band_20_30 + cat_imd_band_30_40 + cat_imd_band_40_50 + cat_imd_band_50_60 + cat_imd_band_60_70 + cat_imd_band_70_80 + cat_imd_band_80_90 + cat_imd_band_90_100 + cat_imd_band_None + cat_age_band_35_55 + cat_age_band_55 + cat_disability_Y', 'gamma0_': '1', 'gamma1_': '1'}         ok 0.120941     0.662376                                                                                                                                                                                                                                                                                                                                                                                                                                                                                                                                                                                                                                                                                                                                                                                                                                                                                                                                                                                                                                                                                                                                                                None
            9                 2      0.700       0.0             1.0 lifelines_crc_spline_aft                 {'beta_': 'num_num_of_prev_attempts + num_studied_credits + num_clicks_first_8_weeks + num_active_weeks_first_8 + num_mean_clicks_first_8_weeks + cat_gender_M + cat_region_East_Midlands_Region + cat_region_Ireland + cat_region_London_Region + cat_region_North_Region + cat_region_North_Western_Region + cat_region_Scotland + cat_region_South_East_Region + cat_region_South_Region + cat_region_South_West_Region + cat_region_Wales + cat_region_West_Midlands_Region + cat_region_Yorkshire_Region + cat_highest_education_HE_Qualification + cat_highest_education_Lower_Than_A_Level + cat_highest_education_No_Formal_quals + cat_highest_education_Post_Graduate_Qualification + cat_imd_band_10_20 + cat_imd_band_20_30 + cat_imd_band_30_40 + cat_imd_band_40_50 + cat_imd_band_50_60 + cat_imd_band_60_70 + cat_imd_band_70_80 + cat_imd_band_80_90 + cat_imd_band_90_100 + cat_imd_band_None + cat_age_band_35_55 + cat_age_band_55 + cat_disability_Y', 'gamma0_': '1', 'gamma1_': '1'}         ok 0.121718     0.661286                                                                                                                                                                                                                                                                                                                                                                                                                                                                                                                                                                                                                                                                                                                                                                                                                                                                                                                                                                                                                                                                                                                                                                None
           10                 2      1.000       0.0             1.0 lifelines_crc_spline_aft                 {'beta_': 'num_num_of_prev_attempts + num_studied_credits + num_clicks_first_8_weeks + num_active_weeks_first_8 + num_mean_clicks_first_8_weeks + cat_gender_M + cat_region_East_Midlands_Region + cat_region_Ireland + cat_region_London_Region + cat_region_North_Region + cat_region_North_Western_Region + cat_region_Scotland + cat_region_South_East_Region + cat_region_South_Region + cat_region_South_West_Region + cat_region_Wales + cat_region_West_Midlands_Region + cat_region_Yorkshire_Region + cat_highest_education_HE_Qualification + cat_highest_education_Lower_Than_A_Level + cat_highest_education_No_Formal_quals + cat_highest_education_Post_Graduate_Qualification + cat_imd_band_10_20 + cat_imd_band_20_30 + cat_imd_band_30_40 + cat_imd_band_40_50 + cat_imd_band_50_60 + cat_imd_band_60_70 + cat_imd_band_70_80 + cat_imd_band_80_90 + cat_imd_band_90_100 + cat_imd_band_None + cat_age_band_35_55 + cat_age_band_55 + cat_disability_Y', 'gamma0_': '1', 'gamma1_': '1'}         ok 0.122358     0.660432                                                                                                                                                                                                                                                                                                                                                                                                                                                                                                                                                                                                                                                                                                                                                                                                                                                                                                                                                                                                                                                                                                                                                                None
           11                 2      2.000       0.0             1.0 lifelines_crc_spline_aft                 {'beta_': 'num_num_of_prev_attempts + num_studied_credits + num_clicks_first_8_weeks + num_active_weeks_first_8 + num_mean_clicks_first_8_weeks + cat_gender_M + cat_region_East_Midlands_Region + cat_region_Ireland + cat_region_London_Region + cat_region_North_Region + cat_region_North_Western_Region + cat_region_Scotland + cat_region_South_East_Region + cat_region_South_Region + cat_region_South_West_Region + cat_region_Wales + cat_region_West_Midlands_Region + cat_region_Yorkshire_Region + cat_highest_education_HE_Qualification + cat_highest_education_Lower_Than_A_Level + cat_highest_education_No_Formal_quals + cat_highest_education_Post_Graduate_Qualification + cat_imd_band_10_20 + cat_imd_band_20_30 + cat_imd_band_30_40 + cat_imd_band_40_50 + cat_imd_band_50_60 + cat_imd_band_60_70 + cat_imd_band_70_80 + cat_imd_band_80_90 + cat_imd_band_90_100 + cat_imd_band_None + cat_age_band_35_55 + cat_age_band_55 + cat_disability_Y', 'gamma0_': '1', 'gamma1_': '1'}         ok 0.123323     0.659910                                                                                                                                                                                                                                                                                                                                                                                                                                                                                                                                                                                                                                                                                                                                                                                                                                                                                                                                                                                                                                                                                                                                                                None
           23                 3      2.000       0.0             1.0 lifelines_crc_spline_aft {'beta_': 'num_num_of_prev_attempts + num_studied_credits + num_clicks_first_8_weeks + num_active_weeks_first_8 + num_mean_clicks_first_8_weeks + cat_gender_M + cat_region_East_Midlands_Region + cat_region_Ireland + cat_region_London_Region + cat_region_North_Region + cat_region_North_Western_Region + cat_region_Scotland + cat_region_South_East_Region + cat_region_South_Region + cat_region_South_West_Region + cat_region_Wales + cat_region_West_Midlands_Region + cat_region_Yorkshire_Region + cat_highest_education_HE_Qualification + cat_highest_education_Lower_Than_A_Level + cat_highest_education_No_Formal_quals + cat_highest_education_Post_Graduate_Qualification + cat_imd_band_10_20 + cat_imd_band_20_30 + cat_imd_band_30_40 + cat_imd_band_40_50 + cat_imd_band_50_60 + cat_imd_band_60_70 + cat_imd_band_70_80 + cat_imd_band_80_90 + cat_imd_band_90_100 + cat_imd_band_None + cat_age_band_35_55 + cat_age_band_55 + cat_disability_Y', 'gamma0_': '1', 'gamma1_': '1', 'gamma2_': '1'}         ok 0.123326     0.659970                                                                                                                                                                                                                                                                                                                                                                                                                                                                                                                                                                                                                                                                                                                                                                                                                                                                                                                                                                                                                                                                                                                                                                None
ARTIFACT | Stage 5.12.3 table_royston_parmar_tuning_results - Royston-Parmar tuning results | duckdb://table_royston_parmar_tuning_results_w8
[Stage 5.12.3 table_royston_parmar_tuned_test_predictions - Royston-Parmar test predictions]
table_name=table_royston_parmar_tuned_test_predictions_w8
rows=29334, cols=6
      enrollment_id  event  duration  horizon_week  pred_survival_h  pred_risk_h
 100561||DDD||2014J      0        37            10         0.913379     0.086621
 100621||CCC||2014B      1         6            10         0.858553     0.141447
 101187||DDD||2014J      0        37            10         0.791244     0.208756
 101279||DDD||2014J      0        37            10         0.901090     0.098910
 101414||EEE||2013J      0        38            10         0.754114     0.245886
 101700||CCC||2014J      0        38            10         0.731738     0.268262
 101781||AAA||2013J      0        38            10         0.931293     0.068707
 102209||CCC||2014J      1        15            10         0.929830     0.070170
 102343||FFF||2013J      0        38            10         0.928741     0.071259
1023623||CCC||2014J      0        38            10         0.888191     0.111809
1033968||DDD||2014B      1        13            10         0.847566     0.152434
 103891||DDD||2014B      0        34            10         0.798773     0.201227
 104316||FFF||2014B      0        34            10         0.931480     0.068520
1045203||AAA||2014J      0        38            10         0.932884     0.067116
1047645||CCC||2014B      0        34            10         0.781149     0.218851
1053702||EEE||2013J      0        38            10         0.933112     0.066888
 105629||FFF||2013J      0        38            10         0.938245     0.061755
1057883||CCC||2014B      0        34            10         0.909439     0.090561
 106383||BBB||2014J      1        21            10         0.854169     0.145831
 106553||DDD||2014J      0        37            10         0.913785     0.086215
ARTIFACT | Stage 5.12.3 table_royston_parmar_tuned_test_predictions - Royston-Parmar test predictions | duckdb://table_royston_parmar_tuned_test_predictions_w8
[Stage 5.12.3 table_royston_parmar_tuned_primary_metrics - Royston-Parmar primary metrics]
table_name=table_royston_parmar_tuned_primary_metrics_w8
rows=2, cols=4
metric_name metric_category  metric_value                         notes
        ibs         primary      0.113170 sksurv_integrated_brier_score
    c_index      co_primary      0.653088          pycox_concordance_td
ARTIFACT | Stage 5.12.3 table_royston_parmar_tuned_primary_metrics - Royston-Parmar primary metrics | duckdb://table_royston_parmar_tuned_primary_metrics_w8
[Stage 5.12.3 table_royston_parmar_tuned_brier_by_horizon - Royston-Parmar Brier scores by horizon]
table_name=table_royston_parmar_tuned_brier_by_horizon_w8
rows=3, cols=5
 horizon_week      metric_name metric_category  metric_value              notes
           10 brier_at_horizon         primary      0.096089 sksurv_brier_score
           20 brier_at_horizon         primary      0.132520 sksurv_brier_score
           30 brier_at_horizon         primary      0.158143 sksurv_brier_score
ARTIFACT | Stage 5.12.3 table_royston_parmar_tuned_brier_by_horizon - Royston-Parmar Brier scores by horizon | duckdb://table_royston_parmar_tuned_brier_by_horizon_w8
[Stage 5.12.3 table_royston_parmar_tuned_secondary_metrics - Royston-Parmar secondary metrics]
table_name=table_royston_parmar_tuned_secondary_metrics_w8
rows=6, cols=5
 horizon_week         metric_name metric_category  metric_value                                                                                  notes
           10 risk_auc_at_horizon       secondary      0.818278                                                            roc_auc_on_evaluable_subset
           10  time_dependent_auc       secondary      0.815188 ipcw_supported_subset(duration < 38); retained=6742/9778; auc=0.815188; local_ipcw_auc
           20 risk_auc_at_horizon       secondary      0.730582                                                            roc_auc_on_evaluable_subset
           20  time_dependent_auc       secondary      0.723556 ipcw_supported_subset(duration < 38); retained=6742/9778; auc=0.723556; local_ipcw_auc
           30 risk_auc_at_horizon       secondary      0.689248                                                            roc_auc_on_evaluable_subset
           30  time_dependent_auc       secondary      0.679746 ipcw_supported_subset(duration < 38); retained=6742/9778; auc=0.679746; local_ipcw_auc
ARTIFACT | Stage 5.12.3 table_royston_parmar_tuned_secondary_metrics - Royston-Parmar secondary metrics | duckdb://table_royston_parmar_tuned_secondary_metrics_w8
[Stage 5.12.3 table_royston_parmar_tuned_td_auc_support_audit - Royston-Parmar IPCW support audit]
table_name=table_royston_parmar_tuned_td_auc_support_audit_w8
rows=3, cols=6
 horizon_week  max_ipcw_time  n_total_test_enrollments  n_supported_test_enrollments  mean_auc                                                            notes
           10           38.0                      9778                          6742  0.815188 IPCW-supported subset used for Royston-Parmar time-dependent AUC
           20           38.0                      9778                          6742  0.723556 IPCW-supported subset used for Royston-Parmar time-dependent AUC
           30           38.0                      9778                          6742  0.679746 IPCW-supported subset used for Royston-Parmar time-dependent AUC
ARTIFACT | Stage 5.12.3 table_royston_parmar_tuned_td_auc_support_audit - Royston-Parmar IPCW support audit | duckdb://table_royston_parmar_tuned_td_auc_support_audit_w8
[Stage 5.12.3 table_royston_parmar_tuned_row_diagnostics - Royston-Parmar row-level diagnostics]
table_name=table_royston_parmar_tuned_row_diagnostics_w8
rows=1, cols=6
          model_name  row_level_roc_auc  row_level_pr_auc  row_level_log_loss  row_level_brier                                                                    diagnostic_note
royston_parmar_tuned           0.157104          0.132833            0.714206         0.224682 auxiliary enrollment-level proxy only; not a primary cross-family benchmark metric
ARTIFACT | Stage 5.12.3 table_royston_parmar_tuned_row_diagnostics - Royston-Parmar row-level diagnostics | duckdb://table_royston_parmar_tuned_row_diagnostics_w8
[Stage 5.12.3 table_royston_parmar_tuned_support_by_horizon - Royston-Parmar support by horizon]
table_name=table_royston_parmar_tuned_support_by_horizon_w8
rows=3, cols=4
 horizon_week  n_evaluable_enrollments  n_events_by_horizon  event_rate_by_horizon
           10                     9778                 1215               0.124259
           20                     9778                 1736               0.177541
           30                     9778                 2129               0.217734
ARTIFACT | Stage 5.12.3 table_royston_parmar_tuned_support_by_horizon - Royston-Parmar support by horizon | duckdb://table_royston_parmar_tuned_support_by_horizon_w8
[Stage 5.12.3 table_royston_parmar_tuned_calibration_summary - Royston-Parmar calibration summary]
table_name=table_royston_parmar_tuned_calibration_summary_w8
rows=3, cols=5
 horizon_week            metric_name metric_category  metric_value                                         notes
           10 calibration_at_horizon         primary      0.061338 Weighted absolute calibration gap across bins
           20 calibration_at_horizon         primary      0.034917 Weighted absolute calibration gap across bins
           30 calibration_at_horizon         primary      0.024574 Weighted absolute calibration gap across bins
ARTIFACT | Stage 5.12.3 table_royston_parmar_tuned_calibration_summary - Royston-Parmar calibration summary | duckdb://table_royston_parmar_tuned_calibration_summary_w8
[Stage 5.12.3 table_royston_parmar_tuned_calibration_bins_by_horizon - Royston-Parmar calibration bins]
table_name=table_royston_parmar_tuned_calibration_bins_by_horizon_w8
rows=30, cols=6
 calibration_bin   n  mean_predicted_risk  observed_event_rate  horizon_week  abs_calibration_gap
               0 978             0.055585             0.014315            10             0.041270
               1 978             0.065908             0.010225            10             0.055683
               2 978             0.073276             0.022495            10             0.050781
               3 977             0.080821             0.031730            10             0.049091
               4 978             0.089854             0.037832            10             0.052021
               5 978             0.102975             0.056237            10             0.046738
               6 977             0.124585             0.125896            10             0.001311
               7 978             0.159397             0.234151            10             0.074755
               8 978             0.201990             0.332311            10             0.130321
               9 978             0.265967             0.377301            10             0.111334
               0 978             0.083302             0.050102            20             0.033199
               1 978             0.098597             0.051125            20             0.047473
               2 978             0.109401             0.080777            20             0.028624
               3 977             0.120416             0.095189            20             0.025227
               4 978             0.133541             0.107362            20             0.026179
               5 978             0.152483             0.137014            20             0.015469
               6 977             0.183352             0.203685            20             0.020332
               7 978             0.232242             0.296524            20             0.064282
               8 978             0.290674             0.357873            20             0.067199
               9 978             0.374542             0.395706            20             0.021164
ARTIFACT | Stage 5.12.3 table_royston_parmar_tuned_calibration_bins_by_horizon - Royston-Parmar calibration bins | duckdb://table_royston_parmar_tuned_calibration_bins_by_horizon_w8
[Stage 5.12.3 table_royston_parmar_tuned_predicted_vs_observed_survival - Royston-Parmar predicted versus observed survival]
table_name=table_royston_parmar_tuned_predicted_vs_observed_survival_w8
rows=3, cols=5
 horizon_week  n_evaluable_enrollments  mean_predicted_survival  mean_observed_survival  abs_gap
           10                     9778                 0.877960                0.875741 0.002219
           20                     9778                 0.822140                0.822459 0.000319
           30                     9778                 0.780251                0.782266 0.002015
ARTIFACT | Stage 5.12.3 table_royston_parmar_tuned_predicted_vs_observed_survival - Royston-Parmar predicted versus observed survival | duckdb://table_royston_parmar_tuned_predicted_vs_observed_survival_w8
ARTIFACT | royston_parmar_model | /Users/rafars/dropout_benchmark_desenv/outputs_benchmark_survival/models/royston_parmar_tuned_w8.joblib
ARTIFACT | royston_parmar_preprocessor | /Users/rafars/dropout_benchmark_desenv/outputs_benchmark_survival/models/royston_parmar_preprocessor_w8.joblib
ARTIFACT | royston_parmar_tuned_model_config | /Users/rafars/dropout_benchmark_desenv/outputs_benchmark_survival/metadata/royston_parmar_tuned_model_config_w8.json
{
  "model_name": "royston_parmar_tuned",
  "selection_metric": "lowest_validation_ibs_among_warning_free_candidates",
  "validation_split": {
    "method": "GroupShuffleSplit",
    "test_size": 0.1,
    "group_column": "enrollment_id",
    "random_seed": 42
  },
  "effective_window_weeks": 8,
  "input_train_table": "enrollment_cox_ready_train_w8",
  "input_test_table": "enrollment_cox_ready_test_w8",
  "search_space": [
    {
      "candidate_id": 1,
      "n_baseline_knots": 2,
      "penalizer": 0.01,
      "l1_ratio": 0.0
    },
    {
      "candidate_id": 2,
      "n_baseline_knots": 2,
      "penalizer": 0.025,
      "l1_ratio": 0.0
    },
    {
      "candidate_id": 3,
      "n_baseline_knots": 2,
      "penalizer": 0.05,
      "l1_ratio": 0.0
    },
    {
      "candidate_id": 4,
      "n_baseline_knots": 2,
      "penalizer": 0.1,
      "l1_ratio": 0.0
    },
    {
      "candidate_id": 5,
      "n_baseline_knots": 2,
      "penalizer": 0.15,
      "l1_ratio": 0.0
    },
    {
      "candidate_id": 6,
      "n_baseline_knots": 2,
      "penalizer": 0.2,
      "l1_ratio": 0.0
    },
    {
      "candidate_id": 7,
      "n_baseline_knots": 2,
      "penalizer": 0.3,
      "l1_ratio": 0.0
    },
    {
      "candidate_id": 8,
      "n_baseline_knots": 2,
      "penalizer": 0.5,
      "l1_ratio": 0.0
    },
    {
      "candidate_id": 9,
      "n_baseline_knots": 2,
      "penalizer": 0.7,
      "l1_ratio": 0.0
    },
    {
      "candidate_id": 10,
      "n_baseline_knots": 2,
      "penalizer": 1.0,
      "l1_ratio": 0.0
    },
    {
      "candidate_id": 11,
      "n_baseline_knots": 2,
      "penalizer": 2.0,
      "l1_ratio": 0.0
    },
    {
      "candidate_id": 12,
      "n_baseline_knots": 2,
      "penalizer": 5.0,
      "l1_ratio": 0.0
    },
    {
      "candidate_id": 13,
      "n_baseline_knots": 3,
      "penalizer": 0.01,
      "l1_ratio": 0.0
    },
    {
      "candidate_id": 14,
      "n_baseline_knots": 3,
      "penalizer": 0.025,
      "l1_ratio": 0.0
    },
    {
      "candidate_id": 15,
      "n_baseline_knots": 3,
      "penalizer": 0.05,
      "l1_ratio": 0.0
    },
    {
      "candidate_id": 16,
      "n_baseline_knots": 3,
      "penalizer": 0.1,
      "l1_ratio": 0.0
    },
    {
      "candidate_id": 17,
      "n_baseline_knots": 3,
      "penalizer": 0.15,
      "l1_ratio": 0.0
    },
    {
      "candidate_id": 18,
      "n_baseline_knots": 3,
      "penalizer": 0.2,
      "l1_ratio": 0.0
    },
    {
      "candidate_id": 19,
      "n_baseline_knots": 3,
      "penalizer": 0.3,
      "l1_ratio": 0.0
    },
    {
      "candidate_id": 20,
      "n_baseline_knots": 3,
      "penalizer": 0.5,
      "l1_ratio": 0.0
    },
    {
      "candidate_id": 21,
      "n_baseline_knots": 3,
      "penalizer": 0.7,
      "l1_ratio": 0.0
    },
    {
      "candidate_id": 22,
      "n_baseline_knots": 3,
      "penalizer": 1.0,
      "l1_ratio": 0.0
    },
    {
      "candidate_id": 23,
      "n_baseline_knots": 3,
      "penalizer": 2.0,
      "l1_ratio": 0.0
    },
    {
      "candidate_id": 24,
      "n_baseline_knots": 3,
      "penalizer": 5.0,
      "l1_ratio": 0.0
    }
  ],
  "benchmark_horizons": [
    10,
    20,
    30
  ],
  "calibration_bins": 10,
  "calibration_contract_version": "v2_ipcw_km_observed_risk",
  "calibration_observed_risk_method": "ipcw_km_pseudo_event_rate",
  "variance_filter_threshold": 1e-12,
  "duration_floor": 1.0,
  "implementation": "lifelines_crc_spline_aft",
  "best_candidate": {
    "candidate_id": 13,
    "params": {
      "n_baseline_knots": 3,
      "penalizer": 0.01,
      "l1_ratio": 0.0
    },
    "duration_floor": 1.0,
    "regressors": {
      "beta_": "num_num_of_prev_attempts + num_studied_credits + num_clicks_first_8_weeks + num_active_weeks_first_8 + num_mean_clicks_first_8_weeks + cat_gender_M + cat_region_East_Midlands_Region + cat_region_Ireland + cat_region_London_Region + cat_region_North_Region + cat_region_North_Western_Region + cat_region_Scotland + cat_region_South_East_Region + cat_region_South_Region + cat_region_South_West_Region + cat_region_Wales + cat_region_West_Midlands_Region + cat_region_Yorkshire_Region + cat_highest_education_HE_Qualification + cat_highest_education_Lower_Than_A_Level + cat_highest_education_No_Formal_quals + cat_highest_education_Post_Graduate_Qualification + cat_imd_band_10_20 + cat_imd_band_20_30 + cat_imd_band_30_40 + cat_imd_band_40_50 + cat_imd_band_50_60 + cat_imd_band_60_70 + cat_imd_band_70_80 + cat_imd_band_80_90 + cat_imd_band_90_100 + cat_imd_band_None + cat_age_band_35_55 + cat_age_band_55 + cat_disability_Y",
      "gamma0_": "1",
      "gamma1_": "1",
      "gamma2_": "1"
    },
    "val_ibs": 0.11094446681189386,
    "val_c_index": 0.6696138079203819,
    "implementation": "lifelines_crc_spline_aft"
  },
  "preprocessing": {
    "categorical_features": [
      "gender",
      "region",
      "highest_education",
      "imd_band",
      "age_band",
      "disability"
    ],
    "numeric_features": [
      "num_of_prev_attempts",
      "studied_credits",
      "clicks_first_8_weeks",
      "active_weeks_first_8",
      "mean_clicks_first_8_weeks"
    ],
    "numeric_prefill_values": {
      "num_of_prev_attempts": 0.0,
      "studied_credits": 60.0,
      "clicks_first_8_weeks": 229.0,
      "active_weeks_first_8": 7.0,
      "mean_clicks_first_8_weeks": 37.857142857142854
    },
    "feature_names_before_filter": [
      "num__num_of_prev_attempts",
      "num__studied_credits",
      "num__clicks_first_8_weeks",
      "num__active_weeks_first_8",
      "num__mean_clicks_first_8_weeks",
      "cat__gender_M",
      "cat__region_East Midlands Region",
      "cat__region_Ireland",
      "cat__region_London Region",
      "cat__region_North Region",
      "cat__region_North Western Region",
      "cat__region_Scotland",
      "cat__region_South East Region",
      "cat__region_South Region",
      "cat__region_South West Region",
      "cat__region_Wales",
      "cat__region_West Midlands Region",
      "cat__region_Yorkshire Region",
      "cat__highest_education_HE Qualification",
      "cat__highest_education_Lower Than A Level",
      "cat__highest_education_No Formal quals",
      "cat__highest_education_Post Graduate Qualification",
      "cat__imd_band_10-20",
      "cat__imd_band_20-30%",
      "cat__imd_band_30-40%",
      "cat__imd_band_40-50%",
      "cat__imd_band_50-60%",
      "cat__imd_band_60-70%",
      "cat__imd_band_70-80%",
      "cat__imd_band_80-90%",
      "cat__imd_band_90-100%",
      "cat__imd_band_None",
      "cat__age_band_35-55",
      "cat__age_band_55<=",
      "cat__disability_Y"
    ],
    "feature_names_out": [
      "num__num_of_prev_attempts",
      "num__studied_credits",
      "num__clicks_first_8_weeks",
      "num__active_weeks_first_8",
      "num__mean_clicks_first_8_weeks",
      "cat__gender_M",
      "cat__region_East Midlands Region",
      "cat__region_Ireland",
      "cat__region_London Region",
      "cat__region_North Region",
      "cat__region_North Western Region",
      "cat__region_Scotland",
      "cat__region_South East Region",
      "cat__region_South Region",
      "cat__region_South West Region",
      "cat__region_Wales",
      "cat__region_West Midlands Region",
      "cat__region_Yorkshire Region",
      "cat__highest_education_HE Qualification",
      "cat__highest_education_Lower Than A Level",
      "cat__highest_education_No Formal quals",
      "cat__highest_education_Post Graduate Qualification",
      "cat__imd_band_10-20",
      "cat__imd_band_20-30%",
      "cat__imd_band_30-40%",
      "cat__imd_band_40-50%",
      "cat__imd_band_50-60%",
      "cat__imd_band_60-70%",
      "cat__imd_band_70-80%",
      "cat__imd_band_80-90%",
      "cat__imd_band_90-100%",
      "cat__imd_band_None",
      "cat__age_band_35-55",
      "cat__age_band_55<=",
      "cat__disability_Y"
    ],
    "feature_names_safe": [
      "num_num_of_prev_attempts",
      "num_studied_credits",
      "num_clicks_first_8_weeks",
      "num_active_weeks_first_8",
      "num_mean_clicks_first_8_weeks",
      "cat_gender_M",
      "cat_region_East_Midlands_Region",
      "cat_region_Ireland",
      "cat_region_London_Region",
      "cat_region_North_Region",
      "cat_region_North_Western_Region",
      "cat_region_Scotland",
      "cat_region_South_East_Region",
      "cat_region_South_Region",
      "cat_region_South_West_Region",
      "cat_region_Wales",
      "cat_region_West_Midlands_Region",
      "cat_region_Yorkshire_Region",
      "cat_highest_education_HE_Qualification",
      "cat_highest_education_Lower_Than_A_Level",
      "cat_highest_education_No_Formal_quals",
      "cat_highest_education_Post_Graduate_Qualification",
      "cat_imd_band_10_20",
      "cat_imd_band_20_30",
      "cat_imd_band_30_40",
      "cat_imd_band_40_50",
      "cat_imd_band_50_60",
      "cat_imd_band_60_70",
      "cat_imd_band_70_80",
      "cat_imd_band_80_90",
      "cat_imd_band_90_100",
      "cat_imd_band_None",
      "cat_age_band_35_55",
      "cat_age_band_55",
      "cat_disability_Y"
    ],
    "formula_feature_map": {
      "num__num_of_prev_attempts": "num_num_of_prev_attempts",
      "num__studied_credits": "num_studied_credits",
      "num__clicks_first_8_weeks": "num_clicks_first_8_weeks",
      "num__active_weeks_first_8": "num_active_weeks_first_8",
      "num__mean_clicks_first_8_weeks": "num_mean_clicks_first_8_weeks",
      "cat__gender_M": "cat_gender_M",
      "cat__region_East Midlands Region": "cat_region_East_Midlands_Region",
      "cat__region_Ireland": "cat_region_Ireland",
      "cat__region_London Region": "cat_region_London_Region",
      "cat__region_North Region": "cat_region_North_Region",
      "cat__region_North Western Region": "cat_region_North_Western_Region",
      "cat__region_Scotland": "cat_region_Scotland",
      "cat__region_South East Region": "cat_region_South_East_Region",
      "cat__region_South Region": "cat_region_South_Region",
      "cat__region_South West Region": "cat_region_South_West_Region",
      "cat__region_Wales": "cat_region_Wales",
      "cat__region_West Midlands Region": "cat_region_West_Midlands_Region",
      "cat__region_Yorkshire Region": "cat_region_Yorkshire_Region",
      "cat__highest_education_HE Qualification": "cat_highest_education_HE_Qualification",
      "cat__highest_education_Lower Than A Level": "cat_highest_education_Lower_Than_A_Level",
      "cat__highest_education_No Formal quals": "cat_highest_education_No_Formal_quals",
      "cat__highest_education_Post Graduate Qualification": "cat_highest_education_Post_Graduate_Qualification",
      "cat__imd_band_10-20": "cat_imd_band_10_20",
      "cat__imd_band_20-30%": "cat_imd_band_20_30",
      "cat__imd_band_30-40%": "cat_imd_band_30_40",
      "cat__imd_band_40-50%": "cat_imd_band_40_50",
      "cat__imd_band_50-60%": "cat_imd_band_50_60",
      "cat__imd_band_60-70%": "cat_imd_band_60_70",
      "cat__imd_band_70-80%": "cat_imd_band_70_80",
      "cat__imd_band_80-90%": "cat_imd_band_80_90",
      "cat__imd_band_90-100%": "cat_imd_band_90_100",
      "cat__imd_band_None": "cat_imd_band_None",
      "cat__age_band_35-55": "cat_age_band_35_55",
      "cat__age_band_55<=": "cat_age_band_55",
      "cat__disability_Y": "cat_disability_Y"
    },
    "dropped_low_variance_features": []
  },
  "design_note": "The comparable Royston-Parmar arm preserves the canonical early-window contract, uses the same deterministic preprocessing as the other continuous-time baselines, sanitizes transformed feature names for formula-safe spline fitting, and rejects candidates that emit fit or prediction warnings under strict execution."
}

 candidate_id                                                      params  duration_floor                                                                                                                                                                                                                                                                                                                                                                                                                                                                                                                                                                                                                                                                                                                                                                                                                                                                                                                                                                                                                  regressors  val_ibs  val_c_index           implementation
           13 {'n_baseline_knots': 3, 'penalizer': 0.01, 'l1_ratio': 0.0}             1.0 {'beta_': 'num_num_of_prev_attempts + num_studied_credits + num_clicks_first_8_weeks + num_active_weeks_first_8 + num_mean_clicks_first_8_weeks + cat_gender_M + cat_region_East_Midlands_Region + cat_region_Ireland + cat_region_London_Region + cat_region_North_Region + cat_region_North_Western_Region + cat_region_Scotland + cat_region_South_East_Region + cat_region_South_Region + cat_region_South_West_Region + cat_region_Wales + cat_region_West_Midlands_Region + cat_region_Yorkshire_Region + cat_highest_education_HE_Qualification + cat_highest_education_Lower_Than_A_Level + cat_highest_education_No_Formal_quals + cat_highest_education_Post_Graduate_Qualification + cat_imd_band_10_20 + cat_imd_band_20_30 + cat_imd_band_30_40 + cat_imd_band_40_50 + cat_imd_band_50_60 + cat_imd_band_60_70 + cat_imd_band_70_80 + cat_imd_band_80_90 + cat_imd_band_90_100 + cat_imd_band_None + cat_age_band_35_55 + cat_age_band_55 + cat_disability_Y', 'gamma0_': '1', 'gamma1_': '1', 'gamma2_': '1'} 0.110944     0.669614 lifelines_crc_spline_aft
[END] 5.12.3 - 2026-06-19 22:29:09
[START] 5.12 - 2026-06-19 22:29:09
# ==============================================================
# 5.12.4 - Close runtime resources
# ==============================================================
DuckDB connection closed.
ARTIFACT | duckdb_connection | closed::/Users/rafars/dropout_benchmark_desenv/outputs_benchmark_survival/benchmark_survival.duckdb
[END] 5.12.4 - 2026-06-19 22:29:10
[RUN_PLAN] comparable_window_weeks=10
[START] 5.12 - 2026-06-19 22:29:10
# ==============================================================
# 5.12.1 - Lightweight runtime bootstrap
# ==============================================================
ARTIFACT | benchmark_shared_config | /Users/rafars/dropout_benchmark_desenv/benchmark_shared_config.toml
ARTIFACT | benchmark_modeling_contract | /Users/rafars/dropout_benchmark_desenv/benchmark_modeling_contract.toml
ARTIFACT | run_metadata | /Users/rafars/dropout_benchmark_desenv/outputs_benchmark_survival/metadata/run_metadata.json
ARTIFACT | duckdb_path | /Users/rafars/dropout_benchmark_desenv/outputs_benchmark_survival/benchmark_survival.duckdb
{
  "run_id": "f3766e75053447a7beb7a1c4936d231f",
  "random_seed": 42,
  "tuning_parallel_backend": "processes",
  "test_size": 0.3,
  "early_window_weeks": 4,
  "main_enrollment_window_weeks": 4,
  "effective_window_weeks": 10,
  "input_train_table": "enrollment_cox_ready_train_w10",
  "input_test_table": "enrollment_cox_ready_test_w10"
}
[END] 5.12.1 - 2026-06-19 22:29:10
[START] 5.12 - 2026-06-19 22:29:10
# ==============================================================
# 5.12.2 - Build comparable-window Royston-Parmar treatment
# ==============================================================
[Stage 5.12.2 table_royston_parmar_preprocessing_summary - Royston-Parmar preprocessing summary]
table_name=table_royston_parmar_preprocessing_summary_w10
rows=1, cols=22
  model_family  train_rows  test_rows  n_input_features_raw  n_numeric_features  n_categorical_features  n_features_after_encoding_before_filter  n_features_after_variance_filter  n_features_after_formula_sanitization  n_features_dropped_by_variance_filter  n_events_train  n_events_test  mean_duration_train  mean_duration_test                              numeric_prefill_policy categorical_imputation                     categorical_encoding                   numeric_scaling  variance_filter_threshold output_dtype                                      positioning_note  window_weeks
royston_parmar       22815       9778                    11                   5                       6                                       35                                35                                     35                                      0            5171           2216            30.536182           30.539476 deterministic_train_median_or_zero_when_all_missing       constant_missing one_hot_drop_first_handle_unknown_ignore standard_scaler_fit_on_train_only               1.000000e-12      float64 early-window comparable flexible parametric benchmark            10
ARTIFACT | Stage 5.12.2 table_royston_parmar_preprocessing_summary - Royston-Parmar preprocessing summary | duckdb://table_royston_parmar_preprocessing_summary_w10
[Stage 5.12.2 table_royston_parmar_raw_feature_manifest - Royston-Parmar raw feature manifest]
table_name=table_royston_parmar_raw_feature_manifest_w10
rows=11, cols=6
  feature_name_operational feature_role  present_in_train  present_in_test  covered_by_canonical_config  numeric_prefill_value
                    gender  categorical              True             True                        False                    NaN
                    region  categorical              True             True                        False                    NaN
         highest_education  categorical              True             True                        False                    NaN
                  imd_band  categorical              True             True                        False                    NaN
                  age_band  categorical              True             True                        False                    NaN
                disability  categorical              True             True                        False                    NaN
      num_of_prev_attempts      numeric              True             True                         True                    0.0
           studied_credits      numeric              True             True                         True                   60.0
     clicks_first_10_weeks      numeric              True             True                         True                  260.0
     active_weeks_first_10      numeric              True             True                         True                    8.0
mean_clicks_first_10_weeks      numeric              True             True                         True                   36.4
ARTIFACT | Stage 5.12.2 table_royston_parmar_raw_feature_manifest - Royston-Parmar raw feature manifest | duckdb://table_royston_parmar_raw_feature_manifest_w10
[Stage 5.12.2 table_royston_parmar_feature_names_out - Royston-Parmar output feature manifest]
table_name=table_royston_parmar_feature_names_out_w10
rows=35, cols=2
                         feature_name_out  transformed_variance_train
                num__num_of_prev_attempts                    1.000000
                     num__studied_credits                    1.000000
               num__clicks_first_10_weeks                    1.000000
               num__active_weeks_first_10                    1.000000
          num__mean_clicks_first_10_weeks                    1.000000
                            cat__gender_M                    0.247988
         cat__region_East Midlands Region                    0.067091
                      cat__region_Ireland                    0.034283
                cat__region_London Region                    0.088295
                 cat__region_North Region                    0.052060
         cat__region_North Western Region                    0.082139
                     cat__region_Scotland                    0.094370
            cat__region_South East Region                    0.059974
                 cat__region_South Region                    0.087554
            cat__region_South West Region                    0.068848
                        cat__region_Wales                    0.059707
         cat__region_West Midlands Region                    0.073261
             cat__region_Yorkshire Region                    0.058136
  cat__highest_education_HE Qualification                    0.123970
cat__highest_education_Lower Than A Level                    0.240991
ARTIFACT | Stage 5.12.2 table_royston_parmar_feature_names_out - Royston-Parmar output feature manifest | duckdb://table_royston_parmar_feature_names_out_w10
[Stage 5.12.2 table_royston_parmar_formula_feature_map - Royston-Parmar formula feature map]
table_name=table_royston_parmar_formula_feature_map_w10
rows=35, cols=2
                         feature_name_out                        feature_name_safe
                num__num_of_prev_attempts                 num_num_of_prev_attempts
                     num__studied_credits                      num_studied_credits
               num__clicks_first_10_weeks                num_clicks_first_10_weeks
               num__active_weeks_first_10                num_active_weeks_first_10
          num__mean_clicks_first_10_weeks           num_mean_clicks_first_10_weeks
                            cat__gender_M                             cat_gender_M
         cat__region_East Midlands Region          cat_region_East_Midlands_Region
                      cat__region_Ireland                       cat_region_Ireland
                cat__region_London Region                 cat_region_London_Region
                 cat__region_North Region                  cat_region_North_Region
         cat__region_North Western Region          cat_region_North_Western_Region
                     cat__region_Scotland                      cat_region_Scotland
            cat__region_South East Region             cat_region_South_East_Region
                 cat__region_South Region                  cat_region_South_Region
            cat__region_South West Region             cat_region_South_West_Region
                        cat__region_Wales                         cat_region_Wales
         cat__region_West Midlands Region          cat_region_West_Midlands_Region
             cat__region_Yorkshire Region              cat_region_Yorkshire_Region
  cat__highest_education_HE Qualification   cat_highest_education_HE_Qualification
cat__highest_education_Lower Than A Level cat_highest_education_Lower_Than_A_Level
ARTIFACT | Stage 5.12.2 table_royston_parmar_formula_feature_map - Royston-Parmar formula feature map | duckdb://table_royston_parmar_formula_feature_map_w10
ARTIFACT | royston_parmar_preprocessing_config | /Users/rafars/dropout_benchmark_desenv/outputs_benchmark_survival/metadata/royston_parmar_preprocessing_config_w10.json
{
  "model_family": "royston_parmar",
  "duration_column": "duration",
  "event_column": "event",
  "categorical_features": [
    "gender",
    "region",
    "highest_education",
    "imd_band",
    "age_band",
    "disability"
  ],
  "numeric_features": [
    "num_of_prev_attempts",
    "studied_credits",
    "clicks_first_10_weeks",
    "active_weeks_first_10",
    "mean_clicks_first_10_weeks"
  ],
  "raw_feature_columns": [
    "gender",
    "region",
    "highest_education",
    "imd_band",
    "age_band",
    "disability",
    "num_of_prev_attempts",
    "studied_credits",
    "clicks_first_10_weeks",
    "active_weeks_first_10",
    "mean_clicks_first_10_weeks"
  ],
  "expected_features_raw": [
    "studied_credits",
    "num_of_prev_attempts",
    "num_of_prev_attempts",
    "studied_credits",
    "clicks_first_10_weeks",
    "active_weeks_first_10",
    "mean_clicks_first_10_weeks"
  ],
  "expected_features_resolved": [
    "studied_credits",
    "num_of_prev_attempts",
    "clicks_first_10_weeks",
    "active_weeks_first_10",
    "mean_clicks_first_10_weeks"
  ],
  "numeric_prefill_policy": "deterministic_train_median_or_zero_when_all_missing",
  "numeric_fill_values": {
    "num_of_prev_attempts": 0.0,
    "studied_credits": 60.0,
    "clicks_first_10_weeks": 260.0,
    "active_weeks_first_10": 8.0,
    "mean_clicks_first_10_weeks": 36.4
  },
  "categorical_imputation": "constant_missing",
  "categorical_encoding": "one_hot_drop_first_handle_unknown_ignore",
  "numeric_scaling": "standard_scaler_fit_on_train_only",
  "variance_filter_threshold": 1e-12,
  "feature_names_before_filter": [
    "num__num_of_prev_attempts",
    "num__studied_credits",
    "num__clicks_first_10_weeks",
    "num__active_weeks_first_10",
    "num__mean_clicks_first_10_weeks",
    "cat__gender_M",
    "cat__region_East Midlands Region",
    "cat__region_Ireland",
    "cat__region_London Region",
    "cat__region_North Region",
    "cat__region_North Western Region",
    "cat__region_Scotland",
    "cat__region_South East Region",
    "cat__region_South Region",
    "cat__region_South West Region",
    "cat__region_Wales",
    "cat__region_West Midlands Region",
    "cat__region_Yorkshire Region",
    "cat__highest_education_HE Qualification",
    "cat__highest_education_Lower Than A Level",
    "cat__highest_education_No Formal quals",
    "cat__highest_education_Post Graduate Qualification",
    "cat__imd_band_10-20",
    "cat__imd_band_20-30%",
    "cat__imd_band_30-40%",
    "cat__imd_band_40-50%",
    "cat__imd_band_50-60%",
    "cat__imd_band_60-70%",
    "cat__imd_band_70-80%",
    "cat__imd_band_80-90%",
    "cat__imd_band_90-100%",
    "cat__imd_band_None",
    "cat__age_band_35-55",
    "cat__age_band_55<=",
    "cat__disability_Y"
  ],
  "feature_names_out": [
    "num__num_of_prev_attempts",
    "num__studied_credits",
    "num__clicks_first_10_weeks",
    "num__active_weeks_first_10",
    "num__mean_clicks_first_10_weeks",
    "cat__gender_M",
    "cat__region_East Midlands Region",
    "cat__region_Ireland",
    "cat__region_London Region",
    "cat__region_North Region",
    "cat__region_North Western Region",
    "cat__region_Scotland",
    "cat__region_South East Region",
    "cat__region_South Region",
    "cat__region_South West Region",
    "cat__region_Wales",
    "cat__region_West Midlands Region",
    "cat__region_Yorkshire Region",
    "cat__highest_education_HE Qualification",
    "cat__highest_education_Lower Than A Level",
    "cat__highest_education_No Formal quals",
    "cat__highest_education_Post Graduate Qualification",
    "cat__imd_band_10-20",
    "cat__imd_band_20-30%",
    "cat__imd_band_30-40%",
    "cat__imd_band_40-50%",
    "cat__imd_band_50-60%",
    "cat__imd_band_60-70%",
    "cat__imd_band_70-80%",
    "cat__imd_band_80-90%",
    "cat__imd_band_90-100%",
    "cat__imd_band_None",
    "cat__age_band_35-55",
    "cat__age_band_55<=",
    "cat__disability_Y"
  ],
  "feature_names_safe": [
    "num_num_of_prev_attempts",
    "num_studied_credits",
    "num_clicks_first_10_weeks",
    "num_active_weeks_first_10",
    "num_mean_clicks_first_10_weeks",
    "cat_gender_M",
    "cat_region_East_Midlands_Region",
    "cat_region_Ireland",
    "cat_region_London_Region",
    "cat_region_North_Region",
    "cat_region_North_Western_Region",
    "cat_region_Scotland",
    "cat_region_South_East_Region",
    "cat_region_South_Region",
    "cat_region_South_West_Region",
    "cat_region_Wales",
    "cat_region_West_Midlands_Region",
    "cat_region_Yorkshire_Region",
    "cat_highest_education_HE_Qualification",
    "cat_highest_education_Lower_Than_A_Level",
    "cat_highest_education_No_Formal_quals",
    "cat_highest_education_Post_Graduate_Qualification",
    "cat_imd_band_10_20",
    "cat_imd_band_20_30",
    "cat_imd_band_30_40",
    "cat_imd_band_40_50",
    "cat_imd_band_50_60",
    "cat_imd_band_60_70",
    "cat_imd_band_70_80",
    "cat_imd_band_80_90",
    "cat_imd_band_90_100",
    "cat_imd_band_None",
    "cat_age_band_35_55",
    "cat_age_band_55",
    "cat_disability_Y"
  ],
  "formula_feature_map": {
    "num__num_of_prev_attempts": "num_num_of_prev_attempts",
    "num__studied_credits": "num_studied_credits",
    "num__clicks_first_10_weeks": "num_clicks_first_10_weeks",
    "num__active_weeks_first_10": "num_active_weeks_first_10",
    "num__mean_clicks_first_10_weeks": "num_mean_clicks_first_10_weeks",
    "cat__gender_M": "cat_gender_M",
    "cat__region_East Midlands Region": "cat_region_East_Midlands_Region",
    "cat__region_Ireland": "cat_region_Ireland",
    "cat__region_London Region": "cat_region_London_Region",
    "cat__region_North Region": "cat_region_North_Region",
    "cat__region_North Western Region": "cat_region_North_Western_Region",
    "cat__region_Scotland": "cat_region_Scotland",
    "cat__region_South East Region": "cat_region_South_East_Region",
    "cat__region_South Region": "cat_region_South_Region",
    "cat__region_South West Region": "cat_region_South_West_Region",
    "cat__region_Wales": "cat_region_Wales",
    "cat__region_West Midlands Region": "cat_region_West_Midlands_Region",
    "cat__region_Yorkshire Region": "cat_region_Yorkshire_Region",
    "cat__highest_education_HE Qualification": "cat_highest_education_HE_Qualification",
    "cat__highest_education_Lower Than A Level": "cat_highest_education_Lower_Than_A_Level",
    "cat__highest_education_No Formal quals": "cat_highest_education_No_Formal_quals",
    "cat__highest_education_Post Graduate Qualification": "cat_highest_education_Post_Graduate_Qualification",
    "cat__imd_band_10-20": "cat_imd_band_10_20",
    "cat__imd_band_20-30%": "cat_imd_band_20_30",
    "cat__imd_band_30-40%": "cat_imd_band_30_40",
    "cat__imd_band_40-50%": "cat_imd_band_40_50",
    "cat__imd_band_50-60%": "cat_imd_band_50_60",
    "cat__imd_band_60-70%": "cat_imd_band_60_70",
    "cat__imd_band_70-80%": "cat_imd_band_70_80",
    "cat__imd_band_80-90%": "cat_imd_band_80_90",
    "cat__imd_band_90-100%": "cat_imd_band_90_100",
    "cat__imd_band_None": "cat_imd_band_None",
    "cat__age_band_35-55": "cat_age_band_35_55",
    "cat__age_band_55<=": "cat_age_band_55",
    "cat__disability_Y": "cat_disability_Y"
  },
  "dropped_low_variance_features": [],
  "positioning_note": "early-window comparable flexible parametric benchmark",
  "window_weeks": 10,
  "duration_floor": 1.0
}

[END] 5.12.2 - 2026-06-19 22:29:10
[START] 5.12 - 2026-06-19 22:29:10
# ==============================================================
# 5.12.3 - Tune and evaluate the comparable-window Royston-Parmar model
# ==============================================================
- TUNING_WORKERS: 8
- TUNING_BACKEND: processes
[Stage 5.12.3 table_royston_parmar_tuning_results - Royston-Parmar tuning results]
table_name=table_royston_parmar_tuning_results_w10
rows=24, cols=11
 candidate_id  n_baseline_knots  penalizer  l1_ratio  duration_floor           implementation                                                                                                                                                                                                                                                                                                                                                                                                                                                                                                                                                                                                                                                                                                                                                                                                                                                                                                                                                                                                                     regressors fit_status  val_ibs  val_c_index                                                                                                                                                                                                                                                                                                                                                                                                                                                                                                                                                                                                                                                                                                                                                                                                                                                                                                                                                                                                                                                                                                                                                       error_message
           16                 3      0.100       0.0             1.0 lifelines_crc_spline_aft {'beta_': 'num_num_of_prev_attempts + num_studied_credits + num_clicks_first_10_weeks + num_active_weeks_first_10 + num_mean_clicks_first_10_weeks + cat_gender_M + cat_region_East_Midlands_Region + cat_region_Ireland + cat_region_London_Region + cat_region_North_Region + cat_region_North_Western_Region + cat_region_Scotland + cat_region_South_East_Region + cat_region_South_Region + cat_region_South_West_Region + cat_region_Wales + cat_region_West_Midlands_Region + cat_region_Yorkshire_Region + cat_highest_education_HE_Qualification + cat_highest_education_Lower_Than_A_Level + cat_highest_education_No_Formal_quals + cat_highest_education_Post_Graduate_Qualification + cat_imd_band_10_20 + cat_imd_band_20_30 + cat_imd_band_30_40 + cat_imd_band_40_50 + cat_imd_band_50_60 + cat_imd_band_60_70 + cat_imd_band_70_80 + cat_imd_band_80_90 + cat_imd_band_90_100 + cat_imd_band_None + cat_age_band_35_55 + cat_age_band_55 + cat_disability_Y', 'gamma0_': '1', 'gamma1_': '1', 'gamma2_': '1'}     failed      NaN          NaN ConvergenceError: \n               Fitting did not converge. Try the following:\n\n               0. Are there any lifelines warnings outputted during the `fit`?\n               1. Inspect your DataFrame: does everything look as expected?\n               2. Try scaling your duration vector down, i.e. `df[duration_col] = df[duration_col]/100`\n               3. Is there high-collinearity in the dataset? Try using the variance inflation factor (VIF) to find redundant variables.\n               4. Try using an alternate minimizer: ``fitter._scipy_fit_method = "SLSQP"``.\n               5. Trying adding a small penalizer (or changing it, if already present). Example: `CRCSplineFitter(penalizer=0.01).fit(...)`.\n               6. Are there any extreme outliers? Try modeling them or dropping them to see if it helps convergence.\n\n               minimum_results= message: Iteration limit reached\nsuccess: False\n status: 9\n    fun: 1.6078981007829483\n      x: [ 4.533e+00 -1.330e-02 ...  5.865e-01  9.060e-01]\n    nit: 500\n    jac: [-1.731e+00  5.833e-01 ... -1.184e+00  8.145e-01]\n   nfev: 1007\n   njev: 500\n
           17                 3      0.150       0.0             1.0 lifelines_crc_spline_aft {'beta_': 'num_num_of_prev_attempts + num_studied_credits + num_clicks_first_10_weeks + num_active_weeks_first_10 + num_mean_clicks_first_10_weeks + cat_gender_M + cat_region_East_Midlands_Region + cat_region_Ireland + cat_region_London_Region + cat_region_North_Region + cat_region_North_Western_Region + cat_region_Scotland + cat_region_South_East_Region + cat_region_South_Region + cat_region_South_West_Region + cat_region_Wales + cat_region_West_Midlands_Region + cat_region_Yorkshire_Region + cat_highest_education_HE_Qualification + cat_highest_education_Lower_Than_A_Level + cat_highest_education_No_Formal_quals + cat_highest_education_Post_Graduate_Qualification + cat_imd_band_10_20 + cat_imd_band_20_30 + cat_imd_band_30_40 + cat_imd_band_40_50 + cat_imd_band_50_60 + cat_imd_band_60_70 + cat_imd_band_70_80 + cat_imd_band_80_90 + cat_imd_band_90_100 + cat_imd_band_None + cat_age_band_35_55 + cat_age_band_55 + cat_disability_Y', 'gamma0_': '1', 'gamma1_': '1', 'gamma2_': '1'}     failed      NaN          NaN   ConvergenceError: \n               Fitting did not converge. Try the following:\n\n               0. Are there any lifelines warnings outputted during the `fit`?\n               1. Inspect your DataFrame: does everything look as expected?\n               2. Try scaling your duration vector down, i.e. `df[duration_col] = df[duration_col]/100`\n               3. Is there high-collinearity in the dataset? Try using the variance inflation factor (VIF) to find redundant variables.\n               4. Try using an alternate minimizer: ``fitter._scipy_fit_method = "SLSQP"``.\n               5. Trying adding a small penalizer (or changing it, if already present). Example: `CRCSplineFitter(penalizer=0.01).fit(...)`.\n               6. Are there any extreme outliers? Try modeling them or dropping them to see if it helps convergence.\n\n               minimum_results= message: Iteration limit reached\nsuccess: False\n status: 9\n    fun: 1.546463361774141\n      x: [ 3.735e+00  1.810e-01 ...  5.637e-01  7.993e-01]\n    nit: 500\n    jac: [-8.045e-02  1.794e-02 ... -7.401e-02  1.207e-01]\n   nfev: 988\n   njev: 500\n
           18                 3      0.200       0.0             1.0 lifelines_crc_spline_aft {'beta_': 'num_num_of_prev_attempts + num_studied_credits + num_clicks_first_10_weeks + num_active_weeks_first_10 + num_mean_clicks_first_10_weeks + cat_gender_M + cat_region_East_Midlands_Region + cat_region_Ireland + cat_region_London_Region + cat_region_North_Region + cat_region_North_Western_Region + cat_region_Scotland + cat_region_South_East_Region + cat_region_South_Region + cat_region_South_West_Region + cat_region_Wales + cat_region_West_Midlands_Region + cat_region_Yorkshire_Region + cat_highest_education_HE_Qualification + cat_highest_education_Lower_Than_A_Level + cat_highest_education_No_Formal_quals + cat_highest_education_Post_Graduate_Qualification + cat_imd_band_10_20 + cat_imd_band_20_30 + cat_imd_band_30_40 + cat_imd_band_40_50 + cat_imd_band_50_60 + cat_imd_band_60_70 + cat_imd_band_70_80 + cat_imd_band_80_90 + cat_imd_band_90_100 + cat_imd_band_None + cat_age_band_35_55 + cat_age_band_55 + cat_disability_Y', 'gamma0_': '1', 'gamma1_': '1', 'gamma2_': '1'}     failed      NaN          NaN                                                                                                                                                                                                                                                                                                                                                                                                                                                                                                                                                                                                                                                                                                                                                                                                                                                                                                           StatisticalWarning: The diagonal of the variance_matrix_ has negative values. This could be a problem with CRCSplineFitter's fit to the data.\n\nIt's advisable to not trust the variances reported, and to be suspicious of the fitted parameters too.\n
           19                 3      0.300       0.0             1.0 lifelines_crc_spline_aft {'beta_': 'num_num_of_prev_attempts + num_studied_credits + num_clicks_first_10_weeks + num_active_weeks_first_10 + num_mean_clicks_first_10_weeks + cat_gender_M + cat_region_East_Midlands_Region + cat_region_Ireland + cat_region_London_Region + cat_region_North_Region + cat_region_North_Western_Region + cat_region_Scotland + cat_region_South_East_Region + cat_region_South_Region + cat_region_South_West_Region + cat_region_Wales + cat_region_West_Midlands_Region + cat_region_Yorkshire_Region + cat_highest_education_HE_Qualification + cat_highest_education_Lower_Than_A_Level + cat_highest_education_No_Formal_quals + cat_highest_education_Post_Graduate_Qualification + cat_imd_band_10_20 + cat_imd_band_20_30 + cat_imd_band_30_40 + cat_imd_band_40_50 + cat_imd_band_50_60 + cat_imd_band_60_70 + cat_imd_band_70_80 + cat_imd_band_80_90 + cat_imd_band_90_100 + cat_imd_band_None + cat_age_band_35_55 + cat_age_band_55 + cat_disability_Y', 'gamma0_': '1', 'gamma1_': '1', 'gamma2_': '1'}     failed      NaN          NaN ConvergenceError: \n               Fitting did not converge. Try the following:\n\n               0. Are there any lifelines warnings outputted during the `fit`?\n               1. Inspect your DataFrame: does everything look as expected?\n               2. Try scaling your duration vector down, i.e. `df[duration_col] = df[duration_col]/100`\n               3. Is there high-collinearity in the dataset? Try using the variance inflation factor (VIF) to find redundant variables.\n               4. Try using an alternate minimizer: ``fitter._scipy_fit_method = "SLSQP"``.\n               5. Trying adding a small penalizer (or changing it, if already present). Example: `CRCSplineFitter(penalizer=0.01).fit(...)`.\n               6. Are there any extreme outliers? Try modeling them or dropping them to see if it helps convergence.\n\n               minimum_results= message: Iteration limit reached\nsuccess: False\n status: 9\n    fun: 2.4958835732096847\n      x: [ 2.786e+00  1.386e-02 ...  4.125e-01  6.900e-01]\n    nit: 500\n    jac: [-4.448e-01 -5.913e-03 ... -4.306e-01  3.650e-01]\n   nfev: 1042\n   njev: 500\n
           20                 3      0.500       0.0             1.0 lifelines_crc_spline_aft {'beta_': 'num_num_of_prev_attempts + num_studied_credits + num_clicks_first_10_weeks + num_active_weeks_first_10 + num_mean_clicks_first_10_weeks + cat_gender_M + cat_region_East_Midlands_Region + cat_region_Ireland + cat_region_London_Region + cat_region_North_Region + cat_region_North_Western_Region + cat_region_Scotland + cat_region_South_East_Region + cat_region_South_Region + cat_region_South_West_Region + cat_region_Wales + cat_region_West_Midlands_Region + cat_region_Yorkshire_Region + cat_highest_education_HE_Qualification + cat_highest_education_Lower_Than_A_Level + cat_highest_education_No_Formal_quals + cat_highest_education_Post_Graduate_Qualification + cat_imd_band_10_20 + cat_imd_band_20_30 + cat_imd_band_30_40 + cat_imd_band_40_50 + cat_imd_band_50_60 + cat_imd_band_60_70 + cat_imd_band_70_80 + cat_imd_band_80_90 + cat_imd_band_90_100 + cat_imd_band_None + cat_age_band_35_55 + cat_age_band_55 + cat_disability_Y', 'gamma0_': '1', 'gamma1_': '1', 'gamma2_': '1'}     failed      NaN          NaN  ConvergenceError: \n               Fitting did not converge. Try the following:\n\n               0. Are there any lifelines warnings outputted during the `fit`?\n               1. Inspect your DataFrame: does everything look as expected?\n               2. Try scaling your duration vector down, i.e. `df[duration_col] = df[duration_col]/100`\n               3. Is there high-collinearity in the dataset? Try using the variance inflation factor (VIF) to find redundant variables.\n               4. Try using an alternate minimizer: ``fitter._scipy_fit_method = "SLSQP"``.\n               5. Trying adding a small penalizer (or changing it, if already present). Example: `CRCSplineFitter(penalizer=0.01).fit(...)`.\n               6. Are there any extreme outliers? Try modeling them or dropping them to see if it helps convergence.\n\n               minimum_results= message: Iteration limit reached\nsuccess: False\n status: 9\n    fun: 6.146954111189629\n      x: [ 1.233e+00 -3.212e-02 ...  4.122e-01  5.501e-01]\n    nit: 500\n    jac: [-1.006e-02 -3.894e-02 ... -6.049e-03 -1.983e-02]\n   nfev: 1028\n   njev: 500\n
           21                 3      0.700       0.0             1.0 lifelines_crc_spline_aft {'beta_': 'num_num_of_prev_attempts + num_studied_credits + num_clicks_first_10_weeks + num_active_weeks_first_10 + num_mean_clicks_first_10_weeks + cat_gender_M + cat_region_East_Midlands_Region + cat_region_Ireland + cat_region_London_Region + cat_region_North_Region + cat_region_North_Western_Region + cat_region_Scotland + cat_region_South_East_Region + cat_region_South_Region + cat_region_South_West_Region + cat_region_Wales + cat_region_West_Midlands_Region + cat_region_Yorkshire_Region + cat_highest_education_HE_Qualification + cat_highest_education_Lower_Than_A_Level + cat_highest_education_No_Formal_quals + cat_highest_education_Post_Graduate_Qualification + cat_imd_band_10_20 + cat_imd_band_20_30 + cat_imd_band_30_40 + cat_imd_band_40_50 + cat_imd_band_50_60 + cat_imd_band_60_70 + cat_imd_band_70_80 + cat_imd_band_80_90 + cat_imd_band_90_100 + cat_imd_band_None + cat_age_band_35_55 + cat_age_band_55 + cat_disability_Y', 'gamma0_': '1', 'gamma1_': '1', 'gamma2_': '1'}     failed      NaN          NaN  ConvergenceError: \n               Fitting did not converge. Try the following:\n\n               0. Are there any lifelines warnings outputted during the `fit`?\n               1. Inspect your DataFrame: does everything look as expected?\n               2. Try scaling your duration vector down, i.e. `df[duration_col] = df[duration_col]/100`\n               3. Is there high-collinearity in the dataset? Try using the variance inflation factor (VIF) to find redundant variables.\n               4. Try using an alternate minimizer: ``fitter._scipy_fit_method = "SLSQP"``.\n               5. Trying adding a small penalizer (or changing it, if already present). Example: `CRCSplineFitter(penalizer=0.01).fit(...)`.\n               6. Are there any extreme outliers? Try modeling them or dropping them to see if it helps convergence.\n\n               minimum_results= message: Iteration limit reached\nsuccess: False\n status: 9\n    fun: 5.180246322738007\n      x: [ 1.614e+00  7.553e-02 ...  3.549e-01  5.665e-01]\n    nit: 500\n    jac: [-2.857e-01  3.749e-02 ... -2.875e-01  3.079e-01]\n   nfev: 1051\n   njev: 500\n
           22                 3      1.000       0.0             1.0 lifelines_crc_spline_aft {'beta_': 'num_num_of_prev_attempts + num_studied_credits + num_clicks_first_10_weeks + num_active_weeks_first_10 + num_mean_clicks_first_10_weeks + cat_gender_M + cat_region_East_Midlands_Region + cat_region_Ireland + cat_region_London_Region + cat_region_North_Region + cat_region_North_Western_Region + cat_region_Scotland + cat_region_South_East_Region + cat_region_South_Region + cat_region_South_West_Region + cat_region_Wales + cat_region_West_Midlands_Region + cat_region_Yorkshire_Region + cat_highest_education_HE_Qualification + cat_highest_education_Lower_Than_A_Level + cat_highest_education_No_Formal_quals + cat_highest_education_Post_Graduate_Qualification + cat_imd_band_10_20 + cat_imd_band_20_30 + cat_imd_band_30_40 + cat_imd_band_40_50 + cat_imd_band_50_60 + cat_imd_band_60_70 + cat_imd_band_70_80 + cat_imd_band_80_90 + cat_imd_band_90_100 + cat_imd_band_None + cat_age_band_35_55 + cat_age_band_55 + cat_disability_Y', 'gamma0_': '1', 'gamma1_': '1', 'gamma2_': '1'}     failed      NaN          NaN  ConvergenceError: \n               Fitting did not converge. Try the following:\n\n               0. Are there any lifelines warnings outputted during the `fit`?\n               1. Inspect your DataFrame: does everything look as expected?\n               2. Try scaling your duration vector down, i.e. `df[duration_col] = df[duration_col]/100`\n               3. Is there high-collinearity in the dataset? Try using the variance inflation factor (VIF) to find redundant variables.\n               4. Try using an alternate minimizer: ``fitter._scipy_fit_method = "SLSQP"``.\n               5. Trying adding a small penalizer (or changing it, if already present). Example: `CRCSplineFitter(penalizer=0.01).fit(...)`.\n               6. Are there any extreme outliers? Try modeling them or dropping them to see if it helps convergence.\n\n               minimum_results= message: Iteration limit reached\nsuccess: False\n status: 9\n    fun: 1.9517086518508173\n      x: [-2.504e+00 -5.121e-02 ... -5.502e-01 -9.400e-02]\n    nit: 500\n    jac: [ 1.041e-01 -7.722e-02 ... -2.082e-01  8.658e-01]\n   nfev: 974\n   njev: 500\n
           13                 3      0.010       0.0             1.0 lifelines_crc_spline_aft {'beta_': 'num_num_of_prev_attempts + num_studied_credits + num_clicks_first_10_weeks + num_active_weeks_first_10 + num_mean_clicks_first_10_weeks + cat_gender_M + cat_region_East_Midlands_Region + cat_region_Ireland + cat_region_London_Region + cat_region_North_Region + cat_region_North_Western_Region + cat_region_Scotland + cat_region_South_East_Region + cat_region_South_Region + cat_region_South_West_Region + cat_region_Wales + cat_region_West_Midlands_Region + cat_region_Yorkshire_Region + cat_highest_education_HE_Qualification + cat_highest_education_Lower_Than_A_Level + cat_highest_education_No_Formal_quals + cat_highest_education_Post_Graduate_Qualification + cat_imd_band_10_20 + cat_imd_band_20_30 + cat_imd_band_30_40 + cat_imd_band_40_50 + cat_imd_band_50_60 + cat_imd_band_60_70 + cat_imd_band_70_80 + cat_imd_band_80_90 + cat_imd_band_90_100 + cat_imd_band_None + cat_age_band_35_55 + cat_age_band_55 + cat_disability_Y', 'gamma0_': '1', 'gamma1_': '1', 'gamma2_': '1'}         ok 0.108741     0.629926                                                                                                                                                                                                                                                                                                                                                                                                                                                                                                                                                                                                                                                                                                                                                                                                                                                                                                                                                                                                                                                                                                                                                                None
            1                 2      0.010       0.0             1.0 lifelines_crc_spline_aft                 {'beta_': 'num_num_of_prev_attempts + num_studied_credits + num_clicks_first_10_weeks + num_active_weeks_first_10 + num_mean_clicks_first_10_weeks + cat_gender_M + cat_region_East_Midlands_Region + cat_region_Ireland + cat_region_London_Region + cat_region_North_Region + cat_region_North_Western_Region + cat_region_Scotland + cat_region_South_East_Region + cat_region_South_Region + cat_region_South_West_Region + cat_region_Wales + cat_region_West_Midlands_Region + cat_region_Yorkshire_Region + cat_highest_education_HE_Qualification + cat_highest_education_Lower_Than_A_Level + cat_highest_education_No_Formal_quals + cat_highest_education_Post_Graduate_Qualification + cat_imd_band_10_20 + cat_imd_band_20_30 + cat_imd_band_30_40 + cat_imd_band_40_50 + cat_imd_band_50_60 + cat_imd_band_60_70 + cat_imd_band_70_80 + cat_imd_band_80_90 + cat_imd_band_90_100 + cat_imd_band_None + cat_age_band_35_55 + cat_age_band_55 + cat_disability_Y', 'gamma0_': '1', 'gamma1_': '1'}         ok 0.108870     0.696488                                                                                                                                                                                                                                                                                                                                                                                                                                                                                                                                                                                                                                                                                                                                                                                                                                                                                                                                                                                                                                                                                                                                                                None
            2                 2      0.025       0.0             1.0 lifelines_crc_spline_aft                 {'beta_': 'num_num_of_prev_attempts + num_studied_credits + num_clicks_first_10_weeks + num_active_weeks_first_10 + num_mean_clicks_first_10_weeks + cat_gender_M + cat_region_East_Midlands_Region + cat_region_Ireland + cat_region_London_Region + cat_region_North_Region + cat_region_North_Western_Region + cat_region_Scotland + cat_region_South_East_Region + cat_region_South_Region + cat_region_South_West_Region + cat_region_Wales + cat_region_West_Midlands_Region + cat_region_Yorkshire_Region + cat_highest_education_HE_Qualification + cat_highest_education_Lower_Than_A_Level + cat_highest_education_No_Formal_quals + cat_highest_education_Post_Graduate_Qualification + cat_imd_band_10_20 + cat_imd_band_20_30 + cat_imd_band_30_40 + cat_imd_band_40_50 + cat_imd_band_50_60 + cat_imd_band_60_70 + cat_imd_band_70_80 + cat_imd_band_80_90 + cat_imd_band_90_100 + cat_imd_band_None + cat_age_band_35_55 + cat_age_band_55 + cat_disability_Y', 'gamma0_': '1', 'gamma1_': '1'}         ok 0.110817     0.692992                                                                                                                                                                                                                                                                                                                                                                                                                                                                                                                                                                                                                                                                                                                                                                                                                                                                                                                                                                                                                                                                                                                                                                None
           14                 3      0.025       0.0             1.0 lifelines_crc_spline_aft {'beta_': 'num_num_of_prev_attempts + num_studied_credits + num_clicks_first_10_weeks + num_active_weeks_first_10 + num_mean_clicks_first_10_weeks + cat_gender_M + cat_region_East_Midlands_Region + cat_region_Ireland + cat_region_London_Region + cat_region_North_Region + cat_region_North_Western_Region + cat_region_Scotland + cat_region_South_East_Region + cat_region_South_Region + cat_region_South_West_Region + cat_region_Wales + cat_region_West_Midlands_Region + cat_region_Yorkshire_Region + cat_highest_education_HE_Qualification + cat_highest_education_Lower_Than_A_Level + cat_highest_education_No_Formal_quals + cat_highest_education_Post_Graduate_Qualification + cat_imd_band_10_20 + cat_imd_band_20_30 + cat_imd_band_30_40 + cat_imd_band_40_50 + cat_imd_band_50_60 + cat_imd_band_60_70 + cat_imd_band_70_80 + cat_imd_band_80_90 + cat_imd_band_90_100 + cat_imd_band_None + cat_age_band_35_55 + cat_age_band_55 + cat_disability_Y', 'gamma0_': '1', 'gamma1_': '1', 'gamma2_': '1'}         ok 0.110844     0.625591                                                                                                                                                                                                                                                                                                                                                                                                                                                                                                                                                                                                                                                                                                                                                                                                                                                                                                                                                                                                                                                                                                                                                                None
           15                 3      0.050       0.0             1.0 lifelines_crc_spline_aft {'beta_': 'num_num_of_prev_attempts + num_studied_credits + num_clicks_first_10_weeks + num_active_weeks_first_10 + num_mean_clicks_first_10_weeks + cat_gender_M + cat_region_East_Midlands_Region + cat_region_Ireland + cat_region_London_Region + cat_region_North_Region + cat_region_North_Western_Region + cat_region_Scotland + cat_region_South_East_Region + cat_region_South_Region + cat_region_South_West_Region + cat_region_Wales + cat_region_West_Midlands_Region + cat_region_Yorkshire_Region + cat_highest_education_HE_Qualification + cat_highest_education_Lower_Than_A_Level + cat_highest_education_No_Formal_quals + cat_highest_education_Post_Graduate_Qualification + cat_imd_band_10_20 + cat_imd_band_20_30 + cat_imd_band_30_40 + cat_imd_band_40_50 + cat_imd_band_50_60 + cat_imd_band_60_70 + cat_imd_band_70_80 + cat_imd_band_80_90 + cat_imd_band_90_100 + cat_imd_band_None + cat_age_band_35_55 + cat_age_band_55 + cat_disability_Y', 'gamma0_': '1', 'gamma1_': '1', 'gamma2_': '1'}         ok 0.112063     0.565809                                                                                                                                                                                                                                                                                                                                                                                                                                                                                                                                                                                                                                                                                                                                                                                                                                                                                                                                                                                                                                                                                                                                                                None
            3                 2      0.050       0.0             1.0 lifelines_crc_spline_aft                 {'beta_': 'num_num_of_prev_attempts + num_studied_credits + num_clicks_first_10_weeks + num_active_weeks_first_10 + num_mean_clicks_first_10_weeks + cat_gender_M + cat_region_East_Midlands_Region + cat_region_Ireland + cat_region_London_Region + cat_region_North_Region + cat_region_North_Western_Region + cat_region_Scotland + cat_region_South_East_Region + cat_region_South_Region + cat_region_South_West_Region + cat_region_Wales + cat_region_West_Midlands_Region + cat_region_Yorkshire_Region + cat_highest_education_HE_Qualification + cat_highest_education_Lower_Than_A_Level + cat_highest_education_No_Formal_quals + cat_highest_education_Post_Graduate_Qualification + cat_imd_band_10_20 + cat_imd_band_20_30 + cat_imd_band_30_40 + cat_imd_band_40_50 + cat_imd_band_50_60 + cat_imd_band_60_70 + cat_imd_band_70_80 + cat_imd_band_80_90 + cat_imd_band_90_100 + cat_imd_band_None + cat_age_band_35_55 + cat_age_band_55 + cat_disability_Y', 'gamma0_': '1', 'gamma1_': '1'}         ok 0.112474     0.690087                                                                                                                                                                                                                                                                                                                                                                                                                                                                                                                                                                                                                                                                                                                                                                                                                                                                                                                                                                                                                                                                                                                                                                None
            4                 2      0.100       0.0             1.0 lifelines_crc_spline_aft                 {'beta_': 'num_num_of_prev_attempts + num_studied_credits + num_clicks_first_10_weeks + num_active_weeks_first_10 + num_mean_clicks_first_10_weeks + cat_gender_M + cat_region_East_Midlands_Region + cat_region_Ireland + cat_region_London_Region + cat_region_North_Region + cat_region_North_Western_Region + cat_region_Scotland + cat_region_South_East_Region + cat_region_South_Region + cat_region_South_West_Region + cat_region_Wales + cat_region_West_Midlands_Region + cat_region_Yorkshire_Region + cat_highest_education_HE_Qualification + cat_highest_education_Lower_Than_A_Level + cat_highest_education_No_Formal_quals + cat_highest_education_Post_Graduate_Qualification + cat_imd_band_10_20 + cat_imd_band_20_30 + cat_imd_band_30_40 + cat_imd_band_40_50 + cat_imd_band_50_60 + cat_imd_band_60_70 + cat_imd_band_70_80 + cat_imd_band_80_90 + cat_imd_band_90_100 + cat_imd_band_None + cat_age_band_35_55 + cat_age_band_55 + cat_disability_Y', 'gamma0_': '1', 'gamma1_': '1'}         ok 0.114558     0.685803                                                                                                                                                                                                                                                                                                                                                                                                                                                                                                                                                                                                                                                                                                                                                                                                                                                                                                                                                                                                                                                                                                                                                                None
            5                 2      0.150       0.0             1.0 lifelines_crc_spline_aft                 {'beta_': 'num_num_of_prev_attempts + num_studied_credits + num_clicks_first_10_weeks + num_active_weeks_first_10 + num_mean_clicks_first_10_weeks + cat_gender_M + cat_region_East_Midlands_Region + cat_region_Ireland + cat_region_London_Region + cat_region_North_Region + cat_region_North_Western_Region + cat_region_Scotland + cat_region_South_East_Region + cat_region_South_Region + cat_region_South_West_Region + cat_region_Wales + cat_region_West_Midlands_Region + cat_region_Yorkshire_Region + cat_highest_education_HE_Qualification + cat_highest_education_Lower_Than_A_Level + cat_highest_education_No_Formal_quals + cat_highest_education_Post_Graduate_Qualification + cat_imd_band_10_20 + cat_imd_band_20_30 + cat_imd_band_30_40 + cat_imd_band_40_50 + cat_imd_band_50_60 + cat_imd_band_60_70 + cat_imd_band_70_80 + cat_imd_band_80_90 + cat_imd_band_90_100 + cat_imd_band_None + cat_age_band_35_55 + cat_age_band_55 + cat_disability_Y', 'gamma0_': '1', 'gamma1_': '1'}         ok 0.116111     0.682508                                                                                                                                                                                                                                                                                                                                                                                                                                                                                                                                                                                                                                                                                                                                                                                                                                                                                                                                                                                                                                                                                                                                                                None
            6                 2      0.200       0.0             1.0 lifelines_crc_spline_aft                 {'beta_': 'num_num_of_prev_attempts + num_studied_credits + num_clicks_first_10_weeks + num_active_weeks_first_10 + num_mean_clicks_first_10_weeks + cat_gender_M + cat_region_East_Midlands_Region + cat_region_Ireland + cat_region_London_Region + cat_region_North_Region + cat_region_North_Western_Region + cat_region_Scotland + cat_region_South_East_Region + cat_region_South_Region + cat_region_South_West_Region + cat_region_Wales + cat_region_West_Midlands_Region + cat_region_Yorkshire_Region + cat_highest_education_HE_Qualification + cat_highest_education_Lower_Than_A_Level + cat_highest_education_No_Formal_quals + cat_highest_education_Post_Graduate_Qualification + cat_imd_band_10_20 + cat_imd_band_20_30 + cat_imd_band_30_40 + cat_imd_band_40_50 + cat_imd_band_50_60 + cat_imd_band_60_70 + cat_imd_band_70_80 + cat_imd_band_80_90 + cat_imd_band_90_100 + cat_imd_band_None + cat_age_band_35_55 + cat_age_band_55 + cat_disability_Y', 'gamma0_': '1', 'gamma1_': '1'}         ok 0.117330     0.680167                                                                                                                                                                                                                                                                                                                                                                                                                                                                                                                                                                                                                                                                                                                                                                                                                                                                                                                                                                                                                                                                                                                                                                None
            7                 2      0.300       0.0             1.0 lifelines_crc_spline_aft                 {'beta_': 'num_num_of_prev_attempts + num_studied_credits + num_clicks_first_10_weeks + num_active_weeks_first_10 + num_mean_clicks_first_10_weeks + cat_gender_M + cat_region_East_Midlands_Region + cat_region_Ireland + cat_region_London_Region + cat_region_North_Region + cat_region_North_Western_Region + cat_region_Scotland + cat_region_South_East_Region + cat_region_South_Region + cat_region_South_West_Region + cat_region_Wales + cat_region_West_Midlands_Region + cat_region_Yorkshire_Region + cat_highest_education_HE_Qualification + cat_highest_education_Lower_Than_A_Level + cat_highest_education_No_Formal_quals + cat_highest_education_Post_Graduate_Qualification + cat_imd_band_10_20 + cat_imd_band_20_30 + cat_imd_band_30_40 + cat_imd_band_40_50 + cat_imd_band_50_60 + cat_imd_band_60_70 + cat_imd_band_70_80 + cat_imd_band_80_90 + cat_imd_band_90_100 + cat_imd_band_None + cat_age_band_35_55 + cat_age_band_55 + cat_disability_Y', 'gamma0_': '1', 'gamma1_': '1'}         ok 0.118931     0.677698                                                                                                                                                                                                                                                                                                                                                                                                                                                                                                                                                                                                                                                                                                                                                                                                                                                                                                                                                                                                                                                                                                                                                                None
            8                 2      0.500       0.0             1.0 lifelines_crc_spline_aft                 {'beta_': 'num_num_of_prev_attempts + num_studied_credits + num_clicks_first_10_weeks + num_active_weeks_first_10 + num_mean_clicks_first_10_weeks + cat_gender_M + cat_region_East_Midlands_Region + cat_region_Ireland + cat_region_London_Region + cat_region_North_Region + cat_region_North_Western_Region + cat_region_Scotland + cat_region_South_East_Region + cat_region_South_Region + cat_region_South_West_Region + cat_region_Wales + cat_region_West_Midlands_Region + cat_region_Yorkshire_Region + cat_highest_education_HE_Qualification + cat_highest_education_Lower_Than_A_Level + cat_highest_education_No_Formal_quals + cat_highest_education_Post_Graduate_Qualification + cat_imd_band_10_20 + cat_imd_band_20_30 + cat_imd_band_30_40 + cat_imd_band_40_50 + cat_imd_band_50_60 + cat_imd_band_60_70 + cat_imd_band_70_80 + cat_imd_band_80_90 + cat_imd_band_90_100 + cat_imd_band_None + cat_age_band_35_55 + cat_age_band_55 + cat_disability_Y', 'gamma0_': '1', 'gamma1_': '1'}         ok 0.120680     0.675153                                                                                                                                                                                                                                                                                                                                                                                                                                                                                                                                                                                                                                                                                                                                                                                                                                                                                                                                                                                                                                                                                                                                                                None
            9                 2      0.700       0.0             1.0 lifelines_crc_spline_aft                 {'beta_': 'num_num_of_prev_attempts + num_studied_credits + num_clicks_first_10_weeks + num_active_weeks_first_10 + num_mean_clicks_first_10_weeks + cat_gender_M + cat_region_East_Midlands_Region + cat_region_Ireland + cat_region_London_Region + cat_region_North_Region + cat_region_North_Western_Region + cat_region_Scotland + cat_region_South_East_Region + cat_region_South_Region + cat_region_South_West_Region + cat_region_Wales + cat_region_West_Midlands_Region + cat_region_Yorkshire_Region + cat_highest_education_HE_Qualification + cat_highest_education_Lower_Than_A_Level + cat_highest_education_No_Formal_quals + cat_highest_education_Post_Graduate_Qualification + cat_imd_band_10_20 + cat_imd_band_20_30 + cat_imd_band_30_40 + cat_imd_band_40_50 + cat_imd_band_50_60 + cat_imd_band_60_70 + cat_imd_band_70_80 + cat_imd_band_80_90 + cat_imd_band_90_100 + cat_imd_band_None + cat_age_band_35_55 + cat_age_band_55 + cat_disability_Y', 'gamma0_': '1', 'gamma1_': '1'}         ok 0.121559     0.673540                                                                                                                                                                                                                                                                                                                                                                                                                                                                                                                                                                                                                                                                                                                                                                                                                                                                                                                                                                                                                                                                                                                                                                None
           10                 2      1.000       0.0             1.0 lifelines_crc_spline_aft                 {'beta_': 'num_num_of_prev_attempts + num_studied_credits + num_clicks_first_10_weeks + num_active_weeks_first_10 + num_mean_clicks_first_10_weeks + cat_gender_M + cat_region_East_Midlands_Region + cat_region_Ireland + cat_region_London_Region + cat_region_North_Region + cat_region_North_Western_Region + cat_region_Scotland + cat_region_South_East_Region + cat_region_South_Region + cat_region_South_West_Region + cat_region_Wales + cat_region_West_Midlands_Region + cat_region_Yorkshire_Region + cat_highest_education_HE_Qualification + cat_highest_education_Lower_Than_A_Level + cat_highest_education_No_Formal_quals + cat_highest_education_Post_Graduate_Qualification + cat_imd_band_10_20 + cat_imd_band_20_30 + cat_imd_band_30_40 + cat_imd_band_40_50 + cat_imd_band_50_60 + cat_imd_band_60_70 + cat_imd_band_70_80 + cat_imd_band_80_90 + cat_imd_band_90_100 + cat_imd_band_None + cat_age_band_35_55 + cat_age_band_55 + cat_disability_Y', 'gamma0_': '1', 'gamma1_': '1'}         ok 0.122275     0.672620                                                                                                                                                                                                                                                                                                                                                                                                                                                                                                                                                                                                                                                                                                                                                                                                                                                                                                                                                                                                                                                                                                                                                                None
ARTIFACT | Stage 5.12.3 table_royston_parmar_tuning_results - Royston-Parmar tuning results | duckdb://table_royston_parmar_tuning_results_w10
[Stage 5.12.3 table_royston_parmar_tuned_test_predictions - Royston-Parmar test predictions]
table_name=table_royston_parmar_tuned_test_predictions_w10
rows=29334, cols=6
      enrollment_id  event  duration  horizon_week  pred_survival_h  pred_risk_h
 100561||DDD||2014J      0        37            10         0.960133     0.039867
 100621||CCC||2014B      1         6            10         0.699821     0.300179
 101187||DDD||2014J      0        37            10         0.629997     0.370003
 101279||DDD||2014J      0        37            10         0.850373     0.149627
 101414||EEE||2013J      0        38            10         0.614464     0.385536
 101700||CCC||2014J      0        38            10         0.618835     0.381165
 101781||AAA||2013J      0        38            10         0.972298     0.027702
 102209||CCC||2014J      1        15            10         0.929784     0.070216
 102343||FFF||2013J      0        38            10         0.976311     0.023689
1023623||CCC||2014J      0        38            10         0.915846     0.084154
1033968||DDD||2014B      1        13            10         0.833767     0.166233
 103891||DDD||2014B      0        34            10         0.633039     0.366961
 104316||FFF||2014B      0        34            10         0.984666     0.015334
1045203||AAA||2014J      0        38            10         0.966287     0.033713
1047645||CCC||2014B      0        34            10         0.613760     0.386240
1053702||EEE||2013J      0        38            10         0.966152     0.033848
 105629||FFF||2013J      0        38            10         0.971070     0.028930
1057883||CCC||2014B      0        34            10         0.951410     0.048590
 106383||BBB||2014J      1        21            10         0.614765     0.385235
 106553||DDD||2014J      0        37            10         0.952326     0.047674
ARTIFACT | Stage 5.12.3 table_royston_parmar_tuned_test_predictions - Royston-Parmar test predictions | duckdb://table_royston_parmar_tuned_test_predictions_w10
[Stage 5.12.3 table_royston_parmar_tuned_primary_metrics - Royston-Parmar primary metrics]
table_name=table_royston_parmar_tuned_primary_metrics_w10
rows=2, cols=4
metric_name metric_category  metric_value                         notes
        ibs         primary      0.110144 sksurv_integrated_brier_score
    c_index      co_primary      0.690723          pycox_concordance_td
ARTIFACT | Stage 5.12.3 table_royston_parmar_tuned_primary_metrics - Royston-Parmar primary metrics | duckdb://table_royston_parmar_tuned_primary_metrics_w10
[Stage 5.12.3 table_royston_parmar_tuned_brier_by_horizon - Royston-Parmar Brier scores by horizon]
table_name=table_royston_parmar_tuned_brier_by_horizon_w10
rows=3, cols=5
 horizon_week      metric_name metric_category  metric_value              notes
           10 brier_at_horizon         primary      0.091253 sksurv_brier_score
           20 brier_at_horizon         primary      0.131221 sksurv_brier_score
           30 brier_at_horizon         primary      0.157440 sksurv_brier_score
ARTIFACT | Stage 5.12.3 table_royston_parmar_tuned_brier_by_horizon - Royston-Parmar Brier scores by horizon | duckdb://table_royston_parmar_tuned_brier_by_horizon_w10
[Stage 5.12.3 table_royston_parmar_tuned_secondary_metrics - Royston-Parmar secondary metrics]
table_name=table_royston_parmar_tuned_secondary_metrics_w10
rows=6, cols=5
 horizon_week         metric_name metric_category  metric_value                                                                                  notes
           10 risk_auc_at_horizon       secondary      0.824700                                                            roc_auc_on_evaluable_subset
           10  time_dependent_auc       secondary      0.818885 ipcw_supported_subset(duration < 38); retained=6742/9778; auc=0.818885; local_ipcw_auc
           20 risk_auc_at_horizon       secondary      0.732342                                                            roc_auc_on_evaluable_subset
           20  time_dependent_auc       secondary      0.721886 ipcw_supported_subset(duration < 38); retained=6742/9778; auc=0.721886; local_ipcw_auc
           30 risk_auc_at_horizon       secondary      0.689736                                                            roc_auc_on_evaluable_subset
           30  time_dependent_auc       secondary      0.676477 ipcw_supported_subset(duration < 38); retained=6742/9778; auc=0.676477; local_ipcw_auc
ARTIFACT | Stage 5.12.3 table_royston_parmar_tuned_secondary_metrics - Royston-Parmar secondary metrics | duckdb://table_royston_parmar_tuned_secondary_metrics_w10
[Stage 5.12.3 table_royston_parmar_tuned_td_auc_support_audit - Royston-Parmar IPCW support audit]
table_name=table_royston_parmar_tuned_td_auc_support_audit_w10
rows=3, cols=6
 horizon_week  max_ipcw_time  n_total_test_enrollments  n_supported_test_enrollments  mean_auc                                                            notes
           10           38.0                      9778                          6742  0.818885 IPCW-supported subset used for Royston-Parmar time-dependent AUC
           20           38.0                      9778                          6742  0.721886 IPCW-supported subset used for Royston-Parmar time-dependent AUC
           30           38.0                      9778                          6742  0.676477 IPCW-supported subset used for Royston-Parmar time-dependent AUC
ARTIFACT | Stage 5.12.3 table_royston_parmar_tuned_td_auc_support_audit - Royston-Parmar IPCW support audit | duckdb://table_royston_parmar_tuned_td_auc_support_audit_w10
[Stage 5.12.3 table_royston_parmar_tuned_row_diagnostics - Royston-Parmar row-level diagnostics]
table_name=table_royston_parmar_tuned_row_diagnostics_w10
rows=1, cols=6
          model_name  row_level_roc_auc  row_level_pr_auc  row_level_log_loss  row_level_brier                                                                    diagnostic_note
royston_parmar_tuned           0.332292           0.16141            0.672301         0.213794 auxiliary enrollment-level proxy only; not a primary cross-family benchmark metric
ARTIFACT | Stage 5.12.3 table_royston_parmar_tuned_row_diagnostics - Royston-Parmar row-level diagnostics | duckdb://table_royston_parmar_tuned_row_diagnostics_w10
[Stage 5.12.3 table_royston_parmar_tuned_support_by_horizon - Royston-Parmar support by horizon]
table_name=table_royston_parmar_tuned_support_by_horizon_w10
rows=3, cols=4
 horizon_week  n_evaluable_enrollments  n_events_by_horizon  event_rate_by_horizon
           10                     9778                 1215               0.124259
           20                     9778                 1736               0.177541
           30                     9778                 2129               0.217734
ARTIFACT | Stage 5.12.3 table_royston_parmar_tuned_support_by_horizon - Royston-Parmar support by horizon | duckdb://table_royston_parmar_tuned_support_by_horizon_w10
[Stage 5.12.3 table_royston_parmar_tuned_calibration_summary - Royston-Parmar calibration summary]
table_name=table_royston_parmar_tuned_calibration_summary_w10
rows=3, cols=5
 horizon_week            metric_name metric_category  metric_value                                         notes
           10 calibration_at_horizon         primary      0.028812 Weighted absolute calibration gap across bins
           20 calibration_at_horizon         primary      0.023020 Weighted absolute calibration gap across bins
           30 calibration_at_horizon         primary      0.022800 Weighted absolute calibration gap across bins
ARTIFACT | Stage 5.12.3 table_royston_parmar_tuned_calibration_summary - Royston-Parmar calibration summary | duckdb://table_royston_parmar_tuned_calibration_summary_w10
[Stage 5.12.3 table_royston_parmar_tuned_calibration_bins_by_horizon - Royston-Parmar calibration bins]
table_name=table_royston_parmar_tuned_calibration_bins_by_horizon_w10
rows=30, cols=6
 calibration_bin   n  mean_predicted_risk  observed_event_rate  horizon_week  abs_calibration_gap
               0 978             0.021278             0.007157            10             0.014120
               1 978             0.029922             0.012270            10             0.017652
               2 978             0.038227             0.012270            10             0.025957
               3 977             0.049503             0.018424            10             0.031079
               4 978             0.066974             0.032720            10             0.034254
               5 978             0.100564             0.065440            10             0.035124
               6 977             0.165773             0.133060            10             0.032713
               7 978             0.279667             0.262781            10             0.016886
               8 978             0.359545             0.374233            10             0.014689
               9 978             0.389780             0.324131            10             0.065649
               0 978             0.041441             0.042945            20             0.001504
               1 978             0.058039             0.062372            20             0.004333
               2 978             0.073844             0.062372            20             0.011471
               3 977             0.094945             0.087001            20             0.007944
               4 978             0.126153             0.113497            20             0.012656
               5 978             0.179761             0.143149            20             0.036612
               6 977             0.262810             0.197544            20             0.065266
               7 978             0.354712             0.330266            20             0.024446
               8 978             0.388704             0.393661            20             0.004956
               9 978             0.403571             0.342536            20             0.061035
ARTIFACT | Stage 5.12.3 table_royston_parmar_tuned_calibration_bins_by_horizon - Royston-Parmar calibration bins | duckdb://table_royston_parmar_tuned_calibration_bins_by_horizon_w10
[Stage 5.12.3 table_royston_parmar_tuned_predicted_vs_observed_survival - Royston-Parmar predicted versus observed survival]
table_name=table_royston_parmar_tuned_predicted_vs_observed_survival_w10
rows=3, cols=5
 horizon_week  n_evaluable_enrollments  mean_predicted_survival  mean_observed_survival  abs_gap
           10                     9778                 0.849868                0.875741 0.025873
           20                     9778                 0.801598                0.822459 0.020860
           30                     9778                 0.769581                0.782266 0.012685
ARTIFACT | Stage 5.12.3 table_royston_parmar_tuned_predicted_vs_observed_survival - Royston-Parmar predicted versus observed survival | duckdb://table_royston_parmar_tuned_predicted_vs_observed_survival_w10
ARTIFACT | royston_parmar_model | /Users/rafars/dropout_benchmark_desenv/outputs_benchmark_survival/models/royston_parmar_tuned_w10.joblib
ARTIFACT | royston_parmar_preprocessor | /Users/rafars/dropout_benchmark_desenv/outputs_benchmark_survival/models/royston_parmar_preprocessor_w10.joblib
ARTIFACT | royston_parmar_tuned_model_config | /Users/rafars/dropout_benchmark_desenv/outputs_benchmark_survival/metadata/royston_parmar_tuned_model_config_w10.json
{
  "model_name": "royston_parmar_tuned",
  "selection_metric": "lowest_validation_ibs_among_warning_free_candidates",
  "validation_split": {
    "method": "GroupShuffleSplit",
    "test_size": 0.1,
    "group_column": "enrollment_id",
    "random_seed": 42
  },
  "effective_window_weeks": 10,
  "input_train_table": "enrollment_cox_ready_train_w10",
  "input_test_table": "enrollment_cox_ready_test_w10",
  "search_space": [
    {
      "candidate_id": 1,
      "n_baseline_knots": 2,
      "penalizer": 0.01,
      "l1_ratio": 0.0
    },
    {
      "candidate_id": 2,
      "n_baseline_knots": 2,
      "penalizer": 0.025,
      "l1_ratio": 0.0
    },
    {
      "candidate_id": 3,
      "n_baseline_knots": 2,
      "penalizer": 0.05,
      "l1_ratio": 0.0
    },
    {
      "candidate_id": 4,
      "n_baseline_knots": 2,
      "penalizer": 0.1,
      "l1_ratio": 0.0
    },
    {
      "candidate_id": 5,
      "n_baseline_knots": 2,
      "penalizer": 0.15,
      "l1_ratio": 0.0
    },
    {
      "candidate_id": 6,
      "n_baseline_knots": 2,
      "penalizer": 0.2,
      "l1_ratio": 0.0
    },
    {
      "candidate_id": 7,
      "n_baseline_knots": 2,
      "penalizer": 0.3,
      "l1_ratio": 0.0
    },
    {
      "candidate_id": 8,
      "n_baseline_knots": 2,
      "penalizer": 0.5,
      "l1_ratio": 0.0
    },
    {
      "candidate_id": 9,
      "n_baseline_knots": 2,
      "penalizer": 0.7,
      "l1_ratio": 0.0
    },
    {
      "candidate_id": 10,
      "n_baseline_knots": 2,
      "penalizer": 1.0,
      "l1_ratio": 0.0
    },
    {
      "candidate_id": 11,
      "n_baseline_knots": 2,
      "penalizer": 2.0,
      "l1_ratio": 0.0
    },
    {
      "candidate_id": 12,
      "n_baseline_knots": 2,
      "penalizer": 5.0,
      "l1_ratio": 0.0
    },
    {
      "candidate_id": 13,
      "n_baseline_knots": 3,
      "penalizer": 0.01,
      "l1_ratio": 0.0
    },
    {
      "candidate_id": 14,
      "n_baseline_knots": 3,
      "penalizer": 0.025,
      "l1_ratio": 0.0
    },
    {
      "candidate_id": 15,
      "n_baseline_knots": 3,
      "penalizer": 0.05,
      "l1_ratio": 0.0
    },
    {
      "candidate_id": 16,
      "n_baseline_knots": 3,
      "penalizer": 0.1,
      "l1_ratio": 0.0
    },
    {
      "candidate_id": 17,
      "n_baseline_knots": 3,
      "penalizer": 0.15,
      "l1_ratio": 0.0
    },
    {
      "candidate_id": 18,
      "n_baseline_knots": 3,
      "penalizer": 0.2,
      "l1_ratio": 0.0
    },
    {
      "candidate_id": 19,
      "n_baseline_knots": 3,
      "penalizer": 0.3,
      "l1_ratio": 0.0
    },
    {
      "candidate_id": 20,
      "n_baseline_knots": 3,
      "penalizer": 0.5,
      "l1_ratio": 0.0
    },
    {
      "candidate_id": 21,
      "n_baseline_knots": 3,
      "penalizer": 0.7,
      "l1_ratio": 0.0
    },
    {
      "candidate_id": 22,
      "n_baseline_knots": 3,
      "penalizer": 1.0,
      "l1_ratio": 0.0
    },
    {
      "candidate_id": 23,
      "n_baseline_knots": 3,
      "penalizer": 2.0,
      "l1_ratio": 0.0
    },
    {
      "candidate_id": 24,
      "n_baseline_knots": 3,
      "penalizer": 5.0,
      "l1_ratio": 0.0
    }
  ],
  "benchmark_horizons": [
    10,
    20,
    30
  ],
  "calibration_bins": 10,
  "calibration_contract_version": "v2_ipcw_km_observed_risk",
  "calibration_observed_risk_method": "ipcw_km_pseudo_event_rate",
  "variance_filter_threshold": 1e-12,
  "duration_floor": 1.0,
  "implementation": "lifelines_crc_spline_aft",
  "best_candidate": {
    "candidate_id": 13,
    "params": {
      "n_baseline_knots": 3,
      "penalizer": 0.01,
      "l1_ratio": 0.0
    },
    "duration_floor": 1.0,
    "regressors": {
      "beta_": "num_num_of_prev_attempts + num_studied_credits + num_clicks_first_10_weeks + num_active_weeks_first_10 + num_mean_clicks_first_10_weeks + cat_gender_M + cat_region_East_Midlands_Region + cat_region_Ireland + cat_region_London_Region + cat_region_North_Region + cat_region_North_Western_Region + cat_region_Scotland + cat_region_South_East_Region + cat_region_South_Region + cat_region_South_West_Region + cat_region_Wales + cat_region_West_Midlands_Region + cat_region_Yorkshire_Region + cat_highest_education_HE_Qualification + cat_highest_education_Lower_Than_A_Level + cat_highest_education_No_Formal_quals + cat_highest_education_Post_Graduate_Qualification + cat_imd_band_10_20 + cat_imd_band_20_30 + cat_imd_band_30_40 + cat_imd_band_40_50 + cat_imd_band_50_60 + cat_imd_band_60_70 + cat_imd_band_70_80 + cat_imd_band_80_90 + cat_imd_band_90_100 + cat_imd_band_None + cat_age_band_35_55 + cat_age_band_55 + cat_disability_Y",
      "gamma0_": "1",
      "gamma1_": "1",
      "gamma2_": "1"
    },
    "val_ibs": 0.10874125860150974,
    "val_c_index": 0.6299256711514468,
    "implementation": "lifelines_crc_spline_aft"
  },
  "preprocessing": {
    "categorical_features": [
      "gender",
      "region",
      "highest_education",
      "imd_band",
      "age_band",
      "disability"
    ],
    "numeric_features": [
      "num_of_prev_attempts",
      "studied_credits",
      "clicks_first_10_weeks",
      "active_weeks_first_10",
      "mean_clicks_first_10_weeks"
    ],
    "numeric_prefill_values": {
      "num_of_prev_attempts": 0.0,
      "studied_credits": 60.0,
      "clicks_first_10_weeks": 260.0,
      "active_weeks_first_10": 8.0,
      "mean_clicks_first_10_weeks": 36.4
    },
    "feature_names_before_filter": [
      "num__num_of_prev_attempts",
      "num__studied_credits",
      "num__clicks_first_10_weeks",
      "num__active_weeks_first_10",
      "num__mean_clicks_first_10_weeks",
      "cat__gender_M",
      "cat__region_East Midlands Region",
      "cat__region_Ireland",
      "cat__region_London Region",
      "cat__region_North Region",
      "cat__region_North Western Region",
      "cat__region_Scotland",
      "cat__region_South East Region",
      "cat__region_South Region",
      "cat__region_South West Region",
      "cat__region_Wales",
      "cat__region_West Midlands Region",
      "cat__region_Yorkshire Region",
      "cat__highest_education_HE Qualification",
      "cat__highest_education_Lower Than A Level",
      "cat__highest_education_No Formal quals",
      "cat__highest_education_Post Graduate Qualification",
      "cat__imd_band_10-20",
      "cat__imd_band_20-30%",
      "cat__imd_band_30-40%",
      "cat__imd_band_40-50%",
      "cat__imd_band_50-60%",
      "cat__imd_band_60-70%",
      "cat__imd_band_70-80%",
      "cat__imd_band_80-90%",
      "cat__imd_band_90-100%",
      "cat__imd_band_None",
      "cat__age_band_35-55",
      "cat__age_band_55<=",
      "cat__disability_Y"
    ],
    "feature_names_out": [
      "num__num_of_prev_attempts",
      "num__studied_credits",
      "num__clicks_first_10_weeks",
      "num__active_weeks_first_10",
      "num__mean_clicks_first_10_weeks",
      "cat__gender_M",
      "cat__region_East Midlands Region",
      "cat__region_Ireland",
      "cat__region_London Region",
      "cat__region_North Region",
      "cat__region_North Western Region",
      "cat__region_Scotland",
      "cat__region_South East Region",
      "cat__region_South Region",
      "cat__region_South West Region",
      "cat__region_Wales",
      "cat__region_West Midlands Region",
      "cat__region_Yorkshire Region",
      "cat__highest_education_HE Qualification",
      "cat__highest_education_Lower Than A Level",
      "cat__highest_education_No Formal quals",
      "cat__highest_education_Post Graduate Qualification",
      "cat__imd_band_10-20",
      "cat__imd_band_20-30%",
      "cat__imd_band_30-40%",
      "cat__imd_band_40-50%",
      "cat__imd_band_50-60%",
      "cat__imd_band_60-70%",
      "cat__imd_band_70-80%",
      "cat__imd_band_80-90%",
      "cat__imd_band_90-100%",
      "cat__imd_band_None",
      "cat__age_band_35-55",
      "cat__age_band_55<=",
      "cat__disability_Y"
    ],
    "feature_names_safe": [
      "num_num_of_prev_attempts",
      "num_studied_credits",
      "num_clicks_first_10_weeks",
      "num_active_weeks_first_10",
      "num_mean_clicks_first_10_weeks",
      "cat_gender_M",
      "cat_region_East_Midlands_Region",
      "cat_region_Ireland",
      "cat_region_London_Region",
      "cat_region_North_Region",
      "cat_region_North_Western_Region",
      "cat_region_Scotland",
      "cat_region_South_East_Region",
      "cat_region_South_Region",
      "cat_region_South_West_Region",
      "cat_region_Wales",
      "cat_region_West_Midlands_Region",
      "cat_region_Yorkshire_Region",
      "cat_highest_education_HE_Qualification",
      "cat_highest_education_Lower_Than_A_Level",
      "cat_highest_education_No_Formal_quals",
      "cat_highest_education_Post_Graduate_Qualification",
      "cat_imd_band_10_20",
      "cat_imd_band_20_30",
      "cat_imd_band_30_40",
      "cat_imd_band_40_50",
      "cat_imd_band_50_60",
      "cat_imd_band_60_70",
      "cat_imd_band_70_80",
      "cat_imd_band_80_90",
      "cat_imd_band_90_100",
      "cat_imd_band_None",
      "cat_age_band_35_55",
      "cat_age_band_55",
      "cat_disability_Y"
    ],
    "formula_feature_map": {
      "num__num_of_prev_attempts": "num_num_of_prev_attempts",
      "num__studied_credits": "num_studied_credits",
      "num__clicks_first_10_weeks": "num_clicks_first_10_weeks",
      "num__active_weeks_first_10": "num_active_weeks_first_10",
      "num__mean_clicks_first_10_weeks": "num_mean_clicks_first_10_weeks",
      "cat__gender_M": "cat_gender_M",
      "cat__region_East Midlands Region": "cat_region_East_Midlands_Region",
      "cat__region_Ireland": "cat_region_Ireland",
      "cat__region_London Region": "cat_region_London_Region",
      "cat__region_North Region": "cat_region_North_Region",
      "cat__region_North Western Region": "cat_region_North_Western_Region",
      "cat__region_Scotland": "cat_region_Scotland",
      "cat__region_South East Region": "cat_region_South_East_Region",
      "cat__region_South Region": "cat_region_South_Region",
      "cat__region_South West Region": "cat_region_South_West_Region",
      "cat__region_Wales": "cat_region_Wales",
      "cat__region_West Midlands Region": "cat_region_West_Midlands_Region",
      "cat__region_Yorkshire Region": "cat_region_Yorkshire_Region",
      "cat__highest_education_HE Qualification": "cat_highest_education_HE_Qualification",
      "cat__highest_education_Lower Than A Level": "cat_highest_education_Lower_Than_A_Level",
      "cat__highest_education_No Formal quals": "cat_highest_education_No_Formal_quals",
      "cat__highest_education_Post Graduate Qualification": "cat_highest_education_Post_Graduate_Qualification",
      "cat__imd_band_10-20": "cat_imd_band_10_20",
      "cat__imd_band_20-30%": "cat_imd_band_20_30",
      "cat__imd_band_30-40%": "cat_imd_band_30_40",
      "cat__imd_band_40-50%": "cat_imd_band_40_50",
      "cat__imd_band_50-60%": "cat_imd_band_50_60",
      "cat__imd_band_60-70%": "cat_imd_band_60_70",
      "cat__imd_band_70-80%": "cat_imd_band_70_80",
      "cat__imd_band_80-90%": "cat_imd_band_80_90",
      "cat__imd_band_90-100%": "cat_imd_band_90_100",
      "cat__imd_band_None": "cat_imd_band_None",
      "cat__age_band_35-55": "cat_age_band_35_55",
      "cat__age_band_55<=": "cat_age_band_55",
      "cat__disability_Y": "cat_disability_Y"
    },
    "dropped_low_variance_features": []
  },
  "design_note": "The comparable Royston-Parmar arm preserves the canonical early-window contract, uses the same deterministic preprocessing as the other continuous-time baselines, sanitizes transformed feature names for formula-safe spline fitting, and rejects candidates that emit fit or prediction warnings under strict execution."
}

 candidate_id                                                      params  duration_floor                                                                                                                                                                                                                                                                                                                                                                                                                                                                                                                                                                                                                                                                                                                                                                                                                                                                                                                                                                                                                     regressors  val_ibs  val_c_index           implementation
           13 {'n_baseline_knots': 3, 'penalizer': 0.01, 'l1_ratio': 0.0}             1.0 {'beta_': 'num_num_of_prev_attempts + num_studied_credits + num_clicks_first_10_weeks + num_active_weeks_first_10 + num_mean_clicks_first_10_weeks + cat_gender_M + cat_region_East_Midlands_Region + cat_region_Ireland + cat_region_London_Region + cat_region_North_Region + cat_region_North_Western_Region + cat_region_Scotland + cat_region_South_East_Region + cat_region_South_Region + cat_region_South_West_Region + cat_region_Wales + cat_region_West_Midlands_Region + cat_region_Yorkshire_Region + cat_highest_education_HE_Qualification + cat_highest_education_Lower_Than_A_Level + cat_highest_education_No_Formal_quals + cat_highest_education_Post_Graduate_Qualification + cat_imd_band_10_20 + cat_imd_band_20_30 + cat_imd_band_30_40 + cat_imd_band_40_50 + cat_imd_band_50_60 + cat_imd_band_60_70 + cat_imd_band_70_80 + cat_imd_band_80_90 + cat_imd_band_90_100 + cat_imd_band_None + cat_age_band_35_55 + cat_age_band_55 + cat_disability_Y', 'gamma0_': '1', 'gamma1_': '1', 'gamma2_': '1'} 0.108741     0.629926 lifelines_crc_spline_aft
[END] 5.12.3 - 2026-06-19 22:30:09
[START] 5.12 - 2026-06-19 22:30:09
# ==============================================================
# 5.12.4 - Close runtime resources
# ==============================================================
DuckDB connection closed.
ARTIFACT | duckdb_connection | closed::/Users/rafars/dropout_benchmark_desenv/outputs_benchmark_survival/benchmark_survival.duckdb
[END] 5.12.4 - 2026-06-19 22:30:10
