[START] C0 - 2026-06-18 18:59:30
# ==============================================================
# C0 - Initialize deterministic stage C runtime
# ==============================================================
- SCRIPT_NAME: dropout_bench_v3_C_split_and_audit_from_scratch_v2_minimal_changes.py
- RUN_ID     : f3766e75053447a7beb7a1c4936d231f
- DUCKDB_PATH: /Users/rafars/dropout_benchmark_desenv/outputs_benchmark_survival/benchmark_survival.duckdb
ARTIFACT | shared_config | /Users/rafars/dropout_benchmark_desenv/benchmark_shared_config.toml
ARTIFACT | run_metadata | /Users/rafars/dropout_benchmark_desenv/outputs_benchmark_survival/metadata/run_metadata.json
[END] C0 - 2026-06-18 18:59:30
[START] C1 - 2026-06-18 18:59:30
# ==============================================================
# C1 - Audit stage A survival timing contract
# ==============================================================
--- C1 output: stage A event-time audit (table_c1_event_time_audit) ---
 n_total_enrollments  n_unique_enrollments  n_event_observed  event_rate  n_withdrawn_without_valid_unregistration  max_t_event_week  max_t_last_obs_week  max_t_final_week
               32593                 32593              7387    0.226644                                      2769              63.0                 63.0              63.0
ARTIFACT | C1 output: stage A event-time audit | duckdb://table_c1_event_time_audit
[END] C1 - 2026-06-18 18:59:30
[START] C2 - 2026-06-18 18:59:30
# ==============================================================
# C2 - Build the canonical paper-aligned main split
# ==============================================================
--- C2 output: canonical enrollment split assignment (table_enrollment_split_assignment) ---
      enrollment_id  id_student code_module code_presentation  event  duration            duration_bucket                        strata_label split
 100064||FFF||2013J      100064         FFF             2013J      0        38 not_applicable_for_event_0 event_0__not_applicable_for_event_0 train
 100282||BBB||2013J      100282         BBB             2013J      1        29                   bucket_4                   event_1__bucket_4 train
 100561||DDD||2014J      100561         DDD             2014J      0        37 not_applicable_for_event_0 event_0__not_applicable_for_event_0  test
 100621||CCC||2014B      100621         CCC             2014B      1         6                   bucket_2                   event_1__bucket_2  test
1006742||FFF||2014B     1006742         FFF             2014B      0        34 not_applicable_for_event_0 event_0__not_applicable_for_event_0 train
 100758||EEE||2013J      100758         EEE             2013J      0        38 not_applicable_for_event_0 event_0__not_applicable_for_event_0 train
 100788||CCC||2014J      100788         CCC             2014J      0        38 not_applicable_for_event_0 event_0__not_applicable_for_event_0 train
 100788||FFF||2013J      100788         FFF             2013J      0        38 not_applicable_for_event_0 event_0__not_applicable_for_event_0 train
1008675||BBB||2013B     1008675         BBB             2013B      0        34 not_applicable_for_event_0 event_0__not_applicable_for_event_0 train
 100893||AAA||2013J      100893         AAA             2013J      0        38 not_applicable_for_event_0 event_0__not_applicable_for_event_0 train
 101116||AAA||2014J      101116         AAA             2014J      0        38 not_applicable_for_event_0 event_0__not_applicable_for_event_0 train
 101187||DDD||2014J      101187         DDD             2014J      0        37 not_applicable_for_event_0 event_0__not_applicable_for_event_0  test
 101217||FFF||2013J      101217         FFF             2013J      1        13                   bucket_3                   event_1__bucket_3 train
 101217||FFF||2014J      101217         FFF             2014J      0        38 not_applicable_for_event_0 event_0__not_applicable_for_event_0 train
 101279||DDD||2014J      101279         DDD             2014J      0        37 not_applicable_for_event_0 event_0__not_applicable_for_event_0  test
 101306||FFF||2013B      101306         FFF             2013B      0        34 not_applicable_for_event_0 event_0__not_applicable_for_event_0 train
 101414||EEE||2013J      101414         EEE             2013J      0        38 not_applicable_for_event_0 event_0__not_applicable_for_event_0  test
 101420||FFF||2013J      101420         FFF             2013J      0        38 not_applicable_for_event_0 event_0__not_applicable_for_event_0 train
 101634||FFF||2014B      101634         FFF             2014B      0        34 not_applicable_for_event_0 event_0__not_applicable_for_event_0 train
 101700||CCC||2014J      101700         CCC             2014J      0        38 not_applicable_for_event_0 event_0__not_applicable_for_event_0  test
ARTIFACT | C2 output: canonical enrollment split assignment | duckdb://table_enrollment_split_assignment
--- C2 output: enrollment split summary (table_enrollment_split_summary) ---
split  n_enrollments  n_events  event_rate  min_duration  median_duration  max_duration
 test           9778      2216    0.226631             0             34.0            38
train          22815      5171    0.226649             0             34.0            63
ARTIFACT | C2 output: enrollment split summary | duckdb://table_enrollment_split_summary
--- C2 output: enrollment split bucket summary (table_enrollment_split_bucket_summary) ---
split  event            duration_bucket  n_enrollments
 test      0 not_applicable_for_event_0           7562
 test      1                   bucket_1            554
 test      1                   bucket_2            554
 test      1                   bucket_3            554
 test      1                   bucket_4            554
train      0 not_applicable_for_event_0          17644
train      1                   bucket_1           1292
train      1                   bucket_2           1293
train      1                   bucket_3           1293
train      1                   bucket_4           1293
ARTIFACT | C2 output: enrollment split bucket summary | duckdb://table_enrollment_split_bucket_summary
--- C2 output: enrollment split leakage check (table_enrollment_split_leakage_check) ---
 n_train_enrollments  n_test_enrollments  n_enrollments_checked  n_enrollments_with_leakage  identity_leakage_detected
               22815                9778                  32593                           0                      False
ARTIFACT | C2 output: enrollment split leakage check | duckdb://table_enrollment_split_leakage_check
[END] C2 - 2026-06-18 18:59:30
[START] C2.1 - 2026-06-18 18:59:30
# ==============================================================
# C2.1 - Audit context overlap in the main split
# ==============================================================
--- C2.1 output: main split context overlap summary (table_context_overlap_summary) ---
      context_level  n_train_unique  n_test_unique  n_shared
        code_module               7              7         7
  code_presentation               4              4         4
module_presentation              22             22        22
ARTIFACT | C2.1 output: main split context overlap summary | duckdb://table_context_overlap_summary
[END] C2.1 - 2026-06-18 18:59:30
[START] C2.2 - 2026-06-18 18:59:30
# ==============================================================
# C2.2 - Materialize the compact audit for the main split
# ==============================================================
--- C2.2 output: compact main split audit (table_c2_2_compact_audit) ---
split_unit                                        stratification  n_total_enrollments  n_train_enrollments  n_test_enrollments  train_event_rate  test_event_rate
enrollment event_status + event_duration_bucket_or_censor_marker                32593                22815                9778          0.226649         0.226631
ARTIFACT | C2.2 output: compact main split audit | duckdb://table_c2_2_compact_audit
[END] C2.2 - 2026-06-18 18:59:30
[START] C2.3 - 2026-06-18 18:59:30
# ==============================================================
# C2.3 - Build the approved context-held-out group design
# ==============================================================
--- C2.3 output: context-held-out group split design (table_context_group_split_design) ---
code_module code_presentation   group_id  n_enrollments  n_unique_students  n_events  event_rate split_role  is_test_group
        AAA             2013J AAA||2013J            383                383        53    0.138381      train              0
        AAA             2014J AAA||2014J            365                365        53    0.145205       test              1
        BBB             2013B BBB||2013B           1767               1767       383    0.216752      train              0
        BBB             2013J BBB||2013J           2237               2237       410    0.183281       test              1
        BBB             2014B BBB||2014B           1613               1613       227    0.140732      train              0
        BBB             2014J BBB||2014J           2292               2292       497    0.216841      train              0
        CCC             2014B CCC||2014B           1936               1936       648    0.334711       test              1
        CCC             2014J CCC||2014J           2498               2498       836    0.334668      train              0
        DDD             2013B DDD||2013B           1303               1303       354    0.271681      train              0
        DDD             2013J DDD||2013J           1938               1938       492    0.253870       test              1
        DDD             2014B DDD||2014B           1228               1228       388    0.315961      train              0
        DDD             2014J DDD||2014J           1803               1803       483    0.267887      train              0
        EEE             2013J EEE||2013J           1052               1052       177    0.168251       test              1
        EEE             2014B EEE||2014B            694                694       123    0.177233      train              0
        EEE             2014J EEE||2014J           1188               1188       235    0.197811      train              0
        FFF             2013B FFF||2013B           1614               1614       326    0.201983      train              0
        FFF             2013J FFF||2013J           2283               2283       504    0.220762      train              0
        FFF             2014B FFF||2014B           1500               1500       338    0.225333       test              1
        FFF             2014J FFF||2014J           2365               2365       636    0.268922      train              0
        GGG             2013J GGG||2013J            952                952        43    0.045168      train              0
ARTIFACT | C2.3 output: context-held-out group split design | duckdb://table_context_group_split_design
--- C2.3 output: context-held-out group split summary (table_context_group_split_summary) ---
 n_total_groups  n_test_groups  n_train_groups approved_design_name
             22              7              15   context_heldout_v1
ARTIFACT | C2.3 output: context-held-out group split summary | duckdb://table_context_group_split_summary
[END] C2.3 - 2026-06-18 18:59:30
[START] C2.4 - 2026-06-18 18:59:30
# ==============================================================
# C2.4 - Attach the context-held-out design to the survival backbone
# ==============================================================
--- C2.4 output: survival backbone with context split assignment (enrollment_survival_ready_context_split) ---
      enrollment_id  id_student code_module code_presentation final_result  date_registration  date_unregistration  module_presentation_length  module_presentation_length_days  is_withdrawn  has_valid_unregistration_date  event_observed  is_withdrawn_without_valid_unregistration  has_any_vle_activity  max_vle_day  n_vle_rows  total_clicks_all_time  t_event_week  t_last_vle_week_raw  t_last_obs_week_raw  t_administrative_censor_week  t_last_obs_week  t_final_week  has_pre_start_only_activity  used_zero_week_fallback_for_censoring  t_last_obs_week_was_clamped  t_final_week_was_clamped        censoring_strategy gender               region     highest_education imd_band age_band  num_of_prev_attempts  studied_credits disability   group_id  is_test_group split_role context_split_name  context_is_test
 382979||BBB||2013J      382979         BBB             2013J  Distinction                -66                 <NA>                         268                              268             0                              0               0                                          0                     1          257         929                 2578.0           NaN                 36.0                 36.0                            38               38            38                            0                                      0                            0                         0 administrative_course_end      F         South Region A Level or Equivalent   80-90%    35-55                     0               90          N BBB||2013J              1       test context_heldout_v1                1
 511678||BBB||2013J      511678         BBB             2013J         Pass                -92                 <NA>                         268                              268             0                              0               0                                          0                     1          268        1962                12555.0           NaN                 38.0                 38.0                            38               38            38                            0                                      0                            0                         0 administrative_course_end      F         South Region A Level or Equivalent   20-30%     0-35                     0              120          N BBB||2013J              1       test context_heldout_v1                1
 522894||BBB||2013J      522894         BBB             2013J         Pass                -67                 <NA>                         268                              268             0                              0               0                                          0                     1          255         647                 1707.0           NaN                 36.0                 36.0                            38               38            38                            0                                      0                            0                         0 administrative_course_end      F             Scotland      HE Qualification   30-40%    35-55                     0              120          N BBB||2013J              1       test context_heldout_v1                1
 514864||BBB||2013J      514864         BBB             2013J         Pass                -28                 <NA>                         268                              268             0                              0               0                                          0                     1          268         723                 1790.0           NaN                 38.0                 38.0                            38               38            38                            0                                      0                            0                         0 administrative_course_end      F West Midlands Region    Lower Than A Level    10-20     0-35                     0               60          N BBB||2013J              1       test context_heldout_v1                1
2463213||BBB||2013J     2463213         BBB             2013J         Pass               -148                 <NA>                         268                              268             0                              0               0                                          0                     1          266        1638                12238.0           NaN                 38.0                 38.0                            38               38            38                            0                                      0                            0                         0 administrative_course_end      F  East Anglian Region    Lower Than A Level   60-70%    35-55                     0               90          N BBB||2013J              1       test context_heldout_v1                1
2452289||BBB||2013J     2452289         BBB             2013J         Pass               -102                 <NA>                         268                              268             0                              0               0                                          0                     1          251         557                 1333.0           NaN                 35.0                 35.0                            38               38            38                            0                                      0                            0                         0 administrative_course_end      F    South East Region    Lower Than A Level   70-80%    35-55                     0               60          N BBB||2013J              1       test context_heldout_v1                1
1939695||BBB||2013J     1939695         BBB             2013J  Distinction                -52                 <NA>                         268                              268             0                              0               0                                          0                     1          260         481                 1160.0           NaN                 37.0                 37.0                            38               38            38                            0                                      0                            0                         0 administrative_course_end      F             Scotland    Lower Than A Level   30-40%    35-55                     2               60          Y BBB||2013J              1       test context_heldout_v1                1
 542296||BBB||2013J      542296         BBB             2013J         Pass                -66                 <NA>                         268                              268             0                              0               0                                          0                     1          263         477                 1330.0           NaN                 37.0                 37.0                            38               38            38                            0                                      0                            0                         0 administrative_course_end      F                Wales    Lower Than A Level   30-40%    35-55                     1               60          N BBB||2013J              1       test context_heldout_v1                1
 544122||BBB||2013J      544122         BBB             2013J  Distinction                -19                 <NA>                         268                              268             0                              0               0                                          0                     1          241         276                  567.0           NaN                 34.0                 34.0                            38               38            38                            0                                      0                            0                         0 administrative_course_end      F                Wales A Level or Equivalent  90-100%     0-35                     0               60          N BBB||2013J              1       test context_heldout_v1                1
 530487||BBB||2013J      530487         BBB             2013J         Pass                -30                 <NA>                         268                              268             0                              0               0                                          0                     1          262         645                 1621.0           NaN                 37.0                 37.0                            38               38            38                            0                                      0                            0                         0 administrative_course_end      F        London Region      HE Qualification   40-50%     0-35                     0               60          N BBB||2013J              1       test context_heldout_v1                1
 540249||BBB||2013J      540249         BBB             2013J         Fail                -28                 <NA>                         268                              268             0                              0               0                                          0                     1          254         436                  836.0           NaN                 36.0                 36.0                            38               38            38                            0                                      0                            0                         0 administrative_course_end      M  East Anglian Region A Level or Equivalent    0-10%    35-55                     0              120          N BBB||2013J              1       test context_heldout_v1                1
 534133||BBB||2013J      534133         BBB             2013J         Pass                -17                 <NA>                         268                              268             0                              0               0                                          0                     1          241         800                 2003.0           NaN                 34.0                 34.0                            38               38            38                            0                                      0                            0                         0 administrative_course_end      F     Yorkshire Region    Lower Than A Level    0-10%     0-35                     0               60          N BBB||2013J              1       test context_heldout_v1                1
 556427||BBB||2013J      556427         BBB             2013J    Withdrawn               -107                  241                         268                              268             1                              1               1                                          0                     1          133          60                  141.0          34.0                 19.0                 19.0                            38               34            34                            0                                      0                            0                         0       observed_withdrawal      F East Midlands Region A Level or Equivalent   20-30%     0-35                     0               60          N BBB||2013J              1       test context_heldout_v1                1
 526177||BBB||2013J      526177         BBB             2013J         Pass                -49                 <NA>                         268                              268             0                              0               0                                          0                     1          206          92                  168.0           NaN                 29.0                 29.0                            38               38            38                            0                                      0                            0                         0 administrative_course_end      F             Scotland    Lower Than A Level   40-50%     0-35                     0               75          N BBB||2013J              1       test context_heldout_v1                1
 535833||BBB||2013J      535833         BBB             2013J         Pass                -22                 <NA>                         268                              268             0                              0               0                                          0                     1          268         120                  274.0           NaN                 38.0                 38.0                            38               38            38                            0                                      0                            0                         0 administrative_course_end      F    South West Region    Lower Than A Level   20-30%     0-35                     0               60          N BBB||2013J              1       test context_heldout_v1                1
 344568||BBB||2013J      344568         BBB             2013J         Pass               -172                 <NA>                         268                              268             0                              0               0                                          0                     1          250         307                  673.0           NaN                 35.0                 35.0                            38               38            38                            0                                      0                            0                         0 administrative_course_end      F West Midlands Region    Lower Than A Level   70-80%     0-35                     0               60          N BBB||2013J              1       test context_heldout_v1                1
 233752||BBB||2013J      233752         BBB             2013J         Pass                -64                 <NA>                         268                              268             0                              0               0                                          0                     1          268        1755                 7769.0           NaN                 38.0                 38.0                            38               38            38                            0                                      0                            0                         0 administrative_course_end      F North Western Region    Lower Than A Level   60-70%    35-55                     0               60          N BBB||2013J              1       test context_heldout_v1                1
 105883||BBB||2013J      105883         BBB             2013J         Pass                -29                 <NA>                         268                              268             0                              0               0                                          0                     1          265        1054                 4022.0           NaN                 37.0                 37.0                            38               38            38                            0                                      0                            0                         0 administrative_course_end      F North Western Region A Level or Equivalent    0-10%    35-55                     0               60          N BBB||2013J              1       test context_heldout_v1                1
 153704||BBB||2013J      153704         BBB             2013J         Fail                -73                 <NA>                         268                              268             0                              0               0                                          0                     1          193          98                  165.0           NaN                 27.0                 27.0                            38               38            38                            0                                      0                            0                         0 administrative_course_end      F West Midlands Region    Lower Than A Level    0-10%     0-35                     2               60          N BBB||2013J              1       test context_heldout_v1                1
 600771||BBB||2013J      600771         BBB             2013J         Pass                -53                 <NA>                         268                              268             0                              0               0                                          0                     1          241         204                  543.0           NaN                 34.0                 34.0                            38               38            38                            0                                      0                            0                         0 administrative_course_end      M    South East Region    Lower Than A Level    10-20    35-55                     0               60          N BBB||2013J              1       test context_heldout_v1                1
ARTIFACT | C2.4 output: survival backbone with context split assignment | duckdb://enrollment_survival_ready_context_split
[END] C2.4 - 2026-06-18 18:59:30
[START] C2.5 - 2026-06-18 18:59:30
# ==============================================================
# C2.5 - Link the main split and context-held-out split contracts
# ==============================================================
--- C2.5 output: canonical context-held-out enrollment assignment (table_context_enrollment_split_assignment) ---
      enrollment_id  id_student code_module code_presentation   group_id main_split split context_split_name  context_is_test
 100064||FFF||2013J      100064         FFF             2013J FFF||2013J      train train context_heldout_v1                0
 100282||BBB||2013J      100282         BBB             2013J BBB||2013J      train  test context_heldout_v1                1
 100561||DDD||2014J      100561         DDD             2014J DDD||2014J       test train context_heldout_v1                0
 100621||CCC||2014B      100621         CCC             2014B CCC||2014B       test  test context_heldout_v1                1
1006742||FFF||2014B     1006742         FFF             2014B FFF||2014B      train  test context_heldout_v1                1
 100758||EEE||2013J      100758         EEE             2013J EEE||2013J      train  test context_heldout_v1                1
 100788||CCC||2014J      100788         CCC             2014J CCC||2014J      train train context_heldout_v1                0
 100788||FFF||2013J      100788         FFF             2013J FFF||2013J      train train context_heldout_v1                0
1008675||BBB||2013B     1008675         BBB             2013B BBB||2013B      train train context_heldout_v1                0
 100893||AAA||2013J      100893         AAA             2013J AAA||2013J      train train context_heldout_v1                0
 101116||AAA||2014J      101116         AAA             2014J AAA||2014J      train  test context_heldout_v1                1
 101187||DDD||2014J      101187         DDD             2014J DDD||2014J       test train context_heldout_v1                0
 101217||FFF||2013J      101217         FFF             2013J FFF||2013J      train train context_heldout_v1                0
 101217||FFF||2014J      101217         FFF             2014J FFF||2014J      train train context_heldout_v1                0
 101279||DDD||2014J      101279         DDD             2014J DDD||2014J       test train context_heldout_v1                0
 101306||FFF||2013B      101306         FFF             2013B FFF||2013B      train train context_heldout_v1                0
 101414||EEE||2013J      101414         EEE             2013J EEE||2013J       test  test context_heldout_v1                1
 101420||FFF||2013J      101420         FFF             2013J FFF||2013J      train train context_heldout_v1                0
 101634||FFF||2014B      101634         FFF             2014B FFF||2014B      train  test context_heldout_v1                1
 101700||CCC||2014J      101700         CCC             2014J CCC||2014J       test train context_heldout_v1                0
ARTIFACT | C2.5 output: canonical context-held-out enrollment assignment | duckdb://table_context_enrollment_split_assignment
--- C2.5 output: main-versus-context linkage audit (table_c2_5_linkage_audit) ---
 n_model_backbone_enrollments  n_main_split_enrollments  n_context_assignment_enrollments  n_missing_main_split_alignment  main_split_alignment_complete
                        32593                     32593                             32593                               0                           True
ARTIFACT | C2.5 output: main-versus-context linkage audit | duckdb://table_c2_5_linkage_audit
--- C2.5 output: split comparison audit (table_c2_5_split_comparison_audit) ---
       design_name split  n_enrollments  n_context_groups  n_unique_students  n_events  event_rate  median_time_week
context_heldout_v1  test           9777                 7               9311      2222    0.227268              37.0
context_heldout_v1 train          22816                15              21288      5165    0.226376              34.0
  main_paper_split  test           9778                22               9428      2216    0.226631              34.0
  main_paper_split train          22815                22              20955      5171    0.226649              34.0
ARTIFACT | C2.5 output: split comparison audit | duckdb://table_c2_5_split_comparison_audit
--- C2.5 output: context group composition audit (table_c2_5_context_group_audit) ---
code_module code_presentation   group_id context_split  n_enrollments  n_unique_students  n_events  event_rate main_split_roles_present
        AAA             2014J AAA||2014J          test            365                365        53    0.145205              test, train
        BBB             2013J BBB||2013J          test           2237               2237       410    0.183281              test, train
        CCC             2014B CCC||2014B          test           1936               1936       648    0.334711              test, train
        DDD             2013J DDD||2013J          test           1938               1938       492    0.253870              test, train
        EEE             2013J EEE||2013J          test           1052               1052       177    0.168251              test, train
        FFF             2014B FFF||2014B          test           1500               1500       338    0.225333              test, train
        GGG             2014J GGG||2014J          test            749                749       104    0.138852              test, train
        AAA             2013J AAA||2013J         train            383                383        53    0.138381              test, train
        BBB             2013B BBB||2013B         train           1767               1767       383    0.216752              test, train
        BBB             2014B BBB||2014B         train           1613               1613       227    0.140732              test, train
        BBB             2014J BBB||2014J         train           2292               2292       497    0.216841              test, train
        CCC             2014J CCC||2014J         train           2498               2498       836    0.334668              test, train
        DDD             2013B DDD||2013B         train           1303               1303       354    0.271681              test, train
        DDD             2014B DDD||2014B         train           1228               1228       388    0.315961              test, train
        DDD             2014J DDD||2014J         train           1803               1803       483    0.267887              test, train
        EEE             2014B EEE||2014B         train            694                694       123    0.177233              test, train
        EEE             2014J EEE||2014J         train           1188               1188       235    0.197811              test, train
        FFF             2013B FFF||2013B         train           1614               1614       326    0.201983              test, train
        FFF             2013J FFF||2013J         train           2283               2283       504    0.220762              test, train
        FFF             2014J FFF||2014J         train           2365               2365       636    0.268922              test, train
ARTIFACT | C2.5 output: context group composition audit | duckdb://table_c2_5_context_group_audit
[END] C2.5 - 2026-06-18 18:59:30
[START] C3 - 2026-06-18 18:59:30
# ==============================================================
# C3 - Propagate the main split onto the modeling inputs
# ==============================================================
--- C3 output: pp_linear_hazard_input_split (pp_linear_hazard_input_split) ---
   enrollment_id  id_student code_module code_presentation  week  event_t  event_observed  t_event_week  t_final_week  used_zero_week_fallback_for_censoring gender               region     highest_education imd_band age_band  num_of_prev_attempts  studied_credits disability  total_clicks_week  active_this_week  n_vle_rows_week  n_distinct_sites_week  cum_clicks_until_t  recency  streak split
635711|CCC|2014J      635711         CCC             2014J     2        0               0           NaN            38                                      0      M East Midlands Region      HE Qualification  90-100%    35-55                     0               60          N                3.0                 1                2                      2               231.0        0       3 train
635711|CCC|2014J      635711         CCC             2014J     3        0               0           NaN            38                                      0      M East Midlands Region      HE Qualification  90-100%    35-55                     0               60          N               40.0                 1                6                      5               271.0        0       4 train
635711|CCC|2014J      635711         CCC             2014J     4        0               0           NaN            38                                      0      M East Midlands Region      HE Qualification  90-100%    35-55                     0               60          N               55.0                 1               11                      9               326.0        0       5 train
635711|CCC|2014J      635711         CCC             2014J     5        0               0           NaN            38                                      0      M East Midlands Region      HE Qualification  90-100%    35-55                     0               60          N               48.0                 1               11                      8               374.0        0       6 train
635711|CCC|2014J      635711         CCC             2014J     6        0               0           NaN            38                                      0      M East Midlands Region      HE Qualification  90-100%    35-55                     0               60          N                2.0                 1                1                      1               376.0        0       7 train
635711|CCC|2014J      635711         CCC             2014J     7        0               0           NaN            38                                      0      M East Midlands Region      HE Qualification  90-100%    35-55                     0               60          N                2.0                 1                2                      1               378.0        0       8 train
635711|CCC|2014J      635711         CCC             2014J     8        0               0           NaN            38                                      0      M East Midlands Region      HE Qualification  90-100%    35-55                     0               60          N              180.0                 1               21                      7               558.0        0       9 train
635711|CCC|2014J      635711         CCC             2014J     9        0               0           NaN            38                                      0      M East Midlands Region      HE Qualification  90-100%    35-55                     0               60          N              148.0                 1               23                     12               706.0        0      10 train
635711|CCC|2014J      635711         CCC             2014J    10        0               0           NaN            38                                      0      M East Midlands Region      HE Qualification  90-100%    35-55                     0               60          N                6.0                 1                4                      2               712.0        0      11 train
635711|CCC|2014J      635711         CCC             2014J    11        0               0           NaN            38                                      0      M East Midlands Region      HE Qualification  90-100%    35-55                     0               60          N                1.0                 1                1                      1               713.0        0      12 train
635711|CCC|2014J      635711         CCC             2014J    12        0               0           NaN            38                                      0      M East Midlands Region      HE Qualification  90-100%    35-55                     0               60          N                1.0                 1                1                      1               714.0        0      13 train
635711|CCC|2014J      635711         CCC             2014J    13        0               0           NaN            38                                      0      M East Midlands Region      HE Qualification  90-100%    35-55                     0               60          N              129.0                 1               34                     21               843.0        0      14 train
635711|CCC|2014J      635711         CCC             2014J    14        0               0           NaN            38                                      0      M East Midlands Region      HE Qualification  90-100%    35-55                     0               60          N              189.0                 1               27                     10              1032.0        0      15 train
635711|CCC|2014J      635711         CCC             2014J    15        0               0           NaN            38                                      0      M East Midlands Region      HE Qualification  90-100%    35-55                     0               60          N               68.0                 1               13                      8              1100.0        0      16 train
635719|GGG|2014J      635719         GGG             2014J    12        0               0           NaN            38                                      0      F  East Anglian Region A Level or Equivalent   50-60%    35-55                     0               30          N                0.0                 0                0                      0               128.0        2       0 train
635720|EEE|2014J      635720         EEE             2014J    12        0               0           NaN            38                                      0      M    South West Region A Level or Equivalent   50-60%     0-35                     0               30          N                0.0                 0                0                      0               658.0        2       0  test
635720|EEE|2014J      635720         EEE             2014J    13        0               0           NaN            38                                      0      M    South West Region A Level or Equivalent   50-60%     0-35                     0               30          N               23.0                 1                9                      5               681.0        0       2  test
635720|EEE|2014J      635720         EEE             2014J    14        0               0           NaN            38                                      0      M    South West Region A Level or Equivalent   50-60%     0-35                     0               30          N               28.0                 1                8                      5               709.0        0       3  test
635720|EEE|2014J      635720         EEE             2014J    15        0               0           NaN            38                                      0      M    South West Region A Level or Equivalent   50-60%     0-35                     0               30          N               51.0                 1               12                      5               760.0        0       4  test
635720|EEE|2014J      635720         EEE             2014J    16        0               0           NaN            38                                      0      M    South West Region A Level or Equivalent   50-60%     0-35                     0               30          N               97.0                 1               19                      6               857.0        0       5  test
ARTIFACT | C3 output: pp_linear_hazard_input_split | duckdb://pp_linear_hazard_input_split
--- C3 output: pp_neural_hazard_input_split (pp_neural_hazard_input_split) ---
   enrollment_id  id_student code_module code_presentation  week  event_t  event_observed  t_event_week  t_final_week  used_zero_week_fallback_for_censoring gender               region     highest_education imd_band age_band  num_of_prev_attempts  studied_credits disability  total_clicks_week  active_this_week  n_vle_rows_week  n_distinct_sites_week  cum_clicks_until_t  recency  streak split
635711|CCC|2014J      635711         CCC             2014J     2        0               0           NaN            38                                      0      M East Midlands Region      HE Qualification  90-100%    35-55                     0               60          N                3.0                 1                2                      2               231.0        0       3 train
635711|CCC|2014J      635711         CCC             2014J     3        0               0           NaN            38                                      0      M East Midlands Region      HE Qualification  90-100%    35-55                     0               60          N               40.0                 1                6                      5               271.0        0       4 train
635711|CCC|2014J      635711         CCC             2014J     4        0               0           NaN            38                                      0      M East Midlands Region      HE Qualification  90-100%    35-55                     0               60          N               55.0                 1               11                      9               326.0        0       5 train
635711|CCC|2014J      635711         CCC             2014J     5        0               0           NaN            38                                      0      M East Midlands Region      HE Qualification  90-100%    35-55                     0               60          N               48.0                 1               11                      8               374.0        0       6 train
635711|CCC|2014J      635711         CCC             2014J     6        0               0           NaN            38                                      0      M East Midlands Region      HE Qualification  90-100%    35-55                     0               60          N                2.0                 1                1                      1               376.0        0       7 train
635711|CCC|2014J      635711         CCC             2014J     7        0               0           NaN            38                                      0      M East Midlands Region      HE Qualification  90-100%    35-55                     0               60          N                2.0                 1                2                      1               378.0        0       8 train
635711|CCC|2014J      635711         CCC             2014J     8        0               0           NaN            38                                      0      M East Midlands Region      HE Qualification  90-100%    35-55                     0               60          N              180.0                 1               21                      7               558.0        0       9 train
635711|CCC|2014J      635711         CCC             2014J     9        0               0           NaN            38                                      0      M East Midlands Region      HE Qualification  90-100%    35-55                     0               60          N              148.0                 1               23                     12               706.0        0      10 train
635711|CCC|2014J      635711         CCC             2014J    10        0               0           NaN            38                                      0      M East Midlands Region      HE Qualification  90-100%    35-55                     0               60          N                6.0                 1                4                      2               712.0        0      11 train
635711|CCC|2014J      635711         CCC             2014J    11        0               0           NaN            38                                      0      M East Midlands Region      HE Qualification  90-100%    35-55                     0               60          N                1.0                 1                1                      1               713.0        0      12 train
635711|CCC|2014J      635711         CCC             2014J    12        0               0           NaN            38                                      0      M East Midlands Region      HE Qualification  90-100%    35-55                     0               60          N                1.0                 1                1                      1               714.0        0      13 train
635711|CCC|2014J      635711         CCC             2014J    13        0               0           NaN            38                                      0      M East Midlands Region      HE Qualification  90-100%    35-55                     0               60          N              129.0                 1               34                     21               843.0        0      14 train
635711|CCC|2014J      635711         CCC             2014J    14        0               0           NaN            38                                      0      M East Midlands Region      HE Qualification  90-100%    35-55                     0               60          N              189.0                 1               27                     10              1032.0        0      15 train
635711|CCC|2014J      635711         CCC             2014J    15        0               0           NaN            38                                      0      M East Midlands Region      HE Qualification  90-100%    35-55                     0               60          N               68.0                 1               13                      8              1100.0        0      16 train
635719|GGG|2014J      635719         GGG             2014J    12        0               0           NaN            38                                      0      F  East Anglian Region A Level or Equivalent   50-60%    35-55                     0               30          N                0.0                 0                0                      0               128.0        2       0 train
635720|EEE|2014J      635720         EEE             2014J    12        0               0           NaN            38                                      0      M    South West Region A Level or Equivalent   50-60%     0-35                     0               30          N                0.0                 0                0                      0               658.0        2       0  test
635720|EEE|2014J      635720         EEE             2014J    13        0               0           NaN            38                                      0      M    South West Region A Level or Equivalent   50-60%     0-35                     0               30          N               23.0                 1                9                      5               681.0        0       2  test
635720|EEE|2014J      635720         EEE             2014J    14        0               0           NaN            38                                      0      M    South West Region A Level or Equivalent   50-60%     0-35                     0               30          N               28.0                 1                8                      5               709.0        0       3  test
635720|EEE|2014J      635720         EEE             2014J    15        0               0           NaN            38                                      0      M    South West Region A Level or Equivalent   50-60%     0-35                     0               30          N               51.0                 1               12                      5               760.0        0       4  test
635720|EEE|2014J      635720         EEE             2014J    16        0               0           NaN            38                                      0      M    South West Region A Level or Equivalent   50-60%     0-35                     0               30          N               97.0                 1               19                      6               857.0        0       5  test
ARTIFACT | C3 output: pp_neural_hazard_input_split | duckdb://pp_neural_hazard_input_split
--- C3 output: enrollment_cox_input_configured_split (enrollment_cox_input_configured_split) ---
      enrollment_id  id_student code_module code_presentation  event  duration  duration_raw  used_zero_week_fallback_for_censoring gender               region     highest_education imd_band age_band  num_of_prev_attempts  studied_credits disability  clicks_first_4_weeks  active_weeks_first_4  mean_clicks_first_4_weeks split
 382979||BBB||2013J      382979         BBB             2013J      0        38            38                                      0      F         South Region A Level or Equivalent   80-90%    35-55                     0               90          N                 394.0                   4.0                  98.500000 train
 511678||BBB||2013J      511678         BBB             2013J      0        38            38                                      0      F         South Region A Level or Equivalent   20-30%     0-35                     0              120          N                1695.0                   4.0                 423.750000  test
 522894||BBB||2013J      522894         BBB             2013J      0        38            38                                      0      F             Scotland      HE Qualification   30-40%    35-55                     0              120          N                 275.0                   4.0                  68.750000 train
 514864||BBB||2013J      514864         BBB             2013J      0        38            38                                      0      F West Midlands Region    Lower Than A Level    10-20     0-35                     0               60          N                 177.0                   4.0                  44.250000 train
2463213||BBB||2013J     2463213         BBB             2013J      0        38            38                                      0      F  East Anglian Region    Lower Than A Level   60-70%    35-55                     0               90          N                2222.0                   4.0                 555.500000  test
2452289||BBB||2013J     2452289         BBB             2013J      0        38            38                                      0      F    South East Region    Lower Than A Level   70-80%    35-55                     0               60          N                 111.0                   4.0                  27.750000  test
1939695||BBB||2013J     1939695         BBB             2013J      0        38            38                                      0      F             Scotland    Lower Than A Level   30-40%    35-55                     2               60          Y                 107.0                   3.0                  35.666667 train
 542296||BBB||2013J      542296         BBB             2013J      0        38            38                                      0      F                Wales    Lower Than A Level   30-40%    35-55                     1               60          N                 189.0                   4.0                  47.250000  test
 544122||BBB||2013J      544122         BBB             2013J      0        38            38                                      0      F                Wales A Level or Equivalent  90-100%     0-35                     0               60          N                 111.0                   4.0                  27.750000 train
 530487||BBB||2013J      530487         BBB             2013J      0        38            38                                      0      F        London Region      HE Qualification   40-50%     0-35                     0               60          N                 366.0                   4.0                  91.500000 train
 540249||BBB||2013J      540249         BBB             2013J      0        38            38                                      0      M  East Anglian Region A Level or Equivalent    0-10%    35-55                     0              120          N                 119.0                   4.0                  29.750000  test
 534133||BBB||2013J      534133         BBB             2013J      0        38            38                                      0      F     Yorkshire Region    Lower Than A Level    0-10%     0-35                     0               60          N                  90.0                   2.0                  45.000000 train
 556427||BBB||2013J      556427         BBB             2013J      1        34            34                                      0      F East Midlands Region A Level or Equivalent   20-30%     0-35                     0               60          N                  14.0                   2.0                   7.000000 train
 526177||BBB||2013J      526177         BBB             2013J      0        38            38                                      0      F             Scotland    Lower Than A Level   40-50%     0-35                     0               75          N                  24.0                   4.0                   6.000000 train
 535833||BBB||2013J      535833         BBB             2013J      0        38            38                                      0      F    South West Region    Lower Than A Level   20-30%     0-35                     0               60          N                   1.0                   1.0                   1.000000 train
 344568||BBB||2013J      344568         BBB             2013J      0        38            38                                      0      F West Midlands Region    Lower Than A Level   70-80%     0-35                     0               60          N                 109.0                   3.0                  36.333333 train
 233752||BBB||2013J      233752         BBB             2013J      0        38            38                                      0      F North Western Region    Lower Than A Level   60-70%    35-55                     0               60          N                 806.0                   4.0                 201.500000 train
 105883||BBB||2013J      105883         BBB             2013J      0        38            38                                      0      F North Western Region A Level or Equivalent    0-10%    35-55                     0               60          N                 388.0                   4.0                  97.000000 train
 153704||BBB||2013J      153704         BBB             2013J      0        38            38                                      0      F West Midlands Region    Lower Than A Level    0-10%     0-35                     2               60          N                  21.0                   2.0                  10.500000 train
 600771||BBB||2013J      600771         BBB             2013J      0        38            38                                      0      M    South East Region    Lower Than A Level    10-20    35-55                     0               60          N                 186.0                   4.0                  46.500000 train
ARTIFACT | C3 output: enrollment_cox_input_configured_split | duckdb://enrollment_cox_input_configured_split
--- C3 output: enrollment_deepsurv_input_configured_split (enrollment_deepsurv_input_configured_split) ---
      enrollment_id  id_student code_module code_presentation  event  duration  duration_raw  used_zero_week_fallback_for_censoring gender               region     highest_education imd_band age_band  num_of_prev_attempts  studied_credits disability  clicks_first_4_weeks  active_weeks_first_4  mean_clicks_first_4_weeks split
 382979||BBB||2013J      382979         BBB             2013J      0        38            38                                      0      F         South Region A Level or Equivalent   80-90%    35-55                     0               90          N                 394.0                   4.0                  98.500000 train
 511678||BBB||2013J      511678         BBB             2013J      0        38            38                                      0      F         South Region A Level or Equivalent   20-30%     0-35                     0              120          N                1695.0                   4.0                 423.750000  test
 522894||BBB||2013J      522894         BBB             2013J      0        38            38                                      0      F             Scotland      HE Qualification   30-40%    35-55                     0              120          N                 275.0                   4.0                  68.750000 train
 514864||BBB||2013J      514864         BBB             2013J      0        38            38                                      0      F West Midlands Region    Lower Than A Level    10-20     0-35                     0               60          N                 177.0                   4.0                  44.250000 train
2463213||BBB||2013J     2463213         BBB             2013J      0        38            38                                      0      F  East Anglian Region    Lower Than A Level   60-70%    35-55                     0               90          N                2222.0                   4.0                 555.500000  test
2452289||BBB||2013J     2452289         BBB             2013J      0        38            38                                      0      F    South East Region    Lower Than A Level   70-80%    35-55                     0               60          N                 111.0                   4.0                  27.750000  test
1939695||BBB||2013J     1939695         BBB             2013J      0        38            38                                      0      F             Scotland    Lower Than A Level   30-40%    35-55                     2               60          Y                 107.0                   3.0                  35.666667 train
 542296||BBB||2013J      542296         BBB             2013J      0        38            38                                      0      F                Wales    Lower Than A Level   30-40%    35-55                     1               60          N                 189.0                   4.0                  47.250000  test
 544122||BBB||2013J      544122         BBB             2013J      0        38            38                                      0      F                Wales A Level or Equivalent  90-100%     0-35                     0               60          N                 111.0                   4.0                  27.750000 train
 530487||BBB||2013J      530487         BBB             2013J      0        38            38                                      0      F        London Region      HE Qualification   40-50%     0-35                     0               60          N                 366.0                   4.0                  91.500000 train
 540249||BBB||2013J      540249         BBB             2013J      0        38            38                                      0      M  East Anglian Region A Level or Equivalent    0-10%    35-55                     0              120          N                 119.0                   4.0                  29.750000  test
 534133||BBB||2013J      534133         BBB             2013J      0        38            38                                      0      F     Yorkshire Region    Lower Than A Level    0-10%     0-35                     0               60          N                  90.0                   2.0                  45.000000 train
 556427||BBB||2013J      556427         BBB             2013J      1        34            34                                      0      F East Midlands Region A Level or Equivalent   20-30%     0-35                     0               60          N                  14.0                   2.0                   7.000000 train
 526177||BBB||2013J      526177         BBB             2013J      0        38            38                                      0      F             Scotland    Lower Than A Level   40-50%     0-35                     0               75          N                  24.0                   4.0                   6.000000 train
 535833||BBB||2013J      535833         BBB             2013J      0        38            38                                      0      F    South West Region    Lower Than A Level   20-30%     0-35                     0               60          N                   1.0                   1.0                   1.000000 train
 344568||BBB||2013J      344568         BBB             2013J      0        38            38                                      0      F West Midlands Region    Lower Than A Level   70-80%     0-35                     0               60          N                 109.0                   3.0                  36.333333 train
 233752||BBB||2013J      233752         BBB             2013J      0        38            38                                      0      F North Western Region    Lower Than A Level   60-70%    35-55                     0               60          N                 806.0                   4.0                 201.500000 train
 105883||BBB||2013J      105883         BBB             2013J      0        38            38                                      0      F North Western Region A Level or Equivalent    0-10%    35-55                     0               60          N                 388.0                   4.0                  97.000000 train
 153704||BBB||2013J      153704         BBB             2013J      0        38            38                                      0      F West Midlands Region    Lower Than A Level    0-10%     0-35                     2               60          N                  21.0                   2.0                  10.500000 train
 600771||BBB||2013J      600771         BBB             2013J      0        38            38                                      0      M    South East Region    Lower Than A Level    10-20    35-55                     0               60          N                 186.0                   4.0                  46.500000 train
ARTIFACT | C3 output: enrollment_deepsurv_input_configured_split | duckdb://enrollment_deepsurv_input_configured_split
--- C3 output: enrollment_cox_input_w2_split (enrollment_cox_input_w2_split) ---
      enrollment_id  id_student code_module code_presentation  event  duration  duration_raw  used_zero_week_fallback_for_censoring gender               region     highest_education imd_band age_band  num_of_prev_attempts  studied_credits disability  clicks_first_4_weeks  active_weeks_first_4  mean_clicks_first_4_weeks  clicks_first_2_weeks  active_weeks_first_2  mean_clicks_first_2_weeks split
 382979||BBB||2013J      382979         BBB             2013J      0        38            38                                      0      F         South Region A Level or Equivalent   80-90%    35-55                     0               90          N                 394.0                   4.0                  98.500000                 188.0                   2.0                       94.0 train
 511678||BBB||2013J      511678         BBB             2013J      0        38            38                                      0      F         South Region A Level or Equivalent   20-30%     0-35                     0              120          N                1695.0                   4.0                 423.750000                 589.0                   2.0                      294.5  test
 522894||BBB||2013J      522894         BBB             2013J      0        38            38                                      0      F             Scotland      HE Qualification   30-40%    35-55                     0              120          N                 275.0                   4.0                  68.750000                 108.0                   2.0                       54.0 train
 514864||BBB||2013J      514864         BBB             2013J      0        38            38                                      0      F West Midlands Region    Lower Than A Level    10-20     0-35                     0               60          N                 177.0                   4.0                  44.250000                  70.0                   2.0                       35.0 train
2463213||BBB||2013J     2463213         BBB             2013J      0        38            38                                      0      F  East Anglian Region    Lower Than A Level   60-70%    35-55                     0               90          N                2222.0                   4.0                 555.500000                1197.0                   2.0                      598.5  test
2452289||BBB||2013J     2452289         BBB             2013J      0        38            38                                      0      F    South East Region    Lower Than A Level   70-80%    35-55                     0               60          N                 111.0                   4.0                  27.750000                  63.0                   2.0                       31.5  test
1939695||BBB||2013J     1939695         BBB             2013J      0        38            38                                      0      F             Scotland    Lower Than A Level   30-40%    35-55                     2               60          Y                 107.0                   3.0                  35.666667                  46.0                   1.0                       46.0 train
 542296||BBB||2013J      542296         BBB             2013J      0        38            38                                      0      F                Wales    Lower Than A Level   30-40%    35-55                     1               60          N                 189.0                   4.0                  47.250000                  64.0                   2.0                       32.0  test
 544122||BBB||2013J      544122         BBB             2013J      0        38            38                                      0      F                Wales A Level or Equivalent  90-100%     0-35                     0               60          N                 111.0                   4.0                  27.750000                  25.0                   2.0                       12.5 train
 530487||BBB||2013J      530487         BBB             2013J      0        38            38                                      0      F        London Region      HE Qualification   40-50%     0-35                     0               60          N                 366.0                   4.0                  91.500000                 179.0                   2.0                       89.5 train
 540249||BBB||2013J      540249         BBB             2013J      0        38            38                                      0      M  East Anglian Region A Level or Equivalent    0-10%    35-55                     0              120          N                 119.0                   4.0                  29.750000                  91.0                   2.0                       45.5  test
 534133||BBB||2013J      534133         BBB             2013J      0        38            38                                      0      F     Yorkshire Region    Lower Than A Level    0-10%     0-35                     0               60          N                  90.0                   2.0                  45.000000                   0.0                   0.0                        0.0 train
 556427||BBB||2013J      556427         BBB             2013J      1        34            34                                      0      F East Midlands Region A Level or Equivalent   20-30%     0-35                     0               60          N                  14.0                   2.0                   7.000000                   7.0                   1.0                        7.0 train
 526177||BBB||2013J      526177         BBB             2013J      0        38            38                                      0      F             Scotland    Lower Than A Level   40-50%     0-35                     0               75          N                  24.0                   4.0                   6.000000                   2.0                   2.0                        1.0 train
 535833||BBB||2013J      535833         BBB             2013J      0        38            38                                      0      F    South West Region    Lower Than A Level   20-30%     0-35                     0               60          N                   1.0                   1.0                   1.000000                   0.0                   0.0                        0.0 train
 344568||BBB||2013J      344568         BBB             2013J      0        38            38                                      0      F West Midlands Region    Lower Than A Level   70-80%     0-35                     0               60          N                 109.0                   3.0                  36.333333                  70.0                   1.0                       70.0 train
 233752||BBB||2013J      233752         BBB             2013J      0        38            38                                      0      F North Western Region    Lower Than A Level   60-70%    35-55                     0               60          N                 806.0                   4.0                 201.500000                 307.0                   2.0                      153.5 train
 105883||BBB||2013J      105883         BBB             2013J      0        38            38                                      0      F North Western Region A Level or Equivalent    0-10%    35-55                     0               60          N                 388.0                   4.0                  97.000000                 194.0                   2.0                       97.0 train
 153704||BBB||2013J      153704         BBB             2013J      0        38            38                                      0      F West Midlands Region    Lower Than A Level    0-10%     0-35                     2               60          N                  21.0                   2.0                  10.500000                  18.0                   1.0                       18.0 train
 600771||BBB||2013J      600771         BBB             2013J      0        38            38                                      0      M    South East Region    Lower Than A Level    10-20    35-55                     0               60          N                 186.0                   4.0                  46.500000                  91.0                   2.0                       45.5 train
ARTIFACT | C3 output: enrollment_cox_input_w2_split | duckdb://enrollment_cox_input_w2_split
--- C3 output: enrollment_deepsurv_input_w2_split (enrollment_deepsurv_input_w2_split) ---
      enrollment_id  id_student code_module code_presentation  event  duration  duration_raw  used_zero_week_fallback_for_censoring gender               region     highest_education imd_band age_band  num_of_prev_attempts  studied_credits disability  clicks_first_4_weeks  active_weeks_first_4  mean_clicks_first_4_weeks  clicks_first_2_weeks  active_weeks_first_2  mean_clicks_first_2_weeks split
 382979||BBB||2013J      382979         BBB             2013J      0        38            38                                      0      F         South Region A Level or Equivalent   80-90%    35-55                     0               90          N                 394.0                   4.0                  98.500000                 188.0                   2.0                       94.0 train
 511678||BBB||2013J      511678         BBB             2013J      0        38            38                                      0      F         South Region A Level or Equivalent   20-30%     0-35                     0              120          N                1695.0                   4.0                 423.750000                 589.0                   2.0                      294.5  test
 522894||BBB||2013J      522894         BBB             2013J      0        38            38                                      0      F             Scotland      HE Qualification   30-40%    35-55                     0              120          N                 275.0                   4.0                  68.750000                 108.0                   2.0                       54.0 train
 514864||BBB||2013J      514864         BBB             2013J      0        38            38                                      0      F West Midlands Region    Lower Than A Level    10-20     0-35                     0               60          N                 177.0                   4.0                  44.250000                  70.0                   2.0                       35.0 train
2463213||BBB||2013J     2463213         BBB             2013J      0        38            38                                      0      F  East Anglian Region    Lower Than A Level   60-70%    35-55                     0               90          N                2222.0                   4.0                 555.500000                1197.0                   2.0                      598.5  test
2452289||BBB||2013J     2452289         BBB             2013J      0        38            38                                      0      F    South East Region    Lower Than A Level   70-80%    35-55                     0               60          N                 111.0                   4.0                  27.750000                  63.0                   2.0                       31.5  test
1939695||BBB||2013J     1939695         BBB             2013J      0        38            38                                      0      F             Scotland    Lower Than A Level   30-40%    35-55                     2               60          Y                 107.0                   3.0                  35.666667                  46.0                   1.0                       46.0 train
 542296||BBB||2013J      542296         BBB             2013J      0        38            38                                      0      F                Wales    Lower Than A Level   30-40%    35-55                     1               60          N                 189.0                   4.0                  47.250000                  64.0                   2.0                       32.0  test
 544122||BBB||2013J      544122         BBB             2013J      0        38            38                                      0      F                Wales A Level or Equivalent  90-100%     0-35                     0               60          N                 111.0                   4.0                  27.750000                  25.0                   2.0                       12.5 train
 530487||BBB||2013J      530487         BBB             2013J      0        38            38                                      0      F        London Region      HE Qualification   40-50%     0-35                     0               60          N                 366.0                   4.0                  91.500000                 179.0                   2.0                       89.5 train
 540249||BBB||2013J      540249         BBB             2013J      0        38            38                                      0      M  East Anglian Region A Level or Equivalent    0-10%    35-55                     0              120          N                 119.0                   4.0                  29.750000                  91.0                   2.0                       45.5  test
 534133||BBB||2013J      534133         BBB             2013J      0        38            38                                      0      F     Yorkshire Region    Lower Than A Level    0-10%     0-35                     0               60          N                  90.0                   2.0                  45.000000                   0.0                   0.0                        0.0 train
 556427||BBB||2013J      556427         BBB             2013J      1        34            34                                      0      F East Midlands Region A Level or Equivalent   20-30%     0-35                     0               60          N                  14.0                   2.0                   7.000000                   7.0                   1.0                        7.0 train
 526177||BBB||2013J      526177         BBB             2013J      0        38            38                                      0      F             Scotland    Lower Than A Level   40-50%     0-35                     0               75          N                  24.0                   4.0                   6.000000                   2.0                   2.0                        1.0 train
 535833||BBB||2013J      535833         BBB             2013J      0        38            38                                      0      F    South West Region    Lower Than A Level   20-30%     0-35                     0               60          N                   1.0                   1.0                   1.000000                   0.0                   0.0                        0.0 train
 344568||BBB||2013J      344568         BBB             2013J      0        38            38                                      0      F West Midlands Region    Lower Than A Level   70-80%     0-35                     0               60          N                 109.0                   3.0                  36.333333                  70.0                   1.0                       70.0 train
 233752||BBB||2013J      233752         BBB             2013J      0        38            38                                      0      F North Western Region    Lower Than A Level   60-70%    35-55                     0               60          N                 806.0                   4.0                 201.500000                 307.0                   2.0                      153.5 train
 105883||BBB||2013J      105883         BBB             2013J      0        38            38                                      0      F North Western Region A Level or Equivalent    0-10%    35-55                     0               60          N                 388.0                   4.0                  97.000000                 194.0                   2.0                       97.0 train
 153704||BBB||2013J      153704         BBB             2013J      0        38            38                                      0      F West Midlands Region    Lower Than A Level    0-10%     0-35                     2               60          N                  21.0                   2.0                  10.500000                  18.0                   1.0                       18.0 train
 600771||BBB||2013J      600771         BBB             2013J      0        38            38                                      0      M    South East Region    Lower Than A Level    10-20    35-55                     0               60          N                 186.0                   4.0                  46.500000                  91.0                   2.0                       45.5 train
ARTIFACT | C3 output: enrollment_deepsurv_input_w2_split | duckdb://enrollment_deepsurv_input_w2_split
--- C3 output: enrollment_cox_input_w4_split (enrollment_cox_input_w4_split) ---
      enrollment_id  id_student code_module code_presentation  event  duration  duration_raw  used_zero_week_fallback_for_censoring gender               region     highest_education imd_band age_band  num_of_prev_attempts  studied_credits disability  clicks_first_4_weeks  active_weeks_first_4  mean_clicks_first_4_weeks split
 382979||BBB||2013J      382979         BBB             2013J      0        38            38                                      0      F         South Region A Level or Equivalent   80-90%    35-55                     0               90          N                 394.0                   4.0                  98.500000 train
 511678||BBB||2013J      511678         BBB             2013J      0        38            38                                      0      F         South Region A Level or Equivalent   20-30%     0-35                     0              120          N                1695.0                   4.0                 423.750000  test
 522894||BBB||2013J      522894         BBB             2013J      0        38            38                                      0      F             Scotland      HE Qualification   30-40%    35-55                     0              120          N                 275.0                   4.0                  68.750000 train
 514864||BBB||2013J      514864         BBB             2013J      0        38            38                                      0      F West Midlands Region    Lower Than A Level    10-20     0-35                     0               60          N                 177.0                   4.0                  44.250000 train
2463213||BBB||2013J     2463213         BBB             2013J      0        38            38                                      0      F  East Anglian Region    Lower Than A Level   60-70%    35-55                     0               90          N                2222.0                   4.0                 555.500000  test
2452289||BBB||2013J     2452289         BBB             2013J      0        38            38                                      0      F    South East Region    Lower Than A Level   70-80%    35-55                     0               60          N                 111.0                   4.0                  27.750000  test
1939695||BBB||2013J     1939695         BBB             2013J      0        38            38                                      0      F             Scotland    Lower Than A Level   30-40%    35-55                     2               60          Y                 107.0                   3.0                  35.666667 train
 542296||BBB||2013J      542296         BBB             2013J      0        38            38                                      0      F                Wales    Lower Than A Level   30-40%    35-55                     1               60          N                 189.0                   4.0                  47.250000  test
 544122||BBB||2013J      544122         BBB             2013J      0        38            38                                      0      F                Wales A Level or Equivalent  90-100%     0-35                     0               60          N                 111.0                   4.0                  27.750000 train
 530487||BBB||2013J      530487         BBB             2013J      0        38            38                                      0      F        London Region      HE Qualification   40-50%     0-35                     0               60          N                 366.0                   4.0                  91.500000 train
 540249||BBB||2013J      540249         BBB             2013J      0        38            38                                      0      M  East Anglian Region A Level or Equivalent    0-10%    35-55                     0              120          N                 119.0                   4.0                  29.750000  test
 534133||BBB||2013J      534133         BBB             2013J      0        38            38                                      0      F     Yorkshire Region    Lower Than A Level    0-10%     0-35                     0               60          N                  90.0                   2.0                  45.000000 train
 556427||BBB||2013J      556427         BBB             2013J      1        34            34                                      0      F East Midlands Region A Level or Equivalent   20-30%     0-35                     0               60          N                  14.0                   2.0                   7.000000 train
 526177||BBB||2013J      526177         BBB             2013J      0        38            38                                      0      F             Scotland    Lower Than A Level   40-50%     0-35                     0               75          N                  24.0                   4.0                   6.000000 train
 535833||BBB||2013J      535833         BBB             2013J      0        38            38                                      0      F    South West Region    Lower Than A Level   20-30%     0-35                     0               60          N                   1.0                   1.0                   1.000000 train
 344568||BBB||2013J      344568         BBB             2013J      0        38            38                                      0      F West Midlands Region    Lower Than A Level   70-80%     0-35                     0               60          N                 109.0                   3.0                  36.333333 train
 233752||BBB||2013J      233752         BBB             2013J      0        38            38                                      0      F North Western Region    Lower Than A Level   60-70%    35-55                     0               60          N                 806.0                   4.0                 201.500000 train
 105883||BBB||2013J      105883         BBB             2013J      0        38            38                                      0      F North Western Region A Level or Equivalent    0-10%    35-55                     0               60          N                 388.0                   4.0                  97.000000 train
 153704||BBB||2013J      153704         BBB             2013J      0        38            38                                      0      F West Midlands Region    Lower Than A Level    0-10%     0-35                     2               60          N                  21.0                   2.0                  10.500000 train
 600771||BBB||2013J      600771         BBB             2013J      0        38            38                                      0      M    South East Region    Lower Than A Level    10-20    35-55                     0               60          N                 186.0                   4.0                  46.500000 train
ARTIFACT | C3 output: enrollment_cox_input_w4_split | duckdb://enrollment_cox_input_w4_split
--- C3 output: enrollment_deepsurv_input_w4_split (enrollment_deepsurv_input_w4_split) ---
      enrollment_id  id_student code_module code_presentation  event  duration  duration_raw  used_zero_week_fallback_for_censoring gender               region     highest_education imd_band age_band  num_of_prev_attempts  studied_credits disability  clicks_first_4_weeks  active_weeks_first_4  mean_clicks_first_4_weeks split
 382979||BBB||2013J      382979         BBB             2013J      0        38            38                                      0      F         South Region A Level or Equivalent   80-90%    35-55                     0               90          N                 394.0                   4.0                  98.500000 train
 511678||BBB||2013J      511678         BBB             2013J      0        38            38                                      0      F         South Region A Level or Equivalent   20-30%     0-35                     0              120          N                1695.0                   4.0                 423.750000  test
 522894||BBB||2013J      522894         BBB             2013J      0        38            38                                      0      F             Scotland      HE Qualification   30-40%    35-55                     0              120          N                 275.0                   4.0                  68.750000 train
 514864||BBB||2013J      514864         BBB             2013J      0        38            38                                      0      F West Midlands Region    Lower Than A Level    10-20     0-35                     0               60          N                 177.0                   4.0                  44.250000 train
2463213||BBB||2013J     2463213         BBB             2013J      0        38            38                                      0      F  East Anglian Region    Lower Than A Level   60-70%    35-55                     0               90          N                2222.0                   4.0                 555.500000  test
2452289||BBB||2013J     2452289         BBB             2013J      0        38            38                                      0      F    South East Region    Lower Than A Level   70-80%    35-55                     0               60          N                 111.0                   4.0                  27.750000  test
1939695||BBB||2013J     1939695         BBB             2013J      0        38            38                                      0      F             Scotland    Lower Than A Level   30-40%    35-55                     2               60          Y                 107.0                   3.0                  35.666667 train
 542296||BBB||2013J      542296         BBB             2013J      0        38            38                                      0      F                Wales    Lower Than A Level   30-40%    35-55                     1               60          N                 189.0                   4.0                  47.250000  test
 544122||BBB||2013J      544122         BBB             2013J      0        38            38                                      0      F                Wales A Level or Equivalent  90-100%     0-35                     0               60          N                 111.0                   4.0                  27.750000 train
 530487||BBB||2013J      530487         BBB             2013J      0        38            38                                      0      F        London Region      HE Qualification   40-50%     0-35                     0               60          N                 366.0                   4.0                  91.500000 train
 540249||BBB||2013J      540249         BBB             2013J      0        38            38                                      0      M  East Anglian Region A Level or Equivalent    0-10%    35-55                     0              120          N                 119.0                   4.0                  29.750000  test
 534133||BBB||2013J      534133         BBB             2013J      0        38            38                                      0      F     Yorkshire Region    Lower Than A Level    0-10%     0-35                     0               60          N                  90.0                   2.0                  45.000000 train
 556427||BBB||2013J      556427         BBB             2013J      1        34            34                                      0      F East Midlands Region A Level or Equivalent   20-30%     0-35                     0               60          N                  14.0                   2.0                   7.000000 train
 526177||BBB||2013J      526177         BBB             2013J      0        38            38                                      0      F             Scotland    Lower Than A Level   40-50%     0-35                     0               75          N                  24.0                   4.0                   6.000000 train
 535833||BBB||2013J      535833         BBB             2013J      0        38            38                                      0      F    South West Region    Lower Than A Level   20-30%     0-35                     0               60          N                   1.0                   1.0                   1.000000 train
 344568||BBB||2013J      344568         BBB             2013J      0        38            38                                      0      F West Midlands Region    Lower Than A Level   70-80%     0-35                     0               60          N                 109.0                   3.0                  36.333333 train
 233752||BBB||2013J      233752         BBB             2013J      0        38            38                                      0      F North Western Region    Lower Than A Level   60-70%    35-55                     0               60          N                 806.0                   4.0                 201.500000 train
 105883||BBB||2013J      105883         BBB             2013J      0        38            38                                      0      F North Western Region A Level or Equivalent    0-10%    35-55                     0               60          N                 388.0                   4.0                  97.000000 train
 153704||BBB||2013J      153704         BBB             2013J      0        38            38                                      0      F West Midlands Region    Lower Than A Level    0-10%     0-35                     2               60          N                  21.0                   2.0                  10.500000 train
 600771||BBB||2013J      600771         BBB             2013J      0        38            38                                      0      M    South East Region    Lower Than A Level    10-20    35-55                     0               60          N                 186.0                   4.0                  46.500000 train
ARTIFACT | C3 output: enrollment_deepsurv_input_w4_split | duckdb://enrollment_deepsurv_input_w4_split
--- C3 output: enrollment_cox_input_w6_split (enrollment_cox_input_w6_split) ---
      enrollment_id  id_student code_module code_presentation  event  duration  duration_raw  used_zero_week_fallback_for_censoring gender               region     highest_education imd_band age_band  num_of_prev_attempts  studied_credits disability  clicks_first_4_weeks  active_weeks_first_4  mean_clicks_first_4_weeks  clicks_first_6_weeks  active_weeks_first_6  mean_clicks_first_6_weeks split
 382979||BBB||2013J      382979         BBB             2013J      0        38            38                                      0      F         South Region A Level or Equivalent   80-90%    35-55                     0               90          N                 394.0                   4.0                  98.500000                 590.0                   6.0                  98.333333 train
 511678||BBB||2013J      511678         BBB             2013J      0        38            38                                      0      F         South Region A Level or Equivalent   20-30%     0-35                     0              120          N                1695.0                   4.0                 423.750000                3509.0                   6.0                 584.833333  test
 522894||BBB||2013J      522894         BBB             2013J      0        38            38                                      0      F             Scotland      HE Qualification   30-40%    35-55                     0              120          N                 275.0                   4.0                  68.750000                 425.0                   6.0                  70.833333 train
 514864||BBB||2013J      514864         BBB             2013J      0        38            38                                      0      F West Midlands Region    Lower Than A Level    10-20     0-35                     0               60          N                 177.0                   4.0                  44.250000                 229.0                   6.0                  38.166667 train
2463213||BBB||2013J     2463213         BBB             2013J      0        38            38                                      0      F  East Anglian Region    Lower Than A Level   60-70%    35-55                     0               90          N                2222.0                   4.0                 555.500000                2543.0                   6.0                 423.833333  test
2452289||BBB||2013J     2452289         BBB             2013J      0        38            38                                      0      F    South East Region    Lower Than A Level   70-80%    35-55                     0               60          N                 111.0                   4.0                  27.750000                 167.0                   6.0                  27.833333  test
1939695||BBB||2013J     1939695         BBB             2013J      0        38            38                                      0      F             Scotland    Lower Than A Level   30-40%    35-55                     2               60          Y                 107.0                   3.0                  35.666667                 161.0                   5.0                  32.200000 train
 542296||BBB||2013J      542296         BBB             2013J      0        38            38                                      0      F                Wales    Lower Than A Level   30-40%    35-55                     1               60          N                 189.0                   4.0                  47.250000                 278.0                   6.0                  46.333333  test
 544122||BBB||2013J      544122         BBB             2013J      0        38            38                                      0      F                Wales A Level or Equivalent  90-100%     0-35                     0               60          N                 111.0                   4.0                  27.750000                 189.0                   6.0                  31.500000 train
 530487||BBB||2013J      530487         BBB             2013J      0        38            38                                      0      F        London Region      HE Qualification   40-50%     0-35                     0               60          N                 366.0                   4.0                  91.500000                 450.0                   6.0                  75.000000 train
 540249||BBB||2013J      540249         BBB             2013J      0        38            38                                      0      M  East Anglian Region A Level or Equivalent    0-10%    35-55                     0              120          N                 119.0                   4.0                  29.750000                 122.0                   5.0                  24.400000  test
 534133||BBB||2013J      534133         BBB             2013J      0        38            38                                      0      F     Yorkshire Region    Lower Than A Level    0-10%     0-35                     0               60          N                  90.0                   2.0                  45.000000                 191.0                   4.0                  47.750000 train
 556427||BBB||2013J      556427         BBB             2013J      1        34            34                                      0      F East Midlands Region A Level or Equivalent   20-30%     0-35                     0               60          N                  14.0                   2.0                   7.000000                  44.0                   3.0                  14.666667 train
 526177||BBB||2013J      526177         BBB             2013J      0        38            38                                      0      F             Scotland    Lower Than A Level   40-50%     0-35                     0               75          N                  24.0                   4.0                   6.000000                  35.0                   6.0                   5.833333 train
 535833||BBB||2013J      535833         BBB             2013J      0        38            38                                      0      F    South West Region    Lower Than A Level   20-30%     0-35                     0               60          N                   1.0                   1.0                   1.000000                   1.0                   1.0                   1.000000 train
 344568||BBB||2013J      344568         BBB             2013J      0        38            38                                      0      F West Midlands Region    Lower Than A Level   70-80%     0-35                     0               60          N                 109.0                   3.0                  36.333333                 210.0                   5.0                  42.000000 train
 233752||BBB||2013J      233752         BBB             2013J      0        38            38                                      0      F North Western Region    Lower Than A Level   60-70%    35-55                     0               60          N                 806.0                   4.0                 201.500000                1234.0                   6.0                 205.666667 train
 105883||BBB||2013J      105883         BBB             2013J      0        38            38                                      0      F North Western Region A Level or Equivalent    0-10%    35-55                     0               60          N                 388.0                   4.0                  97.000000                 844.0                   6.0                 140.666667 train
 153704||BBB||2013J      153704         BBB             2013J      0        38            38                                      0      F West Midlands Region    Lower Than A Level    0-10%     0-35                     2               60          N                  21.0                   2.0                  10.500000                  31.0                   4.0                   7.750000 train
 600771||BBB||2013J      600771         BBB             2013J      0        38            38                                      0      M    South East Region    Lower Than A Level    10-20    35-55                     0               60          N                 186.0                   4.0                  46.500000                 235.0                   6.0                  39.166667 train
ARTIFACT | C3 output: enrollment_cox_input_w6_split | duckdb://enrollment_cox_input_w6_split
--- C3 output: enrollment_deepsurv_input_w6_split (enrollment_deepsurv_input_w6_split) ---
      enrollment_id  id_student code_module code_presentation  event  duration  duration_raw  used_zero_week_fallback_for_censoring gender               region     highest_education imd_band age_band  num_of_prev_attempts  studied_credits disability  clicks_first_4_weeks  active_weeks_first_4  mean_clicks_first_4_weeks  clicks_first_6_weeks  active_weeks_first_6  mean_clicks_first_6_weeks split
 382979||BBB||2013J      382979         BBB             2013J      0        38            38                                      0      F         South Region A Level or Equivalent   80-90%    35-55                     0               90          N                 394.0                   4.0                  98.500000                 590.0                   6.0                  98.333333 train
 511678||BBB||2013J      511678         BBB             2013J      0        38            38                                      0      F         South Region A Level or Equivalent   20-30%     0-35                     0              120          N                1695.0                   4.0                 423.750000                3509.0                   6.0                 584.833333  test
 522894||BBB||2013J      522894         BBB             2013J      0        38            38                                      0      F             Scotland      HE Qualification   30-40%    35-55                     0              120          N                 275.0                   4.0                  68.750000                 425.0                   6.0                  70.833333 train
 514864||BBB||2013J      514864         BBB             2013J      0        38            38                                      0      F West Midlands Region    Lower Than A Level    10-20     0-35                     0               60          N                 177.0                   4.0                  44.250000                 229.0                   6.0                  38.166667 train
2463213||BBB||2013J     2463213         BBB             2013J      0        38            38                                      0      F  East Anglian Region    Lower Than A Level   60-70%    35-55                     0               90          N                2222.0                   4.0                 555.500000                2543.0                   6.0                 423.833333  test
2452289||BBB||2013J     2452289         BBB             2013J      0        38            38                                      0      F    South East Region    Lower Than A Level   70-80%    35-55                     0               60          N                 111.0                   4.0                  27.750000                 167.0                   6.0                  27.833333  test
1939695||BBB||2013J     1939695         BBB             2013J      0        38            38                                      0      F             Scotland    Lower Than A Level   30-40%    35-55                     2               60          Y                 107.0                   3.0                  35.666667                 161.0                   5.0                  32.200000 train
 542296||BBB||2013J      542296         BBB             2013J      0        38            38                                      0      F                Wales    Lower Than A Level   30-40%    35-55                     1               60          N                 189.0                   4.0                  47.250000                 278.0                   6.0                  46.333333  test
 544122||BBB||2013J      544122         BBB             2013J      0        38            38                                      0      F                Wales A Level or Equivalent  90-100%     0-35                     0               60          N                 111.0                   4.0                  27.750000                 189.0                   6.0                  31.500000 train
 530487||BBB||2013J      530487         BBB             2013J      0        38            38                                      0      F        London Region      HE Qualification   40-50%     0-35                     0               60          N                 366.0                   4.0                  91.500000                 450.0                   6.0                  75.000000 train
 540249||BBB||2013J      540249         BBB             2013J      0        38            38                                      0      M  East Anglian Region A Level or Equivalent    0-10%    35-55                     0              120          N                 119.0                   4.0                  29.750000                 122.0                   5.0                  24.400000  test
 534133||BBB||2013J      534133         BBB             2013J      0        38            38                                      0      F     Yorkshire Region    Lower Than A Level    0-10%     0-35                     0               60          N                  90.0                   2.0                  45.000000                 191.0                   4.0                  47.750000 train
 556427||BBB||2013J      556427         BBB             2013J      1        34            34                                      0      F East Midlands Region A Level or Equivalent   20-30%     0-35                     0               60          N                  14.0                   2.0                   7.000000                  44.0                   3.0                  14.666667 train
 526177||BBB||2013J      526177         BBB             2013J      0        38            38                                      0      F             Scotland    Lower Than A Level   40-50%     0-35                     0               75          N                  24.0                   4.0                   6.000000                  35.0                   6.0                   5.833333 train
 535833||BBB||2013J      535833         BBB             2013J      0        38            38                                      0      F    South West Region    Lower Than A Level   20-30%     0-35                     0               60          N                   1.0                   1.0                   1.000000                   1.0                   1.0                   1.000000 train
 344568||BBB||2013J      344568         BBB             2013J      0        38            38                                      0      F West Midlands Region    Lower Than A Level   70-80%     0-35                     0               60          N                 109.0                   3.0                  36.333333                 210.0                   5.0                  42.000000 train
 233752||BBB||2013J      233752         BBB             2013J      0        38            38                                      0      F North Western Region    Lower Than A Level   60-70%    35-55                     0               60          N                 806.0                   4.0                 201.500000                1234.0                   6.0                 205.666667 train
 105883||BBB||2013J      105883         BBB             2013J      0        38            38                                      0      F North Western Region A Level or Equivalent    0-10%    35-55                     0               60          N                 388.0                   4.0                  97.000000                 844.0                   6.0                 140.666667 train
 153704||BBB||2013J      153704         BBB             2013J      0        38            38                                      0      F West Midlands Region    Lower Than A Level    0-10%     0-35                     2               60          N                  21.0                   2.0                  10.500000                  31.0                   4.0                   7.750000 train
 600771||BBB||2013J      600771         BBB             2013J      0        38            38                                      0      M    South East Region    Lower Than A Level    10-20    35-55                     0               60          N                 186.0                   4.0                  46.500000                 235.0                   6.0                  39.166667 train
ARTIFACT | C3 output: enrollment_deepsurv_input_w6_split | duckdb://enrollment_deepsurv_input_w6_split
--- C3 output: enrollment_cox_input_w8_split (enrollment_cox_input_w8_split) ---
      enrollment_id  id_student code_module code_presentation  event  duration  duration_raw  used_zero_week_fallback_for_censoring gender               region     highest_education imd_band age_band  num_of_prev_attempts  studied_credits disability  clicks_first_4_weeks  active_weeks_first_4  mean_clicks_first_4_weeks  clicks_first_8_weeks  active_weeks_first_8  mean_clicks_first_8_weeks split
 382979||BBB||2013J      382979         BBB             2013J      0        38            38                                      0      F         South Region A Level or Equivalent   80-90%    35-55                     0               90          N                 394.0                   4.0                  98.500000                 659.0                   8.0                  82.375000 train
 511678||BBB||2013J      511678         BBB             2013J      0        38            38                                      0      F         South Region A Level or Equivalent   20-30%     0-35                     0              120          N                1695.0                   4.0                 423.750000                4968.0                   8.0                 621.000000  test
 522894||BBB||2013J      522894         BBB             2013J      0        38            38                                      0      F             Scotland      HE Qualification   30-40%    35-55                     0              120          N                 275.0                   4.0                  68.750000                 530.0                   8.0                  66.250000 train
 514864||BBB||2013J      514864         BBB             2013J      0        38            38                                      0      F West Midlands Region    Lower Than A Level    10-20     0-35                     0               60          N                 177.0                   4.0                  44.250000                 359.0                   8.0                  44.875000 train
2463213||BBB||2013J     2463213         BBB             2013J      0        38            38                                      0      F  East Anglian Region    Lower Than A Level   60-70%    35-55                     0               90          N                2222.0                   4.0                 555.500000                3126.0                   8.0                 390.750000  test
2452289||BBB||2013J     2452289         BBB             2013J      0        38            38                                      0      F    South East Region    Lower Than A Level   70-80%    35-55                     0               60          N                 111.0                   4.0                  27.750000                 249.0                   8.0                  31.125000  test
1939695||BBB||2013J     1939695         BBB             2013J      0        38            38                                      0      F             Scotland    Lower Than A Level   30-40%    35-55                     2               60          Y                 107.0                   3.0                  35.666667                 272.0                   7.0                  38.857143 train
 542296||BBB||2013J      542296         BBB             2013J      0        38            38                                      0      F                Wales    Lower Than A Level   30-40%    35-55                     1               60          N                 189.0                   4.0                  47.250000                 383.0                   8.0                  47.875000  test
 544122||BBB||2013J      544122         BBB             2013J      0        38            38                                      0      F                Wales A Level or Equivalent  90-100%     0-35                     0               60          N                 111.0                   4.0                  27.750000                 259.0                   8.0                  32.375000 train
 530487||BBB||2013J      530487         BBB             2013J      0        38            38                                      0      F        London Region      HE Qualification   40-50%     0-35                     0               60          N                 366.0                   4.0                  91.500000                 618.0                   8.0                  77.250000 train
 540249||BBB||2013J      540249         BBB             2013J      0        38            38                                      0      M  East Anglian Region A Level or Equivalent    0-10%    35-55                     0              120          N                 119.0                   4.0                  29.750000                 145.0                   6.0                  24.166667  test
 534133||BBB||2013J      534133         BBB             2013J      0        38            38                                      0      F     Yorkshire Region    Lower Than A Level    0-10%     0-35                     0               60          N                  90.0                   2.0                  45.000000                 203.0                   5.0                  40.600000 train
 556427||BBB||2013J      556427         BBB             2013J      1        34            34                                      0      F East Midlands Region A Level or Equivalent   20-30%     0-35                     0               60          N                  14.0                   2.0                   7.000000                  84.0                   5.0                  16.800000 train
 526177||BBB||2013J      526177         BBB             2013J      0        38            38                                      0      F             Scotland    Lower Than A Level   40-50%     0-35                     0               75          N                  24.0                   4.0                   6.000000                  81.0                   7.0                  11.571429 train
 535833||BBB||2013J      535833         BBB             2013J      0        38            38                                      0      F    South West Region    Lower Than A Level   20-30%     0-35                     0               60          N                   1.0                   1.0                   1.000000                  28.0                   2.0                  14.000000 train
 344568||BBB||2013J      344568         BBB             2013J      0        38            38                                      0      F West Midlands Region    Lower Than A Level   70-80%     0-35                     0               60          N                 109.0                   3.0                  36.333333                 262.0                   7.0                  37.428571 train
 233752||BBB||2013J      233752         BBB             2013J      0        38            38                                      0      F North Western Region    Lower Than A Level   60-70%    35-55                     0               60          N                 806.0                   4.0                 201.500000                1961.0                   8.0                 245.125000 train
 105883||BBB||2013J      105883         BBB             2013J      0        38            38                                      0      F North Western Region A Level or Equivalent    0-10%    35-55                     0               60          N                 388.0                   4.0                  97.000000                1435.0                   8.0                 179.375000 train
 153704||BBB||2013J      153704         BBB             2013J      0        38            38                                      0      F West Midlands Region    Lower Than A Level    0-10%     0-35                     2               60          N                  21.0                   2.0                  10.500000                  31.0                   4.0                   7.750000 train
 600771||BBB||2013J      600771         BBB             2013J      0        38            38                                      0      M    South East Region    Lower Than A Level    10-20    35-55                     0               60          N                 186.0                   4.0                  46.500000                 292.0                   8.0                  36.500000 train
ARTIFACT | C3 output: enrollment_cox_input_w8_split | duckdb://enrollment_cox_input_w8_split
--- C3 output: enrollment_deepsurv_input_w8_split (enrollment_deepsurv_input_w8_split) ---
      enrollment_id  id_student code_module code_presentation  event  duration  duration_raw  used_zero_week_fallback_for_censoring gender               region     highest_education imd_band age_band  num_of_prev_attempts  studied_credits disability  clicks_first_4_weeks  active_weeks_first_4  mean_clicks_first_4_weeks  clicks_first_8_weeks  active_weeks_first_8  mean_clicks_first_8_weeks split
 382979||BBB||2013J      382979         BBB             2013J      0        38            38                                      0      F         South Region A Level or Equivalent   80-90%    35-55                     0               90          N                 394.0                   4.0                  98.500000                 659.0                   8.0                  82.375000 train
 511678||BBB||2013J      511678         BBB             2013J      0        38            38                                      0      F         South Region A Level or Equivalent   20-30%     0-35                     0              120          N                1695.0                   4.0                 423.750000                4968.0                   8.0                 621.000000  test
 522894||BBB||2013J      522894         BBB             2013J      0        38            38                                      0      F             Scotland      HE Qualification   30-40%    35-55                     0              120          N                 275.0                   4.0                  68.750000                 530.0                   8.0                  66.250000 train
 514864||BBB||2013J      514864         BBB             2013J      0        38            38                                      0      F West Midlands Region    Lower Than A Level    10-20     0-35                     0               60          N                 177.0                   4.0                  44.250000                 359.0                   8.0                  44.875000 train
2463213||BBB||2013J     2463213         BBB             2013J      0        38            38                                      0      F  East Anglian Region    Lower Than A Level   60-70%    35-55                     0               90          N                2222.0                   4.0                 555.500000                3126.0                   8.0                 390.750000  test
2452289||BBB||2013J     2452289         BBB             2013J      0        38            38                                      0      F    South East Region    Lower Than A Level   70-80%    35-55                     0               60          N                 111.0                   4.0                  27.750000                 249.0                   8.0                  31.125000  test
1939695||BBB||2013J     1939695         BBB             2013J      0        38            38                                      0      F             Scotland    Lower Than A Level   30-40%    35-55                     2               60          Y                 107.0                   3.0                  35.666667                 272.0                   7.0                  38.857143 train
 542296||BBB||2013J      542296         BBB             2013J      0        38            38                                      0      F                Wales    Lower Than A Level   30-40%    35-55                     1               60          N                 189.0                   4.0                  47.250000                 383.0                   8.0                  47.875000  test
 544122||BBB||2013J      544122         BBB             2013J      0        38            38                                      0      F                Wales A Level or Equivalent  90-100%     0-35                     0               60          N                 111.0                   4.0                  27.750000                 259.0                   8.0                  32.375000 train
 530487||BBB||2013J      530487         BBB             2013J      0        38            38                                      0      F        London Region      HE Qualification   40-50%     0-35                     0               60          N                 366.0                   4.0                  91.500000                 618.0                   8.0                  77.250000 train
 540249||BBB||2013J      540249         BBB             2013J      0        38            38                                      0      M  East Anglian Region A Level or Equivalent    0-10%    35-55                     0              120          N                 119.0                   4.0                  29.750000                 145.0                   6.0                  24.166667  test
 534133||BBB||2013J      534133         BBB             2013J      0        38            38                                      0      F     Yorkshire Region    Lower Than A Level    0-10%     0-35                     0               60          N                  90.0                   2.0                  45.000000                 203.0                   5.0                  40.600000 train
 556427||BBB||2013J      556427         BBB             2013J      1        34            34                                      0      F East Midlands Region A Level or Equivalent   20-30%     0-35                     0               60          N                  14.0                   2.0                   7.000000                  84.0                   5.0                  16.800000 train
 526177||BBB||2013J      526177         BBB             2013J      0        38            38                                      0      F             Scotland    Lower Than A Level   40-50%     0-35                     0               75          N                  24.0                   4.0                   6.000000                  81.0                   7.0                  11.571429 train
 535833||BBB||2013J      535833         BBB             2013J      0        38            38                                      0      F    South West Region    Lower Than A Level   20-30%     0-35                     0               60          N                   1.0                   1.0                   1.000000                  28.0                   2.0                  14.000000 train
 344568||BBB||2013J      344568         BBB             2013J      0        38            38                                      0      F West Midlands Region    Lower Than A Level   70-80%     0-35                     0               60          N                 109.0                   3.0                  36.333333                 262.0                   7.0                  37.428571 train
 233752||BBB||2013J      233752         BBB             2013J      0        38            38                                      0      F North Western Region    Lower Than A Level   60-70%    35-55                     0               60          N                 806.0                   4.0                 201.500000                1961.0                   8.0                 245.125000 train
 105883||BBB||2013J      105883         BBB             2013J      0        38            38                                      0      F North Western Region A Level or Equivalent    0-10%    35-55                     0               60          N                 388.0                   4.0                  97.000000                1435.0                   8.0                 179.375000 train
 153704||BBB||2013J      153704         BBB             2013J      0        38            38                                      0      F West Midlands Region    Lower Than A Level    0-10%     0-35                     2               60          N                  21.0                   2.0                  10.500000                  31.0                   4.0                   7.750000 train
 600771||BBB||2013J      600771         BBB             2013J      0        38            38                                      0      M    South East Region    Lower Than A Level    10-20    35-55                     0               60          N                 186.0                   4.0                  46.500000                 292.0                   8.0                  36.500000 train
ARTIFACT | C3 output: enrollment_deepsurv_input_w8_split | duckdb://enrollment_deepsurv_input_w8_split
--- C3 output: enrollment_cox_input_w10_split (enrollment_cox_input_w10_split) ---
      enrollment_id  id_student code_module code_presentation  event  duration  duration_raw  used_zero_week_fallback_for_censoring gender               region     highest_education imd_band age_band  num_of_prev_attempts  studied_credits disability  clicks_first_4_weeks  active_weeks_first_4  mean_clicks_first_4_weeks  clicks_first_10_weeks  active_weeks_first_10  mean_clicks_first_10_weeks split
 382979||BBB||2013J      382979         BBB             2013J      0        38            38                                      0      F         South Region A Level or Equivalent   80-90%    35-55                     0               90          N                 394.0                   4.0                  98.500000                  827.0                   10.0                   82.700000 train
 511678||BBB||2013J      511678         BBB             2013J      0        38            38                                      0      F         South Region A Level or Equivalent   20-30%     0-35                     0              120          N                1695.0                   4.0                 423.750000                 5922.0                   10.0                  592.200000  test
 522894||BBB||2013J      522894         BBB             2013J      0        38            38                                      0      F             Scotland      HE Qualification   30-40%    35-55                     0              120          N                 275.0                   4.0                  68.750000                  641.0                   10.0                   64.100000 train
 514864||BBB||2013J      514864         BBB             2013J      0        38            38                                      0      F West Midlands Region    Lower Than A Level    10-20     0-35                     0               60          N                 177.0                   4.0                  44.250000                  424.0                   10.0                   42.400000 train
2463213||BBB||2013J     2463213         BBB             2013J      0        38            38                                      0      F  East Anglian Region    Lower Than A Level   60-70%    35-55                     0               90          N                2222.0                   4.0                 555.500000                 3742.0                   10.0                  374.200000  test
2452289||BBB||2013J     2452289         BBB             2013J      0        38            38                                      0      F    South East Region    Lower Than A Level   70-80%    35-55                     0               60          N                 111.0                   4.0                  27.750000                  267.0                   10.0                   26.700000  test
1939695||BBB||2013J     1939695         BBB             2013J      0        38            38                                      0      F             Scotland    Lower Than A Level   30-40%    35-55                     2               60          Y                 107.0                   3.0                  35.666667                  324.0                    9.0                   36.000000 train
 542296||BBB||2013J      542296         BBB             2013J      0        38            38                                      0      F                Wales    Lower Than A Level   30-40%    35-55                     1               60          N                 189.0                   4.0                  47.250000                  428.0                   10.0                   42.800000  test
 544122||BBB||2013J      544122         BBB             2013J      0        38            38                                      0      F                Wales A Level or Equivalent  90-100%     0-35                     0               60          N                 111.0                   4.0                  27.750000                  291.0                   10.0                   29.100000 train
 530487||BBB||2013J      530487         BBB             2013J      0        38            38                                      0      F        London Region      HE Qualification   40-50%     0-35                     0               60          N                 366.0                   4.0                  91.500000                  683.0                   10.0                   68.300000 train
 540249||BBB||2013J      540249         BBB             2013J      0        38            38                                      0      M  East Anglian Region A Level or Equivalent    0-10%    35-55                     0              120          N                 119.0                   4.0                  29.750000                  207.0                    8.0                   25.875000  test
 534133||BBB||2013J      534133         BBB             2013J      0        38            38                                      0      F     Yorkshire Region    Lower Than A Level    0-10%     0-35                     0               60          N                  90.0                   2.0                  45.000000                  304.0                    7.0                   43.428571 train
 556427||BBB||2013J      556427         BBB             2013J      1        34            34                                      0      F East Midlands Region A Level or Equivalent   20-30%     0-35                     0               60          N                  14.0                   2.0                   7.000000                  100.0                    7.0                   14.285714 train
 526177||BBB||2013J      526177         BBB             2013J      0        38            38                                      0      F             Scotland    Lower Than A Level   40-50%     0-35                     0               75          N                  24.0                   4.0                   6.000000                   83.0                    8.0                   10.375000 train
 535833||BBB||2013J      535833         BBB             2013J      0        38            38                                      0      F    South West Region    Lower Than A Level   20-30%     0-35                     0               60          N                   1.0                   1.0                   1.000000                   50.0                    3.0                   16.666667 train
 344568||BBB||2013J      344568         BBB             2013J      0        38            38                                      0      F West Midlands Region    Lower Than A Level   70-80%     0-35                     0               60          N                 109.0                   3.0                  36.333333                  274.0                    9.0                   30.444444 train
 233752||BBB||2013J      233752         BBB             2013J      0        38            38                                      0      F North Western Region    Lower Than A Level   60-70%    35-55                     0               60          N                 806.0                   4.0                 201.500000                 2641.0                   10.0                  264.100000 train
 105883||BBB||2013J      105883         BBB             2013J      0        38            38                                      0      F North Western Region A Level or Equivalent    0-10%    35-55                     0               60          N                 388.0                   4.0                  97.000000                 1717.0                   10.0                  171.700000 train
 153704||BBB||2013J      153704         BBB             2013J      0        38            38                                      0      F West Midlands Region    Lower Than A Level    0-10%     0-35                     2               60          N                  21.0                   2.0                  10.500000                   40.0                    6.0                    6.666667 train
 600771||BBB||2013J      600771         BBB             2013J      0        38            38                                      0      M    South East Region    Lower Than A Level    10-20    35-55                     0               60          N                 186.0                   4.0                  46.500000                  312.0                   10.0                   31.200000 train
ARTIFACT | C3 output: enrollment_cox_input_w10_split | duckdb://enrollment_cox_input_w10_split
--- C3 output: enrollment_deepsurv_input_w10_split (enrollment_deepsurv_input_w10_split) ---
      enrollment_id  id_student code_module code_presentation  event  duration  duration_raw  used_zero_week_fallback_for_censoring gender               region     highest_education imd_band age_band  num_of_prev_attempts  studied_credits disability  clicks_first_4_weeks  active_weeks_first_4  mean_clicks_first_4_weeks  clicks_first_10_weeks  active_weeks_first_10  mean_clicks_first_10_weeks split
 382979||BBB||2013J      382979         BBB             2013J      0        38            38                                      0      F         South Region A Level or Equivalent   80-90%    35-55                     0               90          N                 394.0                   4.0                  98.500000                  827.0                   10.0                   82.700000 train
 511678||BBB||2013J      511678         BBB             2013J      0        38            38                                      0      F         South Region A Level or Equivalent   20-30%     0-35                     0              120          N                1695.0                   4.0                 423.750000                 5922.0                   10.0                  592.200000  test
 522894||BBB||2013J      522894         BBB             2013J      0        38            38                                      0      F             Scotland      HE Qualification   30-40%    35-55                     0              120          N                 275.0                   4.0                  68.750000                  641.0                   10.0                   64.100000 train
 514864||BBB||2013J      514864         BBB             2013J      0        38            38                                      0      F West Midlands Region    Lower Than A Level    10-20     0-35                     0               60          N                 177.0                   4.0                  44.250000                  424.0                   10.0                   42.400000 train
2463213||BBB||2013J     2463213         BBB             2013J      0        38            38                                      0      F  East Anglian Region    Lower Than A Level   60-70%    35-55                     0               90          N                2222.0                   4.0                 555.500000                 3742.0                   10.0                  374.200000  test
2452289||BBB||2013J     2452289         BBB             2013J      0        38            38                                      0      F    South East Region    Lower Than A Level   70-80%    35-55                     0               60          N                 111.0                   4.0                  27.750000                  267.0                   10.0                   26.700000  test
1939695||BBB||2013J     1939695         BBB             2013J      0        38            38                                      0      F             Scotland    Lower Than A Level   30-40%    35-55                     2               60          Y                 107.0                   3.0                  35.666667                  324.0                    9.0                   36.000000 train
 542296||BBB||2013J      542296         BBB             2013J      0        38            38                                      0      F                Wales    Lower Than A Level   30-40%    35-55                     1               60          N                 189.0                   4.0                  47.250000                  428.0                   10.0                   42.800000  test
 544122||BBB||2013J      544122         BBB             2013J      0        38            38                                      0      F                Wales A Level or Equivalent  90-100%     0-35                     0               60          N                 111.0                   4.0                  27.750000                  291.0                   10.0                   29.100000 train
 530487||BBB||2013J      530487         BBB             2013J      0        38            38                                      0      F        London Region      HE Qualification   40-50%     0-35                     0               60          N                 366.0                   4.0                  91.500000                  683.0                   10.0                   68.300000 train
 540249||BBB||2013J      540249         BBB             2013J      0        38            38                                      0      M  East Anglian Region A Level or Equivalent    0-10%    35-55                     0              120          N                 119.0                   4.0                  29.750000                  207.0                    8.0                   25.875000  test
 534133||BBB||2013J      534133         BBB             2013J      0        38            38                                      0      F     Yorkshire Region    Lower Than A Level    0-10%     0-35                     0               60          N                  90.0                   2.0                  45.000000                  304.0                    7.0                   43.428571 train
 556427||BBB||2013J      556427         BBB             2013J      1        34            34                                      0      F East Midlands Region A Level or Equivalent   20-30%     0-35                     0               60          N                  14.0                   2.0                   7.000000                  100.0                    7.0                   14.285714 train
 526177||BBB||2013J      526177         BBB             2013J      0        38            38                                      0      F             Scotland    Lower Than A Level   40-50%     0-35                     0               75          N                  24.0                   4.0                   6.000000                   83.0                    8.0                   10.375000 train
 535833||BBB||2013J      535833         BBB             2013J      0        38            38                                      0      F    South West Region    Lower Than A Level   20-30%     0-35                     0               60          N                   1.0                   1.0                   1.000000                   50.0                    3.0                   16.666667 train
 344568||BBB||2013J      344568         BBB             2013J      0        38            38                                      0      F West Midlands Region    Lower Than A Level   70-80%     0-35                     0               60          N                 109.0                   3.0                  36.333333                  274.0                    9.0                   30.444444 train
 233752||BBB||2013J      233752         BBB             2013J      0        38            38                                      0      F North Western Region    Lower Than A Level   60-70%    35-55                     0               60          N                 806.0                   4.0                 201.500000                 2641.0                   10.0                  264.100000 train
 105883||BBB||2013J      105883         BBB             2013J      0        38            38                                      0      F North Western Region A Level or Equivalent    0-10%    35-55                     0               60          N                 388.0                   4.0                  97.000000                 1717.0                   10.0                  171.700000 train
 153704||BBB||2013J      153704         BBB             2013J      0        38            38                                      0      F West Midlands Region    Lower Than A Level    0-10%     0-35                     2               60          N                  21.0                   2.0                  10.500000                   40.0                    6.0                    6.666667 train
 600771||BBB||2013J      600771         BBB             2013J      0        38            38                                      0      M    South East Region    Lower Than A Level    10-20    35-55                     0               60          N                 186.0                   4.0                  46.500000                  312.0                   10.0                   31.200000 train
ARTIFACT | C3 output: enrollment_deepsurv_input_w10_split | duckdb://enrollment_deepsurv_input_w10_split
--- C3 output: main split propagation audit (table_c3_split_propagation_audit) ---
                          base_table                                split_table  n_rows_before  n_rows_after  n_distinct_enrollments_before  n_distinct_enrollments_after  n_train_rows  n_test_rows  n_missing_split  row_count_preserved  enrollment_count_preserved  propagation_ok
              pp_linear_hazard_input               pp_linear_hazard_input_split        1027891       1027891                          32593                         32593        719498       308393                0                 True                        True            True
              pp_neural_hazard_input               pp_neural_hazard_input_split        1027891       1027891                          32593                         32593        719498       308393                0                 True                        True            True
     enrollment_cox_input_configured      enrollment_cox_input_configured_split          32593         32593                          32593                         32593         22815         9778                0                 True                        True            True
enrollment_deepsurv_input_configured enrollment_deepsurv_input_configured_split          32593         32593                          32593                         32593         22815         9778                0                 True                        True            True
             enrollment_cox_input_w2              enrollment_cox_input_w2_split          32593         32593                          32593                         32593         22815         9778                0                 True                        True            True
        enrollment_deepsurv_input_w2         enrollment_deepsurv_input_w2_split          32593         32593                          32593                         32593         22815         9778                0                 True                        True            True
             enrollment_cox_input_w4              enrollment_cox_input_w4_split          32593         32593                          32593                         32593         22815         9778                0                 True                        True            True
        enrollment_deepsurv_input_w4         enrollment_deepsurv_input_w4_split          32593         32593                          32593                         32593         22815         9778                0                 True                        True            True
             enrollment_cox_input_w6              enrollment_cox_input_w6_split          32593         32593                          32593                         32593         22815         9778                0                 True                        True            True
        enrollment_deepsurv_input_w6         enrollment_deepsurv_input_w6_split          32593         32593                          32593                         32593         22815         9778                0                 True                        True            True
             enrollment_cox_input_w8              enrollment_cox_input_w8_split          32593         32593                          32593                         32593         22815         9778                0                 True                        True            True
        enrollment_deepsurv_input_w8         enrollment_deepsurv_input_w8_split          32593         32593                          32593                         32593         22815         9778                0                 True                        True            True
            enrollment_cox_input_w10             enrollment_cox_input_w10_split          32593         32593                          32593                         32593         22815         9778                0                 True                        True            True
       enrollment_deepsurv_input_w10        enrollment_deepsurv_input_w10_split          32593         32593                          32593                         32593         22815         9778                0                 True                        True            True
ARTIFACT | C3 output: main split propagation audit | duckdb://table_c3_split_propagation_audit
--- C3 output: pp_linear_hazard_ready_train (pp_linear_hazard_ready_train) ---
   enrollment_id  id_student code_module code_presentation  week  event_t  event_observed  t_event_week  t_final_week  used_zero_week_fallback_for_censoring gender               region     highest_education imd_band age_band  num_of_prev_attempts  studied_credits disability  total_clicks_week  active_this_week  n_vle_rows_week  n_distinct_sites_week  cum_clicks_until_t  recency  streak split
635711|CCC|2014J      635711         CCC             2014J     2        0               0           NaN            38                                      0      M East Midlands Region      HE Qualification  90-100%    35-55                     0               60          N                3.0                 1                2                      2               231.0        0       3 train
635711|CCC|2014J      635711         CCC             2014J     3        0               0           NaN            38                                      0      M East Midlands Region      HE Qualification  90-100%    35-55                     0               60          N               40.0                 1                6                      5               271.0        0       4 train
635711|CCC|2014J      635711         CCC             2014J     4        0               0           NaN            38                                      0      M East Midlands Region      HE Qualification  90-100%    35-55                     0               60          N               55.0                 1               11                      9               326.0        0       5 train
635711|CCC|2014J      635711         CCC             2014J     5        0               0           NaN            38                                      0      M East Midlands Region      HE Qualification  90-100%    35-55                     0               60          N               48.0                 1               11                      8               374.0        0       6 train
635711|CCC|2014J      635711         CCC             2014J     6        0               0           NaN            38                                      0      M East Midlands Region      HE Qualification  90-100%    35-55                     0               60          N                2.0                 1                1                      1               376.0        0       7 train
635711|CCC|2014J      635711         CCC             2014J     7        0               0           NaN            38                                      0      M East Midlands Region      HE Qualification  90-100%    35-55                     0               60          N                2.0                 1                2                      1               378.0        0       8 train
635711|CCC|2014J      635711         CCC             2014J     8        0               0           NaN            38                                      0      M East Midlands Region      HE Qualification  90-100%    35-55                     0               60          N              180.0                 1               21                      7               558.0        0       9 train
635711|CCC|2014J      635711         CCC             2014J     9        0               0           NaN            38                                      0      M East Midlands Region      HE Qualification  90-100%    35-55                     0               60          N              148.0                 1               23                     12               706.0        0      10 train
635711|CCC|2014J      635711         CCC             2014J    10        0               0           NaN            38                                      0      M East Midlands Region      HE Qualification  90-100%    35-55                     0               60          N                6.0                 1                4                      2               712.0        0      11 train
635711|CCC|2014J      635711         CCC             2014J    11        0               0           NaN            38                                      0      M East Midlands Region      HE Qualification  90-100%    35-55                     0               60          N                1.0                 1                1                      1               713.0        0      12 train
635711|CCC|2014J      635711         CCC             2014J    12        0               0           NaN            38                                      0      M East Midlands Region      HE Qualification  90-100%    35-55                     0               60          N                1.0                 1                1                      1               714.0        0      13 train
635711|CCC|2014J      635711         CCC             2014J    13        0               0           NaN            38                                      0      M East Midlands Region      HE Qualification  90-100%    35-55                     0               60          N              129.0                 1               34                     21               843.0        0      14 train
635711|CCC|2014J      635711         CCC             2014J    14        0               0           NaN            38                                      0      M East Midlands Region      HE Qualification  90-100%    35-55                     0               60          N              189.0                 1               27                     10              1032.0        0      15 train
635711|CCC|2014J      635711         CCC             2014J    15        0               0           NaN            38                                      0      M East Midlands Region      HE Qualification  90-100%    35-55                     0               60          N               68.0                 1               13                      8              1100.0        0      16 train
635719|GGG|2014J      635719         GGG             2014J    12        0               0           NaN            38                                      0      F  East Anglian Region A Level or Equivalent   50-60%    35-55                     0               30          N                0.0                 0                0                      0               128.0        2       0 train
635751|FFF|2014J      635751         FFF             2014J    20        0               0           NaN            38                                      0      M        London Region    Lower Than A Level   30-40%     0-35                     0               60          N                0.0                 0                0                      0               506.0        1       0 train
635751|FFF|2014J      635751         FFF             2014J    21        0               0           NaN            38                                      0      M        London Region    Lower Than A Level   30-40%     0-35                     0               60          N               11.0                 1               11                      4               517.0        0       2 train
635761|BBB|2014B      635761         BBB             2014B    16        0               0           NaN            33                                      0      F                Wales    Lower Than A Level    0-10%     0-35                     0               60          N                0.0                 0                0                      0                99.0        1       0 train
635761|BBB|2014B      635761         BBB             2014B    25        0               0           NaN            33                                      0      F                Wales    Lower Than A Level    0-10%     0-35                     0               60          N                0.0                 0                0                      0               122.0        4       0 train
635761|BBB|2014B      635761         BBB             2014B    26        0               0           NaN            33                                      0      F                Wales    Lower Than A Level    0-10%     0-35                     0               60          N               18.0                 1                8                      3               140.0        0       2 train
ARTIFACT | C3 output: pp_linear_hazard_ready_train | duckdb://pp_linear_hazard_ready_train
--- C3 output: pp_linear_hazard_ready_test (pp_linear_hazard_ready_test) ---
   enrollment_id  id_student code_module code_presentation  week  event_t  event_observed  t_event_week  t_final_week  used_zero_week_fallback_for_censoring gender              region     highest_education imd_band age_band  num_of_prev_attempts  studied_credits disability  total_clicks_week  active_this_week  n_vle_rows_week  n_distinct_sites_week  cum_clicks_until_t  recency  streak split
635720|EEE|2014J      635720         EEE             2014J    12        0               0           NaN            38                                      0      M   South West Region A Level or Equivalent   50-60%     0-35                     0               30          N                0.0                 0                0                      0               658.0        2       0  test
635720|EEE|2014J      635720         EEE             2014J    13        0               0           NaN            38                                      0      M   South West Region A Level or Equivalent   50-60%     0-35                     0               30          N               23.0                 1                9                      5               681.0        0       2  test
635720|EEE|2014J      635720         EEE             2014J    14        0               0           NaN            38                                      0      M   South West Region A Level or Equivalent   50-60%     0-35                     0               30          N               28.0                 1                8                      5               709.0        0       3  test
635720|EEE|2014J      635720         EEE             2014J    15        0               0           NaN            38                                      0      M   South West Region A Level or Equivalent   50-60%     0-35                     0               30          N               51.0                 1               12                      5               760.0        0       4  test
635720|EEE|2014J      635720         EEE             2014J    16        0               0           NaN            38                                      0      M   South West Region A Level or Equivalent   50-60%     0-35                     0               30          N               97.0                 1               19                      6               857.0        0       5  test
635720|EEE|2014J      635720         EEE             2014J    17        0               0           NaN            38                                      0      M   South West Region A Level or Equivalent   50-60%     0-35                     0               30          N               68.0                 1               23                      6               925.0        0       6  test
635720|EEE|2014J      635720         EEE             2014J    18        0               0           NaN            38                                      0      M   South West Region A Level or Equivalent   50-60%     0-35                     0               30          N               51.0                 1               15                      7               976.0        0       7  test
635720|EEE|2014J      635720         EEE             2014J    19        0               0           NaN            38                                      0      M   South West Region A Level or Equivalent   50-60%     0-35                     0               30          N               74.0                 1               16                      9              1050.0        0       8  test
635720|EEE|2014J      635720         EEE             2014J    20        0               0           NaN            38                                      0      M   South West Region A Level or Equivalent   50-60%     0-35                     0               30          N               28.0                 1               10                      5              1078.0        0       9  test
635720|EEE|2014J      635720         EEE             2014J    21        0               0           NaN            38                                      0      M   South West Region A Level or Equivalent   50-60%     0-35                     0               30          N               80.0                 1               19                      9              1158.0        0      10  test
635720|EEE|2014J      635720         EEE             2014J    22        0               0           NaN            38                                      0      M   South West Region A Level or Equivalent   50-60%     0-35                     0               30          N              118.0                 1               39                     11              1276.0        0      11  test
635720|EEE|2014J      635720         EEE             2014J    23        0               0           NaN            38                                      0      M   South West Region A Level or Equivalent   50-60%     0-35                     0               30          N              121.0                 1               37                     10              1397.0        0      12  test
635720|EEE|2014J      635720         EEE             2014J    26        0               0           NaN            38                                      0      M   South West Region A Level or Equivalent   50-60%     0-35                     0               30          N                0.0                 0                0                      0              1397.0        3       0  test
635795|FFF|2014J      635795         FFF             2014J     9        0               0           NaN            38                                      0      M            Scotland A Level or Equivalent   30-40%     0-35                     0               60          N                0.0                 0                0                      0              1462.0        1       0  test
635885|GGG|2014B      635885         GGG             2014B    18        0               0           NaN            34                                      0      M        South Region    Lower Than A Level    0-10%     0-35                     0               30          N                0.0                 0                0                      0                25.0        1       0  test
635885|GGG|2014B      635885         GGG             2014B    19        0               0           NaN            34                                      0      M        South Region    Lower Than A Level    0-10%     0-35                     0               30          N                1.0                 1                1                      1                26.0        0       2  test
635885|GGG|2014B      635885         GGG             2014B    27        0               0           NaN            34                                      0      M        South Region    Lower Than A Level    0-10%     0-35                     0               30          N                0.0                 0                0                      0                32.0        4       0  test
635890|BBB|2014J      635890         BBB             2014J    33        0               0           NaN            37                                      0      F            Scotland A Level or Equivalent    0-10%     0-35                     0              120          N                0.0                 0                0                      0              1200.0        3       0  test
635921|BBB|2014J      635921         BBB             2014J     0        0               0           NaN            37                                      0      M East Anglian Region A Level or Equivalent   40-50%     0-35                     0              120          N                0.0                 0                0                      0                 0.0        1       0  test
635921|BBB|2014J      635921         BBB             2014J     1        0               0           NaN            37                                      0      M East Anglian Region A Level or Equivalent   40-50%     0-35                     0              120          N               20.0                 1                9                      6                20.0        0       2  test
ARTIFACT | C3 output: pp_linear_hazard_ready_test | duckdb://pp_linear_hazard_ready_test
--- C3 output: pp_neural_hazard_ready_train (pp_neural_hazard_ready_train) ---
   enrollment_id  id_student code_module code_presentation  week  event_t  event_observed  t_event_week  t_final_week  used_zero_week_fallback_for_censoring gender               region     highest_education imd_band age_band  num_of_prev_attempts  studied_credits disability  total_clicks_week  active_this_week  n_vle_rows_week  n_distinct_sites_week  cum_clicks_until_t  recency  streak split
635711|CCC|2014J      635711         CCC             2014J     2        0               0           NaN            38                                      0      M East Midlands Region      HE Qualification  90-100%    35-55                     0               60          N                3.0                 1                2                      2               231.0        0       3 train
635711|CCC|2014J      635711         CCC             2014J     3        0               0           NaN            38                                      0      M East Midlands Region      HE Qualification  90-100%    35-55                     0               60          N               40.0                 1                6                      5               271.0        0       4 train
635711|CCC|2014J      635711         CCC             2014J     4        0               0           NaN            38                                      0      M East Midlands Region      HE Qualification  90-100%    35-55                     0               60          N               55.0                 1               11                      9               326.0        0       5 train
635711|CCC|2014J      635711         CCC             2014J     5        0               0           NaN            38                                      0      M East Midlands Region      HE Qualification  90-100%    35-55                     0               60          N               48.0                 1               11                      8               374.0        0       6 train
635711|CCC|2014J      635711         CCC             2014J     6        0               0           NaN            38                                      0      M East Midlands Region      HE Qualification  90-100%    35-55                     0               60          N                2.0                 1                1                      1               376.0        0       7 train
635711|CCC|2014J      635711         CCC             2014J     7        0               0           NaN            38                                      0      M East Midlands Region      HE Qualification  90-100%    35-55                     0               60          N                2.0                 1                2                      1               378.0        0       8 train
635711|CCC|2014J      635711         CCC             2014J     8        0               0           NaN            38                                      0      M East Midlands Region      HE Qualification  90-100%    35-55                     0               60          N              180.0                 1               21                      7               558.0        0       9 train
635711|CCC|2014J      635711         CCC             2014J     9        0               0           NaN            38                                      0      M East Midlands Region      HE Qualification  90-100%    35-55                     0               60          N              148.0                 1               23                     12               706.0        0      10 train
635711|CCC|2014J      635711         CCC             2014J    10        0               0           NaN            38                                      0      M East Midlands Region      HE Qualification  90-100%    35-55                     0               60          N                6.0                 1                4                      2               712.0        0      11 train
635711|CCC|2014J      635711         CCC             2014J    11        0               0           NaN            38                                      0      M East Midlands Region      HE Qualification  90-100%    35-55                     0               60          N                1.0                 1                1                      1               713.0        0      12 train
635711|CCC|2014J      635711         CCC             2014J    12        0               0           NaN            38                                      0      M East Midlands Region      HE Qualification  90-100%    35-55                     0               60          N                1.0                 1                1                      1               714.0        0      13 train
635711|CCC|2014J      635711         CCC             2014J    13        0               0           NaN            38                                      0      M East Midlands Region      HE Qualification  90-100%    35-55                     0               60          N              129.0                 1               34                     21               843.0        0      14 train
635711|CCC|2014J      635711         CCC             2014J    14        0               0           NaN            38                                      0      M East Midlands Region      HE Qualification  90-100%    35-55                     0               60          N              189.0                 1               27                     10              1032.0        0      15 train
635711|CCC|2014J      635711         CCC             2014J    15        0               0           NaN            38                                      0      M East Midlands Region      HE Qualification  90-100%    35-55                     0               60          N               68.0                 1               13                      8              1100.0        0      16 train
635719|GGG|2014J      635719         GGG             2014J    12        0               0           NaN            38                                      0      F  East Anglian Region A Level or Equivalent   50-60%    35-55                     0               30          N                0.0                 0                0                      0               128.0        2       0 train
635751|FFF|2014J      635751         FFF             2014J    20        0               0           NaN            38                                      0      M        London Region    Lower Than A Level   30-40%     0-35                     0               60          N                0.0                 0                0                      0               506.0        1       0 train
635751|FFF|2014J      635751         FFF             2014J    21        0               0           NaN            38                                      0      M        London Region    Lower Than A Level   30-40%     0-35                     0               60          N               11.0                 1               11                      4               517.0        0       2 train
635761|BBB|2014B      635761         BBB             2014B    16        0               0           NaN            33                                      0      F                Wales    Lower Than A Level    0-10%     0-35                     0               60          N                0.0                 0                0                      0                99.0        1       0 train
635761|BBB|2014B      635761         BBB             2014B    25        0               0           NaN            33                                      0      F                Wales    Lower Than A Level    0-10%     0-35                     0               60          N                0.0                 0                0                      0               122.0        4       0 train
635761|BBB|2014B      635761         BBB             2014B    26        0               0           NaN            33                                      0      F                Wales    Lower Than A Level    0-10%     0-35                     0               60          N               18.0                 1                8                      3               140.0        0       2 train
ARTIFACT | C3 output: pp_neural_hazard_ready_train | duckdb://pp_neural_hazard_ready_train
--- C3 output: pp_neural_hazard_ready_test (pp_neural_hazard_ready_test) ---
   enrollment_id  id_student code_module code_presentation  week  event_t  event_observed  t_event_week  t_final_week  used_zero_week_fallback_for_censoring gender              region     highest_education imd_band age_band  num_of_prev_attempts  studied_credits disability  total_clicks_week  active_this_week  n_vle_rows_week  n_distinct_sites_week  cum_clicks_until_t  recency  streak split
635720|EEE|2014J      635720         EEE             2014J    12        0               0           NaN            38                                      0      M   South West Region A Level or Equivalent   50-60%     0-35                     0               30          N                0.0                 0                0                      0               658.0        2       0  test
635720|EEE|2014J      635720         EEE             2014J    13        0               0           NaN            38                                      0      M   South West Region A Level or Equivalent   50-60%     0-35                     0               30          N               23.0                 1                9                      5               681.0        0       2  test
635720|EEE|2014J      635720         EEE             2014J    14        0               0           NaN            38                                      0      M   South West Region A Level or Equivalent   50-60%     0-35                     0               30          N               28.0                 1                8                      5               709.0        0       3  test
635720|EEE|2014J      635720         EEE             2014J    15        0               0           NaN            38                                      0      M   South West Region A Level or Equivalent   50-60%     0-35                     0               30          N               51.0                 1               12                      5               760.0        0       4  test
635720|EEE|2014J      635720         EEE             2014J    16        0               0           NaN            38                                      0      M   South West Region A Level or Equivalent   50-60%     0-35                     0               30          N               97.0                 1               19                      6               857.0        0       5  test
635720|EEE|2014J      635720         EEE             2014J    17        0               0           NaN            38                                      0      M   South West Region A Level or Equivalent   50-60%     0-35                     0               30          N               68.0                 1               23                      6               925.0        0       6  test
635720|EEE|2014J      635720         EEE             2014J    18        0               0           NaN            38                                      0      M   South West Region A Level or Equivalent   50-60%     0-35                     0               30          N               51.0                 1               15                      7               976.0        0       7  test
635720|EEE|2014J      635720         EEE             2014J    19        0               0           NaN            38                                      0      M   South West Region A Level or Equivalent   50-60%     0-35                     0               30          N               74.0                 1               16                      9              1050.0        0       8  test
635720|EEE|2014J      635720         EEE             2014J    20        0               0           NaN            38                                      0      M   South West Region A Level or Equivalent   50-60%     0-35                     0               30          N               28.0                 1               10                      5              1078.0        0       9  test
635720|EEE|2014J      635720         EEE             2014J    21        0               0           NaN            38                                      0      M   South West Region A Level or Equivalent   50-60%     0-35                     0               30          N               80.0                 1               19                      9              1158.0        0      10  test
635720|EEE|2014J      635720         EEE             2014J    22        0               0           NaN            38                                      0      M   South West Region A Level or Equivalent   50-60%     0-35                     0               30          N              118.0                 1               39                     11              1276.0        0      11  test
635720|EEE|2014J      635720         EEE             2014J    23        0               0           NaN            38                                      0      M   South West Region A Level or Equivalent   50-60%     0-35                     0               30          N              121.0                 1               37                     10              1397.0        0      12  test
635720|EEE|2014J      635720         EEE             2014J    26        0               0           NaN            38                                      0      M   South West Region A Level or Equivalent   50-60%     0-35                     0               30          N                0.0                 0                0                      0              1397.0        3       0  test
635795|FFF|2014J      635795         FFF             2014J     9        0               0           NaN            38                                      0      M            Scotland A Level or Equivalent   30-40%     0-35                     0               60          N                0.0                 0                0                      0              1462.0        1       0  test
635885|GGG|2014B      635885         GGG             2014B    18        0               0           NaN            34                                      0      M        South Region    Lower Than A Level    0-10%     0-35                     0               30          N                0.0                 0                0                      0                25.0        1       0  test
635885|GGG|2014B      635885         GGG             2014B    19        0               0           NaN            34                                      0      M        South Region    Lower Than A Level    0-10%     0-35                     0               30          N                1.0                 1                1                      1                26.0        0       2  test
635885|GGG|2014B      635885         GGG             2014B    27        0               0           NaN            34                                      0      M        South Region    Lower Than A Level    0-10%     0-35                     0               30          N                0.0                 0                0                      0                32.0        4       0  test
635890|BBB|2014J      635890         BBB             2014J    33        0               0           NaN            37                                      0      F            Scotland A Level or Equivalent    0-10%     0-35                     0              120          N                0.0                 0                0                      0              1200.0        3       0  test
635921|BBB|2014J      635921         BBB             2014J     0        0               0           NaN            37                                      0      M East Anglian Region A Level or Equivalent   40-50%     0-35                     0              120          N                0.0                 0                0                      0                 0.0        1       0  test
635921|BBB|2014J      635921         BBB             2014J     1        0               0           NaN            37                                      0      M East Anglian Region A Level or Equivalent   40-50%     0-35                     0              120          N               20.0                 1                9                      6                20.0        0       2  test
ARTIFACT | C3 output: pp_neural_hazard_ready_test | duckdb://pp_neural_hazard_ready_test
--- C3 output: enrollment_cox_ready_train (enrollment_cox_ready_train) ---
      enrollment_id  id_student code_module code_presentation  event  duration  duration_raw  used_zero_week_fallback_for_censoring gender               region     highest_education imd_band age_band  num_of_prev_attempts  studied_credits disability  clicks_first_4_weeks  active_weeks_first_4  mean_clicks_first_4_weeks split
 382979||BBB||2013J      382979         BBB             2013J      0        38            38                                      0      F         South Region A Level or Equivalent   80-90%    35-55                     0               90          N                 394.0                   4.0                  98.500000 train
 522894||BBB||2013J      522894         BBB             2013J      0        38            38                                      0      F             Scotland      HE Qualification   30-40%    35-55                     0              120          N                 275.0                   4.0                  68.750000 train
 514864||BBB||2013J      514864         BBB             2013J      0        38            38                                      0      F West Midlands Region    Lower Than A Level    10-20     0-35                     0               60          N                 177.0                   4.0                  44.250000 train
1939695||BBB||2013J     1939695         BBB             2013J      0        38            38                                      0      F             Scotland    Lower Than A Level   30-40%    35-55                     2               60          Y                 107.0                   3.0                  35.666667 train
 544122||BBB||2013J      544122         BBB             2013J      0        38            38                                      0      F                Wales A Level or Equivalent  90-100%     0-35                     0               60          N                 111.0                   4.0                  27.750000 train
 530487||BBB||2013J      530487         BBB             2013J      0        38            38                                      0      F        London Region      HE Qualification   40-50%     0-35                     0               60          N                 366.0                   4.0                  91.500000 train
 534133||BBB||2013J      534133         BBB             2013J      0        38            38                                      0      F     Yorkshire Region    Lower Than A Level    0-10%     0-35                     0               60          N                  90.0                   2.0                  45.000000 train
 556427||BBB||2013J      556427         BBB             2013J      1        34            34                                      0      F East Midlands Region A Level or Equivalent   20-30%     0-35                     0               60          N                  14.0                   2.0                   7.000000 train
 526177||BBB||2013J      526177         BBB             2013J      0        38            38                                      0      F             Scotland    Lower Than A Level   40-50%     0-35                     0               75          N                  24.0                   4.0                   6.000000 train
 535833||BBB||2013J      535833         BBB             2013J      0        38            38                                      0      F    South West Region    Lower Than A Level   20-30%     0-35                     0               60          N                   1.0                   1.0                   1.000000 train
 344568||BBB||2013J      344568         BBB             2013J      0        38            38                                      0      F West Midlands Region    Lower Than A Level   70-80%     0-35                     0               60          N                 109.0                   3.0                  36.333333 train
 233752||BBB||2013J      233752         BBB             2013J      0        38            38                                      0      F North Western Region    Lower Than A Level   60-70%    35-55                     0               60          N                 806.0                   4.0                 201.500000 train
 105883||BBB||2013J      105883         BBB             2013J      0        38            38                                      0      F North Western Region A Level or Equivalent    0-10%    35-55                     0               60          N                 388.0                   4.0                  97.000000 train
 153704||BBB||2013J      153704         BBB             2013J      0        38            38                                      0      F West Midlands Region    Lower Than A Level    0-10%     0-35                     2               60          N                  21.0                   2.0                  10.500000 train
 600771||BBB||2013J      600771         BBB             2013J      0        38            38                                      0      M    South East Region    Lower Than A Level    10-20    35-55                     0               60          N                 186.0                   4.0                  46.500000 train
2567158||BBB||2013J     2567158         BBB             2013J      0        38            38                                      0      F West Midlands Region A Level or Equivalent   50-60%    35-55                     0              180          N                  61.0                   4.0                  15.250000 train
2584834||BBB||2013J     2584834         BBB             2013J      0        38            38                                      0      F  East Anglian Region    Lower Than A Level   50-60%    35-55                     1               60          Y                  88.0                   3.0                  29.333333 train
 577648||BBB||2013J      577648         BBB             2013J      0        38            38                                      0      F North Western Region    Lower Than A Level   50-60%    35-55                     0              120          N                 193.0                   4.0                  48.250000 train
 574973||BBB||2013J      574973         BBB             2013J      0        38            38                                      0      F West Midlands Region A Level or Equivalent   20-30%     0-35                     0              180          N                 145.0                   4.0                  36.250000 train
 582975||BBB||2013J      582975         BBB             2013J      0        38            38                                      0      F  East Anglian Region A Level or Equivalent   80-90%     0-35                     0               60          N                  67.0                   3.0                  22.333333 train
ARTIFACT | C3 output: enrollment_cox_ready_train | duckdb://enrollment_cox_ready_train
--- C3 output: enrollment_cox_ready_test (enrollment_cox_ready_test) ---
      enrollment_id  id_student code_module code_presentation  event  duration  duration_raw  used_zero_week_fallback_for_censoring gender               region     highest_education imd_band age_band  num_of_prev_attempts  studied_credits disability  clicks_first_4_weeks  active_weeks_first_4  mean_clicks_first_4_weeks split
 511678||BBB||2013J      511678         BBB             2013J      0        38            38                                      0      F         South Region A Level or Equivalent   20-30%     0-35                     0              120          N                1695.0                   4.0                 423.750000  test
2463213||BBB||2013J     2463213         BBB             2013J      0        38            38                                      0      F  East Anglian Region    Lower Than A Level   60-70%    35-55                     0               90          N                2222.0                   4.0                 555.500000  test
2452289||BBB||2013J     2452289         BBB             2013J      0        38            38                                      0      F    South East Region    Lower Than A Level   70-80%    35-55                     0               60          N                 111.0                   4.0                  27.750000  test
 542296||BBB||2013J      542296         BBB             2013J      0        38            38                                      0      F                Wales    Lower Than A Level   30-40%    35-55                     1               60          N                 189.0                   4.0                  47.250000  test
 540249||BBB||2013J      540249         BBB             2013J      0        38            38                                      0      M  East Anglian Region A Level or Equivalent    0-10%    35-55                     0              120          N                 119.0                   4.0                  29.750000  test
 611531||BBB||2013J      611531         BBB             2013J      0        38            38                                      0      M             Scotland    Lower Than A Level   30-40%    35-55                     0               60          N                 409.0                   4.0                 102.250000  test
2455578||BBB||2013J     2455578         BBB             2013J      0        38            38                                      0      F         South Region A Level or Equivalent   60-70%     0-35                     0              120          N                 121.0                   3.0                  40.333333  test
 598252||BBB||2013J      598252         BBB             2013J      0        38            38                                      0      F              Ireland    Lower Than A Level    0-10%     0-35                     0              120          N                  24.0                   2.0                  12.000000  test
 598503||BBB||2013J      598503         BBB             2013J      1         9             9                                      0      F             Scotland    Lower Than A Level   40-50%    35-55                     0               60          N                 569.0                   4.0                 142.250000  test
 381541||BBB||2013J      381541         BBB             2013J      0        38            38                                      0      F     Yorkshire Region    Lower Than A Level    0-10%     0-35                     0              120          N                 148.0                   4.0                  37.000000  test
 597886||BBB||2013J      597886         BBB             2013J      0        38            38                                      0      F         South Region    Lower Than A Level  90-100%     0-35                     0              120          N                 337.0                   4.0                  84.250000  test
 579619||BBB||2013J      579619         BBB             2013J      0        38            38                                      0      F              Ireland    Lower Than A Level   20-30%     0-35                     0               90          N                 356.0                   4.0                  89.000000  test
 491279||BBB||2013J      491279         BBB             2013J      0        38            38                                      0      F             Scotland    Lower Than A Level   30-40%    35-55                     1               60          Y                 144.0                   4.0                  36.000000  test
 551836||BBB||2013J      551836         BBB             2013J      0        38            38                                      0      M         North Region    Lower Than A Level    10-20     0-35                     0               60          N                 223.0                   4.0                  55.750000  test
 583970||BBB||2013J      583970         BBB             2013J      0        38            38                                      0      F East Midlands Region A Level or Equivalent   80-90%     0-35                     0               60          N                  62.0                   4.0                  15.500000  test
  98268||BBB||2013J       98268         BBB             2013J      0        38            38                                      0      F             Scotland      HE Qualification   70-80%    35-55                     0               60          N                 114.0                   3.0                  38.000000  test
 417657||BBB||2013J      417657         BBB             2013J      0        38            38                                      0      F             Scotland A Level or Equivalent   60-70%     0-35                     0               60          N                 145.0                   4.0                  36.250000  test
 572302||BBB||2013J      572302         BBB             2013J      1        20            20                                      0      M    South East Region    Lower Than A Level   30-40%     0-35                     0              120          N                 116.0                   4.0                  29.000000  test
 674541||CCC||2014J      674541         CCC             2014J      0        38            38                                      0      M         North Region      HE Qualification     None    35-55                     0               30          N                2917.0                   4.0                 729.250000  test
 264715||CCC||2014J      264715         CCC             2014J      0        38            38                                      0      F         South Region A Level or Equivalent   20-30%    35-55                     0               60          N                 560.0                   4.0                 140.000000  test
ARTIFACT | C3 output: enrollment_cox_ready_test | duckdb://enrollment_cox_ready_test
--- C3 output: enrollment_deepsurv_ready_train (enrollment_deepsurv_ready_train) ---
      enrollment_id  id_student code_module code_presentation  event  duration  duration_raw  used_zero_week_fallback_for_censoring gender               region     highest_education imd_band age_band  num_of_prev_attempts  studied_credits disability  clicks_first_4_weeks  active_weeks_first_4  mean_clicks_first_4_weeks split
 382979||BBB||2013J      382979         BBB             2013J      0        38            38                                      0      F         South Region A Level or Equivalent   80-90%    35-55                     0               90          N                 394.0                   4.0                  98.500000 train
 522894||BBB||2013J      522894         BBB             2013J      0        38            38                                      0      F             Scotland      HE Qualification   30-40%    35-55                     0              120          N                 275.0                   4.0                  68.750000 train
 514864||BBB||2013J      514864         BBB             2013J      0        38            38                                      0      F West Midlands Region    Lower Than A Level    10-20     0-35                     0               60          N                 177.0                   4.0                  44.250000 train
1939695||BBB||2013J     1939695         BBB             2013J      0        38            38                                      0      F             Scotland    Lower Than A Level   30-40%    35-55                     2               60          Y                 107.0                   3.0                  35.666667 train
 544122||BBB||2013J      544122         BBB             2013J      0        38            38                                      0      F                Wales A Level or Equivalent  90-100%     0-35                     0               60          N                 111.0                   4.0                  27.750000 train
 530487||BBB||2013J      530487         BBB             2013J      0        38            38                                      0      F        London Region      HE Qualification   40-50%     0-35                     0               60          N                 366.0                   4.0                  91.500000 train
 534133||BBB||2013J      534133         BBB             2013J      0        38            38                                      0      F     Yorkshire Region    Lower Than A Level    0-10%     0-35                     0               60          N                  90.0                   2.0                  45.000000 train
 556427||BBB||2013J      556427         BBB             2013J      1        34            34                                      0      F East Midlands Region A Level or Equivalent   20-30%     0-35                     0               60          N                  14.0                   2.0                   7.000000 train
 526177||BBB||2013J      526177         BBB             2013J      0        38            38                                      0      F             Scotland    Lower Than A Level   40-50%     0-35                     0               75          N                  24.0                   4.0                   6.000000 train
 535833||BBB||2013J      535833         BBB             2013J      0        38            38                                      0      F    South West Region    Lower Than A Level   20-30%     0-35                     0               60          N                   1.0                   1.0                   1.000000 train
 344568||BBB||2013J      344568         BBB             2013J      0        38            38                                      0      F West Midlands Region    Lower Than A Level   70-80%     0-35                     0               60          N                 109.0                   3.0                  36.333333 train
 233752||BBB||2013J      233752         BBB             2013J      0        38            38                                      0      F North Western Region    Lower Than A Level   60-70%    35-55                     0               60          N                 806.0                   4.0                 201.500000 train
 105883||BBB||2013J      105883         BBB             2013J      0        38            38                                      0      F North Western Region A Level or Equivalent    0-10%    35-55                     0               60          N                 388.0                   4.0                  97.000000 train
 153704||BBB||2013J      153704         BBB             2013J      0        38            38                                      0      F West Midlands Region    Lower Than A Level    0-10%     0-35                     2               60          N                  21.0                   2.0                  10.500000 train
 600771||BBB||2013J      600771         BBB             2013J      0        38            38                                      0      M    South East Region    Lower Than A Level    10-20    35-55                     0               60          N                 186.0                   4.0                  46.500000 train
2567158||BBB||2013J     2567158         BBB             2013J      0        38            38                                      0      F West Midlands Region A Level or Equivalent   50-60%    35-55                     0              180          N                  61.0                   4.0                  15.250000 train
2584834||BBB||2013J     2584834         BBB             2013J      0        38            38                                      0      F  East Anglian Region    Lower Than A Level   50-60%    35-55                     1               60          Y                  88.0                   3.0                  29.333333 train
 577648||BBB||2013J      577648         BBB             2013J      0        38            38                                      0      F North Western Region    Lower Than A Level   50-60%    35-55                     0              120          N                 193.0                   4.0                  48.250000 train
 574973||BBB||2013J      574973         BBB             2013J      0        38            38                                      0      F West Midlands Region A Level or Equivalent   20-30%     0-35                     0              180          N                 145.0                   4.0                  36.250000 train
 582975||BBB||2013J      582975         BBB             2013J      0        38            38                                      0      F  East Anglian Region A Level or Equivalent   80-90%     0-35                     0               60          N                  67.0                   3.0                  22.333333 train
ARTIFACT | C3 output: enrollment_deepsurv_ready_train | duckdb://enrollment_deepsurv_ready_train
--- C3 output: enrollment_deepsurv_ready_test (enrollment_deepsurv_ready_test) ---
      enrollment_id  id_student code_module code_presentation  event  duration  duration_raw  used_zero_week_fallback_for_censoring gender               region     highest_education imd_band age_band  num_of_prev_attempts  studied_credits disability  clicks_first_4_weeks  active_weeks_first_4  mean_clicks_first_4_weeks split
 511678||BBB||2013J      511678         BBB             2013J      0        38            38                                      0      F         South Region A Level or Equivalent   20-30%     0-35                     0              120          N                1695.0                   4.0                 423.750000  test
2463213||BBB||2013J     2463213         BBB             2013J      0        38            38                                      0      F  East Anglian Region    Lower Than A Level   60-70%    35-55                     0               90          N                2222.0                   4.0                 555.500000  test
2452289||BBB||2013J     2452289         BBB             2013J      0        38            38                                      0      F    South East Region    Lower Than A Level   70-80%    35-55                     0               60          N                 111.0                   4.0                  27.750000  test
 542296||BBB||2013J      542296         BBB             2013J      0        38            38                                      0      F                Wales    Lower Than A Level   30-40%    35-55                     1               60          N                 189.0                   4.0                  47.250000  test
 540249||BBB||2013J      540249         BBB             2013J      0        38            38                                      0      M  East Anglian Region A Level or Equivalent    0-10%    35-55                     0              120          N                 119.0                   4.0                  29.750000  test
 611531||BBB||2013J      611531         BBB             2013J      0        38            38                                      0      M             Scotland    Lower Than A Level   30-40%    35-55                     0               60          N                 409.0                   4.0                 102.250000  test
2455578||BBB||2013J     2455578         BBB             2013J      0        38            38                                      0      F         South Region A Level or Equivalent   60-70%     0-35                     0              120          N                 121.0                   3.0                  40.333333  test
 598252||BBB||2013J      598252         BBB             2013J      0        38            38                                      0      F              Ireland    Lower Than A Level    0-10%     0-35                     0              120          N                  24.0                   2.0                  12.000000  test
 598503||BBB||2013J      598503         BBB             2013J      1         9             9                                      0      F             Scotland    Lower Than A Level   40-50%    35-55                     0               60          N                 569.0                   4.0                 142.250000  test
 381541||BBB||2013J      381541         BBB             2013J      0        38            38                                      0      F     Yorkshire Region    Lower Than A Level    0-10%     0-35                     0              120          N                 148.0                   4.0                  37.000000  test
 597886||BBB||2013J      597886         BBB             2013J      0        38            38                                      0      F         South Region    Lower Than A Level  90-100%     0-35                     0              120          N                 337.0                   4.0                  84.250000  test
 579619||BBB||2013J      579619         BBB             2013J      0        38            38                                      0      F              Ireland    Lower Than A Level   20-30%     0-35                     0               90          N                 356.0                   4.0                  89.000000  test
 491279||BBB||2013J      491279         BBB             2013J      0        38            38                                      0      F             Scotland    Lower Than A Level   30-40%    35-55                     1               60          Y                 144.0                   4.0                  36.000000  test
 551836||BBB||2013J      551836         BBB             2013J      0        38            38                                      0      M         North Region    Lower Than A Level    10-20     0-35                     0               60          N                 223.0                   4.0                  55.750000  test
 583970||BBB||2013J      583970         BBB             2013J      0        38            38                                      0      F East Midlands Region A Level or Equivalent   80-90%     0-35                     0               60          N                  62.0                   4.0                  15.500000  test
  98268||BBB||2013J       98268         BBB             2013J      0        38            38                                      0      F             Scotland      HE Qualification   70-80%    35-55                     0               60          N                 114.0                   3.0                  38.000000  test
 417657||BBB||2013J      417657         BBB             2013J      0        38            38                                      0      F             Scotland A Level or Equivalent   60-70%     0-35                     0               60          N                 145.0                   4.0                  36.250000  test
 572302||BBB||2013J      572302         BBB             2013J      1        20            20                                      0      M    South East Region    Lower Than A Level   30-40%     0-35                     0              120          N                 116.0                   4.0                  29.000000  test
 674541||CCC||2014J      674541         CCC             2014J      0        38            38                                      0      M         North Region      HE Qualification     None    35-55                     0               30          N                2917.0                   4.0                 729.250000  test
 264715||CCC||2014J      264715         CCC             2014J      0        38            38                                      0      F         South Region A Level or Equivalent   20-30%    35-55                     0               60          N                 560.0                   4.0                 140.000000  test
ARTIFACT | C3 output: enrollment_deepsurv_ready_test | duckdb://enrollment_deepsurv_ready_test
--- C3 output: enrollment_cox_ready_train_w2 (enrollment_cox_ready_train_w2) ---
      enrollment_id  id_student code_module code_presentation  event  duration  duration_raw  used_zero_week_fallback_for_censoring gender               region     highest_education imd_band age_band  num_of_prev_attempts  studied_credits disability  clicks_first_4_weeks  active_weeks_first_4  mean_clicks_first_4_weeks  clicks_first_2_weeks  active_weeks_first_2  mean_clicks_first_2_weeks split
 382979||BBB||2013J      382979         BBB             2013J      0        38            38                                      0      F         South Region A Level or Equivalent   80-90%    35-55                     0               90          N                 394.0                   4.0                  98.500000                 188.0                   2.0                       94.0 train
 522894||BBB||2013J      522894         BBB             2013J      0        38            38                                      0      F             Scotland      HE Qualification   30-40%    35-55                     0              120          N                 275.0                   4.0                  68.750000                 108.0                   2.0                       54.0 train
 514864||BBB||2013J      514864         BBB             2013J      0        38            38                                      0      F West Midlands Region    Lower Than A Level    10-20     0-35                     0               60          N                 177.0                   4.0                  44.250000                  70.0                   2.0                       35.0 train
1939695||BBB||2013J     1939695         BBB             2013J      0        38            38                                      0      F             Scotland    Lower Than A Level   30-40%    35-55                     2               60          Y                 107.0                   3.0                  35.666667                  46.0                   1.0                       46.0 train
 544122||BBB||2013J      544122         BBB             2013J      0        38            38                                      0      F                Wales A Level or Equivalent  90-100%     0-35                     0               60          N                 111.0                   4.0                  27.750000                  25.0                   2.0                       12.5 train
 530487||BBB||2013J      530487         BBB             2013J      0        38            38                                      0      F        London Region      HE Qualification   40-50%     0-35                     0               60          N                 366.0                   4.0                  91.500000                 179.0                   2.0                       89.5 train
 534133||BBB||2013J      534133         BBB             2013J      0        38            38                                      0      F     Yorkshire Region    Lower Than A Level    0-10%     0-35                     0               60          N                  90.0                   2.0                  45.000000                   0.0                   0.0                        0.0 train
 556427||BBB||2013J      556427         BBB             2013J      1        34            34                                      0      F East Midlands Region A Level or Equivalent   20-30%     0-35                     0               60          N                  14.0                   2.0                   7.000000                   7.0                   1.0                        7.0 train
 526177||BBB||2013J      526177         BBB             2013J      0        38            38                                      0      F             Scotland    Lower Than A Level   40-50%     0-35                     0               75          N                  24.0                   4.0                   6.000000                   2.0                   2.0                        1.0 train
 535833||BBB||2013J      535833         BBB             2013J      0        38            38                                      0      F    South West Region    Lower Than A Level   20-30%     0-35                     0               60          N                   1.0                   1.0                   1.000000                   0.0                   0.0                        0.0 train
 344568||BBB||2013J      344568         BBB             2013J      0        38            38                                      0      F West Midlands Region    Lower Than A Level   70-80%     0-35                     0               60          N                 109.0                   3.0                  36.333333                  70.0                   1.0                       70.0 train
 233752||BBB||2013J      233752         BBB             2013J      0        38            38                                      0      F North Western Region    Lower Than A Level   60-70%    35-55                     0               60          N                 806.0                   4.0                 201.500000                 307.0                   2.0                      153.5 train
 105883||BBB||2013J      105883         BBB             2013J      0        38            38                                      0      F North Western Region A Level or Equivalent    0-10%    35-55                     0               60          N                 388.0                   4.0                  97.000000                 194.0                   2.0                       97.0 train
 153704||BBB||2013J      153704         BBB             2013J      0        38            38                                      0      F West Midlands Region    Lower Than A Level    0-10%     0-35                     2               60          N                  21.0                   2.0                  10.500000                  18.0                   1.0                       18.0 train
 600771||BBB||2013J      600771         BBB             2013J      0        38            38                                      0      M    South East Region    Lower Than A Level    10-20    35-55                     0               60          N                 186.0                   4.0                  46.500000                  91.0                   2.0                       45.5 train
2567158||BBB||2013J     2567158         BBB             2013J      0        38            38                                      0      F West Midlands Region A Level or Equivalent   50-60%    35-55                     0              180          N                  61.0                   4.0                  15.250000                  39.0                   2.0                       19.5 train
2584834||BBB||2013J     2584834         BBB             2013J      0        38            38                                      0      F  East Anglian Region    Lower Than A Level   50-60%    35-55                     1               60          Y                  88.0                   3.0                  29.333333                   8.0                   1.0                        8.0 train
 577648||BBB||2013J      577648         BBB             2013J      0        38            38                                      0      F North Western Region    Lower Than A Level   50-60%    35-55                     0              120          N                 193.0                   4.0                  48.250000                 106.0                   2.0                       53.0 train
 574973||BBB||2013J      574973         BBB             2013J      0        38            38                                      0      F West Midlands Region A Level or Equivalent   20-30%     0-35                     0              180          N                 145.0                   4.0                  36.250000                  71.0                   2.0                       35.5 train
 582975||BBB||2013J      582975         BBB             2013J      0        38            38                                      0      F  East Anglian Region A Level or Equivalent   80-90%     0-35                     0               60          N                  67.0                   3.0                  22.333333                  46.0                   2.0                       23.0 train
ARTIFACT | C3 output: enrollment_cox_ready_train_w2 | duckdb://enrollment_cox_ready_train_w2
--- C3 output: enrollment_cox_ready_test_w2 (enrollment_cox_ready_test_w2) ---
      enrollment_id  id_student code_module code_presentation  event  duration  duration_raw  used_zero_week_fallback_for_censoring gender               region     highest_education imd_band age_band  num_of_prev_attempts  studied_credits disability  clicks_first_4_weeks  active_weeks_first_4  mean_clicks_first_4_weeks  clicks_first_2_weeks  active_weeks_first_2  mean_clicks_first_2_weeks split
 511678||BBB||2013J      511678         BBB             2013J      0        38            38                                      0      F         South Region A Level or Equivalent   20-30%     0-35                     0              120          N                1695.0                   4.0                 423.750000                 589.0                   2.0                      294.5  test
2463213||BBB||2013J     2463213         BBB             2013J      0        38            38                                      0      F  East Anglian Region    Lower Than A Level   60-70%    35-55                     0               90          N                2222.0                   4.0                 555.500000                1197.0                   2.0                      598.5  test
2452289||BBB||2013J     2452289         BBB             2013J      0        38            38                                      0      F    South East Region    Lower Than A Level   70-80%    35-55                     0               60          N                 111.0                   4.0                  27.750000                  63.0                   2.0                       31.5  test
 542296||BBB||2013J      542296         BBB             2013J      0        38            38                                      0      F                Wales    Lower Than A Level   30-40%    35-55                     1               60          N                 189.0                   4.0                  47.250000                  64.0                   2.0                       32.0  test
 540249||BBB||2013J      540249         BBB             2013J      0        38            38                                      0      M  East Anglian Region A Level or Equivalent    0-10%    35-55                     0              120          N                 119.0                   4.0                  29.750000                  91.0                   2.0                       45.5  test
 611531||BBB||2013J      611531         BBB             2013J      0        38            38                                      0      M             Scotland    Lower Than A Level   30-40%    35-55                     0               60          N                 409.0                   4.0                 102.250000                 146.0                   2.0                       73.0  test
2455578||BBB||2013J     2455578         BBB             2013J      0        38            38                                      0      F         South Region A Level or Equivalent   60-70%     0-35                     0              120          N                 121.0                   3.0                  40.333333                  60.0                   1.0                       60.0  test
 598252||BBB||2013J      598252         BBB             2013J      0        38            38                                      0      F              Ireland    Lower Than A Level    0-10%     0-35                     0              120          N                  24.0                   2.0                  12.000000                   2.0                   1.0                        2.0  test
 598503||BBB||2013J      598503         BBB             2013J      1         9             9                                      0      F             Scotland    Lower Than A Level   40-50%    35-55                     0               60          N                 569.0                   4.0                 142.250000                 151.0                   2.0                       75.5  test
 381541||BBB||2013J      381541         BBB             2013J      0        38            38                                      0      F     Yorkshire Region    Lower Than A Level    0-10%     0-35                     0              120          N                 148.0                   4.0                  37.000000                  32.0                   2.0                       16.0  test
 597886||BBB||2013J      597886         BBB             2013J      0        38            38                                      0      F         South Region    Lower Than A Level  90-100%     0-35                     0              120          N                 337.0                   4.0                  84.250000                 123.0                   2.0                       61.5  test
 579619||BBB||2013J      579619         BBB             2013J      0        38            38                                      0      F              Ireland    Lower Than A Level   20-30%     0-35                     0               90          N                 356.0                   4.0                  89.000000                 171.0                   2.0                       85.5  test
 491279||BBB||2013J      491279         BBB             2013J      0        38            38                                      0      F             Scotland    Lower Than A Level   30-40%    35-55                     1               60          Y                 144.0                   4.0                  36.000000                 128.0                   2.0                       64.0  test
 551836||BBB||2013J      551836         BBB             2013J      0        38            38                                      0      M         North Region    Lower Than A Level    10-20     0-35                     0               60          N                 223.0                   4.0                  55.750000                 157.0                   2.0                       78.5  test
 583970||BBB||2013J      583970         BBB             2013J      0        38            38                                      0      F East Midlands Region A Level or Equivalent   80-90%     0-35                     0               60          N                  62.0                   4.0                  15.500000                  49.0                   2.0                       24.5  test
  98268||BBB||2013J       98268         BBB             2013J      0        38            38                                      0      F             Scotland      HE Qualification   70-80%    35-55                     0               60          N                 114.0                   3.0                  38.000000                  39.0                   1.0                       39.0  test
 417657||BBB||2013J      417657         BBB             2013J      0        38            38                                      0      F             Scotland A Level or Equivalent   60-70%     0-35                     0               60          N                 145.0                   4.0                  36.250000                  66.0                   2.0                       33.0  test
 572302||BBB||2013J      572302         BBB             2013J      1        20            20                                      0      M    South East Region    Lower Than A Level   30-40%     0-35                     0              120          N                 116.0                   4.0                  29.000000                  87.0                   2.0                       43.5  test
 674541||CCC||2014J      674541         CCC             2014J      0        38            38                                      0      M         North Region      HE Qualification     None    35-55                     0               30          N                2917.0                   4.0                 729.250000                1025.0                   2.0                      512.5  test
 264715||CCC||2014J      264715         CCC             2014J      0        38            38                                      0      F         South Region A Level or Equivalent   20-30%    35-55                     0               60          N                 560.0                   4.0                 140.000000                 350.0                   2.0                      175.0  test
ARTIFACT | C3 output: enrollment_cox_ready_test_w2 | duckdb://enrollment_cox_ready_test_w2
--- C3 output: enrollment_deepsurv_ready_train_w2 (enrollment_deepsurv_ready_train_w2) ---
      enrollment_id  id_student code_module code_presentation  event  duration  duration_raw  used_zero_week_fallback_for_censoring gender               region     highest_education imd_band age_band  num_of_prev_attempts  studied_credits disability  clicks_first_4_weeks  active_weeks_first_4  mean_clicks_first_4_weeks  clicks_first_2_weeks  active_weeks_first_2  mean_clicks_first_2_weeks split
 382979||BBB||2013J      382979         BBB             2013J      0        38            38                                      0      F         South Region A Level or Equivalent   80-90%    35-55                     0               90          N                 394.0                   4.0                  98.500000                 188.0                   2.0                       94.0 train
 522894||BBB||2013J      522894         BBB             2013J      0        38            38                                      0      F             Scotland      HE Qualification   30-40%    35-55                     0              120          N                 275.0                   4.0                  68.750000                 108.0                   2.0                       54.0 train
 514864||BBB||2013J      514864         BBB             2013J      0        38            38                                      0      F West Midlands Region    Lower Than A Level    10-20     0-35                     0               60          N                 177.0                   4.0                  44.250000                  70.0                   2.0                       35.0 train
1939695||BBB||2013J     1939695         BBB             2013J      0        38            38                                      0      F             Scotland    Lower Than A Level   30-40%    35-55                     2               60          Y                 107.0                   3.0                  35.666667                  46.0                   1.0                       46.0 train
 544122||BBB||2013J      544122         BBB             2013J      0        38            38                                      0      F                Wales A Level or Equivalent  90-100%     0-35                     0               60          N                 111.0                   4.0                  27.750000                  25.0                   2.0                       12.5 train
 530487||BBB||2013J      530487         BBB             2013J      0        38            38                                      0      F        London Region      HE Qualification   40-50%     0-35                     0               60          N                 366.0                   4.0                  91.500000                 179.0                   2.0                       89.5 train
 534133||BBB||2013J      534133         BBB             2013J      0        38            38                                      0      F     Yorkshire Region    Lower Than A Level    0-10%     0-35                     0               60          N                  90.0                   2.0                  45.000000                   0.0                   0.0                        0.0 train
 556427||BBB||2013J      556427         BBB             2013J      1        34            34                                      0      F East Midlands Region A Level or Equivalent   20-30%     0-35                     0               60          N                  14.0                   2.0                   7.000000                   7.0                   1.0                        7.0 train
 526177||BBB||2013J      526177         BBB             2013J      0        38            38                                      0      F             Scotland    Lower Than A Level   40-50%     0-35                     0               75          N                  24.0                   4.0                   6.000000                   2.0                   2.0                        1.0 train
 535833||BBB||2013J      535833         BBB             2013J      0        38            38                                      0      F    South West Region    Lower Than A Level   20-30%     0-35                     0               60          N                   1.0                   1.0                   1.000000                   0.0                   0.0                        0.0 train
 344568||BBB||2013J      344568         BBB             2013J      0        38            38                                      0      F West Midlands Region    Lower Than A Level   70-80%     0-35                     0               60          N                 109.0                   3.0                  36.333333                  70.0                   1.0                       70.0 train
 233752||BBB||2013J      233752         BBB             2013J      0        38            38                                      0      F North Western Region    Lower Than A Level   60-70%    35-55                     0               60          N                 806.0                   4.0                 201.500000                 307.0                   2.0                      153.5 train
 105883||BBB||2013J      105883         BBB             2013J      0        38            38                                      0      F North Western Region A Level or Equivalent    0-10%    35-55                     0               60          N                 388.0                   4.0                  97.000000                 194.0                   2.0                       97.0 train
 153704||BBB||2013J      153704         BBB             2013J      0        38            38                                      0      F West Midlands Region    Lower Than A Level    0-10%     0-35                     2               60          N                  21.0                   2.0                  10.500000                  18.0                   1.0                       18.0 train
 600771||BBB||2013J      600771         BBB             2013J      0        38            38                                      0      M    South East Region    Lower Than A Level    10-20    35-55                     0               60          N                 186.0                   4.0                  46.500000                  91.0                   2.0                       45.5 train
2567158||BBB||2013J     2567158         BBB             2013J      0        38            38                                      0      F West Midlands Region A Level or Equivalent   50-60%    35-55                     0              180          N                  61.0                   4.0                  15.250000                  39.0                   2.0                       19.5 train
2584834||BBB||2013J     2584834         BBB             2013J      0        38            38                                      0      F  East Anglian Region    Lower Than A Level   50-60%    35-55                     1               60          Y                  88.0                   3.0                  29.333333                   8.0                   1.0                        8.0 train
 577648||BBB||2013J      577648         BBB             2013J      0        38            38                                      0      F North Western Region    Lower Than A Level   50-60%    35-55                     0              120          N                 193.0                   4.0                  48.250000                 106.0                   2.0                       53.0 train
 574973||BBB||2013J      574973         BBB             2013J      0        38            38                                      0      F West Midlands Region A Level or Equivalent   20-30%     0-35                     0              180          N                 145.0                   4.0                  36.250000                  71.0                   2.0                       35.5 train
 582975||BBB||2013J      582975         BBB             2013J      0        38            38                                      0      F  East Anglian Region A Level or Equivalent   80-90%     0-35                     0               60          N                  67.0                   3.0                  22.333333                  46.0                   2.0                       23.0 train
ARTIFACT | C3 output: enrollment_deepsurv_ready_train_w2 | duckdb://enrollment_deepsurv_ready_train_w2
--- C3 output: enrollment_deepsurv_ready_test_w2 (enrollment_deepsurv_ready_test_w2) ---
      enrollment_id  id_student code_module code_presentation  event  duration  duration_raw  used_zero_week_fallback_for_censoring gender               region     highest_education imd_band age_band  num_of_prev_attempts  studied_credits disability  clicks_first_4_weeks  active_weeks_first_4  mean_clicks_first_4_weeks  clicks_first_2_weeks  active_weeks_first_2  mean_clicks_first_2_weeks split
 511678||BBB||2013J      511678         BBB             2013J      0        38            38                                      0      F         South Region A Level or Equivalent   20-30%     0-35                     0              120          N                1695.0                   4.0                 423.750000                 589.0                   2.0                      294.5  test
2463213||BBB||2013J     2463213         BBB             2013J      0        38            38                                      0      F  East Anglian Region    Lower Than A Level   60-70%    35-55                     0               90          N                2222.0                   4.0                 555.500000                1197.0                   2.0                      598.5  test
2452289||BBB||2013J     2452289         BBB             2013J      0        38            38                                      0      F    South East Region    Lower Than A Level   70-80%    35-55                     0               60          N                 111.0                   4.0                  27.750000                  63.0                   2.0                       31.5  test
 542296||BBB||2013J      542296         BBB             2013J      0        38            38                                      0      F                Wales    Lower Than A Level   30-40%    35-55                     1               60          N                 189.0                   4.0                  47.250000                  64.0                   2.0                       32.0  test
 540249||BBB||2013J      540249         BBB             2013J      0        38            38                                      0      M  East Anglian Region A Level or Equivalent    0-10%    35-55                     0              120          N                 119.0                   4.0                  29.750000                  91.0                   2.0                       45.5  test
 611531||BBB||2013J      611531         BBB             2013J      0        38            38                                      0      M             Scotland    Lower Than A Level   30-40%    35-55                     0               60          N                 409.0                   4.0                 102.250000                 146.0                   2.0                       73.0  test
2455578||BBB||2013J     2455578         BBB             2013J      0        38            38                                      0      F         South Region A Level or Equivalent   60-70%     0-35                     0              120          N                 121.0                   3.0                  40.333333                  60.0                   1.0                       60.0  test
 598252||BBB||2013J      598252         BBB             2013J      0        38            38                                      0      F              Ireland    Lower Than A Level    0-10%     0-35                     0              120          N                  24.0                   2.0                  12.000000                   2.0                   1.0                        2.0  test
 598503||BBB||2013J      598503         BBB             2013J      1         9             9                                      0      F             Scotland    Lower Than A Level   40-50%    35-55                     0               60          N                 569.0                   4.0                 142.250000                 151.0                   2.0                       75.5  test
 381541||BBB||2013J      381541         BBB             2013J      0        38            38                                      0      F     Yorkshire Region    Lower Than A Level    0-10%     0-35                     0              120          N                 148.0                   4.0                  37.000000                  32.0                   2.0                       16.0  test
 597886||BBB||2013J      597886         BBB             2013J      0        38            38                                      0      F         South Region    Lower Than A Level  90-100%     0-35                     0              120          N                 337.0                   4.0                  84.250000                 123.0                   2.0                       61.5  test
 579619||BBB||2013J      579619         BBB             2013J      0        38            38                                      0      F              Ireland    Lower Than A Level   20-30%     0-35                     0               90          N                 356.0                   4.0                  89.000000                 171.0                   2.0                       85.5  test
 491279||BBB||2013J      491279         BBB             2013J      0        38            38                                      0      F             Scotland    Lower Than A Level   30-40%    35-55                     1               60          Y                 144.0                   4.0                  36.000000                 128.0                   2.0                       64.0  test
 551836||BBB||2013J      551836         BBB             2013J      0        38            38                                      0      M         North Region    Lower Than A Level    10-20     0-35                     0               60          N                 223.0                   4.0                  55.750000                 157.0                   2.0                       78.5  test
 583970||BBB||2013J      583970         BBB             2013J      0        38            38                                      0      F East Midlands Region A Level or Equivalent   80-90%     0-35                     0               60          N                  62.0                   4.0                  15.500000                  49.0                   2.0                       24.5  test
  98268||BBB||2013J       98268         BBB             2013J      0        38            38                                      0      F             Scotland      HE Qualification   70-80%    35-55                     0               60          N                 114.0                   3.0                  38.000000                  39.0                   1.0                       39.0  test
 417657||BBB||2013J      417657         BBB             2013J      0        38            38                                      0      F             Scotland A Level or Equivalent   60-70%     0-35                     0               60          N                 145.0                   4.0                  36.250000                  66.0                   2.0                       33.0  test
 572302||BBB||2013J      572302         BBB             2013J      1        20            20                                      0      M    South East Region    Lower Than A Level   30-40%     0-35                     0              120          N                 116.0                   4.0                  29.000000                  87.0                   2.0                       43.5  test
 674541||CCC||2014J      674541         CCC             2014J      0        38            38                                      0      M         North Region      HE Qualification     None    35-55                     0               30          N                2917.0                   4.0                 729.250000                1025.0                   2.0                      512.5  test
 264715||CCC||2014J      264715         CCC             2014J      0        38            38                                      0      F         South Region A Level or Equivalent   20-30%    35-55                     0               60          N                 560.0                   4.0                 140.000000                 350.0                   2.0                      175.0  test
ARTIFACT | C3 output: enrollment_deepsurv_ready_test_w2 | duckdb://enrollment_deepsurv_ready_test_w2
--- C3 output: enrollment_cox_ready_train_w4 (enrollment_cox_ready_train_w4) ---
      enrollment_id  id_student code_module code_presentation  event  duration  duration_raw  used_zero_week_fallback_for_censoring gender               region     highest_education imd_band age_band  num_of_prev_attempts  studied_credits disability  clicks_first_4_weeks  active_weeks_first_4  mean_clicks_first_4_weeks split
 382979||BBB||2013J      382979         BBB             2013J      0        38            38                                      0      F         South Region A Level or Equivalent   80-90%    35-55                     0               90          N                 394.0                   4.0                  98.500000 train
 522894||BBB||2013J      522894         BBB             2013J      0        38            38                                      0      F             Scotland      HE Qualification   30-40%    35-55                     0              120          N                 275.0                   4.0                  68.750000 train
 514864||BBB||2013J      514864         BBB             2013J      0        38            38                                      0      F West Midlands Region    Lower Than A Level    10-20     0-35                     0               60          N                 177.0                   4.0                  44.250000 train
1939695||BBB||2013J     1939695         BBB             2013J      0        38            38                                      0      F             Scotland    Lower Than A Level   30-40%    35-55                     2               60          Y                 107.0                   3.0                  35.666667 train
 544122||BBB||2013J      544122         BBB             2013J      0        38            38                                      0      F                Wales A Level or Equivalent  90-100%     0-35                     0               60          N                 111.0                   4.0                  27.750000 train
 530487||BBB||2013J      530487         BBB             2013J      0        38            38                                      0      F        London Region      HE Qualification   40-50%     0-35                     0               60          N                 366.0                   4.0                  91.500000 train
 534133||BBB||2013J      534133         BBB             2013J      0        38            38                                      0      F     Yorkshire Region    Lower Than A Level    0-10%     0-35                     0               60          N                  90.0                   2.0                  45.000000 train
 556427||BBB||2013J      556427         BBB             2013J      1        34            34                                      0      F East Midlands Region A Level or Equivalent   20-30%     0-35                     0               60          N                  14.0                   2.0                   7.000000 train
 526177||BBB||2013J      526177         BBB             2013J      0        38            38                                      0      F             Scotland    Lower Than A Level   40-50%     0-35                     0               75          N                  24.0                   4.0                   6.000000 train
 535833||BBB||2013J      535833         BBB             2013J      0        38            38                                      0      F    South West Region    Lower Than A Level   20-30%     0-35                     0               60          N                   1.0                   1.0                   1.000000 train
 344568||BBB||2013J      344568         BBB             2013J      0        38            38                                      0      F West Midlands Region    Lower Than A Level   70-80%     0-35                     0               60          N                 109.0                   3.0                  36.333333 train
 233752||BBB||2013J      233752         BBB             2013J      0        38            38                                      0      F North Western Region    Lower Than A Level   60-70%    35-55                     0               60          N                 806.0                   4.0                 201.500000 train
 105883||BBB||2013J      105883         BBB             2013J      0        38            38                                      0      F North Western Region A Level or Equivalent    0-10%    35-55                     0               60          N                 388.0                   4.0                  97.000000 train
 153704||BBB||2013J      153704         BBB             2013J      0        38            38                                      0      F West Midlands Region    Lower Than A Level    0-10%     0-35                     2               60          N                  21.0                   2.0                  10.500000 train
 600771||BBB||2013J      600771         BBB             2013J      0        38            38                                      0      M    South East Region    Lower Than A Level    10-20    35-55                     0               60          N                 186.0                   4.0                  46.500000 train
2567158||BBB||2013J     2567158         BBB             2013J      0        38            38                                      0      F West Midlands Region A Level or Equivalent   50-60%    35-55                     0              180          N                  61.0                   4.0                  15.250000 train
2584834||BBB||2013J     2584834         BBB             2013J      0        38            38                                      0      F  East Anglian Region    Lower Than A Level   50-60%    35-55                     1               60          Y                  88.0                   3.0                  29.333333 train
 577648||BBB||2013J      577648         BBB             2013J      0        38            38                                      0      F North Western Region    Lower Than A Level   50-60%    35-55                     0              120          N                 193.0                   4.0                  48.250000 train
 574973||BBB||2013J      574973         BBB             2013J      0        38            38                                      0      F West Midlands Region A Level or Equivalent   20-30%     0-35                     0              180          N                 145.0                   4.0                  36.250000 train
 582975||BBB||2013J      582975         BBB             2013J      0        38            38                                      0      F  East Anglian Region A Level or Equivalent   80-90%     0-35                     0               60          N                  67.0                   3.0                  22.333333 train
ARTIFACT | C3 output: enrollment_cox_ready_train_w4 | duckdb://enrollment_cox_ready_train_w4
--- C3 output: enrollment_cox_ready_test_w4 (enrollment_cox_ready_test_w4) ---
      enrollment_id  id_student code_module code_presentation  event  duration  duration_raw  used_zero_week_fallback_for_censoring gender               region     highest_education imd_band age_band  num_of_prev_attempts  studied_credits disability  clicks_first_4_weeks  active_weeks_first_4  mean_clicks_first_4_weeks split
 511678||BBB||2013J      511678         BBB             2013J      0        38            38                                      0      F         South Region A Level or Equivalent   20-30%     0-35                     0              120          N                1695.0                   4.0                 423.750000  test
2463213||BBB||2013J     2463213         BBB             2013J      0        38            38                                      0      F  East Anglian Region    Lower Than A Level   60-70%    35-55                     0               90          N                2222.0                   4.0                 555.500000  test
2452289||BBB||2013J     2452289         BBB             2013J      0        38            38                                      0      F    South East Region    Lower Than A Level   70-80%    35-55                     0               60          N                 111.0                   4.0                  27.750000  test
 542296||BBB||2013J      542296         BBB             2013J      0        38            38                                      0      F                Wales    Lower Than A Level   30-40%    35-55                     1               60          N                 189.0                   4.0                  47.250000  test
 540249||BBB||2013J      540249         BBB             2013J      0        38            38                                      0      M  East Anglian Region A Level or Equivalent    0-10%    35-55                     0              120          N                 119.0                   4.0                  29.750000  test
 611531||BBB||2013J      611531         BBB             2013J      0        38            38                                      0      M             Scotland    Lower Than A Level   30-40%    35-55                     0               60          N                 409.0                   4.0                 102.250000  test
2455578||BBB||2013J     2455578         BBB             2013J      0        38            38                                      0      F         South Region A Level or Equivalent   60-70%     0-35                     0              120          N                 121.0                   3.0                  40.333333  test
 598252||BBB||2013J      598252         BBB             2013J      0        38            38                                      0      F              Ireland    Lower Than A Level    0-10%     0-35                     0              120          N                  24.0                   2.0                  12.000000  test
 598503||BBB||2013J      598503         BBB             2013J      1         9             9                                      0      F             Scotland    Lower Than A Level   40-50%    35-55                     0               60          N                 569.0                   4.0                 142.250000  test
 381541||BBB||2013J      381541         BBB             2013J      0        38            38                                      0      F     Yorkshire Region    Lower Than A Level    0-10%     0-35                     0              120          N                 148.0                   4.0                  37.000000  test
 597886||BBB||2013J      597886         BBB             2013J      0        38            38                                      0      F         South Region    Lower Than A Level  90-100%     0-35                     0              120          N                 337.0                   4.0                  84.250000  test
 579619||BBB||2013J      579619         BBB             2013J      0        38            38                                      0      F              Ireland    Lower Than A Level   20-30%     0-35                     0               90          N                 356.0                   4.0                  89.000000  test
 491279||BBB||2013J      491279         BBB             2013J      0        38            38                                      0      F             Scotland    Lower Than A Level   30-40%    35-55                     1               60          Y                 144.0                   4.0                  36.000000  test
 551836||BBB||2013J      551836         BBB             2013J      0        38            38                                      0      M         North Region    Lower Than A Level    10-20     0-35                     0               60          N                 223.0                   4.0                  55.750000  test
 583970||BBB||2013J      583970         BBB             2013J      0        38            38                                      0      F East Midlands Region A Level or Equivalent   80-90%     0-35                     0               60          N                  62.0                   4.0                  15.500000  test
  98268||BBB||2013J       98268         BBB             2013J      0        38            38                                      0      F             Scotland      HE Qualification   70-80%    35-55                     0               60          N                 114.0                   3.0                  38.000000  test
 417657||BBB||2013J      417657         BBB             2013J      0        38            38                                      0      F             Scotland A Level or Equivalent   60-70%     0-35                     0               60          N                 145.0                   4.0                  36.250000  test
 572302||BBB||2013J      572302         BBB             2013J      1        20            20                                      0      M    South East Region    Lower Than A Level   30-40%     0-35                     0              120          N                 116.0                   4.0                  29.000000  test
 674541||CCC||2014J      674541         CCC             2014J      0        38            38                                      0      M         North Region      HE Qualification     None    35-55                     0               30          N                2917.0                   4.0                 729.250000  test
 264715||CCC||2014J      264715         CCC             2014J      0        38            38                                      0      F         South Region A Level or Equivalent   20-30%    35-55                     0               60          N                 560.0                   4.0                 140.000000  test
ARTIFACT | C3 output: enrollment_cox_ready_test_w4 | duckdb://enrollment_cox_ready_test_w4
--- C3 output: enrollment_deepsurv_ready_train_w4 (enrollment_deepsurv_ready_train_w4) ---
      enrollment_id  id_student code_module code_presentation  event  duration  duration_raw  used_zero_week_fallback_for_censoring gender               region     highest_education imd_band age_band  num_of_prev_attempts  studied_credits disability  clicks_first_4_weeks  active_weeks_first_4  mean_clicks_first_4_weeks split
 382979||BBB||2013J      382979         BBB             2013J      0        38            38                                      0      F         South Region A Level or Equivalent   80-90%    35-55                     0               90          N                 394.0                   4.0                  98.500000 train
 522894||BBB||2013J      522894         BBB             2013J      0        38            38                                      0      F             Scotland      HE Qualification   30-40%    35-55                     0              120          N                 275.0                   4.0                  68.750000 train
 514864||BBB||2013J      514864         BBB             2013J      0        38            38                                      0      F West Midlands Region    Lower Than A Level    10-20     0-35                     0               60          N                 177.0                   4.0                  44.250000 train
1939695||BBB||2013J     1939695         BBB             2013J      0        38            38                                      0      F             Scotland    Lower Than A Level   30-40%    35-55                     2               60          Y                 107.0                   3.0                  35.666667 train
 544122||BBB||2013J      544122         BBB             2013J      0        38            38                                      0      F                Wales A Level or Equivalent  90-100%     0-35                     0               60          N                 111.0                   4.0                  27.750000 train
 530487||BBB||2013J      530487         BBB             2013J      0        38            38                                      0      F        London Region      HE Qualification   40-50%     0-35                     0               60          N                 366.0                   4.0                  91.500000 train
 534133||BBB||2013J      534133         BBB             2013J      0        38            38                                      0      F     Yorkshire Region    Lower Than A Level    0-10%     0-35                     0               60          N                  90.0                   2.0                  45.000000 train
 556427||BBB||2013J      556427         BBB             2013J      1        34            34                                      0      F East Midlands Region A Level or Equivalent   20-30%     0-35                     0               60          N                  14.0                   2.0                   7.000000 train
 526177||BBB||2013J      526177         BBB             2013J      0        38            38                                      0      F             Scotland    Lower Than A Level   40-50%     0-35                     0               75          N                  24.0                   4.0                   6.000000 train
 535833||BBB||2013J      535833         BBB             2013J      0        38            38                                      0      F    South West Region    Lower Than A Level   20-30%     0-35                     0               60          N                   1.0                   1.0                   1.000000 train
 344568||BBB||2013J      344568         BBB             2013J      0        38            38                                      0      F West Midlands Region    Lower Than A Level   70-80%     0-35                     0               60          N                 109.0                   3.0                  36.333333 train
 233752||BBB||2013J      233752         BBB             2013J      0        38            38                                      0      F North Western Region    Lower Than A Level   60-70%    35-55                     0               60          N                 806.0                   4.0                 201.500000 train
 105883||BBB||2013J      105883         BBB             2013J      0        38            38                                      0      F North Western Region A Level or Equivalent    0-10%    35-55                     0               60          N                 388.0                   4.0                  97.000000 train
 153704||BBB||2013J      153704         BBB             2013J      0        38            38                                      0      F West Midlands Region    Lower Than A Level    0-10%     0-35                     2               60          N                  21.0                   2.0                  10.500000 train
 600771||BBB||2013J      600771         BBB             2013J      0        38            38                                      0      M    South East Region    Lower Than A Level    10-20    35-55                     0               60          N                 186.0                   4.0                  46.500000 train
2567158||BBB||2013J     2567158         BBB             2013J      0        38            38                                      0      F West Midlands Region A Level or Equivalent   50-60%    35-55                     0              180          N                  61.0                   4.0                  15.250000 train
2584834||BBB||2013J     2584834         BBB             2013J      0        38            38                                      0      F  East Anglian Region    Lower Than A Level   50-60%    35-55                     1               60          Y                  88.0                   3.0                  29.333333 train
 577648||BBB||2013J      577648         BBB             2013J      0        38            38                                      0      F North Western Region    Lower Than A Level   50-60%    35-55                     0              120          N                 193.0                   4.0                  48.250000 train
 574973||BBB||2013J      574973         BBB             2013J      0        38            38                                      0      F West Midlands Region A Level or Equivalent   20-30%     0-35                     0              180          N                 145.0                   4.0                  36.250000 train
 582975||BBB||2013J      582975         BBB             2013J      0        38            38                                      0      F  East Anglian Region A Level or Equivalent   80-90%     0-35                     0               60          N                  67.0                   3.0                  22.333333 train
ARTIFACT | C3 output: enrollment_deepsurv_ready_train_w4 | duckdb://enrollment_deepsurv_ready_train_w4
--- C3 output: enrollment_deepsurv_ready_test_w4 (enrollment_deepsurv_ready_test_w4) ---
      enrollment_id  id_student code_module code_presentation  event  duration  duration_raw  used_zero_week_fallback_for_censoring gender               region     highest_education imd_band age_band  num_of_prev_attempts  studied_credits disability  clicks_first_4_weeks  active_weeks_first_4  mean_clicks_first_4_weeks split
 511678||BBB||2013J      511678         BBB             2013J      0        38            38                                      0      F         South Region A Level or Equivalent   20-30%     0-35                     0              120          N                1695.0                   4.0                 423.750000  test
2463213||BBB||2013J     2463213         BBB             2013J      0        38            38                                      0      F  East Anglian Region    Lower Than A Level   60-70%    35-55                     0               90          N                2222.0                   4.0                 555.500000  test
2452289||BBB||2013J     2452289         BBB             2013J      0        38            38                                      0      F    South East Region    Lower Than A Level   70-80%    35-55                     0               60          N                 111.0                   4.0                  27.750000  test
 542296||BBB||2013J      542296         BBB             2013J      0        38            38                                      0      F                Wales    Lower Than A Level   30-40%    35-55                     1               60          N                 189.0                   4.0                  47.250000  test
 540249||BBB||2013J      540249         BBB             2013J      0        38            38                                      0      M  East Anglian Region A Level or Equivalent    0-10%    35-55                     0              120          N                 119.0                   4.0                  29.750000  test
 611531||BBB||2013J      611531         BBB             2013J      0        38            38                                      0      M             Scotland    Lower Than A Level   30-40%    35-55                     0               60          N                 409.0                   4.0                 102.250000  test
2455578||BBB||2013J     2455578         BBB             2013J      0        38            38                                      0      F         South Region A Level or Equivalent   60-70%     0-35                     0              120          N                 121.0                   3.0                  40.333333  test
 598252||BBB||2013J      598252         BBB             2013J      0        38            38                                      0      F              Ireland    Lower Than A Level    0-10%     0-35                     0              120          N                  24.0                   2.0                  12.000000  test
 598503||BBB||2013J      598503         BBB             2013J      1         9             9                                      0      F             Scotland    Lower Than A Level   40-50%    35-55                     0               60          N                 569.0                   4.0                 142.250000  test
 381541||BBB||2013J      381541         BBB             2013J      0        38            38                                      0      F     Yorkshire Region    Lower Than A Level    0-10%     0-35                     0              120          N                 148.0                   4.0                  37.000000  test
 597886||BBB||2013J      597886         BBB             2013J      0        38            38                                      0      F         South Region    Lower Than A Level  90-100%     0-35                     0              120          N                 337.0                   4.0                  84.250000  test
 579619||BBB||2013J      579619         BBB             2013J      0        38            38                                      0      F              Ireland    Lower Than A Level   20-30%     0-35                     0               90          N                 356.0                   4.0                  89.000000  test
 491279||BBB||2013J      491279         BBB             2013J      0        38            38                                      0      F             Scotland    Lower Than A Level   30-40%    35-55                     1               60          Y                 144.0                   4.0                  36.000000  test
 551836||BBB||2013J      551836         BBB             2013J      0        38            38                                      0      M         North Region    Lower Than A Level    10-20     0-35                     0               60          N                 223.0                   4.0                  55.750000  test
 583970||BBB||2013J      583970         BBB             2013J      0        38            38                                      0      F East Midlands Region A Level or Equivalent   80-90%     0-35                     0               60          N                  62.0                   4.0                  15.500000  test
  98268||BBB||2013J       98268         BBB             2013J      0        38            38                                      0      F             Scotland      HE Qualification   70-80%    35-55                     0               60          N                 114.0                   3.0                  38.000000  test
 417657||BBB||2013J      417657         BBB             2013J      0        38            38                                      0      F             Scotland A Level or Equivalent   60-70%     0-35                     0               60          N                 145.0                   4.0                  36.250000  test
 572302||BBB||2013J      572302         BBB             2013J      1        20            20                                      0      M    South East Region    Lower Than A Level   30-40%     0-35                     0              120          N                 116.0                   4.0                  29.000000  test
 674541||CCC||2014J      674541         CCC             2014J      0        38            38                                      0      M         North Region      HE Qualification     None    35-55                     0               30          N                2917.0                   4.0                 729.250000  test
 264715||CCC||2014J      264715         CCC             2014J      0        38            38                                      0      F         South Region A Level or Equivalent   20-30%    35-55                     0               60          N                 560.0                   4.0                 140.000000  test
ARTIFACT | C3 output: enrollment_deepsurv_ready_test_w4 | duckdb://enrollment_deepsurv_ready_test_w4
--- C3 output: enrollment_cox_ready_train_w6 (enrollment_cox_ready_train_w6) ---
      enrollment_id  id_student code_module code_presentation  event  duration  duration_raw  used_zero_week_fallback_for_censoring gender               region     highest_education imd_band age_band  num_of_prev_attempts  studied_credits disability  clicks_first_4_weeks  active_weeks_first_4  mean_clicks_first_4_weeks  clicks_first_6_weeks  active_weeks_first_6  mean_clicks_first_6_weeks split
 382979||BBB||2013J      382979         BBB             2013J      0        38            38                                      0      F         South Region A Level or Equivalent   80-90%    35-55                     0               90          N                 394.0                   4.0                  98.500000                 590.0                   6.0                  98.333333 train
 522894||BBB||2013J      522894         BBB             2013J      0        38            38                                      0      F             Scotland      HE Qualification   30-40%    35-55                     0              120          N                 275.0                   4.0                  68.750000                 425.0                   6.0                  70.833333 train
 514864||BBB||2013J      514864         BBB             2013J      0        38            38                                      0      F West Midlands Region    Lower Than A Level    10-20     0-35                     0               60          N                 177.0                   4.0                  44.250000                 229.0                   6.0                  38.166667 train
1939695||BBB||2013J     1939695         BBB             2013J      0        38            38                                      0      F             Scotland    Lower Than A Level   30-40%    35-55                     2               60          Y                 107.0                   3.0                  35.666667                 161.0                   5.0                  32.200000 train
 544122||BBB||2013J      544122         BBB             2013J      0        38            38                                      0      F                Wales A Level or Equivalent  90-100%     0-35                     0               60          N                 111.0                   4.0                  27.750000                 189.0                   6.0                  31.500000 train
 530487||BBB||2013J      530487         BBB             2013J      0        38            38                                      0      F        London Region      HE Qualification   40-50%     0-35                     0               60          N                 366.0                   4.0                  91.500000                 450.0                   6.0                  75.000000 train
 534133||BBB||2013J      534133         BBB             2013J      0        38            38                                      0      F     Yorkshire Region    Lower Than A Level    0-10%     0-35                     0               60          N                  90.0                   2.0                  45.000000                 191.0                   4.0                  47.750000 train
 556427||BBB||2013J      556427         BBB             2013J      1        34            34                                      0      F East Midlands Region A Level or Equivalent   20-30%     0-35                     0               60          N                  14.0                   2.0                   7.000000                  44.0                   3.0                  14.666667 train
 526177||BBB||2013J      526177         BBB             2013J      0        38            38                                      0      F             Scotland    Lower Than A Level   40-50%     0-35                     0               75          N                  24.0                   4.0                   6.000000                  35.0                   6.0                   5.833333 train
 535833||BBB||2013J      535833         BBB             2013J      0        38            38                                      0      F    South West Region    Lower Than A Level   20-30%     0-35                     0               60          N                   1.0                   1.0                   1.000000                   1.0                   1.0                   1.000000 train
 344568||BBB||2013J      344568         BBB             2013J      0        38            38                                      0      F West Midlands Region    Lower Than A Level   70-80%     0-35                     0               60          N                 109.0                   3.0                  36.333333                 210.0                   5.0                  42.000000 train
 233752||BBB||2013J      233752         BBB             2013J      0        38            38                                      0      F North Western Region    Lower Than A Level   60-70%    35-55                     0               60          N                 806.0                   4.0                 201.500000                1234.0                   6.0                 205.666667 train
 105883||BBB||2013J      105883         BBB             2013J      0        38            38                                      0      F North Western Region A Level or Equivalent    0-10%    35-55                     0               60          N                 388.0                   4.0                  97.000000                 844.0                   6.0                 140.666667 train
 153704||BBB||2013J      153704         BBB             2013J      0        38            38                                      0      F West Midlands Region    Lower Than A Level    0-10%     0-35                     2               60          N                  21.0                   2.0                  10.500000                  31.0                   4.0                   7.750000 train
 600771||BBB||2013J      600771         BBB             2013J      0        38            38                                      0      M    South East Region    Lower Than A Level    10-20    35-55                     0               60          N                 186.0                   4.0                  46.500000                 235.0                   6.0                  39.166667 train
2567158||BBB||2013J     2567158         BBB             2013J      0        38            38                                      0      F West Midlands Region A Level or Equivalent   50-60%    35-55                     0              180          N                  61.0                   4.0                  15.250000                 118.0                   6.0                  19.666667 train
2584834||BBB||2013J     2584834         BBB             2013J      0        38            38                                      0      F  East Anglian Region    Lower Than A Level   50-60%    35-55                     1               60          Y                  88.0                   3.0                  29.333333                 160.0                   4.0                  40.000000 train
 577648||BBB||2013J      577648         BBB             2013J      0        38            38                                      0      F North Western Region    Lower Than A Level   50-60%    35-55                     0              120          N                 193.0                   4.0                  48.250000                 236.0                   6.0                  39.333333 train
 574973||BBB||2013J      574973         BBB             2013J      0        38            38                                      0      F West Midlands Region A Level or Equivalent   20-30%     0-35                     0              180          N                 145.0                   4.0                  36.250000                 183.0                   6.0                  30.500000 train
 582975||BBB||2013J      582975         BBB             2013J      0        38            38                                      0      F  East Anglian Region A Level or Equivalent   80-90%     0-35                     0               60          N                  67.0                   3.0                  22.333333                 133.0                   5.0                  26.600000 train
ARTIFACT | C3 output: enrollment_cox_ready_train_w6 | duckdb://enrollment_cox_ready_train_w6
--- C3 output: enrollment_cox_ready_test_w6 (enrollment_cox_ready_test_w6) ---
      enrollment_id  id_student code_module code_presentation  event  duration  duration_raw  used_zero_week_fallback_for_censoring gender               region     highest_education imd_band age_band  num_of_prev_attempts  studied_credits disability  clicks_first_4_weeks  active_weeks_first_4  mean_clicks_first_4_weeks  clicks_first_6_weeks  active_weeks_first_6  mean_clicks_first_6_weeks split
 511678||BBB||2013J      511678         BBB             2013J      0        38            38                                      0      F         South Region A Level or Equivalent   20-30%     0-35                     0              120          N                1695.0                   4.0                 423.750000                3509.0                   6.0                 584.833333  test
2463213||BBB||2013J     2463213         BBB             2013J      0        38            38                                      0      F  East Anglian Region    Lower Than A Level   60-70%    35-55                     0               90          N                2222.0                   4.0                 555.500000                2543.0                   6.0                 423.833333  test
2452289||BBB||2013J     2452289         BBB             2013J      0        38            38                                      0      F    South East Region    Lower Than A Level   70-80%    35-55                     0               60          N                 111.0                   4.0                  27.750000                 167.0                   6.0                  27.833333  test
 542296||BBB||2013J      542296         BBB             2013J      0        38            38                                      0      F                Wales    Lower Than A Level   30-40%    35-55                     1               60          N                 189.0                   4.0                  47.250000                 278.0                   6.0                  46.333333  test
 540249||BBB||2013J      540249         BBB             2013J      0        38            38                                      0      M  East Anglian Region A Level or Equivalent    0-10%    35-55                     0              120          N                 119.0                   4.0                  29.750000                 122.0                   5.0                  24.400000  test
 611531||BBB||2013J      611531         BBB             2013J      0        38            38                                      0      M             Scotland    Lower Than A Level   30-40%    35-55                     0               60          N                 409.0                   4.0                 102.250000                 708.0                   6.0                 118.000000  test
2455578||BBB||2013J     2455578         BBB             2013J      0        38            38                                      0      F         South Region A Level or Equivalent   60-70%     0-35                     0              120          N                 121.0                   3.0                  40.333333                 134.0                   5.0                  26.800000  test
 598252||BBB||2013J      598252         BBB             2013J      0        38            38                                      0      F              Ireland    Lower Than A Level    0-10%     0-35                     0              120          N                  24.0                   2.0                  12.000000                  24.0                   2.0                  12.000000  test
 598503||BBB||2013J      598503         BBB             2013J      1         9             9                                      0      F             Scotland    Lower Than A Level   40-50%    35-55                     0               60          N                 569.0                   4.0                 142.250000                 698.0                   6.0                 116.333333  test
 381541||BBB||2013J      381541         BBB             2013J      0        38            38                                      0      F     Yorkshire Region    Lower Than A Level    0-10%     0-35                     0              120          N                 148.0                   4.0                  37.000000                 235.0                   6.0                  39.166667  test
 597886||BBB||2013J      597886         BBB             2013J      0        38            38                                      0      F         South Region    Lower Than A Level  90-100%     0-35                     0              120          N                 337.0                   4.0                  84.250000                 421.0                   6.0                  70.166667  test
 579619||BBB||2013J      579619         BBB             2013J      0        38            38                                      0      F              Ireland    Lower Than A Level   20-30%     0-35                     0               90          N                 356.0                   4.0                  89.000000                 590.0                   6.0                  98.333333  test
 491279||BBB||2013J      491279         BBB             2013J      0        38            38                                      0      F             Scotland    Lower Than A Level   30-40%    35-55                     1               60          Y                 144.0                   4.0                  36.000000                 158.0                   6.0                  26.333333  test
 551836||BBB||2013J      551836         BBB             2013J      0        38            38                                      0      M         North Region    Lower Than A Level    10-20     0-35                     0               60          N                 223.0                   4.0                  55.750000                 252.0                   6.0                  42.000000  test
 583970||BBB||2013J      583970         BBB             2013J      0        38            38                                      0      F East Midlands Region A Level or Equivalent   80-90%     0-35                     0               60          N                  62.0                   4.0                  15.500000                  83.0                   6.0                  13.833333  test
  98268||BBB||2013J       98268         BBB             2013J      0        38            38                                      0      F             Scotland      HE Qualification   70-80%    35-55                     0               60          N                 114.0                   3.0                  38.000000                 184.0                   5.0                  36.800000  test
 417657||BBB||2013J      417657         BBB             2013J      0        38            38                                      0      F             Scotland A Level or Equivalent   60-70%     0-35                     0               60          N                 145.0                   4.0                  36.250000                 147.0                   5.0                  29.400000  test
 572302||BBB||2013J      572302         BBB             2013J      1        20            20                                      0      M    South East Region    Lower Than A Level   30-40%     0-35                     0              120          N                 116.0                   4.0                  29.000000                 139.0                   5.0                  27.800000  test
 674541||CCC||2014J      674541         CCC             2014J      0        38            38                                      0      M         North Region      HE Qualification     None    35-55                     0               30          N                2917.0                   4.0                 729.250000                4951.0                   6.0                 825.166667  test
 264715||CCC||2014J      264715         CCC             2014J      0        38            38                                      0      F         South Region A Level or Equivalent   20-30%    35-55                     0               60          N                 560.0                   4.0                 140.000000                 560.0                   4.0                 140.000000  test
ARTIFACT | C3 output: enrollment_cox_ready_test_w6 | duckdb://enrollment_cox_ready_test_w6
--- C3 output: enrollment_deepsurv_ready_train_w6 (enrollment_deepsurv_ready_train_w6) ---
      enrollment_id  id_student code_module code_presentation  event  duration  duration_raw  used_zero_week_fallback_for_censoring gender               region     highest_education imd_band age_band  num_of_prev_attempts  studied_credits disability  clicks_first_4_weeks  active_weeks_first_4  mean_clicks_first_4_weeks  clicks_first_6_weeks  active_weeks_first_6  mean_clicks_first_6_weeks split
 382979||BBB||2013J      382979         BBB             2013J      0        38            38                                      0      F         South Region A Level or Equivalent   80-90%    35-55                     0               90          N                 394.0                   4.0                  98.500000                 590.0                   6.0                  98.333333 train
 522894||BBB||2013J      522894         BBB             2013J      0        38            38                                      0      F             Scotland      HE Qualification   30-40%    35-55                     0              120          N                 275.0                   4.0                  68.750000                 425.0                   6.0                  70.833333 train
 514864||BBB||2013J      514864         BBB             2013J      0        38            38                                      0      F West Midlands Region    Lower Than A Level    10-20     0-35                     0               60          N                 177.0                   4.0                  44.250000                 229.0                   6.0                  38.166667 train
1939695||BBB||2013J     1939695         BBB             2013J      0        38            38                                      0      F             Scotland    Lower Than A Level   30-40%    35-55                     2               60          Y                 107.0                   3.0                  35.666667                 161.0                   5.0                  32.200000 train
 544122||BBB||2013J      544122         BBB             2013J      0        38            38                                      0      F                Wales A Level or Equivalent  90-100%     0-35                     0               60          N                 111.0                   4.0                  27.750000                 189.0                   6.0                  31.500000 train
 530487||BBB||2013J      530487         BBB             2013J      0        38            38                                      0      F        London Region      HE Qualification   40-50%     0-35                     0               60          N                 366.0                   4.0                  91.500000                 450.0                   6.0                  75.000000 train
 534133||BBB||2013J      534133         BBB             2013J      0        38            38                                      0      F     Yorkshire Region    Lower Than A Level    0-10%     0-35                     0               60          N                  90.0                   2.0                  45.000000                 191.0                   4.0                  47.750000 train
 556427||BBB||2013J      556427         BBB             2013J      1        34            34                                      0      F East Midlands Region A Level or Equivalent   20-30%     0-35                     0               60          N                  14.0                   2.0                   7.000000                  44.0                   3.0                  14.666667 train
 526177||BBB||2013J      526177         BBB             2013J      0        38            38                                      0      F             Scotland    Lower Than A Level   40-50%     0-35                     0               75          N                  24.0                   4.0                   6.000000                  35.0                   6.0                   5.833333 train
 535833||BBB||2013J      535833         BBB             2013J      0        38            38                                      0      F    South West Region    Lower Than A Level   20-30%     0-35                     0               60          N                   1.0                   1.0                   1.000000                   1.0                   1.0                   1.000000 train
 344568||BBB||2013J      344568         BBB             2013J      0        38            38                                      0      F West Midlands Region    Lower Than A Level   70-80%     0-35                     0               60          N                 109.0                   3.0                  36.333333                 210.0                   5.0                  42.000000 train
 233752||BBB||2013J      233752         BBB             2013J      0        38            38                                      0      F North Western Region    Lower Than A Level   60-70%    35-55                     0               60          N                 806.0                   4.0                 201.500000                1234.0                   6.0                 205.666667 train
 105883||BBB||2013J      105883         BBB             2013J      0        38            38                                      0      F North Western Region A Level or Equivalent    0-10%    35-55                     0               60          N                 388.0                   4.0                  97.000000                 844.0                   6.0                 140.666667 train
 153704||BBB||2013J      153704         BBB             2013J      0        38            38                                      0      F West Midlands Region    Lower Than A Level    0-10%     0-35                     2               60          N                  21.0                   2.0                  10.500000                  31.0                   4.0                   7.750000 train
 600771||BBB||2013J      600771         BBB             2013J      0        38            38                                      0      M    South East Region    Lower Than A Level    10-20    35-55                     0               60          N                 186.0                   4.0                  46.500000                 235.0                   6.0                  39.166667 train
2567158||BBB||2013J     2567158         BBB             2013J      0        38            38                                      0      F West Midlands Region A Level or Equivalent   50-60%    35-55                     0              180          N                  61.0                   4.0                  15.250000                 118.0                   6.0                  19.666667 train
2584834||BBB||2013J     2584834         BBB             2013J      0        38            38                                      0      F  East Anglian Region    Lower Than A Level   50-60%    35-55                     1               60          Y                  88.0                   3.0                  29.333333                 160.0                   4.0                  40.000000 train
 577648||BBB||2013J      577648         BBB             2013J      0        38            38                                      0      F North Western Region    Lower Than A Level   50-60%    35-55                     0              120          N                 193.0                   4.0                  48.250000                 236.0                   6.0                  39.333333 train
 574973||BBB||2013J      574973         BBB             2013J      0        38            38                                      0      F West Midlands Region A Level or Equivalent   20-30%     0-35                     0              180          N                 145.0                   4.0                  36.250000                 183.0                   6.0                  30.500000 train
 582975||BBB||2013J      582975         BBB             2013J      0        38            38                                      0      F  East Anglian Region A Level or Equivalent   80-90%     0-35                     0               60          N                  67.0                   3.0                  22.333333                 133.0                   5.0                  26.600000 train
ARTIFACT | C3 output: enrollment_deepsurv_ready_train_w6 | duckdb://enrollment_deepsurv_ready_train_w6
--- C3 output: enrollment_deepsurv_ready_test_w6 (enrollment_deepsurv_ready_test_w6) ---
      enrollment_id  id_student code_module code_presentation  event  duration  duration_raw  used_zero_week_fallback_for_censoring gender               region     highest_education imd_band age_band  num_of_prev_attempts  studied_credits disability  clicks_first_4_weeks  active_weeks_first_4  mean_clicks_first_4_weeks  clicks_first_6_weeks  active_weeks_first_6  mean_clicks_first_6_weeks split
 511678||BBB||2013J      511678         BBB             2013J      0        38            38                                      0      F         South Region A Level or Equivalent   20-30%     0-35                     0              120          N                1695.0                   4.0                 423.750000                3509.0                   6.0                 584.833333  test
2463213||BBB||2013J     2463213         BBB             2013J      0        38            38                                      0      F  East Anglian Region    Lower Than A Level   60-70%    35-55                     0               90          N                2222.0                   4.0                 555.500000                2543.0                   6.0                 423.833333  test
2452289||BBB||2013J     2452289         BBB             2013J      0        38            38                                      0      F    South East Region    Lower Than A Level   70-80%    35-55                     0               60          N                 111.0                   4.0                  27.750000                 167.0                   6.0                  27.833333  test
 542296||BBB||2013J      542296         BBB             2013J      0        38            38                                      0      F                Wales    Lower Than A Level   30-40%    35-55                     1               60          N                 189.0                   4.0                  47.250000                 278.0                   6.0                  46.333333  test
 540249||BBB||2013J      540249         BBB             2013J      0        38            38                                      0      M  East Anglian Region A Level or Equivalent    0-10%    35-55                     0              120          N                 119.0                   4.0                  29.750000                 122.0                   5.0                  24.400000  test
 611531||BBB||2013J      611531         BBB             2013J      0        38            38                                      0      M             Scotland    Lower Than A Level   30-40%    35-55                     0               60          N                 409.0                   4.0                 102.250000                 708.0                   6.0                 118.000000  test
2455578||BBB||2013J     2455578         BBB             2013J      0        38            38                                      0      F         South Region A Level or Equivalent   60-70%     0-35                     0              120          N                 121.0                   3.0                  40.333333                 134.0                   5.0                  26.800000  test
 598252||BBB||2013J      598252         BBB             2013J      0        38            38                                      0      F              Ireland    Lower Than A Level    0-10%     0-35                     0              120          N                  24.0                   2.0                  12.000000                  24.0                   2.0                  12.000000  test
 598503||BBB||2013J      598503         BBB             2013J      1         9             9                                      0      F             Scotland    Lower Than A Level   40-50%    35-55                     0               60          N                 569.0                   4.0                 142.250000                 698.0                   6.0                 116.333333  test
 381541||BBB||2013J      381541         BBB             2013J      0        38            38                                      0      F     Yorkshire Region    Lower Than A Level    0-10%     0-35                     0              120          N                 148.0                   4.0                  37.000000                 235.0                   6.0                  39.166667  test
 597886||BBB||2013J      597886         BBB             2013J      0        38            38                                      0      F         South Region    Lower Than A Level  90-100%     0-35                     0              120          N                 337.0                   4.0                  84.250000                 421.0                   6.0                  70.166667  test
 579619||BBB||2013J      579619         BBB             2013J      0        38            38                                      0      F              Ireland    Lower Than A Level   20-30%     0-35                     0               90          N                 356.0                   4.0                  89.000000                 590.0                   6.0                  98.333333  test
 491279||BBB||2013J      491279         BBB             2013J      0        38            38                                      0      F             Scotland    Lower Than A Level   30-40%    35-55                     1               60          Y                 144.0                   4.0                  36.000000                 158.0                   6.0                  26.333333  test
 551836||BBB||2013J      551836         BBB             2013J      0        38            38                                      0      M         North Region    Lower Than A Level    10-20     0-35                     0               60          N                 223.0                   4.0                  55.750000                 252.0                   6.0                  42.000000  test
 583970||BBB||2013J      583970         BBB             2013J      0        38            38                                      0      F East Midlands Region A Level or Equivalent   80-90%     0-35                     0               60          N                  62.0                   4.0                  15.500000                  83.0                   6.0                  13.833333  test
  98268||BBB||2013J       98268         BBB             2013J      0        38            38                                      0      F             Scotland      HE Qualification   70-80%    35-55                     0               60          N                 114.0                   3.0                  38.000000                 184.0                   5.0                  36.800000  test
 417657||BBB||2013J      417657         BBB             2013J      0        38            38                                      0      F             Scotland A Level or Equivalent   60-70%     0-35                     0               60          N                 145.0                   4.0                  36.250000                 147.0                   5.0                  29.400000  test
 572302||BBB||2013J      572302         BBB             2013J      1        20            20                                      0      M    South East Region    Lower Than A Level   30-40%     0-35                     0              120          N                 116.0                   4.0                  29.000000                 139.0                   5.0                  27.800000  test
 674541||CCC||2014J      674541         CCC             2014J      0        38            38                                      0      M         North Region      HE Qualification     None    35-55                     0               30          N                2917.0                   4.0                 729.250000                4951.0                   6.0                 825.166667  test
 264715||CCC||2014J      264715         CCC             2014J      0        38            38                                      0      F         South Region A Level or Equivalent   20-30%    35-55                     0               60          N                 560.0                   4.0                 140.000000                 560.0                   4.0                 140.000000  test
ARTIFACT | C3 output: enrollment_deepsurv_ready_test_w6 | duckdb://enrollment_deepsurv_ready_test_w6
--- C3 output: enrollment_cox_ready_train_w8 (enrollment_cox_ready_train_w8) ---
      enrollment_id  id_student code_module code_presentation  event  duration  duration_raw  used_zero_week_fallback_for_censoring gender               region     highest_education imd_band age_band  num_of_prev_attempts  studied_credits disability  clicks_first_4_weeks  active_weeks_first_4  mean_clicks_first_4_weeks  clicks_first_8_weeks  active_weeks_first_8  mean_clicks_first_8_weeks split
 382979||BBB||2013J      382979         BBB             2013J      0        38            38                                      0      F         South Region A Level or Equivalent   80-90%    35-55                     0               90          N                 394.0                   4.0                  98.500000                 659.0                   8.0                  82.375000 train
 522894||BBB||2013J      522894         BBB             2013J      0        38            38                                      0      F             Scotland      HE Qualification   30-40%    35-55                     0              120          N                 275.0                   4.0                  68.750000                 530.0                   8.0                  66.250000 train
 514864||BBB||2013J      514864         BBB             2013J      0        38            38                                      0      F West Midlands Region    Lower Than A Level    10-20     0-35                     0               60          N                 177.0                   4.0                  44.250000                 359.0                   8.0                  44.875000 train
1939695||BBB||2013J     1939695         BBB             2013J      0        38            38                                      0      F             Scotland    Lower Than A Level   30-40%    35-55                     2               60          Y                 107.0                   3.0                  35.666667                 272.0                   7.0                  38.857143 train
 544122||BBB||2013J      544122         BBB             2013J      0        38            38                                      0      F                Wales A Level or Equivalent  90-100%     0-35                     0               60          N                 111.0                   4.0                  27.750000                 259.0                   8.0                  32.375000 train
 530487||BBB||2013J      530487         BBB             2013J      0        38            38                                      0      F        London Region      HE Qualification   40-50%     0-35                     0               60          N                 366.0                   4.0                  91.500000                 618.0                   8.0                  77.250000 train
 534133||BBB||2013J      534133         BBB             2013J      0        38            38                                      0      F     Yorkshire Region    Lower Than A Level    0-10%     0-35                     0               60          N                  90.0                   2.0                  45.000000                 203.0                   5.0                  40.600000 train
 556427||BBB||2013J      556427         BBB             2013J      1        34            34                                      0      F East Midlands Region A Level or Equivalent   20-30%     0-35                     0               60          N                  14.0                   2.0                   7.000000                  84.0                   5.0                  16.800000 train
 526177||BBB||2013J      526177         BBB             2013J      0        38            38                                      0      F             Scotland    Lower Than A Level   40-50%     0-35                     0               75          N                  24.0                   4.0                   6.000000                  81.0                   7.0                  11.571429 train
 535833||BBB||2013J      535833         BBB             2013J      0        38            38                                      0      F    South West Region    Lower Than A Level   20-30%     0-35                     0               60          N                   1.0                   1.0                   1.000000                  28.0                   2.0                  14.000000 train
 344568||BBB||2013J      344568         BBB             2013J      0        38            38                                      0      F West Midlands Region    Lower Than A Level   70-80%     0-35                     0               60          N                 109.0                   3.0                  36.333333                 262.0                   7.0                  37.428571 train
 233752||BBB||2013J      233752         BBB             2013J      0        38            38                                      0      F North Western Region    Lower Than A Level   60-70%    35-55                     0               60          N                 806.0                   4.0                 201.500000                1961.0                   8.0                 245.125000 train
 105883||BBB||2013J      105883         BBB             2013J      0        38            38                                      0      F North Western Region A Level or Equivalent    0-10%    35-55                     0               60          N                 388.0                   4.0                  97.000000                1435.0                   8.0                 179.375000 train
 153704||BBB||2013J      153704         BBB             2013J      0        38            38                                      0      F West Midlands Region    Lower Than A Level    0-10%     0-35                     2               60          N                  21.0                   2.0                  10.500000                  31.0                   4.0                   7.750000 train
 600771||BBB||2013J      600771         BBB             2013J      0        38            38                                      0      M    South East Region    Lower Than A Level    10-20    35-55                     0               60          N                 186.0                   4.0                  46.500000                 292.0                   8.0                  36.500000 train
2567158||BBB||2013J     2567158         BBB             2013J      0        38            38                                      0      F West Midlands Region A Level or Equivalent   50-60%    35-55                     0              180          N                  61.0                   4.0                  15.250000                 187.0                   8.0                  23.375000 train
2584834||BBB||2013J     2584834         BBB             2013J      0        38            38                                      0      F  East Anglian Region    Lower Than A Level   50-60%    35-55                     1               60          Y                  88.0                   3.0                  29.333333                 198.0                   6.0                  33.000000 train
 577648||BBB||2013J      577648         BBB             2013J      0        38            38                                      0      F North Western Region    Lower Than A Level   50-60%    35-55                     0              120          N                 193.0                   4.0                  48.250000                 270.0                   8.0                  33.750000 train
 574973||BBB||2013J      574973         BBB             2013J      0        38            38                                      0      F West Midlands Region A Level or Equivalent   20-30%     0-35                     0              180          N                 145.0                   4.0                  36.250000                 236.0                   8.0                  29.500000 train
 582975||BBB||2013J      582975         BBB             2013J      0        38            38                                      0      F  East Anglian Region A Level or Equivalent   80-90%     0-35                     0               60          N                  67.0                   3.0                  22.333333                 182.0                   7.0                  26.000000 train
ARTIFACT | C3 output: enrollment_cox_ready_train_w8 | duckdb://enrollment_cox_ready_train_w8
--- C3 output: enrollment_cox_ready_test_w8 (enrollment_cox_ready_test_w8) ---
      enrollment_id  id_student code_module code_presentation  event  duration  duration_raw  used_zero_week_fallback_for_censoring gender               region     highest_education imd_band age_band  num_of_prev_attempts  studied_credits disability  clicks_first_4_weeks  active_weeks_first_4  mean_clicks_first_4_weeks  clicks_first_8_weeks  active_weeks_first_8  mean_clicks_first_8_weeks split
 511678||BBB||2013J      511678         BBB             2013J      0        38            38                                      0      F         South Region A Level or Equivalent   20-30%     0-35                     0              120          N                1695.0                   4.0                 423.750000                4968.0                   8.0                 621.000000  test
2463213||BBB||2013J     2463213         BBB             2013J      0        38            38                                      0      F  East Anglian Region    Lower Than A Level   60-70%    35-55                     0               90          N                2222.0                   4.0                 555.500000                3126.0                   8.0                 390.750000  test
2452289||BBB||2013J     2452289         BBB             2013J      0        38            38                                      0      F    South East Region    Lower Than A Level   70-80%    35-55                     0               60          N                 111.0                   4.0                  27.750000                 249.0                   8.0                  31.125000  test
 542296||BBB||2013J      542296         BBB             2013J      0        38            38                                      0      F                Wales    Lower Than A Level   30-40%    35-55                     1               60          N                 189.0                   4.0                  47.250000                 383.0                   8.0                  47.875000  test
 540249||BBB||2013J      540249         BBB             2013J      0        38            38                                      0      M  East Anglian Region A Level or Equivalent    0-10%    35-55                     0              120          N                 119.0                   4.0                  29.750000                 145.0                   6.0                  24.166667  test
 611531||BBB||2013J      611531         BBB             2013J      0        38            38                                      0      M             Scotland    Lower Than A Level   30-40%    35-55                     0               60          N                 409.0                   4.0                 102.250000                1088.0                   8.0                 136.000000  test
2455578||BBB||2013J     2455578         BBB             2013J      0        38            38                                      0      F         South Region A Level or Equivalent   60-70%     0-35                     0              120          N                 121.0                   3.0                  40.333333                 291.0                   7.0                  41.571429  test
 598252||BBB||2013J      598252         BBB             2013J      0        38            38                                      0      F              Ireland    Lower Than A Level    0-10%     0-35                     0              120          N                  24.0                   2.0                  12.000000                  45.0                   3.0                  15.000000  test
 598503||BBB||2013J      598503         BBB             2013J      1         9             9                                      0      F             Scotland    Lower Than A Level   40-50%    35-55                     0               60          N                 569.0                   4.0                 142.250000                 810.0                   8.0                 101.250000  test
 381541||BBB||2013J      381541         BBB             2013J      0        38            38                                      0      F     Yorkshire Region    Lower Than A Level    0-10%     0-35                     0              120          N                 148.0                   4.0                  37.000000                 395.0                   8.0                  49.375000  test
 597886||BBB||2013J      597886         BBB             2013J      0        38            38                                      0      F         South Region    Lower Than A Level  90-100%     0-35                     0              120          N                 337.0                   4.0                  84.250000                 675.0                   8.0                  84.375000  test
 579619||BBB||2013J      579619         BBB             2013J      0        38            38                                      0      F              Ireland    Lower Than A Level   20-30%     0-35                     0               90          N                 356.0                   4.0                  89.000000                 773.0                   8.0                  96.625000  test
 491279||BBB||2013J      491279         BBB             2013J      0        38            38                                      0      F             Scotland    Lower Than A Level   30-40%    35-55                     1               60          Y                 144.0                   4.0                  36.000000                 196.0                   8.0                  24.500000  test
 551836||BBB||2013J      551836         BBB             2013J      0        38            38                                      0      M         North Region    Lower Than A Level    10-20     0-35                     0               60          N                 223.0                   4.0                  55.750000                 300.0                   8.0                  37.500000  test
 583970||BBB||2013J      583970         BBB             2013J      0        38            38                                      0      F East Midlands Region A Level or Equivalent   80-90%     0-35                     0               60          N                  62.0                   4.0                  15.500000                  84.0                   7.0                  12.000000  test
  98268||BBB||2013J       98268         BBB             2013J      0        38            38                                      0      F             Scotland      HE Qualification   70-80%    35-55                     0               60          N                 114.0                   3.0                  38.000000                 304.0                   7.0                  43.428571  test
 417657||BBB||2013J      417657         BBB             2013J      0        38            38                                      0      F             Scotland A Level or Equivalent   60-70%     0-35                     0               60          N                 145.0                   4.0                  36.250000                 153.0                   6.0                  25.500000  test
 572302||BBB||2013J      572302         BBB             2013J      1        20            20                                      0      M    South East Region    Lower Than A Level   30-40%     0-35                     0              120          N                 116.0                   4.0                  29.000000                 164.0                   7.0                  23.428571  test
 674541||CCC||2014J      674541         CCC             2014J      0        38            38                                      0      M         North Region      HE Qualification     None    35-55                     0               30          N                2917.0                   4.0                 729.250000                6702.0                   8.0                 837.750000  test
 264715||CCC||2014J      264715         CCC             2014J      0        38            38                                      0      F         South Region A Level or Equivalent   20-30%    35-55                     0               60          N                 560.0                   4.0                 140.000000                 941.0                   6.0                 156.833333  test
ARTIFACT | C3 output: enrollment_cox_ready_test_w8 | duckdb://enrollment_cox_ready_test_w8
--- C3 output: enrollment_deepsurv_ready_train_w8 (enrollment_deepsurv_ready_train_w8) ---
      enrollment_id  id_student code_module code_presentation  event  duration  duration_raw  used_zero_week_fallback_for_censoring gender               region     highest_education imd_band age_band  num_of_prev_attempts  studied_credits disability  clicks_first_4_weeks  active_weeks_first_4  mean_clicks_first_4_weeks  clicks_first_8_weeks  active_weeks_first_8  mean_clicks_first_8_weeks split
 382979||BBB||2013J      382979         BBB             2013J      0        38            38                                      0      F         South Region A Level or Equivalent   80-90%    35-55                     0               90          N                 394.0                   4.0                  98.500000                 659.0                   8.0                  82.375000 train
 522894||BBB||2013J      522894         BBB             2013J      0        38            38                                      0      F             Scotland      HE Qualification   30-40%    35-55                     0              120          N                 275.0                   4.0                  68.750000                 530.0                   8.0                  66.250000 train
 514864||BBB||2013J      514864         BBB             2013J      0        38            38                                      0      F West Midlands Region    Lower Than A Level    10-20     0-35                     0               60          N                 177.0                   4.0                  44.250000                 359.0                   8.0                  44.875000 train
1939695||BBB||2013J     1939695         BBB             2013J      0        38            38                                      0      F             Scotland    Lower Than A Level   30-40%    35-55                     2               60          Y                 107.0                   3.0                  35.666667                 272.0                   7.0                  38.857143 train
 544122||BBB||2013J      544122         BBB             2013J      0        38            38                                      0      F                Wales A Level or Equivalent  90-100%     0-35                     0               60          N                 111.0                   4.0                  27.750000                 259.0                   8.0                  32.375000 train
 530487||BBB||2013J      530487         BBB             2013J      0        38            38                                      0      F        London Region      HE Qualification   40-50%     0-35                     0               60          N                 366.0                   4.0                  91.500000                 618.0                   8.0                  77.250000 train
 534133||BBB||2013J      534133         BBB             2013J      0        38            38                                      0      F     Yorkshire Region    Lower Than A Level    0-10%     0-35                     0               60          N                  90.0                   2.0                  45.000000                 203.0                   5.0                  40.600000 train
 556427||BBB||2013J      556427         BBB             2013J      1        34            34                                      0      F East Midlands Region A Level or Equivalent   20-30%     0-35                     0               60          N                  14.0                   2.0                   7.000000                  84.0                   5.0                  16.800000 train
 526177||BBB||2013J      526177         BBB             2013J      0        38            38                                      0      F             Scotland    Lower Than A Level   40-50%     0-35                     0               75          N                  24.0                   4.0                   6.000000                  81.0                   7.0                  11.571429 train
 535833||BBB||2013J      535833         BBB             2013J      0        38            38                                      0      F    South West Region    Lower Than A Level   20-30%     0-35                     0               60          N                   1.0                   1.0                   1.000000                  28.0                   2.0                  14.000000 train
 344568||BBB||2013J      344568         BBB             2013J      0        38            38                                      0      F West Midlands Region    Lower Than A Level   70-80%     0-35                     0               60          N                 109.0                   3.0                  36.333333                 262.0                   7.0                  37.428571 train
 233752||BBB||2013J      233752         BBB             2013J      0        38            38                                      0      F North Western Region    Lower Than A Level   60-70%    35-55                     0               60          N                 806.0                   4.0                 201.500000                1961.0                   8.0                 245.125000 train
 105883||BBB||2013J      105883         BBB             2013J      0        38            38                                      0      F North Western Region A Level or Equivalent    0-10%    35-55                     0               60          N                 388.0                   4.0                  97.000000                1435.0                   8.0                 179.375000 train
 153704||BBB||2013J      153704         BBB             2013J      0        38            38                                      0      F West Midlands Region    Lower Than A Level    0-10%     0-35                     2               60          N                  21.0                   2.0                  10.500000                  31.0                   4.0                   7.750000 train
 600771||BBB||2013J      600771         BBB             2013J      0        38            38                                      0      M    South East Region    Lower Than A Level    10-20    35-55                     0               60          N                 186.0                   4.0                  46.500000                 292.0                   8.0                  36.500000 train
2567158||BBB||2013J     2567158         BBB             2013J      0        38            38                                      0      F West Midlands Region A Level or Equivalent   50-60%    35-55                     0              180          N                  61.0                   4.0                  15.250000                 187.0                   8.0                  23.375000 train
2584834||BBB||2013J     2584834         BBB             2013J      0        38            38                                      0      F  East Anglian Region    Lower Than A Level   50-60%    35-55                     1               60          Y                  88.0                   3.0                  29.333333                 198.0                   6.0                  33.000000 train
 577648||BBB||2013J      577648         BBB             2013J      0        38            38                                      0      F North Western Region    Lower Than A Level   50-60%    35-55                     0              120          N                 193.0                   4.0                  48.250000                 270.0                   8.0                  33.750000 train
 574973||BBB||2013J      574973         BBB             2013J      0        38            38                                      0      F West Midlands Region A Level or Equivalent   20-30%     0-35                     0              180          N                 145.0                   4.0                  36.250000                 236.0                   8.0                  29.500000 train
 582975||BBB||2013J      582975         BBB             2013J      0        38            38                                      0      F  East Anglian Region A Level or Equivalent   80-90%     0-35                     0               60          N                  67.0                   3.0                  22.333333                 182.0                   7.0                  26.000000 train
ARTIFACT | C3 output: enrollment_deepsurv_ready_train_w8 | duckdb://enrollment_deepsurv_ready_train_w8
--- C3 output: enrollment_deepsurv_ready_test_w8 (enrollment_deepsurv_ready_test_w8) ---
      enrollment_id  id_student code_module code_presentation  event  duration  duration_raw  used_zero_week_fallback_for_censoring gender               region     highest_education imd_band age_band  num_of_prev_attempts  studied_credits disability  clicks_first_4_weeks  active_weeks_first_4  mean_clicks_first_4_weeks  clicks_first_8_weeks  active_weeks_first_8  mean_clicks_first_8_weeks split
 511678||BBB||2013J      511678         BBB             2013J      0        38            38                                      0      F         South Region A Level or Equivalent   20-30%     0-35                     0              120          N                1695.0                   4.0                 423.750000                4968.0                   8.0                 621.000000  test
2463213||BBB||2013J     2463213         BBB             2013J      0        38            38                                      0      F  East Anglian Region    Lower Than A Level   60-70%    35-55                     0               90          N                2222.0                   4.0                 555.500000                3126.0                   8.0                 390.750000  test
2452289||BBB||2013J     2452289         BBB             2013J      0        38            38                                      0      F    South East Region    Lower Than A Level   70-80%    35-55                     0               60          N                 111.0                   4.0                  27.750000                 249.0                   8.0                  31.125000  test
 542296||BBB||2013J      542296         BBB             2013J      0        38            38                                      0      F                Wales    Lower Than A Level   30-40%    35-55                     1               60          N                 189.0                   4.0                  47.250000                 383.0                   8.0                  47.875000  test
 540249||BBB||2013J      540249         BBB             2013J      0        38            38                                      0      M  East Anglian Region A Level or Equivalent    0-10%    35-55                     0              120          N                 119.0                   4.0                  29.750000                 145.0                   6.0                  24.166667  test
 611531||BBB||2013J      611531         BBB             2013J      0        38            38                                      0      M             Scotland    Lower Than A Level   30-40%    35-55                     0               60          N                 409.0                   4.0                 102.250000                1088.0                   8.0                 136.000000  test
2455578||BBB||2013J     2455578         BBB             2013J      0        38            38                                      0      F         South Region A Level or Equivalent   60-70%     0-35                     0              120          N                 121.0                   3.0                  40.333333                 291.0                   7.0                  41.571429  test
 598252||BBB||2013J      598252         BBB             2013J      0        38            38                                      0      F              Ireland    Lower Than A Level    0-10%     0-35                     0              120          N                  24.0                   2.0                  12.000000                  45.0                   3.0                  15.000000  test
 598503||BBB||2013J      598503         BBB             2013J      1         9             9                                      0      F             Scotland    Lower Than A Level   40-50%    35-55                     0               60          N                 569.0                   4.0                 142.250000                 810.0                   8.0                 101.250000  test
 381541||BBB||2013J      381541         BBB             2013J      0        38            38                                      0      F     Yorkshire Region    Lower Than A Level    0-10%     0-35                     0              120          N                 148.0                   4.0                  37.000000                 395.0                   8.0                  49.375000  test
 597886||BBB||2013J      597886         BBB             2013J      0        38            38                                      0      F         South Region    Lower Than A Level  90-100%     0-35                     0              120          N                 337.0                   4.0                  84.250000                 675.0                   8.0                  84.375000  test
 579619||BBB||2013J      579619         BBB             2013J      0        38            38                                      0      F              Ireland    Lower Than A Level   20-30%     0-35                     0               90          N                 356.0                   4.0                  89.000000                 773.0                   8.0                  96.625000  test
 491279||BBB||2013J      491279         BBB             2013J      0        38            38                                      0      F             Scotland    Lower Than A Level   30-40%    35-55                     1               60          Y                 144.0                   4.0                  36.000000                 196.0                   8.0                  24.500000  test
 551836||BBB||2013J      551836         BBB             2013J      0        38            38                                      0      M         North Region    Lower Than A Level    10-20     0-35                     0               60          N                 223.0                   4.0                  55.750000                 300.0                   8.0                  37.500000  test
 583970||BBB||2013J      583970         BBB             2013J      0        38            38                                      0      F East Midlands Region A Level or Equivalent   80-90%     0-35                     0               60          N                  62.0                   4.0                  15.500000                  84.0                   7.0                  12.000000  test
  98268||BBB||2013J       98268         BBB             2013J      0        38            38                                      0      F             Scotland      HE Qualification   70-80%    35-55                     0               60          N                 114.0                   3.0                  38.000000                 304.0                   7.0                  43.428571  test
 417657||BBB||2013J      417657         BBB             2013J      0        38            38                                      0      F             Scotland A Level or Equivalent   60-70%     0-35                     0               60          N                 145.0                   4.0                  36.250000                 153.0                   6.0                  25.500000  test
 572302||BBB||2013J      572302         BBB             2013J      1        20            20                                      0      M    South East Region    Lower Than A Level   30-40%     0-35                     0              120          N                 116.0                   4.0                  29.000000                 164.0                   7.0                  23.428571  test
 674541||CCC||2014J      674541         CCC             2014J      0        38            38                                      0      M         North Region      HE Qualification     None    35-55                     0               30          N                2917.0                   4.0                 729.250000                6702.0                   8.0                 837.750000  test
 264715||CCC||2014J      264715         CCC             2014J      0        38            38                                      0      F         South Region A Level or Equivalent   20-30%    35-55                     0               60          N                 560.0                   4.0                 140.000000                 941.0                   6.0                 156.833333  test
ARTIFACT | C3 output: enrollment_deepsurv_ready_test_w8 | duckdb://enrollment_deepsurv_ready_test_w8
--- C3 output: enrollment_cox_ready_train_w10 (enrollment_cox_ready_train_w10) ---
      enrollment_id  id_student code_module code_presentation  event  duration  duration_raw  used_zero_week_fallback_for_censoring gender               region     highest_education imd_band age_band  num_of_prev_attempts  studied_credits disability  clicks_first_4_weeks  active_weeks_first_4  mean_clicks_first_4_weeks  clicks_first_10_weeks  active_weeks_first_10  mean_clicks_first_10_weeks split
 382979||BBB||2013J      382979         BBB             2013J      0        38            38                                      0      F         South Region A Level or Equivalent   80-90%    35-55                     0               90          N                 394.0                   4.0                  98.500000                  827.0                   10.0                   82.700000 train
 522894||BBB||2013J      522894         BBB             2013J      0        38            38                                      0      F             Scotland      HE Qualification   30-40%    35-55                     0              120          N                 275.0                   4.0                  68.750000                  641.0                   10.0                   64.100000 train
 514864||BBB||2013J      514864         BBB             2013J      0        38            38                                      0      F West Midlands Region    Lower Than A Level    10-20     0-35                     0               60          N                 177.0                   4.0                  44.250000                  424.0                   10.0                   42.400000 train
1939695||BBB||2013J     1939695         BBB             2013J      0        38            38                                      0      F             Scotland    Lower Than A Level   30-40%    35-55                     2               60          Y                 107.0                   3.0                  35.666667                  324.0                    9.0                   36.000000 train
 544122||BBB||2013J      544122         BBB             2013J      0        38            38                                      0      F                Wales A Level or Equivalent  90-100%     0-35                     0               60          N                 111.0                   4.0                  27.750000                  291.0                   10.0                   29.100000 train
 530487||BBB||2013J      530487         BBB             2013J      0        38            38                                      0      F        London Region      HE Qualification   40-50%     0-35                     0               60          N                 366.0                   4.0                  91.500000                  683.0                   10.0                   68.300000 train
 534133||BBB||2013J      534133         BBB             2013J      0        38            38                                      0      F     Yorkshire Region    Lower Than A Level    0-10%     0-35                     0               60          N                  90.0                   2.0                  45.000000                  304.0                    7.0                   43.428571 train
 556427||BBB||2013J      556427         BBB             2013J      1        34            34                                      0      F East Midlands Region A Level or Equivalent   20-30%     0-35                     0               60          N                  14.0                   2.0                   7.000000                  100.0                    7.0                   14.285714 train
 526177||BBB||2013J      526177         BBB             2013J      0        38            38                                      0      F             Scotland    Lower Than A Level   40-50%     0-35                     0               75          N                  24.0                   4.0                   6.000000                   83.0                    8.0                   10.375000 train
 535833||BBB||2013J      535833         BBB             2013J      0        38            38                                      0      F    South West Region    Lower Than A Level   20-30%     0-35                     0               60          N                   1.0                   1.0                   1.000000                   50.0                    3.0                   16.666667 train
 344568||BBB||2013J      344568         BBB             2013J      0        38            38                                      0      F West Midlands Region    Lower Than A Level   70-80%     0-35                     0               60          N                 109.0                   3.0                  36.333333                  274.0                    9.0                   30.444444 train
 233752||BBB||2013J      233752         BBB             2013J      0        38            38                                      0      F North Western Region    Lower Than A Level   60-70%    35-55                     0               60          N                 806.0                   4.0                 201.500000                 2641.0                   10.0                  264.100000 train
 105883||BBB||2013J      105883         BBB             2013J      0        38            38                                      0      F North Western Region A Level or Equivalent    0-10%    35-55                     0               60          N                 388.0                   4.0                  97.000000                 1717.0                   10.0                  171.700000 train
 153704||BBB||2013J      153704         BBB             2013J      0        38            38                                      0      F West Midlands Region    Lower Than A Level    0-10%     0-35                     2               60          N                  21.0                   2.0                  10.500000                   40.0                    6.0                    6.666667 train
 600771||BBB||2013J      600771         BBB             2013J      0        38            38                                      0      M    South East Region    Lower Than A Level    10-20    35-55                     0               60          N                 186.0                   4.0                  46.500000                  312.0                   10.0                   31.200000 train
2567158||BBB||2013J     2567158         BBB             2013J      0        38            38                                      0      F West Midlands Region A Level or Equivalent   50-60%    35-55                     0              180          N                  61.0                   4.0                  15.250000                  270.0                   10.0                   27.000000 train
2584834||BBB||2013J     2584834         BBB             2013J      0        38            38                                      0      F  East Anglian Region    Lower Than A Level   50-60%    35-55                     1               60          Y                  88.0                   3.0                  29.333333                  240.0                    8.0                   30.000000 train
 577648||BBB||2013J      577648         BBB             2013J      0        38            38                                      0      F North Western Region    Lower Than A Level   50-60%    35-55                     0              120          N                 193.0                   4.0                  48.250000                  296.0                   10.0                   29.600000 train
 574973||BBB||2013J      574973         BBB             2013J      0        38            38                                      0      F West Midlands Region A Level or Equivalent   20-30%     0-35                     0              180          N                 145.0                   4.0                  36.250000                  378.0                   10.0                   37.800000 train
 582975||BBB||2013J      582975         BBB             2013J      0        38            38                                      0      F  East Anglian Region A Level or Equivalent   80-90%     0-35                     0               60          N                  67.0                   3.0                  22.333333                  243.0                    9.0                   27.000000 train
ARTIFACT | C3 output: enrollment_cox_ready_train_w10 | duckdb://enrollment_cox_ready_train_w10
--- C3 output: enrollment_cox_ready_test_w10 (enrollment_cox_ready_test_w10) ---
      enrollment_id  id_student code_module code_presentation  event  duration  duration_raw  used_zero_week_fallback_for_censoring gender               region     highest_education imd_band age_band  num_of_prev_attempts  studied_credits disability  clicks_first_4_weeks  active_weeks_first_4  mean_clicks_first_4_weeks  clicks_first_10_weeks  active_weeks_first_10  mean_clicks_first_10_weeks split
 511678||BBB||2013J      511678         BBB             2013J      0        38            38                                      0      F         South Region A Level or Equivalent   20-30%     0-35                     0              120          N                1695.0                   4.0                 423.750000                 5922.0                   10.0                  592.200000  test
2463213||BBB||2013J     2463213         BBB             2013J      0        38            38                                      0      F  East Anglian Region    Lower Than A Level   60-70%    35-55                     0               90          N                2222.0                   4.0                 555.500000                 3742.0                   10.0                  374.200000  test
2452289||BBB||2013J     2452289         BBB             2013J      0        38            38                                      0      F    South East Region    Lower Than A Level   70-80%    35-55                     0               60          N                 111.0                   4.0                  27.750000                  267.0                   10.0                   26.700000  test
 542296||BBB||2013J      542296         BBB             2013J      0        38            38                                      0      F                Wales    Lower Than A Level   30-40%    35-55                     1               60          N                 189.0                   4.0                  47.250000                  428.0                   10.0                   42.800000  test
 540249||BBB||2013J      540249         BBB             2013J      0        38            38                                      0      M  East Anglian Region A Level or Equivalent    0-10%    35-55                     0              120          N                 119.0                   4.0                  29.750000                  207.0                    8.0                   25.875000  test
 611531||BBB||2013J      611531         BBB             2013J      0        38            38                                      0      M             Scotland    Lower Than A Level   30-40%    35-55                     0               60          N                 409.0                   4.0                 102.250000                 1286.0                   10.0                  128.600000  test
2455578||BBB||2013J     2455578         BBB             2013J      0        38            38                                      0      F         South Region A Level or Equivalent   60-70%     0-35                     0              120          N                 121.0                   3.0                  40.333333                  349.0                    8.0                   43.625000  test
 598252||BBB||2013J      598252         BBB             2013J      0        38            38                                      0      F              Ireland    Lower Than A Level    0-10%     0-35                     0              120          N                  24.0                   2.0                  12.000000                   50.0                    4.0                   12.500000  test
 598503||BBB||2013J      598503         BBB             2013J      1         9             9                                      0      F             Scotland    Lower Than A Level   40-50%    35-55                     0               60          N                 569.0                   4.0                 142.250000                  837.0                   10.0                   83.700000  test
 381541||BBB||2013J      381541         BBB             2013J      0        38            38                                      0      F     Yorkshire Region    Lower Than A Level    0-10%     0-35                     0              120          N                 148.0                   4.0                  37.000000                  452.0                   10.0                   45.200000  test
 597886||BBB||2013J      597886         BBB             2013J      0        38            38                                      0      F         South Region    Lower Than A Level  90-100%     0-35                     0              120          N                 337.0                   4.0                  84.250000                  693.0                   10.0                   69.300000  test
 579619||BBB||2013J      579619         BBB             2013J      0        38            38                                      0      F              Ireland    Lower Than A Level   20-30%     0-35                     0               90          N                 356.0                   4.0                  89.000000                  923.0                   10.0                   92.300000  test
 491279||BBB||2013J      491279         BBB             2013J      0        38            38                                      0      F             Scotland    Lower Than A Level   30-40%    35-55                     1               60          Y                 144.0                   4.0                  36.000000                  214.0                   10.0                   21.400000  test
 551836||BBB||2013J      551836         BBB             2013J      0        38            38                                      0      M         North Region    Lower Than A Level    10-20     0-35                     0               60          N                 223.0                   4.0                  55.750000                  328.0                   10.0                   32.800000  test
 583970||BBB||2013J      583970         BBB             2013J      0        38            38                                      0      F East Midlands Region A Level or Equivalent   80-90%     0-35                     0               60          N                  62.0                   4.0                  15.500000                   96.0                    9.0                   10.666667  test
  98268||BBB||2013J       98268         BBB             2013J      0        38            38                                      0      F             Scotland      HE Qualification   70-80%    35-55                     0               60          N                 114.0                   3.0                  38.000000                  328.0                    9.0                   36.444444  test
 417657||BBB||2013J      417657         BBB             2013J      0        38            38                                      0      F             Scotland A Level or Equivalent   60-70%     0-35                     0               60          N                 145.0                   4.0                  36.250000                  156.0                    7.0                   22.285714  test
 572302||BBB||2013J      572302         BBB             2013J      1        20            20                                      0      M    South East Region    Lower Than A Level   30-40%     0-35                     0              120          N                 116.0                   4.0                  29.000000                  169.0                    8.0                   21.125000  test
 674541||CCC||2014J      674541         CCC             2014J      0        38            38                                      0      M         North Region      HE Qualification     None    35-55                     0               30          N                2917.0                   4.0                 729.250000                 7995.0                   10.0                  799.500000  test
 264715||CCC||2014J      264715         CCC             2014J      0        38            38                                      0      F         South Region A Level or Equivalent   20-30%    35-55                     0               60          N                 560.0                   4.0                 140.000000                 1427.0                    8.0                  178.375000  test
ARTIFACT | C3 output: enrollment_cox_ready_test_w10 | duckdb://enrollment_cox_ready_test_w10
--- C3 output: enrollment_deepsurv_ready_train_w10 (enrollment_deepsurv_ready_train_w10) ---
      enrollment_id  id_student code_module code_presentation  event  duration  duration_raw  used_zero_week_fallback_for_censoring gender               region     highest_education imd_band age_band  num_of_prev_attempts  studied_credits disability  clicks_first_4_weeks  active_weeks_first_4  mean_clicks_first_4_weeks  clicks_first_10_weeks  active_weeks_first_10  mean_clicks_first_10_weeks split
 382979||BBB||2013J      382979         BBB             2013J      0        38            38                                      0      F         South Region A Level or Equivalent   80-90%    35-55                     0               90          N                 394.0                   4.0                  98.500000                  827.0                   10.0                   82.700000 train
 522894||BBB||2013J      522894         BBB             2013J      0        38            38                                      0      F             Scotland      HE Qualification   30-40%    35-55                     0              120          N                 275.0                   4.0                  68.750000                  641.0                   10.0                   64.100000 train
 514864||BBB||2013J      514864         BBB             2013J      0        38            38                                      0      F West Midlands Region    Lower Than A Level    10-20     0-35                     0               60          N                 177.0                   4.0                  44.250000                  424.0                   10.0                   42.400000 train
1939695||BBB||2013J     1939695         BBB             2013J      0        38            38                                      0      F             Scotland    Lower Than A Level   30-40%    35-55                     2               60          Y                 107.0                   3.0                  35.666667                  324.0                    9.0                   36.000000 train
 544122||BBB||2013J      544122         BBB             2013J      0        38            38                                      0      F                Wales A Level or Equivalent  90-100%     0-35                     0               60          N                 111.0                   4.0                  27.750000                  291.0                   10.0                   29.100000 train
 530487||BBB||2013J      530487         BBB             2013J      0        38            38                                      0      F        London Region      HE Qualification   40-50%     0-35                     0               60          N                 366.0                   4.0                  91.500000                  683.0                   10.0                   68.300000 train
 534133||BBB||2013J      534133         BBB             2013J      0        38            38                                      0      F     Yorkshire Region    Lower Than A Level    0-10%     0-35                     0               60          N                  90.0                   2.0                  45.000000                  304.0                    7.0                   43.428571 train
 556427||BBB||2013J      556427         BBB             2013J      1        34            34                                      0      F East Midlands Region A Level or Equivalent   20-30%     0-35                     0               60          N                  14.0                   2.0                   7.000000                  100.0                    7.0                   14.285714 train
 526177||BBB||2013J      526177         BBB             2013J      0        38            38                                      0      F             Scotland    Lower Than A Level   40-50%     0-35                     0               75          N                  24.0                   4.0                   6.000000                   83.0                    8.0                   10.375000 train
 535833||BBB||2013J      535833         BBB             2013J      0        38            38                                      0      F    South West Region    Lower Than A Level   20-30%     0-35                     0               60          N                   1.0                   1.0                   1.000000                   50.0                    3.0                   16.666667 train
 344568||BBB||2013J      344568         BBB             2013J      0        38            38                                      0      F West Midlands Region    Lower Than A Level   70-80%     0-35                     0               60          N                 109.0                   3.0                  36.333333                  274.0                    9.0                   30.444444 train
 233752||BBB||2013J      233752         BBB             2013J      0        38            38                                      0      F North Western Region    Lower Than A Level   60-70%    35-55                     0               60          N                 806.0                   4.0                 201.500000                 2641.0                   10.0                  264.100000 train
 105883||BBB||2013J      105883         BBB             2013J      0        38            38                                      0      F North Western Region A Level or Equivalent    0-10%    35-55                     0               60          N                 388.0                   4.0                  97.000000                 1717.0                   10.0                  171.700000 train
 153704||BBB||2013J      153704         BBB             2013J      0        38            38                                      0      F West Midlands Region    Lower Than A Level    0-10%     0-35                     2               60          N                  21.0                   2.0                  10.500000                   40.0                    6.0                    6.666667 train
 600771||BBB||2013J      600771         BBB             2013J      0        38            38                                      0      M    South East Region    Lower Than A Level    10-20    35-55                     0               60          N                 186.0                   4.0                  46.500000                  312.0                   10.0                   31.200000 train
2567158||BBB||2013J     2567158         BBB             2013J      0        38            38                                      0      F West Midlands Region A Level or Equivalent   50-60%    35-55                     0              180          N                  61.0                   4.0                  15.250000                  270.0                   10.0                   27.000000 train
2584834||BBB||2013J     2584834         BBB             2013J      0        38            38                                      0      F  East Anglian Region    Lower Than A Level   50-60%    35-55                     1               60          Y                  88.0                   3.0                  29.333333                  240.0                    8.0                   30.000000 train
 577648||BBB||2013J      577648         BBB             2013J      0        38            38                                      0      F North Western Region    Lower Than A Level   50-60%    35-55                     0              120          N                 193.0                   4.0                  48.250000                  296.0                   10.0                   29.600000 train
 574973||BBB||2013J      574973         BBB             2013J      0        38            38                                      0      F West Midlands Region A Level or Equivalent   20-30%     0-35                     0              180          N                 145.0                   4.0                  36.250000                  378.0                   10.0                   37.800000 train
 582975||BBB||2013J      582975         BBB             2013J      0        38            38                                      0      F  East Anglian Region A Level or Equivalent   80-90%     0-35                     0               60          N                  67.0                   3.0                  22.333333                  243.0                    9.0                   27.000000 train
ARTIFACT | C3 output: enrollment_deepsurv_ready_train_w10 | duckdb://enrollment_deepsurv_ready_train_w10
--- C3 output: enrollment_deepsurv_ready_test_w10 (enrollment_deepsurv_ready_test_w10) ---
      enrollment_id  id_student code_module code_presentation  event  duration  duration_raw  used_zero_week_fallback_for_censoring gender               region     highest_education imd_band age_band  num_of_prev_attempts  studied_credits disability  clicks_first_4_weeks  active_weeks_first_4  mean_clicks_first_4_weeks  clicks_first_10_weeks  active_weeks_first_10  mean_clicks_first_10_weeks split
 511678||BBB||2013J      511678         BBB             2013J      0        38            38                                      0      F         South Region A Level or Equivalent   20-30%     0-35                     0              120          N                1695.0                   4.0                 423.750000                 5922.0                   10.0                  592.200000  test
2463213||BBB||2013J     2463213         BBB             2013J      0        38            38                                      0      F  East Anglian Region    Lower Than A Level   60-70%    35-55                     0               90          N                2222.0                   4.0                 555.500000                 3742.0                   10.0                  374.200000  test
2452289||BBB||2013J     2452289         BBB             2013J      0        38            38                                      0      F    South East Region    Lower Than A Level   70-80%    35-55                     0               60          N                 111.0                   4.0                  27.750000                  267.0                   10.0                   26.700000  test
 542296||BBB||2013J      542296         BBB             2013J      0        38            38                                      0      F                Wales    Lower Than A Level   30-40%    35-55                     1               60          N                 189.0                   4.0                  47.250000                  428.0                   10.0                   42.800000  test
 540249||BBB||2013J      540249         BBB             2013J      0        38            38                                      0      M  East Anglian Region A Level or Equivalent    0-10%    35-55                     0              120          N                 119.0                   4.0                  29.750000                  207.0                    8.0                   25.875000  test
 611531||BBB||2013J      611531         BBB             2013J      0        38            38                                      0      M             Scotland    Lower Than A Level   30-40%    35-55                     0               60          N                 409.0                   4.0                 102.250000                 1286.0                   10.0                  128.600000  test
2455578||BBB||2013J     2455578         BBB             2013J      0        38            38                                      0      F         South Region A Level or Equivalent   60-70%     0-35                     0              120          N                 121.0                   3.0                  40.333333                  349.0                    8.0                   43.625000  test
 598252||BBB||2013J      598252         BBB             2013J      0        38            38                                      0      F              Ireland    Lower Than A Level    0-10%     0-35                     0              120          N                  24.0                   2.0                  12.000000                   50.0                    4.0                   12.500000  test
 598503||BBB||2013J      598503         BBB             2013J      1         9             9                                      0      F             Scotland    Lower Than A Level   40-50%    35-55                     0               60          N                 569.0                   4.0                 142.250000                  837.0                   10.0                   83.700000  test
 381541||BBB||2013J      381541         BBB             2013J      0        38            38                                      0      F     Yorkshire Region    Lower Than A Level    0-10%     0-35                     0              120          N                 148.0                   4.0                  37.000000                  452.0                   10.0                   45.200000  test
 597886||BBB||2013J      597886         BBB             2013J      0        38            38                                      0      F         South Region    Lower Than A Level  90-100%     0-35                     0              120          N                 337.0                   4.0                  84.250000                  693.0                   10.0                   69.300000  test
 579619||BBB||2013J      579619         BBB             2013J      0        38            38                                      0      F              Ireland    Lower Than A Level   20-30%     0-35                     0               90          N                 356.0                   4.0                  89.000000                  923.0                   10.0                   92.300000  test
 491279||BBB||2013J      491279         BBB             2013J      0        38            38                                      0      F             Scotland    Lower Than A Level   30-40%    35-55                     1               60          Y                 144.0                   4.0                  36.000000                  214.0                   10.0                   21.400000  test
 551836||BBB||2013J      551836         BBB             2013J      0        38            38                                      0      M         North Region    Lower Than A Level    10-20     0-35                     0               60          N                 223.0                   4.0                  55.750000                  328.0                   10.0                   32.800000  test
 583970||BBB||2013J      583970         BBB             2013J      0        38            38                                      0      F East Midlands Region A Level or Equivalent   80-90%     0-35                     0               60          N                  62.0                   4.0                  15.500000                   96.0                    9.0                   10.666667  test
  98268||BBB||2013J       98268         BBB             2013J      0        38            38                                      0      F             Scotland      HE Qualification   70-80%    35-55                     0               60          N                 114.0                   3.0                  38.000000                  328.0                    9.0                   36.444444  test
 417657||BBB||2013J      417657         BBB             2013J      0        38            38                                      0      F             Scotland A Level or Equivalent   60-70%     0-35                     0               60          N                 145.0                   4.0                  36.250000                  156.0                    7.0                   22.285714  test
 572302||BBB||2013J      572302         BBB             2013J      1        20            20                                      0      M    South East Region    Lower Than A Level   30-40%     0-35                     0              120          N                 116.0                   4.0                  29.000000                  169.0                    8.0                   21.125000  test
 674541||CCC||2014J      674541         CCC             2014J      0        38            38                                      0      M         North Region      HE Qualification     None    35-55                     0               30          N                2917.0                   4.0                 729.250000                 7995.0                   10.0                  799.500000  test
 264715||CCC||2014J      264715         CCC             2014J      0        38            38                                      0      F         South Region A Level or Equivalent   20-30%    35-55                     0               60          N                 560.0                   4.0                 140.000000                 1427.0                    8.0                  178.375000  test
ARTIFACT | C3 output: enrollment_deepsurv_ready_test_w10 | duckdb://enrollment_deepsurv_ready_test_w10
--- C3 output: main ready dataset audit (table_c3_ready_dataset_audit) ---
                        table_name  n_rows  n_distinct_enrollments  n_columns split_values_present target_column  target_sum
      pp_linear_hazard_ready_train  719498                   22815         26                train       event_t      5171.0
       pp_linear_hazard_ready_test  308393                    9778         26                 test       event_t      2216.0
      pp_neural_hazard_ready_train  719498                   22815         26                train       event_t      5171.0
       pp_neural_hazard_ready_test  308393                    9778         26                 test       event_t      2216.0
        enrollment_cox_ready_train   22815                   22815         20                train         event      5171.0
         enrollment_cox_ready_test    9778                    9778         20                 test         event      2216.0
   enrollment_deepsurv_ready_train   22815                   22815         20                train         event      5171.0
    enrollment_deepsurv_ready_test    9778                    9778         20                 test         event      2216.0
     enrollment_cox_ready_train_w2   22815                   22815         23                train         event      5171.0
      enrollment_cox_ready_test_w2    9778                    9778         23                 test         event      2216.0
enrollment_deepsurv_ready_train_w2   22815                   22815         23                train         event      5171.0
 enrollment_deepsurv_ready_test_w2    9778                    9778         23                 test         event      2216.0
     enrollment_cox_ready_train_w4   22815                   22815         20                train         event      5171.0
      enrollment_cox_ready_test_w4    9778                    9778         20                 test         event      2216.0
enrollment_deepsurv_ready_train_w4   22815                   22815         20                train         event      5171.0
 enrollment_deepsurv_ready_test_w4    9778                    9778         20                 test         event      2216.0
     enrollment_cox_ready_train_w6   22815                   22815         23                train         event      5171.0
      enrollment_cox_ready_test_w6    9778                    9778         23                 test         event      2216.0
enrollment_deepsurv_ready_train_w6   22815                   22815         23                train         event      5171.0
 enrollment_deepsurv_ready_test_w6    9778                    9778         23                 test         event      2216.0
ARTIFACT | C3 output: main ready dataset audit | duckdb://table_c3_ready_dataset_audit
[END] C3 - 2026-06-18 18:59:36
[START] C3.1 - 2026-06-18 18:59:36
# ==============================================================
# C3.1 - Propagate the context-held-out split onto the modeling inputs
# ==============================================================
--- C3.1 output: pp_linear_hazard_input_context_split (pp_linear_hazard_input_context_split) ---
   enrollment_id  id_student code_module code_presentation  week  event_t  event_observed  t_event_week  t_final_week  used_zero_week_fallback_for_censoring gender               region     highest_education imd_band age_band  num_of_prev_attempts  studied_credits disability  total_clicks_week  active_this_week  n_vle_rows_week  n_distinct_sites_week  cum_clicks_until_t  recency  streak context_split context_split_name
635711|CCC|2014J      635711         CCC             2014J     2        0               0           NaN            38                                      0      M East Midlands Region      HE Qualification  90-100%    35-55                     0               60          N                3.0                 1                2                      2               231.0        0       3         train context_heldout_v1
635711|CCC|2014J      635711         CCC             2014J     3        0               0           NaN            38                                      0      M East Midlands Region      HE Qualification  90-100%    35-55                     0               60          N               40.0                 1                6                      5               271.0        0       4         train context_heldout_v1
635711|CCC|2014J      635711         CCC             2014J     4        0               0           NaN            38                                      0      M East Midlands Region      HE Qualification  90-100%    35-55                     0               60          N               55.0                 1               11                      9               326.0        0       5         train context_heldout_v1
635711|CCC|2014J      635711         CCC             2014J     5        0               0           NaN            38                                      0      M East Midlands Region      HE Qualification  90-100%    35-55                     0               60          N               48.0                 1               11                      8               374.0        0       6         train context_heldout_v1
635711|CCC|2014J      635711         CCC             2014J     6        0               0           NaN            38                                      0      M East Midlands Region      HE Qualification  90-100%    35-55                     0               60          N                2.0                 1                1                      1               376.0        0       7         train context_heldout_v1
635711|CCC|2014J      635711         CCC             2014J     7        0               0           NaN            38                                      0      M East Midlands Region      HE Qualification  90-100%    35-55                     0               60          N                2.0                 1                2                      1               378.0        0       8         train context_heldout_v1
635711|CCC|2014J      635711         CCC             2014J     8        0               0           NaN            38                                      0      M East Midlands Region      HE Qualification  90-100%    35-55                     0               60          N              180.0                 1               21                      7               558.0        0       9         train context_heldout_v1
635711|CCC|2014J      635711         CCC             2014J     9        0               0           NaN            38                                      0      M East Midlands Region      HE Qualification  90-100%    35-55                     0               60          N              148.0                 1               23                     12               706.0        0      10         train context_heldout_v1
635711|CCC|2014J      635711         CCC             2014J    10        0               0           NaN            38                                      0      M East Midlands Region      HE Qualification  90-100%    35-55                     0               60          N                6.0                 1                4                      2               712.0        0      11         train context_heldout_v1
635711|CCC|2014J      635711         CCC             2014J    11        0               0           NaN            38                                      0      M East Midlands Region      HE Qualification  90-100%    35-55                     0               60          N                1.0                 1                1                      1               713.0        0      12         train context_heldout_v1
635711|CCC|2014J      635711         CCC             2014J    12        0               0           NaN            38                                      0      M East Midlands Region      HE Qualification  90-100%    35-55                     0               60          N                1.0                 1                1                      1               714.0        0      13         train context_heldout_v1
635711|CCC|2014J      635711         CCC             2014J    13        0               0           NaN            38                                      0      M East Midlands Region      HE Qualification  90-100%    35-55                     0               60          N              129.0                 1               34                     21               843.0        0      14         train context_heldout_v1
635711|CCC|2014J      635711         CCC             2014J    14        0               0           NaN            38                                      0      M East Midlands Region      HE Qualification  90-100%    35-55                     0               60          N              189.0                 1               27                     10              1032.0        0      15         train context_heldout_v1
635711|CCC|2014J      635711         CCC             2014J    15        0               0           NaN            38                                      0      M East Midlands Region      HE Qualification  90-100%    35-55                     0               60          N               68.0                 1               13                      8              1100.0        0      16         train context_heldout_v1
635719|GGG|2014J      635719         GGG             2014J    12        0               0           NaN            38                                      0      F  East Anglian Region A Level or Equivalent   50-60%    35-55                     0               30          N                0.0                 0                0                      0               128.0        2       0          test context_heldout_v1
635720|EEE|2014J      635720         EEE             2014J    12        0               0           NaN            38                                      0      M    South West Region A Level or Equivalent   50-60%     0-35                     0               30          N                0.0                 0                0                      0               658.0        2       0         train context_heldout_v1
635720|EEE|2014J      635720         EEE             2014J    13        0               0           NaN            38                                      0      M    South West Region A Level or Equivalent   50-60%     0-35                     0               30          N               23.0                 1                9                      5               681.0        0       2         train context_heldout_v1
635720|EEE|2014J      635720         EEE             2014J    14        0               0           NaN            38                                      0      M    South West Region A Level or Equivalent   50-60%     0-35                     0               30          N               28.0                 1                8                      5               709.0        0       3         train context_heldout_v1
635720|EEE|2014J      635720         EEE             2014J    15        0               0           NaN            38                                      0      M    South West Region A Level or Equivalent   50-60%     0-35                     0               30          N               51.0                 1               12                      5               760.0        0       4         train context_heldout_v1
635720|EEE|2014J      635720         EEE             2014J    16        0               0           NaN            38                                      0      M    South West Region A Level or Equivalent   50-60%     0-35                     0               30          N               97.0                 1               19                      6               857.0        0       5         train context_heldout_v1
ARTIFACT | C3.1 output: pp_linear_hazard_input_context_split | duckdb://pp_linear_hazard_input_context_split
--- C3.1 output: pp_neural_hazard_input_context_split (pp_neural_hazard_input_context_split) ---
   enrollment_id  id_student code_module code_presentation  week  event_t  event_observed  t_event_week  t_final_week  used_zero_week_fallback_for_censoring gender               region     highest_education imd_band age_band  num_of_prev_attempts  studied_credits disability  total_clicks_week  active_this_week  n_vle_rows_week  n_distinct_sites_week  cum_clicks_until_t  recency  streak context_split context_split_name
635711|CCC|2014J      635711         CCC             2014J     2        0               0           NaN            38                                      0      M East Midlands Region      HE Qualification  90-100%    35-55                     0               60          N                3.0                 1                2                      2               231.0        0       3         train context_heldout_v1
635711|CCC|2014J      635711         CCC             2014J     3        0               0           NaN            38                                      0      M East Midlands Region      HE Qualification  90-100%    35-55                     0               60          N               40.0                 1                6                      5               271.0        0       4         train context_heldout_v1
635711|CCC|2014J      635711         CCC             2014J     4        0               0           NaN            38                                      0      M East Midlands Region      HE Qualification  90-100%    35-55                     0               60          N               55.0                 1               11                      9               326.0        0       5         train context_heldout_v1
635711|CCC|2014J      635711         CCC             2014J     5        0               0           NaN            38                                      0      M East Midlands Region      HE Qualification  90-100%    35-55                     0               60          N               48.0                 1               11                      8               374.0        0       6         train context_heldout_v1
635711|CCC|2014J      635711         CCC             2014J     6        0               0           NaN            38                                      0      M East Midlands Region      HE Qualification  90-100%    35-55                     0               60          N                2.0                 1                1                      1               376.0        0       7         train context_heldout_v1
635711|CCC|2014J      635711         CCC             2014J     7        0               0           NaN            38                                      0      M East Midlands Region      HE Qualification  90-100%    35-55                     0               60          N                2.0                 1                2                      1               378.0        0       8         train context_heldout_v1
635711|CCC|2014J      635711         CCC             2014J     8        0               0           NaN            38                                      0      M East Midlands Region      HE Qualification  90-100%    35-55                     0               60          N              180.0                 1               21                      7               558.0        0       9         train context_heldout_v1
635711|CCC|2014J      635711         CCC             2014J     9        0               0           NaN            38                                      0      M East Midlands Region      HE Qualification  90-100%    35-55                     0               60          N              148.0                 1               23                     12               706.0        0      10         train context_heldout_v1
635711|CCC|2014J      635711         CCC             2014J    10        0               0           NaN            38                                      0      M East Midlands Region      HE Qualification  90-100%    35-55                     0               60          N                6.0                 1                4                      2               712.0        0      11         train context_heldout_v1
635711|CCC|2014J      635711         CCC             2014J    11        0               0           NaN            38                                      0      M East Midlands Region      HE Qualification  90-100%    35-55                     0               60          N                1.0                 1                1                      1               713.0        0      12         train context_heldout_v1
635711|CCC|2014J      635711         CCC             2014J    12        0               0           NaN            38                                      0      M East Midlands Region      HE Qualification  90-100%    35-55                     0               60          N                1.0                 1                1                      1               714.0        0      13         train context_heldout_v1
635711|CCC|2014J      635711         CCC             2014J    13        0               0           NaN            38                                      0      M East Midlands Region      HE Qualification  90-100%    35-55                     0               60          N              129.0                 1               34                     21               843.0        0      14         train context_heldout_v1
635711|CCC|2014J      635711         CCC             2014J    14        0               0           NaN            38                                      0      M East Midlands Region      HE Qualification  90-100%    35-55                     0               60          N              189.0                 1               27                     10              1032.0        0      15         train context_heldout_v1
635711|CCC|2014J      635711         CCC             2014J    15        0               0           NaN            38                                      0      M East Midlands Region      HE Qualification  90-100%    35-55                     0               60          N               68.0                 1               13                      8              1100.0        0      16         train context_heldout_v1
635719|GGG|2014J      635719         GGG             2014J    12        0               0           NaN            38                                      0      F  East Anglian Region A Level or Equivalent   50-60%    35-55                     0               30          N                0.0                 0                0                      0               128.0        2       0          test context_heldout_v1
635720|EEE|2014J      635720         EEE             2014J    12        0               0           NaN            38                                      0      M    South West Region A Level or Equivalent   50-60%     0-35                     0               30          N                0.0                 0                0                      0               658.0        2       0         train context_heldout_v1
635720|EEE|2014J      635720         EEE             2014J    13        0               0           NaN            38                                      0      M    South West Region A Level or Equivalent   50-60%     0-35                     0               30          N               23.0                 1                9                      5               681.0        0       2         train context_heldout_v1
635720|EEE|2014J      635720         EEE             2014J    14        0               0           NaN            38                                      0      M    South West Region A Level or Equivalent   50-60%     0-35                     0               30          N               28.0                 1                8                      5               709.0        0       3         train context_heldout_v1
635720|EEE|2014J      635720         EEE             2014J    15        0               0           NaN            38                                      0      M    South West Region A Level or Equivalent   50-60%     0-35                     0               30          N               51.0                 1               12                      5               760.0        0       4         train context_heldout_v1
635720|EEE|2014J      635720         EEE             2014J    16        0               0           NaN            38                                      0      M    South West Region A Level or Equivalent   50-60%     0-35                     0               30          N               97.0                 1               19                      6               857.0        0       5         train context_heldout_v1
ARTIFACT | C3.1 output: pp_neural_hazard_input_context_split | duckdb://pp_neural_hazard_input_context_split
--- C3.1 output: enrollment_cox_input_configured_context_split (enrollment_cox_input_configured_context_split) ---
      enrollment_id  id_student code_module code_presentation  event  duration  duration_raw  used_zero_week_fallback_for_censoring gender               region     highest_education imd_band age_band  num_of_prev_attempts  studied_credits disability  clicks_first_4_weeks  active_weeks_first_4  mean_clicks_first_4_weeks context_split context_split_name
 382979||BBB||2013J      382979         BBB             2013J      0        38            38                                      0      F         South Region A Level or Equivalent   80-90%    35-55                     0               90          N                 394.0                   4.0                  98.500000          test context_heldout_v1
 511678||BBB||2013J      511678         BBB             2013J      0        38            38                                      0      F         South Region A Level or Equivalent   20-30%     0-35                     0              120          N                1695.0                   4.0                 423.750000          test context_heldout_v1
 522894||BBB||2013J      522894         BBB             2013J      0        38            38                                      0      F             Scotland      HE Qualification   30-40%    35-55                     0              120          N                 275.0                   4.0                  68.750000          test context_heldout_v1
 514864||BBB||2013J      514864         BBB             2013J      0        38            38                                      0      F West Midlands Region    Lower Than A Level    10-20     0-35                     0               60          N                 177.0                   4.0                  44.250000          test context_heldout_v1
2463213||BBB||2013J     2463213         BBB             2013J      0        38            38                                      0      F  East Anglian Region    Lower Than A Level   60-70%    35-55                     0               90          N                2222.0                   4.0                 555.500000          test context_heldout_v1
2452289||BBB||2013J     2452289         BBB             2013J      0        38            38                                      0      F    South East Region    Lower Than A Level   70-80%    35-55                     0               60          N                 111.0                   4.0                  27.750000          test context_heldout_v1
1939695||BBB||2013J     1939695         BBB             2013J      0        38            38                                      0      F             Scotland    Lower Than A Level   30-40%    35-55                     2               60          Y                 107.0                   3.0                  35.666667          test context_heldout_v1
 542296||BBB||2013J      542296         BBB             2013J      0        38            38                                      0      F                Wales    Lower Than A Level   30-40%    35-55                     1               60          N                 189.0                   4.0                  47.250000          test context_heldout_v1
 544122||BBB||2013J      544122         BBB             2013J      0        38            38                                      0      F                Wales A Level or Equivalent  90-100%     0-35                     0               60          N                 111.0                   4.0                  27.750000          test context_heldout_v1
 530487||BBB||2013J      530487         BBB             2013J      0        38            38                                      0      F        London Region      HE Qualification   40-50%     0-35                     0               60          N                 366.0                   4.0                  91.500000          test context_heldout_v1
 540249||BBB||2013J      540249         BBB             2013J      0        38            38                                      0      M  East Anglian Region A Level or Equivalent    0-10%    35-55                     0              120          N                 119.0                   4.0                  29.750000          test context_heldout_v1
 534133||BBB||2013J      534133         BBB             2013J      0        38            38                                      0      F     Yorkshire Region    Lower Than A Level    0-10%     0-35                     0               60          N                  90.0                   2.0                  45.000000          test context_heldout_v1
 556427||BBB||2013J      556427         BBB             2013J      1        34            34                                      0      F East Midlands Region A Level or Equivalent   20-30%     0-35                     0               60          N                  14.0                   2.0                   7.000000          test context_heldout_v1
 526177||BBB||2013J      526177         BBB             2013J      0        38            38                                      0      F             Scotland    Lower Than A Level   40-50%     0-35                     0               75          N                  24.0                   4.0                   6.000000          test context_heldout_v1
 535833||BBB||2013J      535833         BBB             2013J      0        38            38                                      0      F    South West Region    Lower Than A Level   20-30%     0-35                     0               60          N                   1.0                   1.0                   1.000000          test context_heldout_v1
 344568||BBB||2013J      344568         BBB             2013J      0        38            38                                      0      F West Midlands Region    Lower Than A Level   70-80%     0-35                     0               60          N                 109.0                   3.0                  36.333333          test context_heldout_v1
 233752||BBB||2013J      233752         BBB             2013J      0        38            38                                      0      F North Western Region    Lower Than A Level   60-70%    35-55                     0               60          N                 806.0                   4.0                 201.500000          test context_heldout_v1
 105883||BBB||2013J      105883         BBB             2013J      0        38            38                                      0      F North Western Region A Level or Equivalent    0-10%    35-55                     0               60          N                 388.0                   4.0                  97.000000          test context_heldout_v1
 153704||BBB||2013J      153704         BBB             2013J      0        38            38                                      0      F West Midlands Region    Lower Than A Level    0-10%     0-35                     2               60          N                  21.0                   2.0                  10.500000          test context_heldout_v1
 600771||BBB||2013J      600771         BBB             2013J      0        38            38                                      0      M    South East Region    Lower Than A Level    10-20    35-55                     0               60          N                 186.0                   4.0                  46.500000          test context_heldout_v1
ARTIFACT | C3.1 output: enrollment_cox_input_configured_context_split | duckdb://enrollment_cox_input_configured_context_split
--- C3.1 output: enrollment_deepsurv_input_configured_context_split (enrollment_deepsurv_input_configured_context_split) ---
      enrollment_id  id_student code_module code_presentation  event  duration  duration_raw  used_zero_week_fallback_for_censoring gender               region     highest_education imd_band age_band  num_of_prev_attempts  studied_credits disability  clicks_first_4_weeks  active_weeks_first_4  mean_clicks_first_4_weeks context_split context_split_name
 382979||BBB||2013J      382979         BBB             2013J      0        38            38                                      0      F         South Region A Level or Equivalent   80-90%    35-55                     0               90          N                 394.0                   4.0                  98.500000          test context_heldout_v1
 511678||BBB||2013J      511678         BBB             2013J      0        38            38                                      0      F         South Region A Level or Equivalent   20-30%     0-35                     0              120          N                1695.0                   4.0                 423.750000          test context_heldout_v1
 522894||BBB||2013J      522894         BBB             2013J      0        38            38                                      0      F             Scotland      HE Qualification   30-40%    35-55                     0              120          N                 275.0                   4.0                  68.750000          test context_heldout_v1
 514864||BBB||2013J      514864         BBB             2013J      0        38            38                                      0      F West Midlands Region    Lower Than A Level    10-20     0-35                     0               60          N                 177.0                   4.0                  44.250000          test context_heldout_v1
2463213||BBB||2013J     2463213         BBB             2013J      0        38            38                                      0      F  East Anglian Region    Lower Than A Level   60-70%    35-55                     0               90          N                2222.0                   4.0                 555.500000          test context_heldout_v1
2452289||BBB||2013J     2452289         BBB             2013J      0        38            38                                      0      F    South East Region    Lower Than A Level   70-80%    35-55                     0               60          N                 111.0                   4.0                  27.750000          test context_heldout_v1
1939695||BBB||2013J     1939695         BBB             2013J      0        38            38                                      0      F             Scotland    Lower Than A Level   30-40%    35-55                     2               60          Y                 107.0                   3.0                  35.666667          test context_heldout_v1
 542296||BBB||2013J      542296         BBB             2013J      0        38            38                                      0      F                Wales    Lower Than A Level   30-40%    35-55                     1               60          N                 189.0                   4.0                  47.250000          test context_heldout_v1
 544122||BBB||2013J      544122         BBB             2013J      0        38            38                                      0      F                Wales A Level or Equivalent  90-100%     0-35                     0               60          N                 111.0                   4.0                  27.750000          test context_heldout_v1
 530487||BBB||2013J      530487         BBB             2013J      0        38            38                                      0      F        London Region      HE Qualification   40-50%     0-35                     0               60          N                 366.0                   4.0                  91.500000          test context_heldout_v1
 540249||BBB||2013J      540249         BBB             2013J      0        38            38                                      0      M  East Anglian Region A Level or Equivalent    0-10%    35-55                     0              120          N                 119.0                   4.0                  29.750000          test context_heldout_v1
 534133||BBB||2013J      534133         BBB             2013J      0        38            38                                      0      F     Yorkshire Region    Lower Than A Level    0-10%     0-35                     0               60          N                  90.0                   2.0                  45.000000          test context_heldout_v1
 556427||BBB||2013J      556427         BBB             2013J      1        34            34                                      0      F East Midlands Region A Level or Equivalent   20-30%     0-35                     0               60          N                  14.0                   2.0                   7.000000          test context_heldout_v1
 526177||BBB||2013J      526177         BBB             2013J      0        38            38                                      0      F             Scotland    Lower Than A Level   40-50%     0-35                     0               75          N                  24.0                   4.0                   6.000000          test context_heldout_v1
 535833||BBB||2013J      535833         BBB             2013J      0        38            38                                      0      F    South West Region    Lower Than A Level   20-30%     0-35                     0               60          N                   1.0                   1.0                   1.000000          test context_heldout_v1
 344568||BBB||2013J      344568         BBB             2013J      0        38            38                                      0      F West Midlands Region    Lower Than A Level   70-80%     0-35                     0               60          N                 109.0                   3.0                  36.333333          test context_heldout_v1
 233752||BBB||2013J      233752         BBB             2013J      0        38            38                                      0      F North Western Region    Lower Than A Level   60-70%    35-55                     0               60          N                 806.0                   4.0                 201.500000          test context_heldout_v1
 105883||BBB||2013J      105883         BBB             2013J      0        38            38                                      0      F North Western Region A Level or Equivalent    0-10%    35-55                     0               60          N                 388.0                   4.0                  97.000000          test context_heldout_v1
 153704||BBB||2013J      153704         BBB             2013J      0        38            38                                      0      F West Midlands Region    Lower Than A Level    0-10%     0-35                     2               60          N                  21.0                   2.0                  10.500000          test context_heldout_v1
 600771||BBB||2013J      600771         BBB             2013J      0        38            38                                      0      M    South East Region    Lower Than A Level    10-20    35-55                     0               60          N                 186.0                   4.0                  46.500000          test context_heldout_v1
ARTIFACT | C3.1 output: enrollment_deepsurv_input_configured_context_split | duckdb://enrollment_deepsurv_input_configured_context_split
--- C3.1 output: context split propagation audit (table_c3_1_context_split_propagation_audit) ---
                          base_table                                        split_table  n_rows_before  n_rows_after  n_distinct_enrollments_before  n_distinct_enrollments_after  n_train_rows  n_test_rows  n_missing_context_split  row_count_preserved  enrollment_count_preserved  propagation_ok
              pp_linear_hazard_input               pp_linear_hazard_input_context_split        1027891       1027891                          32593                         32593        715824       312067                        0                 True                        True            True
              pp_neural_hazard_input               pp_neural_hazard_input_context_split        1027891       1027891                          32593                         32593        715824       312067                        0                 True                        True            True
     enrollment_cox_input_configured      enrollment_cox_input_configured_context_split          32593         32593                          32593                         32593         22816         9777                        0                 True                        True            True
enrollment_deepsurv_input_configured enrollment_deepsurv_input_configured_context_split          32593         32593                          32593                         32593         22816         9777                        0                 True                        True            True
ARTIFACT | C3.1 output: context split propagation audit | duckdb://table_c3_1_context_split_propagation_audit
--- C3.1 output: pp_linear_hazard_context_ready_train (pp_linear_hazard_context_ready_train) ---
   enrollment_id  id_student code_module code_presentation  week  event_t  event_observed  t_event_week  t_final_week  used_zero_week_fallback_for_censoring gender               region     highest_education imd_band age_band  num_of_prev_attempts  studied_credits disability  total_clicks_week  active_this_week  n_vle_rows_week  n_distinct_sites_week  cum_clicks_until_t  recency  streak context_split context_split_name
635711|CCC|2014J      635711         CCC             2014J     2        0               0           NaN            38                                      0      M East Midlands Region      HE Qualification  90-100%    35-55                     0               60          N                3.0                 1                2                      2               231.0        0       3         train context_heldout_v1
635711|CCC|2014J      635711         CCC             2014J     3        0               0           NaN            38                                      0      M East Midlands Region      HE Qualification  90-100%    35-55                     0               60          N               40.0                 1                6                      5               271.0        0       4         train context_heldout_v1
635711|CCC|2014J      635711         CCC             2014J     4        0               0           NaN            38                                      0      M East Midlands Region      HE Qualification  90-100%    35-55                     0               60          N               55.0                 1               11                      9               326.0        0       5         train context_heldout_v1
635711|CCC|2014J      635711         CCC             2014J     5        0               0           NaN            38                                      0      M East Midlands Region      HE Qualification  90-100%    35-55                     0               60          N               48.0                 1               11                      8               374.0        0       6         train context_heldout_v1
635711|CCC|2014J      635711         CCC             2014J     6        0               0           NaN            38                                      0      M East Midlands Region      HE Qualification  90-100%    35-55                     0               60          N                2.0                 1                1                      1               376.0        0       7         train context_heldout_v1
635711|CCC|2014J      635711         CCC             2014J     7        0               0           NaN            38                                      0      M East Midlands Region      HE Qualification  90-100%    35-55                     0               60          N                2.0                 1                2                      1               378.0        0       8         train context_heldout_v1
635711|CCC|2014J      635711         CCC             2014J     8        0               0           NaN            38                                      0      M East Midlands Region      HE Qualification  90-100%    35-55                     0               60          N              180.0                 1               21                      7               558.0        0       9         train context_heldout_v1
635711|CCC|2014J      635711         CCC             2014J     9        0               0           NaN            38                                      0      M East Midlands Region      HE Qualification  90-100%    35-55                     0               60          N              148.0                 1               23                     12               706.0        0      10         train context_heldout_v1
635711|CCC|2014J      635711         CCC             2014J    10        0               0           NaN            38                                      0      M East Midlands Region      HE Qualification  90-100%    35-55                     0               60          N                6.0                 1                4                      2               712.0        0      11         train context_heldout_v1
635711|CCC|2014J      635711         CCC             2014J    11        0               0           NaN            38                                      0      M East Midlands Region      HE Qualification  90-100%    35-55                     0               60          N                1.0                 1                1                      1               713.0        0      12         train context_heldout_v1
635711|CCC|2014J      635711         CCC             2014J    12        0               0           NaN            38                                      0      M East Midlands Region      HE Qualification  90-100%    35-55                     0               60          N                1.0                 1                1                      1               714.0        0      13         train context_heldout_v1
635711|CCC|2014J      635711         CCC             2014J    13        0               0           NaN            38                                      0      M East Midlands Region      HE Qualification  90-100%    35-55                     0               60          N              129.0                 1               34                     21               843.0        0      14         train context_heldout_v1
635711|CCC|2014J      635711         CCC             2014J    14        0               0           NaN            38                                      0      M East Midlands Region      HE Qualification  90-100%    35-55                     0               60          N              189.0                 1               27                     10              1032.0        0      15         train context_heldout_v1
635711|CCC|2014J      635711         CCC             2014J    15        0               0           NaN            38                                      0      M East Midlands Region      HE Qualification  90-100%    35-55                     0               60          N               68.0                 1               13                      8              1100.0        0      16         train context_heldout_v1
635720|EEE|2014J      635720         EEE             2014J    12        0               0           NaN            38                                      0      M    South West Region A Level or Equivalent   50-60%     0-35                     0               30          N                0.0                 0                0                      0               658.0        2       0         train context_heldout_v1
635720|EEE|2014J      635720         EEE             2014J    13        0               0           NaN            38                                      0      M    South West Region A Level or Equivalent   50-60%     0-35                     0               30          N               23.0                 1                9                      5               681.0        0       2         train context_heldout_v1
635720|EEE|2014J      635720         EEE             2014J    14        0               0           NaN            38                                      0      M    South West Region A Level or Equivalent   50-60%     0-35                     0               30          N               28.0                 1                8                      5               709.0        0       3         train context_heldout_v1
635720|EEE|2014J      635720         EEE             2014J    15        0               0           NaN            38                                      0      M    South West Region A Level or Equivalent   50-60%     0-35                     0               30          N               51.0                 1               12                      5               760.0        0       4         train context_heldout_v1
635720|EEE|2014J      635720         EEE             2014J    16        0               0           NaN            38                                      0      M    South West Region A Level or Equivalent   50-60%     0-35                     0               30          N               97.0                 1               19                      6               857.0        0       5         train context_heldout_v1
635720|EEE|2014J      635720         EEE             2014J    17        0               0           NaN            38                                      0      M    South West Region A Level or Equivalent   50-60%     0-35                     0               30          N               68.0                 1               23                      6               925.0        0       6         train context_heldout_v1
ARTIFACT | C3.1 output: pp_linear_hazard_context_ready_train | duckdb://pp_linear_hazard_context_ready_train
--- C3.1 output: pp_linear_hazard_context_ready_test (pp_linear_hazard_context_ready_test) ---
   enrollment_id  id_student code_module code_presentation  week  event_t  event_observed  t_event_week  t_final_week  used_zero_week_fallback_for_censoring gender               region     highest_education imd_band age_band  num_of_prev_attempts  studied_credits disability  total_clicks_week  active_this_week  n_vle_rows_week  n_distinct_sites_week  cum_clicks_until_t  recency  streak context_split context_split_name
635719|GGG|2014J      635719         GGG             2014J    12        0               0           NaN            38                                      0      F  East Anglian Region A Level or Equivalent   50-60%    35-55                     0               30          N                0.0                 0                0                      0               128.0        2       0          test context_heldout_v1
635972|GGG|2014J      635972         GGG             2014J     0        0               0           NaN            38                                      0      F         South Region A Level or Equivalent   70-80%     0-35                     0               60          N                0.0                 0                0                      0                 0.0        1       0          test context_heldout_v1
635988|GGG|2014J      635988         GGG             2014J    27        0               0           NaN            38                                      0      M         South Region    Lower Than A Level   40-50%     0-35                     0               30          N                0.0                 0                0                      0               467.0        2       0          test context_heldout_v1
635988|GGG|2014J      635988         GGG             2014J    28        0               0           NaN            38                                      0      M         South Region    Lower Than A Level   40-50%     0-35                     0               30          N                1.0                 1                1                      1               468.0        0       2          test context_heldout_v1
635988|GGG|2014J      635988         GGG             2014J    38        0               0           NaN            38                                      0      M         South Region    Lower Than A Level   40-50%     0-35                     0               30          N                0.0                 0                0                      0               470.0        1       0          test context_heldout_v1
636018|GGG|2014J      636018         GGG             2014J    19        0               0           NaN            38                                      0      F North Western Region    Lower Than A Level    0-10%     0-35                     0               30          N                0.0                 0                0                      0               630.0        1       0          test context_heldout_v1
636018|GGG|2014J      636018         GGG             2014J    20        0               0           NaN            38                                      0      F North Western Region    Lower Than A Level    0-10%     0-35                     0               30          N               35.0                 1               10                      5               665.0        0       2          test context_heldout_v1
636018|GGG|2014J      636018         GGG             2014J    21        0               0           NaN            38                                      0      F North Western Region    Lower Than A Level    0-10%     0-35                     0               30          N              132.0                 1               24                      9               797.0        0       3          test context_heldout_v1
636282|GGG|2014J      636282         GGG             2014J    16        0               0           NaN            38                                      0      F    South East Region    Lower Than A Level  90-100%     0-35                     0               30          Y                0.0                 0                0                      0               170.0        1       0          test context_heldout_v1
636282|GGG|2014J      636282         GGG             2014J    22        0               0           NaN            38                                      0      F    South East Region    Lower Than A Level  90-100%     0-35                     0               30          Y                0.0                 0                0                      0               280.0        1       0          test context_heldout_v1
636282|GGG|2014J      636282         GGG             2014J    23        0               0           NaN            38                                      0      F    South East Region    Lower Than A Level  90-100%     0-35                     0               30          Y                4.0                 1                4                      3               284.0        0       2          test context_heldout_v1
636282|GGG|2014J      636282         GGG             2014J    24        0               0           NaN            38                                      0      F    South East Region    Lower Than A Level  90-100%     0-35                     0               30          Y                9.0                 1                3                      3               293.0        0       3          test context_heldout_v1
636282|GGG|2014J      636282         GGG             2014J    36        0               0           NaN            38                                      0      F    South East Region    Lower Than A Level  90-100%     0-35                     0               30          Y                0.0                 0                0                      0               513.0        4       0          test context_heldout_v1
636283|GGG|2014J      636283         GGG             2014J    17        0               0           NaN            38                                      0      F        London Region A Level or Equivalent   40-50%     0-35                     0               30          N                0.0                 0                0                      0                67.0        3       0          test context_heldout_v1
636283|GGG|2014J      636283         GGG             2014J    18        0               0           NaN            38                                      0      F        London Region A Level or Equivalent   40-50%     0-35                     0               30          N               53.0                 1               15                      6               120.0        0       2          test context_heldout_v1
636283|GGG|2014J      636283         GGG             2014J    19        0               0           NaN            38                                      0      F        London Region A Level or Equivalent   40-50%     0-35                     0               30          N               35.0                 1                7                      3               155.0        0       3          test context_heldout_v1
636283|GGG|2014J      636283         GGG             2014J    35        0               0           NaN            38                                      0      F        London Region A Level or Equivalent   40-50%     0-35                     0               30          N                0.0                 0                0                      0               352.0        3       0          test context_heldout_v1
636323|GGG|2014J      636323         GGG             2014J     9        0               1          21.0            21                                      0      F    South West Region A Level or Equivalent   30-40%    35-55                     0               30          N                0.0                 0                0                      0               129.0        4       0          test context_heldout_v1
636323|GGG|2014J      636323         GGG             2014J    13        0               1          21.0            21                                      0      F    South West Region A Level or Equivalent   30-40%    35-55                     0               30          N                0.0                 0                0                      0               129.0        8       0          test context_heldout_v1
636323|GGG|2014J      636323         GGG             2014J    18        0               1          21.0            21                                      0      F    South West Region A Level or Equivalent   30-40%    35-55                     0               30          N                0.0                 0                0                      0               129.0       13       0          test context_heldout_v1
ARTIFACT | C3.1 output: pp_linear_hazard_context_ready_test | duckdb://pp_linear_hazard_context_ready_test
--- C3.1 output: pp_neural_hazard_context_ready_train (pp_neural_hazard_context_ready_train) ---
   enrollment_id  id_student code_module code_presentation  week  event_t  event_observed  t_event_week  t_final_week  used_zero_week_fallback_for_censoring gender               region     highest_education imd_band age_band  num_of_prev_attempts  studied_credits disability  total_clicks_week  active_this_week  n_vle_rows_week  n_distinct_sites_week  cum_clicks_until_t  recency  streak context_split context_split_name
635711|CCC|2014J      635711         CCC             2014J     2        0               0           NaN            38                                      0      M East Midlands Region      HE Qualification  90-100%    35-55                     0               60          N                3.0                 1                2                      2               231.0        0       3         train context_heldout_v1
635711|CCC|2014J      635711         CCC             2014J     3        0               0           NaN            38                                      0      M East Midlands Region      HE Qualification  90-100%    35-55                     0               60          N               40.0                 1                6                      5               271.0        0       4         train context_heldout_v1
635711|CCC|2014J      635711         CCC             2014J     4        0               0           NaN            38                                      0      M East Midlands Region      HE Qualification  90-100%    35-55                     0               60          N               55.0                 1               11                      9               326.0        0       5         train context_heldout_v1
635711|CCC|2014J      635711         CCC             2014J     5        0               0           NaN            38                                      0      M East Midlands Region      HE Qualification  90-100%    35-55                     0               60          N               48.0                 1               11                      8               374.0        0       6         train context_heldout_v1
635711|CCC|2014J      635711         CCC             2014J     6        0               0           NaN            38                                      0      M East Midlands Region      HE Qualification  90-100%    35-55                     0               60          N                2.0                 1                1                      1               376.0        0       7         train context_heldout_v1
635711|CCC|2014J      635711         CCC             2014J     7        0               0           NaN            38                                      0      M East Midlands Region      HE Qualification  90-100%    35-55                     0               60          N                2.0                 1                2                      1               378.0        0       8         train context_heldout_v1
635711|CCC|2014J      635711         CCC             2014J     8        0               0           NaN            38                                      0      M East Midlands Region      HE Qualification  90-100%    35-55                     0               60          N              180.0                 1               21                      7               558.0        0       9         train context_heldout_v1
635711|CCC|2014J      635711         CCC             2014J     9        0               0           NaN            38                                      0      M East Midlands Region      HE Qualification  90-100%    35-55                     0               60          N              148.0                 1               23                     12               706.0        0      10         train context_heldout_v1
635711|CCC|2014J      635711         CCC             2014J    10        0               0           NaN            38                                      0      M East Midlands Region      HE Qualification  90-100%    35-55                     0               60          N                6.0                 1                4                      2               712.0        0      11         train context_heldout_v1
635711|CCC|2014J      635711         CCC             2014J    11        0               0           NaN            38                                      0      M East Midlands Region      HE Qualification  90-100%    35-55                     0               60          N                1.0                 1                1                      1               713.0        0      12         train context_heldout_v1
635711|CCC|2014J      635711         CCC             2014J    12        0               0           NaN            38                                      0      M East Midlands Region      HE Qualification  90-100%    35-55                     0               60          N                1.0                 1                1                      1               714.0        0      13         train context_heldout_v1
635711|CCC|2014J      635711         CCC             2014J    13        0               0           NaN            38                                      0      M East Midlands Region      HE Qualification  90-100%    35-55                     0               60          N              129.0                 1               34                     21               843.0        0      14         train context_heldout_v1
635711|CCC|2014J      635711         CCC             2014J    14        0               0           NaN            38                                      0      M East Midlands Region      HE Qualification  90-100%    35-55                     0               60          N              189.0                 1               27                     10              1032.0        0      15         train context_heldout_v1
635711|CCC|2014J      635711         CCC             2014J    15        0               0           NaN            38                                      0      M East Midlands Region      HE Qualification  90-100%    35-55                     0               60          N               68.0                 1               13                      8              1100.0        0      16         train context_heldout_v1
635720|EEE|2014J      635720         EEE             2014J    12        0               0           NaN            38                                      0      M    South West Region A Level or Equivalent   50-60%     0-35                     0               30          N                0.0                 0                0                      0               658.0        2       0         train context_heldout_v1
635720|EEE|2014J      635720         EEE             2014J    13        0               0           NaN            38                                      0      M    South West Region A Level or Equivalent   50-60%     0-35                     0               30          N               23.0                 1                9                      5               681.0        0       2         train context_heldout_v1
635720|EEE|2014J      635720         EEE             2014J    14        0               0           NaN            38                                      0      M    South West Region A Level or Equivalent   50-60%     0-35                     0               30          N               28.0                 1                8                      5               709.0        0       3         train context_heldout_v1
635720|EEE|2014J      635720         EEE             2014J    15        0               0           NaN            38                                      0      M    South West Region A Level or Equivalent   50-60%     0-35                     0               30          N               51.0                 1               12                      5               760.0        0       4         train context_heldout_v1
635720|EEE|2014J      635720         EEE             2014J    16        0               0           NaN            38                                      0      M    South West Region A Level or Equivalent   50-60%     0-35                     0               30          N               97.0                 1               19                      6               857.0        0       5         train context_heldout_v1
635720|EEE|2014J      635720         EEE             2014J    17        0               0           NaN            38                                      0      M    South West Region A Level or Equivalent   50-60%     0-35                     0               30          N               68.0                 1               23                      6               925.0        0       6         train context_heldout_v1
ARTIFACT | C3.1 output: pp_neural_hazard_context_ready_train | duckdb://pp_neural_hazard_context_ready_train
--- C3.1 output: pp_neural_hazard_context_ready_test (pp_neural_hazard_context_ready_test) ---
   enrollment_id  id_student code_module code_presentation  week  event_t  event_observed  t_event_week  t_final_week  used_zero_week_fallback_for_censoring gender               region     highest_education imd_band age_band  num_of_prev_attempts  studied_credits disability  total_clicks_week  active_this_week  n_vle_rows_week  n_distinct_sites_week  cum_clicks_until_t  recency  streak context_split context_split_name
635719|GGG|2014J      635719         GGG             2014J    12        0               0           NaN            38                                      0      F  East Anglian Region A Level or Equivalent   50-60%    35-55                     0               30          N                0.0                 0                0                      0               128.0        2       0          test context_heldout_v1
635972|GGG|2014J      635972         GGG             2014J     0        0               0           NaN            38                                      0      F         South Region A Level or Equivalent   70-80%     0-35                     0               60          N                0.0                 0                0                      0                 0.0        1       0          test context_heldout_v1
635988|GGG|2014J      635988         GGG             2014J    27        0               0           NaN            38                                      0      M         South Region    Lower Than A Level   40-50%     0-35                     0               30          N                0.0                 0                0                      0               467.0        2       0          test context_heldout_v1
635988|GGG|2014J      635988         GGG             2014J    28        0               0           NaN            38                                      0      M         South Region    Lower Than A Level   40-50%     0-35                     0               30          N                1.0                 1                1                      1               468.0        0       2          test context_heldout_v1
635988|GGG|2014J      635988         GGG             2014J    38        0               0           NaN            38                                      0      M         South Region    Lower Than A Level   40-50%     0-35                     0               30          N                0.0                 0                0                      0               470.0        1       0          test context_heldout_v1
636018|GGG|2014J      636018         GGG             2014J    19        0               0           NaN            38                                      0      F North Western Region    Lower Than A Level    0-10%     0-35                     0               30          N                0.0                 0                0                      0               630.0        1       0          test context_heldout_v1
636018|GGG|2014J      636018         GGG             2014J    20        0               0           NaN            38                                      0      F North Western Region    Lower Than A Level    0-10%     0-35                     0               30          N               35.0                 1               10                      5               665.0        0       2          test context_heldout_v1
636018|GGG|2014J      636018         GGG             2014J    21        0               0           NaN            38                                      0      F North Western Region    Lower Than A Level    0-10%     0-35                     0               30          N              132.0                 1               24                      9               797.0        0       3          test context_heldout_v1
636282|GGG|2014J      636282         GGG             2014J    16        0               0           NaN            38                                      0      F    South East Region    Lower Than A Level  90-100%     0-35                     0               30          Y                0.0                 0                0                      0               170.0        1       0          test context_heldout_v1
636282|GGG|2014J      636282         GGG             2014J    22        0               0           NaN            38                                      0      F    South East Region    Lower Than A Level  90-100%     0-35                     0               30          Y                0.0                 0                0                      0               280.0        1       0          test context_heldout_v1
636282|GGG|2014J      636282         GGG             2014J    23        0               0           NaN            38                                      0      F    South East Region    Lower Than A Level  90-100%     0-35                     0               30          Y                4.0                 1                4                      3               284.0        0       2          test context_heldout_v1
636282|GGG|2014J      636282         GGG             2014J    24        0               0           NaN            38                                      0      F    South East Region    Lower Than A Level  90-100%     0-35                     0               30          Y                9.0                 1                3                      3               293.0        0       3          test context_heldout_v1
636282|GGG|2014J      636282         GGG             2014J    36        0               0           NaN            38                                      0      F    South East Region    Lower Than A Level  90-100%     0-35                     0               30          Y                0.0                 0                0                      0               513.0        4       0          test context_heldout_v1
636283|GGG|2014J      636283         GGG             2014J    17        0               0           NaN            38                                      0      F        London Region A Level or Equivalent   40-50%     0-35                     0               30          N                0.0                 0                0                      0                67.0        3       0          test context_heldout_v1
636283|GGG|2014J      636283         GGG             2014J    18        0               0           NaN            38                                      0      F        London Region A Level or Equivalent   40-50%     0-35                     0               30          N               53.0                 1               15                      6               120.0        0       2          test context_heldout_v1
636283|GGG|2014J      636283         GGG             2014J    19        0               0           NaN            38                                      0      F        London Region A Level or Equivalent   40-50%     0-35                     0               30          N               35.0                 1                7                      3               155.0        0       3          test context_heldout_v1
636283|GGG|2014J      636283         GGG             2014J    35        0               0           NaN            38                                      0      F        London Region A Level or Equivalent   40-50%     0-35                     0               30          N                0.0                 0                0                      0               352.0        3       0          test context_heldout_v1
636323|GGG|2014J      636323         GGG             2014J     9        0               1          21.0            21                                      0      F    South West Region A Level or Equivalent   30-40%    35-55                     0               30          N                0.0                 0                0                      0               129.0        4       0          test context_heldout_v1
636323|GGG|2014J      636323         GGG             2014J    13        0               1          21.0            21                                      0      F    South West Region A Level or Equivalent   30-40%    35-55                     0               30          N                0.0                 0                0                      0               129.0        8       0          test context_heldout_v1
636323|GGG|2014J      636323         GGG             2014J    18        0               1          21.0            21                                      0      F    South West Region A Level or Equivalent   30-40%    35-55                     0               30          N                0.0                 0                0                      0               129.0       13       0          test context_heldout_v1
ARTIFACT | C3.1 output: pp_neural_hazard_context_ready_test | duckdb://pp_neural_hazard_context_ready_test
--- C3.1 output: enrollment_cox_context_ready_train (enrollment_cox_context_ready_train) ---
      enrollment_id  id_student code_module code_presentation  event  duration  duration_raw  used_zero_week_fallback_for_censoring gender               region           highest_education imd_band age_band  num_of_prev_attempts  studied_credits disability  clicks_first_4_weeks  active_weeks_first_4  mean_clicks_first_4_weeks context_split context_split_name
 684669||CCC||2014J      684669         CCC             2014J      0        38            38                                      0      M         North Region            HE Qualification     None     0-35                     0               90          N                 392.0                   4.0                  98.000000         train context_heldout_v1
 674541||CCC||2014J      674541         CCC             2014J      0        38            38                                      0      M         North Region            HE Qualification     None    35-55                     0               30          N                2917.0                   4.0                 729.250000         train context_heldout_v1
 611593||CCC||2014J      611593         CCC             2014J      0        38            38                                      0      M         South Region Post Graduate Qualification  90-100%    35-55                     0               60          N                 158.0                   4.0                  39.500000         train context_heldout_v1
 630430||CCC||2014J      630430         CCC             2014J      0        38            38                                      0      F              Ireland       A Level or Equivalent   50-60%    35-55                     0              120          N                 417.0                   4.0                 104.250000         train context_heldout_v1
 628300||CCC||2014J      628300         CCC             2014J      0        38            38                                      0      M  East Anglian Region       A Level or Equivalent   40-50%     0-35                     0               60          N                 150.0                   3.0                  50.000000         train context_heldout_v1
 616386||CCC||2014J      616386         CCC             2014J      0        38            38                                      0      M East Midlands Region          Lower Than A Level    10-20    35-55                     0               60          N                1385.0                   4.0                 346.250000         train context_heldout_v1
 199361||CCC||2014J      199361         CCC             2014J      0        38            38                                      0      M North Western Region          Lower Than A Level   40-50%     0-35                     0               60          N                 343.0                   4.0                  85.750000         train context_heldout_v1
 264715||CCC||2014J      264715         CCC             2014J      0        38            38                                      0      F         South Region       A Level or Equivalent   20-30%    35-55                     0               60          N                 560.0                   4.0                 140.000000         train context_heldout_v1
  80329||CCC||2014J       80329         CCC             2014J      0        38            38                                      0      M         South Region          Lower Than A Level   80-90%     0-35                     1               90          N                  50.0                   4.0                  12.500000         train context_heldout_v1
2345751||CCC||2014J     2345751         CCC             2014J      0        38            38                                      0      M North Western Region       A Level or Equivalent    0-10%     0-35                     0               60          N                1118.0                   4.0                 279.500000         train context_heldout_v1
 686957||CCC||2014J      686957         CCC             2014J      0        38            38                                      0      M  East Anglian Region            HE Qualification   70-80%     0-35                     0               30          N                 504.0                   4.0                 126.000000         train context_heldout_v1
 692105||CCC||2014J      692105         CCC             2014J      0        38            38                                      0      M             Scotland            HE Qualification   40-50%     0-35                     0               60          N                 385.0                   4.0                  96.250000         train context_heldout_v1
 686268||CCC||2014J      686268         CCC             2014J      0        38            38                                      0      M         South Region       A Level or Equivalent   80-90%     0-35                     0              120          N                  77.0                   3.0                  25.666667         train context_heldout_v1
 695946||CCC||2014J      695946         CCC             2014J      0        38            38                                      0      M              Ireland            HE Qualification     None     0-35                     0               60          N                 241.0                   4.0                  60.250000         train context_heldout_v1
 697567||CCC||2014J      697567         CCC             2014J      0        38            38                                      0      M    South East Region       A Level or Equivalent   80-90%     0-35                     0               90          N                 249.0                   4.0                  62.250000         train context_heldout_v1
1902240||CCC||2014J     1902240         CCC             2014J      0        38            38                                      0      M         South Region       A Level or Equivalent   60-70%     0-35                     0               60          N                 457.0                   4.0                 114.250000         train context_heldout_v1
2451523||CCC||2014J     2451523         CCC             2014J      0        38            38                                      0      F    South East Region            HE Qualification   40-50%    35-55                     0               60          N                 415.0                   4.0                 103.750000         train context_heldout_v1
 574310||CCC||2014J      574310         CCC             2014J      0        38            38                                      0      F     Yorkshire Region       A Level or Equivalent   70-80%     0-35                     0               90          N                 143.0                   3.0                  47.666667         train context_heldout_v1
 568948||CCC||2014J      568948         CCC             2014J      0        38            38                                      0      M North Western Region       A Level or Equivalent   30-40%     0-35                     0               90          N                 103.0                   4.0                  25.750000         train context_heldout_v1
 568691||CCC||2014J      568691         CCC             2014J      0        38            38                                      0      F        London Region       A Level or Equivalent    0-10%    35-55                     0               60          N                 388.0                   4.0                  97.000000         train context_heldout_v1
ARTIFACT | C3.1 output: enrollment_cox_context_ready_train | duckdb://enrollment_cox_context_ready_train
--- C3.1 output: enrollment_cox_context_ready_test (enrollment_cox_context_ready_test) ---
      enrollment_id  id_student code_module code_presentation  event  duration  duration_raw  used_zero_week_fallback_for_censoring gender               region     highest_education imd_band age_band  num_of_prev_attempts  studied_credits disability  clicks_first_4_weeks  active_weeks_first_4  mean_clicks_first_4_weeks context_split context_split_name
 382979||BBB||2013J      382979         BBB             2013J      0        38            38                                      0      F         South Region A Level or Equivalent   80-90%    35-55                     0               90          N                 394.0                   4.0                  98.500000          test context_heldout_v1
 511678||BBB||2013J      511678         BBB             2013J      0        38            38                                      0      F         South Region A Level or Equivalent   20-30%     0-35                     0              120          N                1695.0                   4.0                 423.750000          test context_heldout_v1
 522894||BBB||2013J      522894         BBB             2013J      0        38            38                                      0      F             Scotland      HE Qualification   30-40%    35-55                     0              120          N                 275.0                   4.0                  68.750000          test context_heldout_v1
 514864||BBB||2013J      514864         BBB             2013J      0        38            38                                      0      F West Midlands Region    Lower Than A Level    10-20     0-35                     0               60          N                 177.0                   4.0                  44.250000          test context_heldout_v1
2463213||BBB||2013J     2463213         BBB             2013J      0        38            38                                      0      F  East Anglian Region    Lower Than A Level   60-70%    35-55                     0               90          N                2222.0                   4.0                 555.500000          test context_heldout_v1
2452289||BBB||2013J     2452289         BBB             2013J      0        38            38                                      0      F    South East Region    Lower Than A Level   70-80%    35-55                     0               60          N                 111.0                   4.0                  27.750000          test context_heldout_v1
1939695||BBB||2013J     1939695         BBB             2013J      0        38            38                                      0      F             Scotland    Lower Than A Level   30-40%    35-55                     2               60          Y                 107.0                   3.0                  35.666667          test context_heldout_v1
 542296||BBB||2013J      542296         BBB             2013J      0        38            38                                      0      F                Wales    Lower Than A Level   30-40%    35-55                     1               60          N                 189.0                   4.0                  47.250000          test context_heldout_v1
 544122||BBB||2013J      544122         BBB             2013J      0        38            38                                      0      F                Wales A Level or Equivalent  90-100%     0-35                     0               60          N                 111.0                   4.0                  27.750000          test context_heldout_v1
 530487||BBB||2013J      530487         BBB             2013J      0        38            38                                      0      F        London Region      HE Qualification   40-50%     0-35                     0               60          N                 366.0                   4.0                  91.500000          test context_heldout_v1
 540249||BBB||2013J      540249         BBB             2013J      0        38            38                                      0      M  East Anglian Region A Level or Equivalent    0-10%    35-55                     0              120          N                 119.0                   4.0                  29.750000          test context_heldout_v1
 534133||BBB||2013J      534133         BBB             2013J      0        38            38                                      0      F     Yorkshire Region    Lower Than A Level    0-10%     0-35                     0               60          N                  90.0                   2.0                  45.000000          test context_heldout_v1
 556427||BBB||2013J      556427         BBB             2013J      1        34            34                                      0      F East Midlands Region A Level or Equivalent   20-30%     0-35                     0               60          N                  14.0                   2.0                   7.000000          test context_heldout_v1
 526177||BBB||2013J      526177         BBB             2013J      0        38            38                                      0      F             Scotland    Lower Than A Level   40-50%     0-35                     0               75          N                  24.0                   4.0                   6.000000          test context_heldout_v1
 535833||BBB||2013J      535833         BBB             2013J      0        38            38                                      0      F    South West Region    Lower Than A Level   20-30%     0-35                     0               60          N                   1.0                   1.0                   1.000000          test context_heldout_v1
 344568||BBB||2013J      344568         BBB             2013J      0        38            38                                      0      F West Midlands Region    Lower Than A Level   70-80%     0-35                     0               60          N                 109.0                   3.0                  36.333333          test context_heldout_v1
 233752||BBB||2013J      233752         BBB             2013J      0        38            38                                      0      F North Western Region    Lower Than A Level   60-70%    35-55                     0               60          N                 806.0                   4.0                 201.500000          test context_heldout_v1
 105883||BBB||2013J      105883         BBB             2013J      0        38            38                                      0      F North Western Region A Level or Equivalent    0-10%    35-55                     0               60          N                 388.0                   4.0                  97.000000          test context_heldout_v1
 153704||BBB||2013J      153704         BBB             2013J      0        38            38                                      0      F West Midlands Region    Lower Than A Level    0-10%     0-35                     2               60          N                  21.0                   2.0                  10.500000          test context_heldout_v1
 600771||BBB||2013J      600771         BBB             2013J      0        38            38                                      0      M    South East Region    Lower Than A Level    10-20    35-55                     0               60          N                 186.0                   4.0                  46.500000          test context_heldout_v1
ARTIFACT | C3.1 output: enrollment_cox_context_ready_test | duckdb://enrollment_cox_context_ready_test
--- C3.1 output: enrollment_deepsurv_context_ready_train (enrollment_deepsurv_context_ready_train) ---
      enrollment_id  id_student code_module code_presentation  event  duration  duration_raw  used_zero_week_fallback_for_censoring gender               region           highest_education imd_band age_band  num_of_prev_attempts  studied_credits disability  clicks_first_4_weeks  active_weeks_first_4  mean_clicks_first_4_weeks context_split context_split_name
 684669||CCC||2014J      684669         CCC             2014J      0        38            38                                      0      M         North Region            HE Qualification     None     0-35                     0               90          N                 392.0                   4.0                  98.000000         train context_heldout_v1
 674541||CCC||2014J      674541         CCC             2014J      0        38            38                                      0      M         North Region            HE Qualification     None    35-55                     0               30          N                2917.0                   4.0                 729.250000         train context_heldout_v1
 611593||CCC||2014J      611593         CCC             2014J      0        38            38                                      0      M         South Region Post Graduate Qualification  90-100%    35-55                     0               60          N                 158.0                   4.0                  39.500000         train context_heldout_v1
 630430||CCC||2014J      630430         CCC             2014J      0        38            38                                      0      F              Ireland       A Level or Equivalent   50-60%    35-55                     0              120          N                 417.0                   4.0                 104.250000         train context_heldout_v1
 628300||CCC||2014J      628300         CCC             2014J      0        38            38                                      0      M  East Anglian Region       A Level or Equivalent   40-50%     0-35                     0               60          N                 150.0                   3.0                  50.000000         train context_heldout_v1
 616386||CCC||2014J      616386         CCC             2014J      0        38            38                                      0      M East Midlands Region          Lower Than A Level    10-20    35-55                     0               60          N                1385.0                   4.0                 346.250000         train context_heldout_v1
 199361||CCC||2014J      199361         CCC             2014J      0        38            38                                      0      M North Western Region          Lower Than A Level   40-50%     0-35                     0               60          N                 343.0                   4.0                  85.750000         train context_heldout_v1
 264715||CCC||2014J      264715         CCC             2014J      0        38            38                                      0      F         South Region       A Level or Equivalent   20-30%    35-55                     0               60          N                 560.0                   4.0                 140.000000         train context_heldout_v1
  80329||CCC||2014J       80329         CCC             2014J      0        38            38                                      0      M         South Region          Lower Than A Level   80-90%     0-35                     1               90          N                  50.0                   4.0                  12.500000         train context_heldout_v1
2345751||CCC||2014J     2345751         CCC             2014J      0        38            38                                      0      M North Western Region       A Level or Equivalent    0-10%     0-35                     0               60          N                1118.0                   4.0                 279.500000         train context_heldout_v1
 686957||CCC||2014J      686957         CCC             2014J      0        38            38                                      0      M  East Anglian Region            HE Qualification   70-80%     0-35                     0               30          N                 504.0                   4.0                 126.000000         train context_heldout_v1
 692105||CCC||2014J      692105         CCC             2014J      0        38            38                                      0      M             Scotland            HE Qualification   40-50%     0-35                     0               60          N                 385.0                   4.0                  96.250000         train context_heldout_v1
 686268||CCC||2014J      686268         CCC             2014J      0        38            38                                      0      M         South Region       A Level or Equivalent   80-90%     0-35                     0              120          N                  77.0                   3.0                  25.666667         train context_heldout_v1
 695946||CCC||2014J      695946         CCC             2014J      0        38            38                                      0      M              Ireland            HE Qualification     None     0-35                     0               60          N                 241.0                   4.0                  60.250000         train context_heldout_v1
 697567||CCC||2014J      697567         CCC             2014J      0        38            38                                      0      M    South East Region       A Level or Equivalent   80-90%     0-35                     0               90          N                 249.0                   4.0                  62.250000         train context_heldout_v1
1902240||CCC||2014J     1902240         CCC             2014J      0        38            38                                      0      M         South Region       A Level or Equivalent   60-70%     0-35                     0               60          N                 457.0                   4.0                 114.250000         train context_heldout_v1
2451523||CCC||2014J     2451523         CCC             2014J      0        38            38                                      0      F    South East Region            HE Qualification   40-50%    35-55                     0               60          N                 415.0                   4.0                 103.750000         train context_heldout_v1
 574310||CCC||2014J      574310         CCC             2014J      0        38            38                                      0      F     Yorkshire Region       A Level or Equivalent   70-80%     0-35                     0               90          N                 143.0                   3.0                  47.666667         train context_heldout_v1
 568948||CCC||2014J      568948         CCC             2014J      0        38            38                                      0      M North Western Region       A Level or Equivalent   30-40%     0-35                     0               90          N                 103.0                   4.0                  25.750000         train context_heldout_v1
 568691||CCC||2014J      568691         CCC             2014J      0        38            38                                      0      F        London Region       A Level or Equivalent    0-10%    35-55                     0               60          N                 388.0                   4.0                  97.000000         train context_heldout_v1
ARTIFACT | C3.1 output: enrollment_deepsurv_context_ready_train | duckdb://enrollment_deepsurv_context_ready_train
--- C3.1 output: enrollment_deepsurv_context_ready_test (enrollment_deepsurv_context_ready_test) ---
      enrollment_id  id_student code_module code_presentation  event  duration  duration_raw  used_zero_week_fallback_for_censoring gender               region     highest_education imd_band age_band  num_of_prev_attempts  studied_credits disability  clicks_first_4_weeks  active_weeks_first_4  mean_clicks_first_4_weeks context_split context_split_name
 382979||BBB||2013J      382979         BBB             2013J      0        38            38                                      0      F         South Region A Level or Equivalent   80-90%    35-55                     0               90          N                 394.0                   4.0                  98.500000          test context_heldout_v1
 511678||BBB||2013J      511678         BBB             2013J      0        38            38                                      0      F         South Region A Level or Equivalent   20-30%     0-35                     0              120          N                1695.0                   4.0                 423.750000          test context_heldout_v1
 522894||BBB||2013J      522894         BBB             2013J      0        38            38                                      0      F             Scotland      HE Qualification   30-40%    35-55                     0              120          N                 275.0                   4.0                  68.750000          test context_heldout_v1
 514864||BBB||2013J      514864         BBB             2013J      0        38            38                                      0      F West Midlands Region    Lower Than A Level    10-20     0-35                     0               60          N                 177.0                   4.0                  44.250000          test context_heldout_v1
2463213||BBB||2013J     2463213         BBB             2013J      0        38            38                                      0      F  East Anglian Region    Lower Than A Level   60-70%    35-55                     0               90          N                2222.0                   4.0                 555.500000          test context_heldout_v1
2452289||BBB||2013J     2452289         BBB             2013J      0        38            38                                      0      F    South East Region    Lower Than A Level   70-80%    35-55                     0               60          N                 111.0                   4.0                  27.750000          test context_heldout_v1
1939695||BBB||2013J     1939695         BBB             2013J      0        38            38                                      0      F             Scotland    Lower Than A Level   30-40%    35-55                     2               60          Y                 107.0                   3.0                  35.666667          test context_heldout_v1
 542296||BBB||2013J      542296         BBB             2013J      0        38            38                                      0      F                Wales    Lower Than A Level   30-40%    35-55                     1               60          N                 189.0                   4.0                  47.250000          test context_heldout_v1
 544122||BBB||2013J      544122         BBB             2013J      0        38            38                                      0      F                Wales A Level or Equivalent  90-100%     0-35                     0               60          N                 111.0                   4.0                  27.750000          test context_heldout_v1
 530487||BBB||2013J      530487         BBB             2013J      0        38            38                                      0      F        London Region      HE Qualification   40-50%     0-35                     0               60          N                 366.0                   4.0                  91.500000          test context_heldout_v1
 540249||BBB||2013J      540249         BBB             2013J      0        38            38                                      0      M  East Anglian Region A Level or Equivalent    0-10%    35-55                     0              120          N                 119.0                   4.0                  29.750000          test context_heldout_v1
 534133||BBB||2013J      534133         BBB             2013J      0        38            38                                      0      F     Yorkshire Region    Lower Than A Level    0-10%     0-35                     0               60          N                  90.0                   2.0                  45.000000          test context_heldout_v1
 556427||BBB||2013J      556427         BBB             2013J      1        34            34                                      0      F East Midlands Region A Level or Equivalent   20-30%     0-35                     0               60          N                  14.0                   2.0                   7.000000          test context_heldout_v1
 526177||BBB||2013J      526177         BBB             2013J      0        38            38                                      0      F             Scotland    Lower Than A Level   40-50%     0-35                     0               75          N                  24.0                   4.0                   6.000000          test context_heldout_v1
 535833||BBB||2013J      535833         BBB             2013J      0        38            38                                      0      F    South West Region    Lower Than A Level   20-30%     0-35                     0               60          N                   1.0                   1.0                   1.000000          test context_heldout_v1
 344568||BBB||2013J      344568         BBB             2013J      0        38            38                                      0      F West Midlands Region    Lower Than A Level   70-80%     0-35                     0               60          N                 109.0                   3.0                  36.333333          test context_heldout_v1
 233752||BBB||2013J      233752         BBB             2013J      0        38            38                                      0      F North Western Region    Lower Than A Level   60-70%    35-55                     0               60          N                 806.0                   4.0                 201.500000          test context_heldout_v1
 105883||BBB||2013J      105883         BBB             2013J      0        38            38                                      0      F North Western Region A Level or Equivalent    0-10%    35-55                     0               60          N                 388.0                   4.0                  97.000000          test context_heldout_v1
 153704||BBB||2013J      153704         BBB             2013J      0        38            38                                      0      F West Midlands Region    Lower Than A Level    0-10%     0-35                     2               60          N                  21.0                   2.0                  10.500000          test context_heldout_v1
 600771||BBB||2013J      600771         BBB             2013J      0        38            38                                      0      M    South East Region    Lower Than A Level    10-20    35-55                     0               60          N                 186.0                   4.0                  46.500000          test context_heldout_v1
ARTIFACT | C3.1 output: enrollment_deepsurv_context_ready_test | duckdb://enrollment_deepsurv_context_ready_test
--- C3.1 output: context ready dataset audit (table_c3_1_context_ready_dataset_audit) ---
                             table_name  n_rows  n_distinct_enrollments  n_columns context_split_values_present target_column  target_sum
   pp_linear_hazard_context_ready_train  715824                   22816         27                        train       event_t      5165.0
    pp_linear_hazard_context_ready_test  312067                    9777         27                         test       event_t      2222.0
   pp_neural_hazard_context_ready_train  715824                   22816         27                        train       event_t      5165.0
    pp_neural_hazard_context_ready_test  312067                    9777         27                         test       event_t      2222.0
     enrollment_cox_context_ready_train   22816                   22816         21                        train         event      5165.0
      enrollment_cox_context_ready_test    9777                    9777         21                         test         event      2222.0
enrollment_deepsurv_context_ready_train   22816                   22816         21                        train         event      5165.0
 enrollment_deepsurv_context_ready_test    9777                    9777         21                         test         event      2222.0
ARTIFACT | C3.1 output: context ready dataset audit | duckdb://table_c3_1_context_ready_dataset_audit
[END] C3.1 - 2026-06-18 18:59:40
[START] C4 - 2026-06-18 18:59:40
# ==============================================================
# C4 - Close the DuckDB connection
# ==============================================================
[util] DuckDB connection closed.
[END] C4 - 2026-06-18 18:59:40
