[START] B0 - 2026-06-18 18:59:20
# ==============================================================
# B0 - Runtime Bootstrap
# ==============================================================
ARTIFACT | shared_config_toml | /Users/rafars/dropout_benchmark_desenv/benchmark_shared_config.toml
ARTIFACT | duckdb_database | /Users/rafars/dropout_benchmark_desenv/outputs_benchmark_survival/benchmark_survival.duckdb
ARTIFACT | run_metadata_json | /Users/rafars/dropout_benchmark_desenv/outputs_benchmark_survival/metadata/run_metadata.json
[END] B0 - 2026-06-18 18:59:20
[START] B1 - 2026-06-18 18:59:20
# ==============================================================
# B1 - Validate DuckDB Source Contract
# ==============================================================
TABLE_LABEL | B1 audit output
TABLE_NAME | table_b_source_contract_audit
TABLE_ROWS | 1
TABLE_COLS | 7
TABLE_COLUMNS | n_rows, n_distinct_enrollments, n_negative_t_final_week, n_negative_t_last_obs_week, n_nonzero_zero_week_fallback, n_event_rows_missing_t_event_week, n_censored_rows_with_t_event_week
 n_rows  n_distinct_enrollments  n_negative_t_final_week  n_negative_t_last_obs_week  n_nonzero_zero_week_fallback  n_event_rows_missing_t_event_week  n_censored_rows_with_t_event_week
  32593                   32593                      0.0                         0.0                           0.0                                0.0                                0.0
ARTIFACT | B1 audit output | duckdb://table_b_source_contract_audit
Validated DuckDB source tables: enrollment_survival_ready, studentVle
[END] B1 - 2026-06-18 18:59:20
[START] B2 - 2026-06-18 18:59:20
# ==============================================================
# B2 - Build Minimal Person-Period Skeleton
# ==============================================================
--- B2 main output (person_period_min) ---
 id_student code_module code_presentation gender               region     highest_education imd_band age_band  num_of_prev_attempts  studied_credits disability final_result  date_registration  date_unregistration  is_withdrawn  has_valid_unregistration_date  event_observed  is_withdrawn_without_valid_unregistration  has_any_vle_activity  max_vle_day  n_vle_rows  total_clicks_all_time  t_event_week  t_last_obs_week  t_final_week  used_zero_week_fallback_for_censoring  week     enrollment_id  event_t
     382979         BBB             2013J      F         South Region A Level or Equivalent   80-90%    35-55                     0               90          N  Distinction                -66                 <NA>             0                              0               0                                          0                     1          257         929                 2578.0           NaN               38            38                                      0    38  382979|BBB|2013J        0
     511678         BBB             2013J      F         South Region A Level or Equivalent   20-30%     0-35                     0              120          N         Pass                -92                 <NA>             0                              0               0                                          0                     1          268        1962                12555.0           NaN               38            38                                      0    38  511678|BBB|2013J        0
     522894         BBB             2013J      F             Scotland      HE Qualification   30-40%    35-55                     0              120          N         Pass                -67                 <NA>             0                              0               0                                          0                     1          255         647                 1707.0           NaN               38            38                                      0    38  522894|BBB|2013J        0
     514864         BBB             2013J      F West Midlands Region    Lower Than A Level    10-20     0-35                     0               60          N         Pass                -28                 <NA>             0                              0               0                                          0                     1          268         723                 1790.0           NaN               38            38                                      0    38  514864|BBB|2013J        0
    2463213         BBB             2013J      F  East Anglian Region    Lower Than A Level   60-70%    35-55                     0               90          N         Pass               -148                 <NA>             0                              0               0                                          0                     1          266        1638                12238.0           NaN               38            38                                      0    38 2463213|BBB|2013J        0
    2452289         BBB             2013J      F    South East Region    Lower Than A Level   70-80%    35-55                     0               60          N         Pass               -102                 <NA>             0                              0               0                                          0                     1          251         557                 1333.0           NaN               38            38                                      0    38 2452289|BBB|2013J        0
    1939695         BBB             2013J      F             Scotland    Lower Than A Level   30-40%    35-55                     2               60          Y  Distinction                -52                 <NA>             0                              0               0                                          0                     1          260         481                 1160.0           NaN               38            38                                      0    38 1939695|BBB|2013J        0
     542296         BBB             2013J      F                Wales    Lower Than A Level   30-40%    35-55                     1               60          N         Pass                -66                 <NA>             0                              0               0                                          0                     1          263         477                 1330.0           NaN               38            38                                      0    38  542296|BBB|2013J        0
     544122         BBB             2013J      F                Wales A Level or Equivalent  90-100%     0-35                     0               60          N  Distinction                -19                 <NA>             0                              0               0                                          0                     1          241         276                  567.0           NaN               38            38                                      0    38  544122|BBB|2013J        0
     530487         BBB             2013J      F        London Region      HE Qualification   40-50%     0-35                     0               60          N         Pass                -30                 <NA>             0                              0               0                                          0                     1          262         645                 1621.0           NaN               38            38                                      0    38  530487|BBB|2013J        0
     540249         BBB             2013J      M  East Anglian Region A Level or Equivalent    0-10%    35-55                     0              120          N         Fail                -28                 <NA>             0                              0               0                                          0                     1          254         436                  836.0           NaN               38            38                                      0    38  540249|BBB|2013J        0
     534133         BBB             2013J      F     Yorkshire Region    Lower Than A Level    0-10%     0-35                     0               60          N         Pass                -17                 <NA>             0                              0               0                                          0                     1          241         800                 2003.0           NaN               38            38                                      0    38  534133|BBB|2013J        0
     556427         BBB             2013J      F East Midlands Region A Level or Equivalent   20-30%     0-35                     0               60          N    Withdrawn               -107                  241             1                              1               1                                          0                     1          133          60                  141.0          34.0               34            34                                      0    34  556427|BBB|2013J        1
     526177         BBB             2013J      F             Scotland    Lower Than A Level   40-50%     0-35                     0               75          N         Pass                -49                 <NA>             0                              0               0                                          0                     1          206          92                  168.0           NaN               38            38                                      0    38  526177|BBB|2013J        0
     535833         BBB             2013J      F    South West Region    Lower Than A Level   20-30%     0-35                     0               60          N         Pass                -22                 <NA>             0                              0               0                                          0                     1          268         120                  274.0           NaN               38            38                                      0    38  535833|BBB|2013J        0
     344568         BBB             2013J      F West Midlands Region    Lower Than A Level   70-80%     0-35                     0               60          N         Pass               -172                 <NA>             0                              0               0                                          0                     1          250         307                  673.0           NaN               38            38                                      0    38  344568|BBB|2013J        0
     233752         BBB             2013J      F North Western Region    Lower Than A Level   60-70%    35-55                     0               60          N         Pass                -64                 <NA>             0                              0               0                                          0                     1          268        1755                 7769.0           NaN               38            38                                      0    38  233752|BBB|2013J        0
     105883         BBB             2013J      F North Western Region A Level or Equivalent    0-10%    35-55                     0               60          N         Pass                -29                 <NA>             0                              0               0                                          0                     1          265        1054                 4022.0           NaN               38            38                                      0    38  105883|BBB|2013J        0
     153704         BBB             2013J      F West Midlands Region    Lower Than A Level    0-10%     0-35                     2               60          N         Fail                -73                 <NA>             0                              0               0                                          0                     1          193          98                  165.0           NaN               38            38                                      0    38  153704|BBB|2013J        0
     600771         BBB             2013J      M    South East Region    Lower Than A Level    10-20    35-55                     0               60          N         Pass                -53                 <NA>             0                              0               0                                          0                     1          241         204                  543.0           NaN               38            38                                      0    38  600771|BBB|2013J        0
ARTIFACT | B2 main output | duckdb://person_period_min
TABLE_LABEL | B2 audit output
TABLE_NAME | table_person_period_min_audit
TABLE_ROWS | 1
TABLE_COLS | 10
TABLE_COLUMNS | n_person_period_rows, n_distinct_enrollments, min_week, max_week, max_t_final_week, min_t_final_week, n_total_event_rows, n_rows_from_zero_week_fallback, n_enrollments_from_zero_week_fallback, n_enrollments_with_negative_t_final_week
 n_person_period_rows  n_distinct_enrollments  min_week  max_week  max_t_final_week  min_t_final_week  n_total_event_rows  n_rows_from_zero_week_fallback  n_enrollments_from_zero_week_fallback  n_enrollments_with_negative_t_final_week
              1027891                   32593         0        63                63                 0              7387.0                             0.0                                      0                                         0
ARTIFACT | B2 audit output | duckdb://table_person_period_min_audit
TABLE_LABEL | B2 audit output
TABLE_NAME | table_person_period_event_check
TABLE_ROWS | 2
TABLE_COLS | 3
TABLE_COLUMNS | event_observed, n_event_rows, n_enrollments
 event_observed  n_event_rows  n_enrollments
              0           0.0          25206
              1           1.0           7387
ARTIFACT | B2 audit output | duckdb://table_person_period_event_check
TABLE_LABEL | B2 analytical output
TABLE_NAME | table_person_period_week_distribution
TABLE_ROWS | 64
TABLE_COLS | 3
TABLE_COLUMNS | week, n_rows, n_events
 week  n_rows  n_events
    0   32593     713.0
    1   31880    1068.0
    2   30812     215.0
    3   30597     360.0
    4   30237     303.0
    5   29934     216.0
    6   29718     246.0
    7   29472     256.0
    8   29216     230.0
    9   28986     220.0
   10   28766     203.0
   11   28563     146.0
   12   28417     171.0
   13   28246     204.0
   14   28042     218.0
   15   27824     199.0
   16   27625     152.0
   17   27473     165.0
   18   27308     167.0
   19   27141     163.0
ARTIFACT | B2 analytical output | duckdb://table_person_period_week_distribution
TABLE_LABEL | B2 audit output
TABLE_NAME | table_person_period_coverage_check
TABLE_ROWS | 1
TABLE_COLS | 3
TABLE_COLUMNS | n_enrollments_survival_ready, n_enrollments_person_period, n_missing_enrollments_after_expansion
 n_enrollments_survival_ready  n_enrollments_person_period  n_missing_enrollments_after_expansion
                        32593                        32593                                      0
ARTIFACT | B2 audit output | duckdb://table_person_period_coverage_check
[END] B2 - 2026-06-18 18:59:21
[START] B3 - 2026-06-18 18:59:21
# ==============================================================
# B3 - Build Weekly VLE Feature Layer
# ==============================================================
--- B3 main output (vle_weekly_features) ---
 id_student code_module code_presentation  week  total_clicks_week  n_vle_rows_week  active_this_week  n_distinct_sites_week
     246834         AAA             2013J    -2               87.0               22                 1                     12
     291334         AAA             2013J    -2              157.0               30                 1                     20
     287548         AAA             2013J    -2                7.0                4                 1                      4
    1894188         AAA             2013J    -2              178.0               22                 1                     16
    1938355         AAA             2013J    -2              151.0               36                 1                     20
    1035023         AAA             2013J    -2               59.0               13                 1                     11
    2529279         AAA             2013J    -2               34.0               16                 1                     14
    2516503         AAA             2013J    -2               29.0               14                 1                     11
    2691244         AAA             2013J    -1               15.0               10                 1                      5
    2122180         AAA             2013J    -1              234.0               35                 1                     16
     489455         AAA             2013J    -1              135.0               29                 1                     12
      98094         AAA             2013J    -1              204.0               32                 1                     19
     155550         AAA             2013J    -1               63.0               11                 1                      8
     229361         AAA             2013J    -1               24.0                4                 1                      2
     343446         AAA             2013J     0              195.0               40                 1                     15
    1414443         AAA             2013J     0              159.0               36                 1                     31
    1847830         AAA             2013J     0              160.0               37                 1                     12
    2613116         AAA             2013J     0               32.0               12                 1                      6
    2649826         AAA             2013J     0               46.0               25                 1                      8
     704156         AAA             2013J     0              128.0               32                 1                     16
ARTIFACT | B3 main output | duckdb://vle_weekly_features
TABLE_LABEL | B3 audit output
TABLE_NAME | table_vle_weekly_features_audit
TABLE_ROWS | 1
TABLE_COLS | 8
TABLE_COLUMNS | n_enrollment_week_rows, n_distinct_enrollments, min_week, max_week, n_rows_negative_weeks, n_rows_zero_clicks, min_total_clicks_week, max_total_clicks_week
 n_enrollment_week_rows  n_distinct_enrollments  min_week  max_week  n_rows_negative_weeks  n_rows_zero_clicks  min_total_clicks_week  max_total_clicks_week
                 627031                   29228        -4        38                47593.0                 0.0                    1.0                 6999.0
ARTIFACT | B3 audit output | duckdb://table_vle_weekly_features_audit
TABLE_LABEL | B3 analytical output
TABLE_NAME | table_vle_weekly_features_week_distribution
TABLE_ROWS | 43
TABLE_COLS | 4
TABLE_COLUMNS | week, n_rows, total_clicks_sum, avg_total_clicks_week
 week  n_rows  total_clicks_sum  avg_total_clicks_week
   -4    1076           43298.0              40.239777
   -3   10532          433407.0              41.151443
   -2   16176          646001.0              39.935769
   -1   19809         1025241.0              51.756323
    0   23658         2013077.0              85.090752
    1   23168         1797648.0              77.591851
    2   23822         2307080.0              96.846612
    3   22135         1663598.0              75.156901
    4   21661         1505334.0              69.495129
    5   20361         1228901.0              60.355631
    6   20237         1350506.0              66.734496
    7   19888         1287543.0              64.739692
    8   18390          930074.0              50.574986
    9   17559         1061916.0              60.477020
   10   14544          646965.0              44.483292
   11   13660          578012.0              42.314202
   12   16232          831892.0              51.250123
   13   16948          992429.0              58.557293
   14   16365          871409.0              53.248335
   15   16515          857669.0              51.932728
ARTIFACT | B3 analytical output | duckdb://table_vle_weekly_features_week_distribution
TABLE_LABEL | B3 audit output
TABLE_NAME | table_vle_weekly_features_coverage_check
TABLE_ROWS | 1
TABLE_COLS | 3
TABLE_COLUMNS | n_enrollments_survival_ready, n_enrollments_with_weekly_vle, n_enrollments_without_weekly_vle
 n_enrollments_survival_ready  n_enrollments_with_weekly_vle  n_enrollments_without_weekly_vle
                        32593                          29228                              3365
ARTIFACT | B3 audit output | duckdb://table_vle_weekly_features_coverage_check
[END] B3 - 2026-06-18 18:59:22
[START] B4 - 2026-06-18 18:59:22
# ==============================================================
# B4 - Enrich Person-Period with Temporal Features
# ==============================================================
--- B4 main output (person_period_enriched) ---
 id_student code_module code_presentation gender               region     highest_education imd_band age_band  num_of_prev_attempts  studied_credits disability final_result  date_registration  date_unregistration  is_withdrawn  has_valid_unregistration_date  event_observed  is_withdrawn_without_valid_unregistration  has_any_vle_activity  max_vle_day  n_vle_rows  total_clicks_all_time  t_event_week  t_last_obs_week  t_final_week  used_zero_week_fallback_for_censoring  week    enrollment_id  event_t  total_clicks_week  n_vle_rows_week  active_this_week  n_distinct_sites_week  cum_clicks_until_t  cum_active_weeks_until_t  last_active_week_so_far  recency  inactivity_group  streak
     622384         CCC             2014J      M             Scotland A Level or Equivalent   80-90%     0-35                     1               90          Y         Fail                -53                 <NA>             0                              0               0                                          0                     1          116          45                   98.0           NaN               38            38                                      0    38 622384|CCC|2014J        0                0.0                0                 0                      0                95.0                       7.0                       16       22              32.0       0
     622384         DDD             2014J      M             Scotland A Level or Equivalent   80-90%     0-35                     1               90          Y         Fail                -60                 <NA>             0                              0               0                                          0                     1          109          39                   75.0           NaN               37            37                                      0     0 622384|DDD|2014J        0                4.0                4                 1                      4                 4.0                       1.0                        0        0               0.0       1
     622384         DDD             2014J      M             Scotland A Level or Equivalent   80-90%     0-35                     1               90          Y         Fail                -60                 <NA>             0                              0               0                                          0                     1          109          39                   75.0           NaN               37            37                                      0     1 622384|DDD|2014J        0                4.0                3                 1                      2                 8.0                       2.0                        1        0               0.0       2
     622384         DDD             2014J      M             Scotland A Level or Equivalent   80-90%     0-35                     1               90          Y         Fail                -60                 <NA>             0                              0               0                                          0                     1          109          39                   75.0           NaN               37            37                                      0     2 622384|DDD|2014J        0               30.0               10                 1                      4                38.0                       3.0                        2        0               0.0       3
     622384         DDD             2014J      M             Scotland A Level or Equivalent   80-90%     0-35                     1               90          Y         Fail                -60                 <NA>             0                              0               0                                          0                     1          109          39                   75.0           NaN               37            37                                      0     3 622384|DDD|2014J        0                8.0                2                 1                      1                46.0                       4.0                        3        0               0.0       4
     622384         DDD             2014J      M             Scotland A Level or Equivalent   80-90%     0-35                     1               90          Y         Fail                -60                 <NA>             0                              0               0                                          0                     1          109          39                   75.0           NaN               37            37                                      0    16 622384|DDD|2014J        0                0.0                0                 0                      0                66.0                       6.0                       15        1              11.0       0
     622384         DDD             2014J      M             Scotland A Level or Equivalent   80-90%     0-35                     1               90          Y         Fail                -60                 <NA>             0                              0               0                                          0                     1          109          39                   75.0           NaN               37            37                                      0    21 622384|DDD|2014J        0                0.0                0                 0                      0                66.0                       6.0                       15        6              16.0       0
     622384         DDD             2014J      M             Scotland A Level or Equivalent   80-90%     0-35                     1               90          Y         Fail                -60                 <NA>             0                              0               0                                          0                     1          109          39                   75.0           NaN               37            37                                      0    31 622384|DDD|2014J        0                0.0                0                 0                      0                66.0                       6.0                       15       16              26.0       0
     622392         FFF             2014B      M         North Region       No Formal quals     None     0-35                     0              120          N         Fail                -99                 <NA>             0                              0               0                                          0                     1          171         308                 1101.0           NaN               34            34                                      0    21 622392|FFF|2014B        0                0.0                0                 0                      0              1029.0                      15.0                       18        3               7.0       0
     622413         CCC             2014J      F         South Region    Lower Than A Level   20-30%     0-35                     0               30          N    Withdrawn                -17                   66             1                              1               1                                          0                     1           69         126                  301.0           9.0                9             9                                      0     8 622413|CCC|2014J        0                0.0                0                 0                      0               296.0                       8.0                        7        1               1.0       0
     622413         CCC             2014J      F         South Region    Lower Than A Level   20-30%     0-35                     0               30          N    Withdrawn                -17                   66             1                              1               1                                          0                     1           69         126                  301.0           9.0                9             9                                      0     9 622413|CCC|2014J        1                1.0                1                 1                      1               297.0                       9.0                        9        0               1.0       2
     622425         CCC             2014J      M North Western Region A Level or Equivalent   40-50%     0-35                     0               30          N    Withdrawn                -64                  164             1                              1               1                                          0                     1          106          70                  173.0          23.0               23            23                                      0    16 622425|CCC|2014J        0                0.0                0                 0                      0               167.0                      15.0                       15        1               2.0       0
     622430         CCC             2014B      M        London Region    Lower Than A Level    0-10%     0-35                     0              120          N    Withdrawn                -95                  -92             1                              0               0                                          1                     0         <NA>           0                    0.0           NaN               34            34                                      0    14 622430|CCC|2014B        0                0.0                0                 0                      0                 0.0                       0.0                     <NA>       15              15.0       0
     622430         CCC             2014B      M        London Region    Lower Than A Level    0-10%     0-35                     0              120          N    Withdrawn                -95                  -92             1                              0               0                                          1                     0         <NA>           0                    0.0           NaN               34            34                                      0    21 622430|CCC|2014B        0                0.0                0                 0                      0                 0.0                       0.0                     <NA>       22              22.0       0
     622430         CCC             2014B      M        London Region    Lower Than A Level    0-10%     0-35                     0              120          N    Withdrawn                -95                  -92             1                              0               0                                          1                     0         <NA>           0                    0.0           NaN               34            34                                      0    30 622430|CCC|2014B        0                0.0                0                 0                      0                 0.0                       0.0                     <NA>       31              31.0       0
     622430         CCC             2014B      M        London Region    Lower Than A Level    0-10%     0-35                     0              120          N    Withdrawn                -95                  -92             1                              0               0                                          1                     0         <NA>           0                    0.0           NaN               34            34                                      0    31 622430|CCC|2014B        0                0.0                0                 0                      0                 0.0                       0.0                     <NA>       32              32.0       0
     622432         GGG             2014B      F North Western Region    Lower Than A Level    0-10%    35-55                     0               30          N  Distinction                -68                 <NA>             0                              0               0                                          0                     1          217         397                 1244.0           NaN               34            34                                      0     0 622432|GGG|2014B        0               12.0                6                 1                      4                12.0                       1.0                        0        0               0.0       1
     622432         GGG             2014B      F North Western Region    Lower Than A Level    0-10%    35-55                     0               30          N  Distinction                -68                 <NA>             0                              0               0                                          0                     1          217         397                 1244.0           NaN               34            34                                      0     1 622432|GGG|2014B        0                6.0                4                 1                      3                18.0                       2.0                        1        0               0.0       2
     622432         GGG             2014B      F North Western Region    Lower Than A Level    0-10%    35-55                     0               30          N  Distinction                -68                 <NA>             0                              0               0                                          0                     1          217         397                 1244.0           NaN               34            34                                      0     2 622432|GGG|2014B        0               27.0                8                 1                      5                45.0                       3.0                        2        0               0.0       3
     622432         GGG             2014B      F North Western Region    Lower Than A Level    0-10%    35-55                     0               30          N  Distinction                -68                 <NA>             0                              0               0                                          0                     1          217         397                 1244.0           NaN               34            34                                      0     3 622432|GGG|2014B        0               35.0                6                 1                      4                80.0                       4.0                        3        0               0.0       4
ARTIFACT | B4 main output | duckdb://person_period_enriched
TABLE_LABEL | B4 audit output
TABLE_NAME | table_person_period_enriched_audit
TABLE_ROWS | 1
TABLE_COLS | 8
TABLE_COLUMNS | n_person_period_rows, n_distinct_enrollments, max_week, avg_total_clicks_week, avg_cum_clicks_until_t, avg_active_this_week, max_recency, max_streak
 n_person_period_rows  n_distinct_enrollments  max_week  avg_total_clicks_week  avg_cum_clicks_until_t  avg_active_this_week  max_recency  max_streak
              1027891                   32593        63              36.370049              776.388779              0.561707           42          39
ARTIFACT | B4 audit output | duckdb://table_person_period_enriched_audit
TABLE_LABEL | B4 audit output
TABLE_NAME | table_person_period_enriched_missing_check
TABLE_ROWS | 1
TABLE_COLS | 7
TABLE_COLUMNS | n_missing_total_clicks_week, n_missing_n_vle_rows_week, n_missing_active_this_week, n_missing_n_distinct_sites_week, n_missing_cum_clicks_until_t, n_missing_recency, n_missing_streak
 n_missing_total_clicks_week  n_missing_n_vle_rows_week  n_missing_active_this_week  n_missing_n_distinct_sites_week  n_missing_cum_clicks_until_t  n_missing_recency  n_missing_streak
                         0.0                        0.0                         0.0                              0.0                           0.0                0.0               0.0
ARTIFACT | B4 audit output | duckdb://table_person_period_enriched_missing_check
TABLE_LABEL | B4 analytical output
TABLE_NAME | table_person_period_enriched_sample
TABLE_ROWS | 30
TABLE_COLS | 8
TABLE_COLUMNS | enrollment_id, week, event_t, total_clicks_week, active_this_week, cum_clicks_until_t, recency, streak
   enrollment_id  week  event_t  total_clicks_week  active_this_week  cum_clicks_until_t  recency  streak
100064|FFF|2013J     0        0              190.0                 1               190.0        0       1
100064|FFF|2013J     1        0               77.0                 1               267.0        0       2
100064|FFF|2013J     2        0               17.0                 1               284.0        0       3
100064|FFF|2013J     3        0               69.0                 1               353.0        0       4
100064|FFF|2013J     4        0               76.0                 1               429.0        0       5
100064|FFF|2013J     5        0              135.0                 1               564.0        0       6
100064|FFF|2013J     6        0              194.0                 1               758.0        0       7
100064|FFF|2013J     7        0              120.0                 1               878.0        0       8
100064|FFF|2013J     8        0              156.0                 1              1034.0        0       9
100064|FFF|2013J     9        0              250.0                 1              1284.0        0      10
100064|FFF|2013J    10        0               79.0                 1              1363.0        0      11
100064|FFF|2013J    11        0               10.0                 1              1373.0        0      12
100064|FFF|2013J    12        0              187.0                 1              1560.0        0      13
100064|FFF|2013J    13        0              192.0                 1              1752.0        0      14
100064|FFF|2013J    14        0              414.0                 1              2166.0        0      15
100064|FFF|2013J    15        0              306.0                 1              2472.0        0      16
100064|FFF|2013J    16        0              285.0                 1              2757.0        0      17
100064|FFF|2013J    17        0              134.0                 1              2891.0        0      18
100064|FFF|2013J    18        0              123.0                 1              3014.0        0      19
100064|FFF|2013J    19        0              188.0                 1              3202.0        0      20
ARTIFACT | B4 analytical output | duckdb://table_person_period_enriched_sample
[END] B4 - 2026-06-18 18:59:24
[START] B5 - 2026-06-18 18:59:24
# ==============================================================
# B5 - Build Enrollment-Level Model Table
# ==============================================================
--- B5 main output (enrollment_model_table) ---
      enrollment_id  id_student code_module code_presentation  event  duration_raw  duration  used_zero_week_fallback_for_censoring gender               region     highest_education imd_band age_band  num_of_prev_attempts  studied_credits disability
 382979||BBB||2013J      382979         BBB             2013J      0            38        38                                      0      F         South Region A Level or Equivalent   80-90%    35-55                     0               90          N
 511678||BBB||2013J      511678         BBB             2013J      0            38        38                                      0      F         South Region A Level or Equivalent   20-30%     0-35                     0              120          N
 522894||BBB||2013J      522894         BBB             2013J      0            38        38                                      0      F             Scotland      HE Qualification   30-40%    35-55                     0              120          N
 514864||BBB||2013J      514864         BBB             2013J      0            38        38                                      0      F West Midlands Region    Lower Than A Level    10-20     0-35                     0               60          N
2463213||BBB||2013J     2463213         BBB             2013J      0            38        38                                      0      F  East Anglian Region    Lower Than A Level   60-70%    35-55                     0               90          N
2452289||BBB||2013J     2452289         BBB             2013J      0            38        38                                      0      F    South East Region    Lower Than A Level   70-80%    35-55                     0               60          N
1939695||BBB||2013J     1939695         BBB             2013J      0            38        38                                      0      F             Scotland    Lower Than A Level   30-40%    35-55                     2               60          Y
 542296||BBB||2013J      542296         BBB             2013J      0            38        38                                      0      F                Wales    Lower Than A Level   30-40%    35-55                     1               60          N
 544122||BBB||2013J      544122         BBB             2013J      0            38        38                                      0      F                Wales A Level or Equivalent  90-100%     0-35                     0               60          N
 530487||BBB||2013J      530487         BBB             2013J      0            38        38                                      0      F        London Region      HE Qualification   40-50%     0-35                     0               60          N
 540249||BBB||2013J      540249         BBB             2013J      0            38        38                                      0      M  East Anglian Region A Level or Equivalent    0-10%    35-55                     0              120          N
 534133||BBB||2013J      534133         BBB             2013J      0            38        38                                      0      F     Yorkshire Region    Lower Than A Level    0-10%     0-35                     0               60          N
 556427||BBB||2013J      556427         BBB             2013J      1            34        34                                      0      F East Midlands Region A Level or Equivalent   20-30%     0-35                     0               60          N
 526177||BBB||2013J      526177         BBB             2013J      0            38        38                                      0      F             Scotland    Lower Than A Level   40-50%     0-35                     0               75          N
 535833||BBB||2013J      535833         BBB             2013J      0            38        38                                      0      F    South West Region    Lower Than A Level   20-30%     0-35                     0               60          N
 344568||BBB||2013J      344568         BBB             2013J      0            38        38                                      0      F West Midlands Region    Lower Than A Level   70-80%     0-35                     0               60          N
 233752||BBB||2013J      233752         BBB             2013J      0            38        38                                      0      F North Western Region    Lower Than A Level   60-70%    35-55                     0               60          N
 105883||BBB||2013J      105883         BBB             2013J      0            38        38                                      0      F North Western Region A Level or Equivalent    0-10%    35-55                     0               60          N
 153704||BBB||2013J      153704         BBB             2013J      0            38        38                                      0      F West Midlands Region    Lower Than A Level    0-10%     0-35                     2               60          N
 600771||BBB||2013J      600771         BBB             2013J      0            38        38                                      0      M    South East Region    Lower Than A Level    10-20    35-55                     0               60          N
ARTIFACT | B5 main output | duckdb://enrollment_model_table
TABLE_LABEL | B5 audit output
TABLE_NAME | table_enrollment_model_table_audit
TABLE_ROWS | 1
TABLE_COLS | 10
TABLE_COLUMNS | n_rows, n_distinct_enrollments, min_duration_raw, min_duration, avg_duration, max_duration, n_events, pct_events, n_negative_duration_raw, is_unique_by_enrollment_id
 n_rows  n_distinct_enrollments  min_duration_raw  min_duration  avg_duration  max_duration  n_events  pct_events  n_negative_duration_raw  is_unique_by_enrollment_id
  32593                   32593                 0             0     30.537171            63    7387.0   22.664376                      0.0                        True
ARTIFACT | B5 audit output | duckdb://table_enrollment_model_table_audit
TABLE_LABEL | B5 audit output
TABLE_NAME | table_enrollment_model_table_missing_check
TABLE_ROWS | 1
TABLE_COLS | 12
TABLE_COLUMNS | n_missing_duration_raw, n_missing_duration, n_missing_event, n_missing_gender, n_missing_region, n_missing_highest_education, n_missing_imd_band, n_missing_age_band, n_missing_num_of_prev_attempts, n_missing_studied_credits, n_missing_disability, n_missing_zero_week_fallback_flag
 n_missing_duration_raw  n_missing_duration  n_missing_event  n_missing_gender  n_missing_region  n_missing_highest_education  n_missing_imd_band  n_missing_age_band  n_missing_num_of_prev_attempts  n_missing_studied_credits  n_missing_disability  n_missing_zero_week_fallback_flag
                    0.0                 0.0              0.0               0.0               0.0                          0.0              1111.0                 0.0                             0.0                        0.0                   0.0                                0.0
ARTIFACT | B5 audit output | duckdb://table_enrollment_model_table_missing_check
TABLE_LABEL | B5 analytical output
TABLE_NAME | table_enrollment_model_table_event_distribution
TABLE_ROWS | 2
TABLE_COLS | 2
TABLE_COLUMNS | event, n
 event     n
     0 25206
     1  7387
ARTIFACT | B5 analytical output | duckdb://table_enrollment_model_table_event_distribution
TABLE_LABEL | B5 analytical output
TABLE_NAME | table_enrollment_model_table_sample
TABLE_ROWS | 30
TABLE_COLS | 16
TABLE_COLUMNS | enrollment_id, id_student, code_module, code_presentation, event, duration_raw, duration, used_zero_week_fallback_for_censoring, gender, region, highest_education, imd_band, age_band, num_of_prev_attempts, studied_credits, disability
      enrollment_id  id_student code_module code_presentation  event  duration_raw  duration  used_zero_week_fallback_for_censoring gender               region     highest_education imd_band age_band  num_of_prev_attempts  studied_credits disability
 100064||FFF||2013J      100064         FFF             2013J      0            38        38                                      0      F West Midlands Region A Level or Equivalent    0-10%    35-55                     0               60          N
 100282||BBB||2013J      100282         BBB             2013J      1            29        29                                      0      F                Wales    Lower Than A Level   20-30%     0-35                     1              120          N
 100561||DDD||2014J      100561         DDD             2014J      0            37        37                                      0      M  East Anglian Region    Lower Than A Level   70-80%     0-35                     1               60          N
 100621||CCC||2014B      100621         CCC             2014B      1             6         6                                      0      M West Midlands Region A Level or Equivalent   50-60%    35-55                     0               60          N
1006742||FFF||2014B     1006742         FFF             2014B      0            34        34                                      0      M             Scotland      HE Qualification   80-90%     55<=                     1              120          N
 100758||EEE||2013J      100758         EEE             2013J      0            38        38                                      0      F        London Region A Level or Equivalent    10-20     0-35                     0              150          N
 100788||CCC||2014J      100788         CCC             2014J      0            38        38                                      0      M             Scotland      HE Qualification   80-90%     0-35                     1               60          N
 100788||FFF||2013J      100788         FFF             2013J      0            38        38                                      0      M             Scotland      HE Qualification   80-90%     0-35                     0               90          N
1008675||BBB||2013B     1008675         BBB             2013B      0            34        34                                      0      F  East Anglian Region    Lower Than A Level  90-100%    35-55                     0               60          N
 100893||AAA||2013J      100893         AAA             2013J      0            38        38                                      0      M     Yorkshire Region A Level or Equivalent   20-30%     0-35                     0               60          N
 101116||AAA||2014J      101116         AAA             2014J      0            38        38                                      0      F  East Anglian Region    Lower Than A Level   60-70%    35-55                     0               60          N
 101187||DDD||2014J      101187         DDD             2014J      0            37        37                                      0      F        London Region      HE Qualification   30-40%    35-55                     0              120          N
 101217||FFF||2013J      101217         FFF             2013J      1            13        13                                      0      M        London Region A Level or Equivalent   40-50%    35-55                     1               90          Y
 101217||FFF||2014J      101217         FFF             2014J      0            38        38                                      0      M        London Region A Level or Equivalent   40-50%    35-55                     2               60          Y
 101279||DDD||2014J      101279         DDD             2014J      0            37        37                                      0      F     Yorkshire Region A Level or Equivalent    0-10%    35-55                     0               60          N
 101306||FFF||2013B      101306         FFF             2013B      0            34        34                                      0      M        London Region A Level or Equivalent   20-30%    35-55                     0              120          N
 101414||EEE||2013J      101414         EEE             2013J      0            38        38                                      0      M     Yorkshire Region    Lower Than A Level   70-80%    35-55                     0              105          N
 101420||FFF||2013J      101420         FFF             2013J      0            38        38                                      0      M     Yorkshire Region    Lower Than A Level   30-40%     0-35                     0              120          N
 101634||FFF||2014B      101634         FFF             2014B      0            34        34                                      0      M     Yorkshire Region       No Formal quals    0-10%     0-35                     0               90          N
 101700||CCC||2014J      101700         CCC             2014J      0            38        38                                      0      M        London Region A Level or Equivalent    10-20     0-35                     0               60          Y
ARTIFACT | B5 analytical output | duckdb://table_enrollment_model_table_sample
[END] B5 - 2026-06-18 18:59:24
[START] B6 - 2026-06-18 18:59:24
# ==============================================================
# B6 - Define Canonical Modeling Configuration Layer
# ==============================================================
TABLE_LABEL | B6 analytical output
TABLE_NAME | table_p10_canonical_modeling_configuration
TABLE_ROWS | 5
TABLE_COLS | 11
TABLE_COLUMNS | variant_name, benchmark_arm, family, representation_type, update_regime, input_table_train, input_table_test, feature_set, optional_feature_set, currently_materialized, included_in_main_results
                    variant_name  benchmark_arm                           family                      representation_type             update_regime                               input_table_train                               input_table_test                                                   feature_set                             optional_feature_set  currently_materialized  included_in_main_results
                 continuous_time comparable_arm                  continuous_time enrollment_level_or_early_window_summary static_after_early_window                      enrollment_cox_ready_train                      enrollment_cox_ready_test studied_credits | num_of_prev_attempts | clicks_first_4_weeks active_weeks_first_4 | mean_clicks_first_4_weeks                    True                      True
          continuous_time_neural comparable_arm           continuous_time_neural enrollment_level_or_early_window_summary static_after_early_window                 enrollment_deepsurv_ready_train                 enrollment_deepsurv_ready_test studied_credits | num_of_prev_attempts | clicks_first_4_weeks active_weeks_first_4 | mean_clicks_first_4_weeks                    True                      True
discrete_time_comparable_minimal comparable_arm discrete_time_comparable_minimal enrollment_level_or_early_window_summary static_after_early_window enrollment_discrete_time_comparable_ready_train enrollment_discrete_time_comparable_ready_test studied_credits | num_of_prev_attempts | clicks_first_4_weeks active_weeks_first_4 | mean_clicks_first_4_weeks                   False                     False
                   discrete_time    dynamic_arm                    discrete_time             dynamic_weekly_person_period           weekly_updating                    pp_linear_hazard_ready_train                    pp_linear_hazard_ready_test  week | total_clicks | studied_credits | num_of_prev_attempts                                                                     True                      True
            discrete_time_neural    dynamic_arm             discrete_time_neural             dynamic_weekly_person_period           weekly_updating                    pp_neural_hazard_ready_train                    pp_neural_hazard_ready_test  week | total_clicks | studied_credits | num_of_prev_attempts                                                                     True                      True
ARTIFACT | B6 analytical output | duckdb://table_p10_canonical_modeling_configuration
TABLE_LABEL | B6 analytical output
TABLE_NAME | table_b_feature_contract
TABLE_ROWS | 9
TABLE_COLS | 6
TABLE_COLUMNS | feature_name, feature_group, applies_to_family, window_weeks, paper_locked, notes
             feature_name                       feature_group                                                                                                  applies_to_family  window_weeks  paper_locked                                                                       notes
     clicks_first_4_weeks     main_enrollment_window_features                                        continuous_time | continuous_time_neural | discrete_time_comparable_minimal           4.0          True                                  Canonical early-window comparable feature.
     num_of_prev_attempts     main_enrollment_window_features                                        continuous_time | continuous_time_neural | discrete_time_comparable_minimal           4.0          True                                  Canonical early-window comparable feature.
          studied_credits     main_enrollment_window_features                                        continuous_time | continuous_time_neural | discrete_time_comparable_minimal           4.0          True                                  Canonical early-window comparable feature.
     active_weeks_first_4 optional_comparable_window_features                                        continuous_time | continuous_time_neural | discrete_time_comparable_minimal           4.0         False Optional comparable feature; not required in the minimal paper-aligned set.
mean_clicks_first_4_weeks optional_comparable_window_features                                        continuous_time | continuous_time_neural | discrete_time_comparable_minimal           4.0         False Optional comparable feature; not required in the minimal paper-aligned set.
     num_of_prev_attempts                     static_features continuous_time | continuous_time_neural | discrete_time_comparable_minimal | discrete_time | discrete_time_neural           NaN          True                   Stable structural feature used across benchmark families.
          studied_credits                     static_features continuous_time | continuous_time_neural | discrete_time_comparable_minimal | discrete_time | discrete_time_neural           NaN          True                   Stable structural feature used across benchmark families.
             total_clicks          temporal_features_discrete                                                                               discrete_time | discrete_time_neural           NaN          True                 Weekly-updating dynamic feature used in person-period arms.
                     week          temporal_features_discrete                                                                               discrete_time | discrete_time_neural           NaN          True                 Weekly-updating dynamic feature used in person-period arms.
ARTIFACT | B6 analytical output | duckdb://table_b_feature_contract
TABLE_LABEL | B6 analytical output
TABLE_NAME | table_b_modeling_contract_key_value
TABLE_ROWS | 11
TABLE_COLS | 4
TABLE_COLUMNS | config_key, config_value, paper_locked, notes
                     config_key                                                  config_value  paper_locked                                                              notes
                    random_seed                                                            42          True                          Random seed used across benchmark design.
                      test_size                                                           0.3          True                                  Main train/test split proportion.
             early_window_weeks                                                             4          True                  Canonical early window used in benchmark framing.
   main_enrollment_window_weeks                                                             4          True Canonical comparable enrollment window used by downstream stage D.
 early_window_sensitivity_weeks                                            2 | 4 | 6 | 8 | 10         False             Sensitivity grid for comparable early-window analyses.
            main_clicks_feature                                          clicks_first_4_weeks          True                    Canonical clicks feature for comparable models.
            main_active_feature                                          active_weeks_first_4         False                          Optional active-weeks comparable feature.
       main_mean_clicks_feature                                     mean_clicks_first_4_weeks         False                           Optional mean-clicks comparable feature.
                static_features                        studied_credits | num_of_prev_attempts          True                                           Static feature contract.
     temporal_features_discrete                                           week | total_clicks          True                                   Dynamic weekly feature contract.
main_enrollment_window_features studied_credits | num_of_prev_attempts | clicks_first_4_weeks          True                            Comparable enrollment feature contract.
ARTIFACT | B6 analytical output | duckdb://table_b_modeling_contract_key_value
ARTIFACT | benchmark_modeling_contract_toml | /Users/rafars/dropout_benchmark_desenv/benchmark_modeling_contract.toml
ARTIFACT | metadata_p10_canonical_modeling_configuration_json | /Users/rafars/dropout_benchmark_desenv/outputs_benchmark_survival/metadata/metadata_p10_canonical_modeling_configuration.json
[END] B6 - 2026-06-18 18:59:25
[START] B7 - 2026-06-18 18:59:25
# ==============================================================
# B7 - Define Corrected Benchmark Architecture
# ==============================================================
TABLE_LABEL | B7 analytical output
TABLE_NAME | table_p10_1_benchmark_architecture
TABLE_ROWS | 8
TABLE_COLS | 13
TABLE_COLUMNS | benchmark_arm, arm_role, family, model_label, status_in_project, current_or_future, representation_type, update_regime, expected_input_table, expected_split_protocol, comparability_scope, included_in_current_main_results, notes
     benchmark_arm            arm_role                           family                          model_label  status_in_project current_or_future                      representation_type             update_regime                                    expected_input_table                                       expected_split_protocol   comparability_scope  included_in_current_main_results                                                                                        notes
    comparable_arm        model_family                  continuous_time                   Comparable Cox arm    already_present           current enrollment_level_or_early_window_summary static_after_early_window                                        enrollment_cox_*                 main_split and future context-held-out reruns within comparable_arm                              True           Continuous-time comparable arm on enrollment-level static and early-window inputs.
    comparable_arm        model_family           continuous_time_neural              Comparable DeepSurv arm    already_present           current enrollment_level_or_early_window_summary static_after_early_window                                   enrollment_deepsurv_*                 main_split and future context-held-out reruns within comparable_arm                              True    Neural continuous-time comparable arm on enrollment-level static and early-window inputs.
    comparable_arm        model_family discrete_time_comparable_minimal Comparable discrete-time minimal arm to_be_materialized            future enrollment_level_or_early_window_summary static_after_early_window to_be_defined_from_enrollment_level_comparable_features           main_split first, context-held-out optionally later within comparable_arm                             False Future minimal discrete-time comparable arm aligned to the comparable representation regime.
       dynamic_arm        model_family                    discrete_time            Dynamic linear hazard arm    already_present           current             dynamic_weekly_person_period           weekly_updating                                      pp_linear_hazard_* main_split and future context-held-out reruns if materialized    within dynamic_arm                              True                      Dynamic discrete-time linear hazard arm on weekly person-period inputs.
       dynamic_arm        model_family             discrete_time_neural            Dynamic neural hazard arm    already_present           current             dynamic_weekly_person_period           weekly_updating                                      pp_neural_hazard_* main_split and future context-held-out reruns if materialized    within dynamic_arm                              True                                    Dynamic neural hazard arm on weekly person-period inputs.
   shared_backbone       upstream_data     enrollment_survival_backbone         Enrollment survival backbone    already_present           current                enrollment_level_survival               not_a_model                               enrollment_survival_ready                                      feeds all benchmark arms shared_input_backbone                             False                                 Canonical event-time enrollment-level backbone from stage A.
   shared_backbone       upstream_data           person_period_backbone       Person-period dynamic backbone    already_present           current             dynamic_weekly_person_period               not_a_model                                  person_period_* / pp_*                                   feeds dynamic benchmark arm shared_input_backbone                             False                            Canonical weekly person-period backbone for discrete-time models.
evaluation_overlay evaluation_protocol     main_random_enrollment_split                 Main benchmark split    already_present           current                           split_protocol               not_a_model                        existing train/test ready tables                                                    main_split   applies_across_arms                              True                                  Main benchmark protocol used in the paper-aligned workflow.
ARTIFACT | B7 analytical output | duckdb://table_p10_1_benchmark_architecture
TABLE_LABEL | B7 analytical output
TABLE_NAME | table_p10_1_benchmark_arm_summary
TABLE_ROWS | 5
TABLE_COLS | 5
TABLE_COLUMNS | benchmark_arm, representation_type, update_regime, comparability_scope, n_entries
     benchmark_arm                      representation_type             update_regime   comparability_scope  n_entries
    comparable_arm enrollment_level_or_early_window_summary static_after_early_window within comparable_arm          3
       dynamic_arm             dynamic_weekly_person_period           weekly_updating    within dynamic_arm          2
evaluation_overlay                           split_protocol               not_a_model   applies_across_arms          1
   shared_backbone             dynamic_weekly_person_period               not_a_model shared_input_backbone          1
   shared_backbone                enrollment_level_survival               not_a_model shared_input_backbone          1
ARTIFACT | B7 analytical output | duckdb://table_p10_1_benchmark_arm_summary
TABLE_LABEL | B7 analytical output
TABLE_NAME | table_p10_1_benchmark_overlay_summary
TABLE_ROWS | 1
TABLE_COLS | 13
TABLE_COLUMNS | benchmark_arm, arm_role, family, model_label, status_in_project, current_or_future, representation_type, update_regime, expected_input_table, expected_split_protocol, comparability_scope, included_in_current_main_results, notes
     benchmark_arm            arm_role                       family          model_label status_in_project current_or_future representation_type update_regime             expected_input_table expected_split_protocol comparability_scope  included_in_current_main_results                                                       notes
evaluation_overlay evaluation_protocol main_random_enrollment_split Main benchmark split   already_present           current      split_protocol   not_a_model existing train/test ready tables              main_split applies_across_arms                              True Main benchmark protocol used in the paper-aligned workflow.
ARTIFACT | B7 analytical output | duckdb://table_p10_1_benchmark_overlay_summary
ARTIFACT | metadata_p10_1_benchmark_architecture_json | /Users/rafars/dropout_benchmark_desenv/outputs_benchmark_survival/metadata/metadata_p10_1_benchmark_architecture.json
[END] B7 - 2026-06-18 18:59:25
[START] B8 - 2026-06-18 18:59:25
# ==============================================================
# B8 - Materialize Canonical Enrollment Window Features
# ==============================================================
--- B8 main output (enrollment_window_features) ---
   enrollment_id  clicks_first_4_weeks  active_weeks_first_4  mean_clicks_first_4_weeks
628329|BBB|2014B                  12.0                   1.0                  12.000000
628347|DDD|2014B                  90.0                   4.0                  22.500000
628367|GGG|2014B                  18.0                   1.0                  18.000000
628411|BBB|2014B                  22.0                   4.0                   5.500000
628455|GGG|2014B                  44.0                   3.0                  14.666667
628521|FFF|2014J                  79.0                   4.0                  19.750000
628593|DDD|2014J                 357.0                   4.0                  89.250000
628655|BBB|2014B                   7.0                   3.0                   2.333333
628759|GGG|2014B                  19.0                   2.0                   9.500000
628869|GGG|2014B                  18.0                   1.0                  18.000000
629000|DDD|2014B                  89.0                   4.0                  22.250000
629505|BBB|2014B                   0.0                   0.0                   0.000000
629692|FFF|2014B                 218.0                   4.0                  54.500000
 62975|GGG|2013J                  76.0                   3.0                  25.333333
629777|GGG|2014B                 166.0                   4.0                  41.500000
630106|EEE|2014J                 553.0                   4.0                 138.250000
630219|GGG|2014B                  15.0                   1.0                  15.000000
630301|DDD|2014B                 391.0                   4.0                  97.750000
631131|DDD|2014B                 292.0                   4.0                  73.000000
631740|FFF|2014J                 394.0                   2.0                 197.000000
ARTIFACT | B8 main output | duckdb://enrollment_window_features
TABLE_LABEL | B8 audit output
TABLE_NAME | table_enrollment_window_features_audit
TABLE_ROWS | 1
TABLE_COLS | 7
TABLE_COLUMNS | window_weeks, n_rows, n_distinct_enrollments, is_unique_by_enrollment_id, avg_clicks, avg_active_weeks, avg_mean_clicks
 window_weeks  n_rows  n_distinct_enrollments  is_unique_by_enrollment_id  avg_clicks  avg_active_weeks  avg_mean_clicks
            4   32593                   32593                        True   237.43089          2.820145        64.876384
ARTIFACT | B8 audit output | duckdb://table_enrollment_window_features_audit
TABLE_LABEL | B8 audit output
TABLE_NAME | table_enrollment_window_features_missing_check
TABLE_ROWS | 1
TABLE_COLS | 3
TABLE_COLUMNS | n_missing_clicks, n_missing_active_weeks, n_missing_mean_clicks
 n_missing_clicks  n_missing_active_weeks  n_missing_mean_clicks
              0.0                     0.0                    0.0
ARTIFACT | B8 audit output | duckdb://table_enrollment_window_features_missing_check
[END] B8 - 2026-06-18 18:59:25
[START] B9 - 2026-06-18 18:59:25
# ==============================================================
# B9 - Build Model-Specific Input Tables
# ==============================================================
--- B9 main output pp_linear_hazard_input (pp_linear_hazard_input) ---
   enrollment_id  id_student code_module code_presentation  week  event_t  event_observed  t_event_week  t_final_week  used_zero_week_fallback_for_censoring gender               region     highest_education imd_band age_band  num_of_prev_attempts  studied_credits disability  total_clicks_week  active_this_week  n_vle_rows_week  n_distinct_sites_week  cum_clicks_until_t  recency  streak
622384|CCC|2014J      622384         CCC             2014J    38        0               0           NaN            38                                      0      M             Scotland A Level or Equivalent   80-90%     0-35                     1               90          Y                0.0                 0                0                      0                95.0       22       0
622384|DDD|2014J      622384         DDD             2014J     0        0               0           NaN            37                                      0      M             Scotland A Level or Equivalent   80-90%     0-35                     1               90          Y                4.0                 1                4                      4                 4.0        0       1
622384|DDD|2014J      622384         DDD             2014J     1        0               0           NaN            37                                      0      M             Scotland A Level or Equivalent   80-90%     0-35                     1               90          Y                4.0                 1                3                      2                 8.0        0       2
622384|DDD|2014J      622384         DDD             2014J     2        0               0           NaN            37                                      0      M             Scotland A Level or Equivalent   80-90%     0-35                     1               90          Y               30.0                 1               10                      4                38.0        0       3
622384|DDD|2014J      622384         DDD             2014J     3        0               0           NaN            37                                      0      M             Scotland A Level or Equivalent   80-90%     0-35                     1               90          Y                8.0                 1                2                      1                46.0        0       4
622384|DDD|2014J      622384         DDD             2014J    16        0               0           NaN            37                                      0      M             Scotland A Level or Equivalent   80-90%     0-35                     1               90          Y                0.0                 0                0                      0                66.0        1       0
622384|DDD|2014J      622384         DDD             2014J    21        0               0           NaN            37                                      0      M             Scotland A Level or Equivalent   80-90%     0-35                     1               90          Y                0.0                 0                0                      0                66.0        6       0
622384|DDD|2014J      622384         DDD             2014J    31        0               0           NaN            37                                      0      M             Scotland A Level or Equivalent   80-90%     0-35                     1               90          Y                0.0                 0                0                      0                66.0       16       0
622392|FFF|2014B      622392         FFF             2014B    21        0               0           NaN            34                                      0      M         North Region       No Formal quals     None     0-35                     0              120          N                0.0                 0                0                      0              1029.0        3       0
622413|CCC|2014J      622413         CCC             2014J     8        0               1           9.0             9                                      0      F         South Region    Lower Than A Level   20-30%     0-35                     0               30          N                0.0                 0                0                      0               296.0        1       0
622413|CCC|2014J      622413         CCC             2014J     9        1               1           9.0             9                                      0      F         South Region    Lower Than A Level   20-30%     0-35                     0               30          N                1.0                 1                1                      1               297.0        0       2
622425|CCC|2014J      622425         CCC             2014J    16        0               1          23.0            23                                      0      M North Western Region A Level or Equivalent   40-50%     0-35                     0               30          N                0.0                 0                0                      0               167.0        1       0
622430|CCC|2014B      622430         CCC             2014B    14        0               0           NaN            34                                      0      M        London Region    Lower Than A Level    0-10%     0-35                     0              120          N                0.0                 0                0                      0                 0.0       15       0
622430|CCC|2014B      622430         CCC             2014B    21        0               0           NaN            34                                      0      M        London Region    Lower Than A Level    0-10%     0-35                     0              120          N                0.0                 0                0                      0                 0.0       22       0
622430|CCC|2014B      622430         CCC             2014B    30        0               0           NaN            34                                      0      M        London Region    Lower Than A Level    0-10%     0-35                     0              120          N                0.0                 0                0                      0                 0.0       31       0
622430|CCC|2014B      622430         CCC             2014B    31        0               0           NaN            34                                      0      M        London Region    Lower Than A Level    0-10%     0-35                     0              120          N                0.0                 0                0                      0                 0.0       32       0
622432|GGG|2014B      622432         GGG             2014B     0        0               0           NaN            34                                      0      F North Western Region    Lower Than A Level    0-10%    35-55                     0               30          N               12.0                 1                6                      4                12.0        0       1
622432|GGG|2014B      622432         GGG             2014B     1        0               0           NaN            34                                      0      F North Western Region    Lower Than A Level    0-10%    35-55                     0               30          N                6.0                 1                4                      3                18.0        0       2
622432|GGG|2014B      622432         GGG             2014B     2        0               0           NaN            34                                      0      F North Western Region    Lower Than A Level    0-10%    35-55                     0               30          N               27.0                 1                8                      5                45.0        0       3
622432|GGG|2014B      622432         GGG             2014B     3        0               0           NaN            34                                      0      F North Western Region    Lower Than A Level    0-10%    35-55                     0               30          N               35.0                 1                6                      4                80.0        0       4
ARTIFACT | B9 main output pp_linear_hazard_input | duckdb://pp_linear_hazard_input
--- B9 main output pp_neural_hazard_input (pp_neural_hazard_input) ---
   enrollment_id  id_student code_module code_presentation  week  event_t  event_observed  t_event_week  t_final_week  used_zero_week_fallback_for_censoring gender               region     highest_education imd_band age_band  num_of_prev_attempts  studied_credits disability  total_clicks_week  active_this_week  n_vle_rows_week  n_distinct_sites_week  cum_clicks_until_t  recency  streak
622384|CCC|2014J      622384         CCC             2014J    38        0               0           NaN            38                                      0      M             Scotland A Level or Equivalent   80-90%     0-35                     1               90          Y                0.0                 0                0                      0                95.0       22       0
622384|DDD|2014J      622384         DDD             2014J     0        0               0           NaN            37                                      0      M             Scotland A Level or Equivalent   80-90%     0-35                     1               90          Y                4.0                 1                4                      4                 4.0        0       1
622384|DDD|2014J      622384         DDD             2014J     1        0               0           NaN            37                                      0      M             Scotland A Level or Equivalent   80-90%     0-35                     1               90          Y                4.0                 1                3                      2                 8.0        0       2
622384|DDD|2014J      622384         DDD             2014J     2        0               0           NaN            37                                      0      M             Scotland A Level or Equivalent   80-90%     0-35                     1               90          Y               30.0                 1               10                      4                38.0        0       3
622384|DDD|2014J      622384         DDD             2014J     3        0               0           NaN            37                                      0      M             Scotland A Level or Equivalent   80-90%     0-35                     1               90          Y                8.0                 1                2                      1                46.0        0       4
622384|DDD|2014J      622384         DDD             2014J    16        0               0           NaN            37                                      0      M             Scotland A Level or Equivalent   80-90%     0-35                     1               90          Y                0.0                 0                0                      0                66.0        1       0
622384|DDD|2014J      622384         DDD             2014J    21        0               0           NaN            37                                      0      M             Scotland A Level or Equivalent   80-90%     0-35                     1               90          Y                0.0                 0                0                      0                66.0        6       0
622384|DDD|2014J      622384         DDD             2014J    31        0               0           NaN            37                                      0      M             Scotland A Level or Equivalent   80-90%     0-35                     1               90          Y                0.0                 0                0                      0                66.0       16       0
622392|FFF|2014B      622392         FFF             2014B    21        0               0           NaN            34                                      0      M         North Region       No Formal quals     None     0-35                     0              120          N                0.0                 0                0                      0              1029.0        3       0
622413|CCC|2014J      622413         CCC             2014J     8        0               1           9.0             9                                      0      F         South Region    Lower Than A Level   20-30%     0-35                     0               30          N                0.0                 0                0                      0               296.0        1       0
622413|CCC|2014J      622413         CCC             2014J     9        1               1           9.0             9                                      0      F         South Region    Lower Than A Level   20-30%     0-35                     0               30          N                1.0                 1                1                      1               297.0        0       2
622425|CCC|2014J      622425         CCC             2014J    16        0               1          23.0            23                                      0      M North Western Region A Level or Equivalent   40-50%     0-35                     0               30          N                0.0                 0                0                      0               167.0        1       0
622430|CCC|2014B      622430         CCC             2014B    14        0               0           NaN            34                                      0      M        London Region    Lower Than A Level    0-10%     0-35                     0              120          N                0.0                 0                0                      0                 0.0       15       0
622430|CCC|2014B      622430         CCC             2014B    21        0               0           NaN            34                                      0      M        London Region    Lower Than A Level    0-10%     0-35                     0              120          N                0.0                 0                0                      0                 0.0       22       0
622430|CCC|2014B      622430         CCC             2014B    30        0               0           NaN            34                                      0      M        London Region    Lower Than A Level    0-10%     0-35                     0              120          N                0.0                 0                0                      0                 0.0       31       0
622430|CCC|2014B      622430         CCC             2014B    31        0               0           NaN            34                                      0      M        London Region    Lower Than A Level    0-10%     0-35                     0              120          N                0.0                 0                0                      0                 0.0       32       0
622432|GGG|2014B      622432         GGG             2014B     0        0               0           NaN            34                                      0      F North Western Region    Lower Than A Level    0-10%    35-55                     0               30          N               12.0                 1                6                      4                12.0        0       1
622432|GGG|2014B      622432         GGG             2014B     1        0               0           NaN            34                                      0      F North Western Region    Lower Than A Level    0-10%    35-55                     0               30          N                6.0                 1                4                      3                18.0        0       2
622432|GGG|2014B      622432         GGG             2014B     2        0               0           NaN            34                                      0      F North Western Region    Lower Than A Level    0-10%    35-55                     0               30          N               27.0                 1                8                      5                45.0        0       3
622432|GGG|2014B      622432         GGG             2014B     3        0               0           NaN            34                                      0      F North Western Region    Lower Than A Level    0-10%    35-55                     0               30          N               35.0                 1                6                      4                80.0        0       4
ARTIFACT | B9 main output pp_neural_hazard_input | duckdb://pp_neural_hazard_input
--- B9 main output enrollment_cox_input (enrollment_cox_input) ---
      enrollment_id  id_student code_module code_presentation  event  duration  duration_raw  used_zero_week_fallback_for_censoring gender               region     highest_education imd_band age_band  num_of_prev_attempts  studied_credits disability  clicks_first_4_weeks  active_weeks_first_4  mean_clicks_first_4_weeks
 382979||BBB||2013J      382979         BBB             2013J      0        38            38                                      0      F         South Region A Level or Equivalent   80-90%    35-55                     0               90          N                 394.0                   4.0                  98.500000
 511678||BBB||2013J      511678         BBB             2013J      0        38            38                                      0      F         South Region A Level or Equivalent   20-30%     0-35                     0              120          N                1695.0                   4.0                 423.750000
 522894||BBB||2013J      522894         BBB             2013J      0        38            38                                      0      F             Scotland      HE Qualification   30-40%    35-55                     0              120          N                 275.0                   4.0                  68.750000
 514864||BBB||2013J      514864         BBB             2013J      0        38            38                                      0      F West Midlands Region    Lower Than A Level    10-20     0-35                     0               60          N                 177.0                   4.0                  44.250000
2463213||BBB||2013J     2463213         BBB             2013J      0        38            38                                      0      F  East Anglian Region    Lower Than A Level   60-70%    35-55                     0               90          N                2222.0                   4.0                 555.500000
2452289||BBB||2013J     2452289         BBB             2013J      0        38            38                                      0      F    South East Region    Lower Than A Level   70-80%    35-55                     0               60          N                 111.0                   4.0                  27.750000
1939695||BBB||2013J     1939695         BBB             2013J      0        38            38                                      0      F             Scotland    Lower Than A Level   30-40%    35-55                     2               60          Y                 107.0                   3.0                  35.666667
 542296||BBB||2013J      542296         BBB             2013J      0        38            38                                      0      F                Wales    Lower Than A Level   30-40%    35-55                     1               60          N                 189.0                   4.0                  47.250000
 544122||BBB||2013J      544122         BBB             2013J      0        38            38                                      0      F                Wales A Level or Equivalent  90-100%     0-35                     0               60          N                 111.0                   4.0                  27.750000
 530487||BBB||2013J      530487         BBB             2013J      0        38            38                                      0      F        London Region      HE Qualification   40-50%     0-35                     0               60          N                 366.0                   4.0                  91.500000
 540249||BBB||2013J      540249         BBB             2013J      0        38            38                                      0      M  East Anglian Region A Level or Equivalent    0-10%    35-55                     0              120          N                 119.0                   4.0                  29.750000
 534133||BBB||2013J      534133         BBB             2013J      0        38            38                                      0      F     Yorkshire Region    Lower Than A Level    0-10%     0-35                     0               60          N                  90.0                   2.0                  45.000000
 556427||BBB||2013J      556427         BBB             2013J      1        34            34                                      0      F East Midlands Region A Level or Equivalent   20-30%     0-35                     0               60          N                  14.0                   2.0                   7.000000
 526177||BBB||2013J      526177         BBB             2013J      0        38            38                                      0      F             Scotland    Lower Than A Level   40-50%     0-35                     0               75          N                  24.0                   4.0                   6.000000
 535833||BBB||2013J      535833         BBB             2013J      0        38            38                                      0      F    South West Region    Lower Than A Level   20-30%     0-35                     0               60          N                   1.0                   1.0                   1.000000
 344568||BBB||2013J      344568         BBB             2013J      0        38            38                                      0      F West Midlands Region    Lower Than A Level   70-80%     0-35                     0               60          N                 109.0                   3.0                  36.333333
 233752||BBB||2013J      233752         BBB             2013J      0        38            38                                      0      F North Western Region    Lower Than A Level   60-70%    35-55                     0               60          N                 806.0                   4.0                 201.500000
 105883||BBB||2013J      105883         BBB             2013J      0        38            38                                      0      F North Western Region A Level or Equivalent    0-10%    35-55                     0               60          N                 388.0                   4.0                  97.000000
 153704||BBB||2013J      153704         BBB             2013J      0        38            38                                      0      F West Midlands Region    Lower Than A Level    0-10%     0-35                     2               60          N                  21.0                   2.0                  10.500000
 600771||BBB||2013J      600771         BBB             2013J      0        38            38                                      0      M    South East Region    Lower Than A Level    10-20    35-55                     0               60          N                 186.0                   4.0                  46.500000
ARTIFACT | B9 main output enrollment_cox_input | duckdb://enrollment_cox_input
--- B9 main output enrollment_deepsurv_input (enrollment_deepsurv_input) ---
      enrollment_id  id_student code_module code_presentation  event  duration  duration_raw  used_zero_week_fallback_for_censoring gender               region     highest_education imd_band age_band  num_of_prev_attempts  studied_credits disability  clicks_first_4_weeks  active_weeks_first_4  mean_clicks_first_4_weeks
 382979||BBB||2013J      382979         BBB             2013J      0        38            38                                      0      F         South Region A Level or Equivalent   80-90%    35-55                     0               90          N                 394.0                   4.0                  98.500000
 511678||BBB||2013J      511678         BBB             2013J      0        38            38                                      0      F         South Region A Level or Equivalent   20-30%     0-35                     0              120          N                1695.0                   4.0                 423.750000
 522894||BBB||2013J      522894         BBB             2013J      0        38            38                                      0      F             Scotland      HE Qualification   30-40%    35-55                     0              120          N                 275.0                   4.0                  68.750000
 514864||BBB||2013J      514864         BBB             2013J      0        38            38                                      0      F West Midlands Region    Lower Than A Level    10-20     0-35                     0               60          N                 177.0                   4.0                  44.250000
2463213||BBB||2013J     2463213         BBB             2013J      0        38            38                                      0      F  East Anglian Region    Lower Than A Level   60-70%    35-55                     0               90          N                2222.0                   4.0                 555.500000
2452289||BBB||2013J     2452289         BBB             2013J      0        38            38                                      0      F    South East Region    Lower Than A Level   70-80%    35-55                     0               60          N                 111.0                   4.0                  27.750000
1939695||BBB||2013J     1939695         BBB             2013J      0        38            38                                      0      F             Scotland    Lower Than A Level   30-40%    35-55                     2               60          Y                 107.0                   3.0                  35.666667
 542296||BBB||2013J      542296         BBB             2013J      0        38            38                                      0      F                Wales    Lower Than A Level   30-40%    35-55                     1               60          N                 189.0                   4.0                  47.250000
 544122||BBB||2013J      544122         BBB             2013J      0        38            38                                      0      F                Wales A Level or Equivalent  90-100%     0-35                     0               60          N                 111.0                   4.0                  27.750000
 530487||BBB||2013J      530487         BBB             2013J      0        38            38                                      0      F        London Region      HE Qualification   40-50%     0-35                     0               60          N                 366.0                   4.0                  91.500000
 540249||BBB||2013J      540249         BBB             2013J      0        38            38                                      0      M  East Anglian Region A Level or Equivalent    0-10%    35-55                     0              120          N                 119.0                   4.0                  29.750000
 534133||BBB||2013J      534133         BBB             2013J      0        38            38                                      0      F     Yorkshire Region    Lower Than A Level    0-10%     0-35                     0               60          N                  90.0                   2.0                  45.000000
 556427||BBB||2013J      556427         BBB             2013J      1        34            34                                      0      F East Midlands Region A Level or Equivalent   20-30%     0-35                     0               60          N                  14.0                   2.0                   7.000000
 526177||BBB||2013J      526177         BBB             2013J      0        38            38                                      0      F             Scotland    Lower Than A Level   40-50%     0-35                     0               75          N                  24.0                   4.0                   6.000000
 535833||BBB||2013J      535833         BBB             2013J      0        38            38                                      0      F    South West Region    Lower Than A Level   20-30%     0-35                     0               60          N                   1.0                   1.0                   1.000000
 344568||BBB||2013J      344568         BBB             2013J      0        38            38                                      0      F West Midlands Region    Lower Than A Level   70-80%     0-35                     0               60          N                 109.0                   3.0                  36.333333
 233752||BBB||2013J      233752         BBB             2013J      0        38            38                                      0      F North Western Region    Lower Than A Level   60-70%    35-55                     0               60          N                 806.0                   4.0                 201.500000
 105883||BBB||2013J      105883         BBB             2013J      0        38            38                                      0      F North Western Region A Level or Equivalent    0-10%    35-55                     0               60          N                 388.0                   4.0                  97.000000
 153704||BBB||2013J      153704         BBB             2013J      0        38            38                                      0      F West Midlands Region    Lower Than A Level    0-10%     0-35                     2               60          N                  21.0                   2.0                  10.500000
 600771||BBB||2013J      600771         BBB             2013J      0        38            38                                      0      M    South East Region    Lower Than A Level    10-20    35-55                     0               60          N                 186.0                   4.0                  46.500000
ARTIFACT | B9 main output enrollment_deepsurv_input | duckdb://enrollment_deepsurv_input
TABLE_LABEL | B9 audit output
TABLE_NAME | table_model_input_views_audit
TABLE_ROWS | 4
TABLE_COLS | 10
TABLE_COLUMNS | table_name, family, n_rows, n_distinct_enrollments, n_columns, target_column, target_sum, duration_column, min_duration, max_duration
               table_name          family  n_rows  n_distinct_enrollments  n_columns target_column  target_sum duration_column  min_duration  max_duration
   pp_linear_hazard_input   discrete_time 1027891                   32593         25       event_t      7387.0            None           NaN           NaN
   pp_neural_hazard_input   discrete_time 1027891                   32593         25       event_t      7387.0            None           NaN           NaN
     enrollment_cox_input continuous_time   32593                   32593         19         event      7387.0        duration           0.0          63.0
enrollment_deepsurv_input continuous_time   32593                   32593         19         event      7387.0        duration           0.0          63.0
ARTIFACT | B9 audit output | duckdb://table_model_input_views_audit
TABLE_LABEL | B9 analytical output
TABLE_NAME | table_pp_linear_hazard_input_sample
TABLE_ROWS | 10
TABLE_COLS | 25
TABLE_COLUMNS | enrollment_id, id_student, code_module, code_presentation, week, event_t, event_observed, t_event_week, t_final_week, used_zero_week_fallback_for_censoring, gender, region, highest_education, imd_band, age_band, num_of_prev_attempts, studied_credits, disability, total_clicks_week, active_this_week, n_vle_rows_week, n_distinct_sites_week, cum_clicks_until_t, recency, streak
   enrollment_id  id_student code_module code_presentation  week  event_t  event_observed  t_event_week  t_final_week  used_zero_week_fallback_for_censoring gender               region     highest_education imd_band age_band  num_of_prev_attempts  studied_credits disability  total_clicks_week  active_this_week  n_vle_rows_week  n_distinct_sites_week  cum_clicks_until_t  recency  streak
100064|FFF|2013J      100064         FFF             2013J     0        0               0           NaN            38                                      0      F West Midlands Region A Level or Equivalent    0-10%    35-55                     0               60          N              190.0                 1               51                     27               190.0        0       1
100064|FFF|2013J      100064         FFF             2013J     1        0               0           NaN            38                                      0      F West Midlands Region A Level or Equivalent    0-10%    35-55                     0               60          N               77.0                 1               32                     19               267.0        0       2
100064|FFF|2013J      100064         FFF             2013J     2        0               0           NaN            38                                      0      F West Midlands Region A Level or Equivalent    0-10%    35-55                     0               60          N               17.0                 1                7                      5               284.0        0       3
100064|FFF|2013J      100064         FFF             2013J     3        0               0           NaN            38                                      0      F West Midlands Region A Level or Equivalent    0-10%    35-55                     0               60          N               69.0                 1               19                     12               353.0        0       4
100064|FFF|2013J      100064         FFF             2013J     4        0               0           NaN            38                                      0      F West Midlands Region A Level or Equivalent    0-10%    35-55                     0               60          N               76.0                 1               11                      7               429.0        0       5
100064|FFF|2013J      100064         FFF             2013J     5        0               0           NaN            38                                      0      F West Midlands Region A Level or Equivalent    0-10%    35-55                     0               60          N              135.0                 1               50                     27               564.0        0       6
100064|FFF|2013J      100064         FFF             2013J     6        0               0           NaN            38                                      0      F West Midlands Region A Level or Equivalent    0-10%    35-55                     0               60          N              194.0                 1               64                     27               758.0        0       7
100064|FFF|2013J      100064         FFF             2013J     7        0               0           NaN            38                                      0      F West Midlands Region A Level or Equivalent    0-10%    35-55                     0               60          N              120.0                 1               31                     13               878.0        0       8
100064|FFF|2013J      100064         FFF             2013J     8        0               0           NaN            38                                      0      F West Midlands Region A Level or Equivalent    0-10%    35-55                     0               60          N              156.0                 1               38                     21              1034.0        0       9
100064|FFF|2013J      100064         FFF             2013J     9        0               0           NaN            38                                      0      F West Midlands Region A Level or Equivalent    0-10%    35-55                     0               60          N              250.0                 1               74                     34              1284.0        0      10
ARTIFACT | B9 analytical output | duckdb://table_pp_linear_hazard_input_sample
TABLE_LABEL | B9 analytical output
TABLE_NAME | table_enrollment_cox_input_sample
TABLE_ROWS | 10
TABLE_COLS | 19
TABLE_COLUMNS | enrollment_id, id_student, code_module, code_presentation, event, duration, duration_raw, used_zero_week_fallback_for_censoring, gender, region, highest_education, imd_band, age_band, num_of_prev_attempts, studied_credits, disability, clicks_first_4_weeks, active_weeks_first_4, mean_clicks_first_4_weeks
      enrollment_id  id_student code_module code_presentation  event  duration  duration_raw  used_zero_week_fallback_for_censoring gender               region     highest_education imd_band age_band  num_of_prev_attempts  studied_credits disability  clicks_first_4_weeks  active_weeks_first_4  mean_clicks_first_4_weeks
 100064||FFF||2013J      100064         FFF             2013J      0        38            38                                      0      F West Midlands Region A Level or Equivalent    0-10%    35-55                     0               60          N                 353.0                   4.0                  88.250000
 100282||BBB||2013J      100282         BBB             2013J      1        29            29                                      0      F                Wales    Lower Than A Level   20-30%     0-35                     1              120          N                  35.0                   3.0                  11.666667
 100561||DDD||2014J      100561         DDD             2014J      0        37            37                                      0      M  East Anglian Region    Lower Than A Level   70-80%     0-35                     1               60          N                 107.0                   3.0                  35.666667
 100621||CCC||2014B      100621         CCC             2014B      1         6             6                                      0      M West Midlands Region A Level or Equivalent   50-60%    35-55                     0               60          N                   5.0                   3.0                   1.666667
1006742||FFF||2014B     1006742         FFF             2014B      0        34            34                                      0      M             Scotland      HE Qualification   80-90%     55<=                     1              120          N                1749.0                   4.0                 437.250000
 100758||EEE||2013J      100758         EEE             2013J      0        38            38                                      0      F        London Region A Level or Equivalent    10-20     0-35                     0              150          N                   0.0                   0.0                   0.000000
 100788||CCC||2014J      100788         CCC             2014J      0        38            38                                      0      M             Scotland      HE Qualification   80-90%     0-35                     1               60          N                 137.0                   4.0                  34.250000
 100788||FFF||2013J      100788         FFF             2013J      0        38            38                                      0      M             Scotland      HE Qualification   80-90%     0-35                     0               90          N                 220.0                   4.0                  55.000000
1008675||BBB||2013B     1008675         BBB             2013B      0        34            34                                      0      F  East Anglian Region    Lower Than A Level  90-100%    35-55                     0               60          N                 434.0                   4.0                 108.500000
 100893||AAA||2013J      100893         AAA             2013J      0        38            38                                      0      M     Yorkshire Region A Level or Equivalent   20-30%     0-35                     0               60          N                 106.0                   4.0                  26.500000
ARTIFACT | B9 analytical output | duckdb://table_enrollment_cox_input_sample
[END] B9 - 2026-06-18 18:59:27
[START] B10 - 2026-06-18 18:59:27
# ==============================================================
# B10 - Attach Canonical Window Features and Build Configured Inputs
# ==============================================================
--- B10 main output enrollment_cox_input_configured (enrollment_cox_input_configured) ---
      enrollment_id  id_student code_module code_presentation  event  duration  duration_raw  used_zero_week_fallback_for_censoring gender               region     highest_education imd_band age_band  num_of_prev_attempts  studied_credits disability  clicks_first_4_weeks  active_weeks_first_4  mean_clicks_first_4_weeks
 382979||BBB||2013J      382979         BBB             2013J      0        38            38                                      0      F         South Region A Level or Equivalent   80-90%    35-55                     0               90          N                 394.0                   4.0                  98.500000
 511678||BBB||2013J      511678         BBB             2013J      0        38            38                                      0      F         South Region A Level or Equivalent   20-30%     0-35                     0              120          N                1695.0                   4.0                 423.750000
 522894||BBB||2013J      522894         BBB             2013J      0        38            38                                      0      F             Scotland      HE Qualification   30-40%    35-55                     0              120          N                 275.0                   4.0                  68.750000
 514864||BBB||2013J      514864         BBB             2013J      0        38            38                                      0      F West Midlands Region    Lower Than A Level    10-20     0-35                     0               60          N                 177.0                   4.0                  44.250000
2463213||BBB||2013J     2463213         BBB             2013J      0        38            38                                      0      F  East Anglian Region    Lower Than A Level   60-70%    35-55                     0               90          N                2222.0                   4.0                 555.500000
2452289||BBB||2013J     2452289         BBB             2013J      0        38            38                                      0      F    South East Region    Lower Than A Level   70-80%    35-55                     0               60          N                 111.0                   4.0                  27.750000
1939695||BBB||2013J     1939695         BBB             2013J      0        38            38                                      0      F             Scotland    Lower Than A Level   30-40%    35-55                     2               60          Y                 107.0                   3.0                  35.666667
 542296||BBB||2013J      542296         BBB             2013J      0        38            38                                      0      F                Wales    Lower Than A Level   30-40%    35-55                     1               60          N                 189.0                   4.0                  47.250000
 544122||BBB||2013J      544122         BBB             2013J      0        38            38                                      0      F                Wales A Level or Equivalent  90-100%     0-35                     0               60          N                 111.0                   4.0                  27.750000
 530487||BBB||2013J      530487         BBB             2013J      0        38            38                                      0      F        London Region      HE Qualification   40-50%     0-35                     0               60          N                 366.0                   4.0                  91.500000
 540249||BBB||2013J      540249         BBB             2013J      0        38            38                                      0      M  East Anglian Region A Level or Equivalent    0-10%    35-55                     0              120          N                 119.0                   4.0                  29.750000
 534133||BBB||2013J      534133         BBB             2013J      0        38            38                                      0      F     Yorkshire Region    Lower Than A Level    0-10%     0-35                     0               60          N                  90.0                   2.0                  45.000000
 556427||BBB||2013J      556427         BBB             2013J      1        34            34                                      0      F East Midlands Region A Level or Equivalent   20-30%     0-35                     0               60          N                  14.0                   2.0                   7.000000
 526177||BBB||2013J      526177         BBB             2013J      0        38            38                                      0      F             Scotland    Lower Than A Level   40-50%     0-35                     0               75          N                  24.0                   4.0                   6.000000
 535833||BBB||2013J      535833         BBB             2013J      0        38            38                                      0      F    South West Region    Lower Than A Level   20-30%     0-35                     0               60          N                   1.0                   1.0                   1.000000
 344568||BBB||2013J      344568         BBB             2013J      0        38            38                                      0      F West Midlands Region    Lower Than A Level   70-80%     0-35                     0               60          N                 109.0                   3.0                  36.333333
 233752||BBB||2013J      233752         BBB             2013J      0        38            38                                      0      F North Western Region    Lower Than A Level   60-70%    35-55                     0               60          N                 806.0                   4.0                 201.500000
 105883||BBB||2013J      105883         BBB             2013J      0        38            38                                      0      F North Western Region A Level or Equivalent    0-10%    35-55                     0               60          N                 388.0                   4.0                  97.000000
 153704||BBB||2013J      153704         BBB             2013J      0        38            38                                      0      F West Midlands Region    Lower Than A Level    0-10%     0-35                     2               60          N                  21.0                   2.0                  10.500000
 600771||BBB||2013J      600771         BBB             2013J      0        38            38                                      0      M    South East Region    Lower Than A Level    10-20    35-55                     0               60          N                 186.0                   4.0                  46.500000
ARTIFACT | B10 main output enrollment_cox_input_configured | duckdb://enrollment_cox_input_configured
--- B10 main output enrollment_deepsurv_input_configured (enrollment_deepsurv_input_configured) ---
      enrollment_id  id_student code_module code_presentation  event  duration  duration_raw  used_zero_week_fallback_for_censoring gender               region     highest_education imd_band age_band  num_of_prev_attempts  studied_credits disability  clicks_first_4_weeks  active_weeks_first_4  mean_clicks_first_4_weeks
 382979||BBB||2013J      382979         BBB             2013J      0        38            38                                      0      F         South Region A Level or Equivalent   80-90%    35-55                     0               90          N                 394.0                   4.0                  98.500000
 511678||BBB||2013J      511678         BBB             2013J      0        38            38                                      0      F         South Region A Level or Equivalent   20-30%     0-35                     0              120          N                1695.0                   4.0                 423.750000
 522894||BBB||2013J      522894         BBB             2013J      0        38            38                                      0      F             Scotland      HE Qualification   30-40%    35-55                     0              120          N                 275.0                   4.0                  68.750000
 514864||BBB||2013J      514864         BBB             2013J      0        38            38                                      0      F West Midlands Region    Lower Than A Level    10-20     0-35                     0               60          N                 177.0                   4.0                  44.250000
2463213||BBB||2013J     2463213         BBB             2013J      0        38            38                                      0      F  East Anglian Region    Lower Than A Level   60-70%    35-55                     0               90          N                2222.0                   4.0                 555.500000
2452289||BBB||2013J     2452289         BBB             2013J      0        38            38                                      0      F    South East Region    Lower Than A Level   70-80%    35-55                     0               60          N                 111.0                   4.0                  27.750000
1939695||BBB||2013J     1939695         BBB             2013J      0        38            38                                      0      F             Scotland    Lower Than A Level   30-40%    35-55                     2               60          Y                 107.0                   3.0                  35.666667
 542296||BBB||2013J      542296         BBB             2013J      0        38            38                                      0      F                Wales    Lower Than A Level   30-40%    35-55                     1               60          N                 189.0                   4.0                  47.250000
 544122||BBB||2013J      544122         BBB             2013J      0        38            38                                      0      F                Wales A Level or Equivalent  90-100%     0-35                     0               60          N                 111.0                   4.0                  27.750000
 530487||BBB||2013J      530487         BBB             2013J      0        38            38                                      0      F        London Region      HE Qualification   40-50%     0-35                     0               60          N                 366.0                   4.0                  91.500000
 540249||BBB||2013J      540249         BBB             2013J      0        38            38                                      0      M  East Anglian Region A Level or Equivalent    0-10%    35-55                     0              120          N                 119.0                   4.0                  29.750000
 534133||BBB||2013J      534133         BBB             2013J      0        38            38                                      0      F     Yorkshire Region    Lower Than A Level    0-10%     0-35                     0               60          N                  90.0                   2.0                  45.000000
 556427||BBB||2013J      556427         BBB             2013J      1        34            34                                      0      F East Midlands Region A Level or Equivalent   20-30%     0-35                     0               60          N                  14.0                   2.0                   7.000000
 526177||BBB||2013J      526177         BBB             2013J      0        38            38                                      0      F             Scotland    Lower Than A Level   40-50%     0-35                     0               75          N                  24.0                   4.0                   6.000000
 535833||BBB||2013J      535833         BBB             2013J      0        38            38                                      0      F    South West Region    Lower Than A Level   20-30%     0-35                     0               60          N                   1.0                   1.0                   1.000000
 344568||BBB||2013J      344568         BBB             2013J      0        38            38                                      0      F West Midlands Region    Lower Than A Level   70-80%     0-35                     0               60          N                 109.0                   3.0                  36.333333
 233752||BBB||2013J      233752         BBB             2013J      0        38            38                                      0      F North Western Region    Lower Than A Level   60-70%    35-55                     0               60          N                 806.0                   4.0                 201.500000
 105883||BBB||2013J      105883         BBB             2013J      0        38            38                                      0      F North Western Region A Level or Equivalent    0-10%    35-55                     0               60          N                 388.0                   4.0                  97.000000
 153704||BBB||2013J      153704         BBB             2013J      0        38            38                                      0      F West Midlands Region    Lower Than A Level    0-10%     0-35                     2               60          N                  21.0                   2.0                  10.500000
 600771||BBB||2013J      600771         BBB             2013J      0        38            38                                      0      M    South East Region    Lower Than A Level    10-20    35-55                     0               60          N                 186.0                   4.0                  46.500000
ARTIFACT | B10 main output enrollment_deepsurv_input_configured | duckdb://enrollment_deepsurv_input_configured
TABLE_LABEL | B10 analytical output
TABLE_NAME | table_enrollment_window_features_created_columns
TABLE_ROWS | 3
TABLE_COLS | 1
TABLE_COLUMNS | created_feature_name
     created_feature_name
     clicks_first_4_weeks
     active_weeks_first_4
mean_clicks_first_4_weeks
ARTIFACT | B10 analytical output | duckdb://table_enrollment_window_features_created_columns
TABLE_LABEL | B10 analytical output
TABLE_NAME | table_enrollment_window_feature_attach_plan
TABLE_ROWS | 2
TABLE_COLS | 8
TABLE_COLUMNS | target_table, base_table, n_base_columns, n_window_columns_available, n_window_columns_attached, attached_window_columns, n_window_columns_skipped_as_already_present, skipped_window_columns
                        target_table                base_table  n_base_columns  n_window_columns_available  n_window_columns_attached attached_window_columns  n_window_columns_skipped_as_already_present                                                skipped_window_columns
     enrollment_cox_input_configured      enrollment_cox_input              19                           3                          0                                                                    3 clicks_first_4_weeks, active_weeks_first_4, mean_clicks_first_4_weeks
enrollment_deepsurv_input_configured enrollment_deepsurv_input              19                           3                          0                                                                    3 clicks_first_4_weeks, active_weeks_first_4, mean_clicks_first_4_weeks
ARTIFACT | B10 analytical output | duckdb://table_enrollment_window_feature_attach_plan
TABLE_LABEL | B10 analytical output
TABLE_NAME | table_enrollment_cox_input_configured_sample
TABLE_ROWS | 20
TABLE_COLS | 19
TABLE_COLUMNS | enrollment_id, id_student, code_module, code_presentation, event, duration, duration_raw, used_zero_week_fallback_for_censoring, gender, region, highest_education, imd_band, age_band, num_of_prev_attempts, studied_credits, disability, clicks_first_4_weeks, active_weeks_first_4, mean_clicks_first_4_weeks
      enrollment_id  id_student code_module code_presentation  event  duration  duration_raw  used_zero_week_fallback_for_censoring gender               region     highest_education imd_band age_band  num_of_prev_attempts  studied_credits disability  clicks_first_4_weeks  active_weeks_first_4  mean_clicks_first_4_weeks
 100064||FFF||2013J      100064         FFF             2013J      0        38            38                                      0      F West Midlands Region A Level or Equivalent    0-10%    35-55                     0               60          N                 353.0                   4.0                  88.250000
 100282||BBB||2013J      100282         BBB             2013J      1        29            29                                      0      F                Wales    Lower Than A Level   20-30%     0-35                     1              120          N                  35.0                   3.0                  11.666667
 100561||DDD||2014J      100561         DDD             2014J      0        37            37                                      0      M  East Anglian Region    Lower Than A Level   70-80%     0-35                     1               60          N                 107.0                   3.0                  35.666667
 100621||CCC||2014B      100621         CCC             2014B      1         6             6                                      0      M West Midlands Region A Level or Equivalent   50-60%    35-55                     0               60          N                   5.0                   3.0                   1.666667
1006742||FFF||2014B     1006742         FFF             2014B      0        34            34                                      0      M             Scotland      HE Qualification   80-90%     55<=                     1              120          N                1749.0                   4.0                 437.250000
 100758||EEE||2013J      100758         EEE             2013J      0        38            38                                      0      F        London Region A Level or Equivalent    10-20     0-35                     0              150          N                   0.0                   0.0                   0.000000
 100788||CCC||2014J      100788         CCC             2014J      0        38            38                                      0      M             Scotland      HE Qualification   80-90%     0-35                     1               60          N                 137.0                   4.0                  34.250000
 100788||FFF||2013J      100788         FFF             2013J      0        38            38                                      0      M             Scotland      HE Qualification   80-90%     0-35                     0               90          N                 220.0                   4.0                  55.000000
1008675||BBB||2013B     1008675         BBB             2013B      0        34            34                                      0      F  East Anglian Region    Lower Than A Level  90-100%    35-55                     0               60          N                 434.0                   4.0                 108.500000
 100893||AAA||2013J      100893         AAA             2013J      0        38            38                                      0      M     Yorkshire Region A Level or Equivalent   20-30%     0-35                     0               60          N                 106.0                   4.0                  26.500000
 101116||AAA||2014J      101116         AAA             2014J      0        38            38                                      0      F  East Anglian Region    Lower Than A Level   60-70%    35-55                     0               60          N                 345.0                   4.0                  86.250000
 101187||DDD||2014J      101187         DDD             2014J      0        37            37                                      0      F        London Region      HE Qualification   30-40%    35-55                     0              120          N                   0.0                   0.0                   0.000000
 101217||FFF||2013J      101217         FFF             2013J      1        13            13                                      0      M        London Region A Level or Equivalent   40-50%    35-55                     1               90          Y                 192.0                   3.0                  64.000000
 101217||FFF||2014J      101217         FFF             2014J      0        38            38                                      0      M        London Region A Level or Equivalent   40-50%    35-55                     2               60          Y                 105.0                   3.0                  35.000000
 101279||DDD||2014J      101279         DDD             2014J      0        37            37                                      0      F     Yorkshire Region A Level or Equivalent    0-10%    35-55                     0               60          N                  81.0                   3.0                  27.000000
 101306||FFF||2013B      101306         FFF             2013B      0        34            34                                      0      M        London Region A Level or Equivalent   20-30%    35-55                     0              120          N                 552.0                   4.0                 138.000000
 101414||EEE||2013J      101414         EEE             2013J      0        38            38                                      0      M     Yorkshire Region    Lower Than A Level   70-80%    35-55                     0              105          N                   0.0                   0.0                   0.000000
 101420||FFF||2013J      101420         FFF             2013J      0        38            38                                      0      M     Yorkshire Region    Lower Than A Level   30-40%     0-35                     0              120          N                 790.0                   4.0                 197.500000
 101634||FFF||2014B      101634         FFF             2014B      0        34            34                                      0      M     Yorkshire Region       No Formal quals    0-10%     0-35                     0               90          N                 173.0                   4.0                  43.250000
 101700||CCC||2014J      101700         CCC             2014J      0        38            38                                      0      M        London Region A Level or Equivalent    10-20     0-35                     0               60          Y                   0.0                   0.0                   0.000000
ARTIFACT | B10 analytical output | duckdb://table_enrollment_cox_input_configured_sample
[END] B10 - 2026-06-18 18:59:27
[START] B11 - 2026-06-18 18:59:27
# ==============================================================
# B11 - Early-Window Length Sensitivity Design
# ==============================================================
--- B11 main output (enrollment_window_features_sensitivity) ---
   enrollment_id  clicks_first_2_weeks  active_weeks_first_2  mean_clicks_first_2_weeks  clicks_first_4_weeks  active_weeks_first_4  mean_clicks_first_4_weeks  clicks_first_6_weeks  active_weeks_first_6  mean_clicks_first_6_weeks  clicks_first_8_weeks  active_weeks_first_8  mean_clicks_first_8_weeks  clicks_first_10_weeks  active_weeks_first_10  mean_clicks_first_10_weeks
635719|GGG|2014J                  64.0                   2.0                       32.0                  78.0                   3.0                  26.000000                 104.0                   5.0                  20.800000                 110.0                   7.0                  15.714286                  114.0                    8.0                   14.250000
636653|FFF|2014J                   0.0                   0.0                        0.0                   0.0                   0.0                   0.000000                   0.0                   0.0                   0.000000                   0.0                   0.0                   0.000000                    0.0                    0.0                    0.000000
640291|BBB|2014J                 114.0                   2.0                       57.0                 193.0                   3.0                  64.333333                 381.0                   5.0                  76.200000                 429.0                   7.0                  61.285714                  499.0                    9.0                   55.444444
640662|CCC|2014J                   0.0                   0.0                        0.0                   0.0                   0.0                   0.000000                   0.0                   0.0                   0.000000                   0.0                   0.0                   0.000000                    0.0                    0.0                    0.000000
641311|FFF|2014J                 425.0                   2.0                      212.5                 878.0                   4.0                 219.500000                1214.0                   6.0                 202.333333                1603.0                   8.0                 200.375000                 1832.0                   10.0                  183.200000
641315|DDD|2014J                 576.0                   2.0                      288.0                 983.0                   4.0                 245.750000                1317.0                   6.0                 219.500000                1636.0                   8.0                 204.500000                 1889.0                   10.0                  188.900000
641461|FFF|2014J                  82.0                   2.0                       41.0                 353.0                   4.0                  88.250000                 469.0                   6.0                  78.166667                 548.0                   8.0                  68.500000                  633.0                   10.0                   63.300000
642075|BBB|2014J                 145.0                   2.0                       72.5                 167.0                   3.0                  55.666667                 168.0                   4.0                  42.000000                 168.0                   4.0                  42.000000                  168.0                    4.0                   42.000000
642201|BBB|2014J                  31.0                   2.0                       15.5                  46.0                   4.0                  11.500000                  53.0                   6.0                   8.833333                  53.0                   6.0                   8.833333                   58.0                    7.0                    8.285714
642840|FFF|2014J                 299.0                   2.0                      149.5                 802.0                   4.0                 200.500000                1096.0                   6.0                 182.666667                1266.0                   8.0                 158.250000                 1516.0                   10.0                  151.600000
 64296|EEE|2014B                  11.0                   1.0                       11.0                 162.0                   3.0                  54.000000                 252.0                   5.0                  50.400000                 339.0                   6.0                  56.500000                  533.0                    8.0                   66.625000
642988|BBB|2014J                   0.0                   0.0                        0.0                   8.0                   1.0                   8.000000                   9.0                   2.0                   4.500000                   9.0                   2.0                   4.500000                    9.0                    2.0                    4.500000
644159|DDD|2014J                 132.0                   2.0                       66.0                 271.0                   4.0                  67.750000                 350.0                   6.0                  58.333333                 424.0                   8.0                  53.000000                  514.0                   10.0                   51.400000
645434|DDD|2014J                 174.0                   2.0                       87.0                 332.0                   4.0                  83.000000                 527.0                   6.0                  87.833333                 734.0                   8.0                  91.750000                  830.0                   10.0                   83.000000
645598|GGG|2014J                   0.0                   0.0                        0.0                   0.0                   0.0                   0.000000                   0.0                   0.0                   0.000000                   0.0                   0.0                   0.000000                    0.0                    0.0                    0.000000
645618|FFF|2014J                   0.0                   0.0                        0.0                   0.0                   0.0                   0.000000                   0.0                   0.0                   0.000000                   0.0                   0.0                   0.000000                    0.0                    0.0                    0.000000
646120|FFF|2014J                   0.0                   0.0                        0.0                   0.0                   0.0                   0.000000                   0.0                   0.0                   0.000000                   0.0                   0.0                   0.000000                    0.0                    0.0                    0.000000
646260|BBB|2014J                  60.0                   1.0                       60.0                 119.0                   3.0                  39.666667                 184.0                   5.0                  36.800000                 370.0                   7.0                  52.857143                  419.0                    8.0                   52.375000
646361|EEE|2014J                 147.0                   2.0                       73.5                 302.0                   4.0                  75.500000                 413.0                   6.0                  68.833333                 473.0                   8.0                  59.125000                  603.0                   10.0                   60.300000
646363|CCC|2014J                  36.0                   2.0                       18.0                 117.0                   3.0                  39.000000                 123.0                   5.0                  24.600000                 125.0                   7.0                  17.857143                  144.0                    8.0                   18.000000
ARTIFACT | B11 main output | duckdb://enrollment_window_features_sensitivity
--- B11 main output enrollment_cox_input_w2 (enrollment_cox_input_w2) ---
      enrollment_id  id_student code_module code_presentation  event  duration  duration_raw  used_zero_week_fallback_for_censoring gender               region     highest_education imd_band age_band  num_of_prev_attempts  studied_credits disability  clicks_first_4_weeks  active_weeks_first_4  mean_clicks_first_4_weeks  clicks_first_2_weeks  active_weeks_first_2  mean_clicks_first_2_weeks
 382979||BBB||2013J      382979         BBB             2013J      0        38            38                                      0      F         South Region A Level or Equivalent   80-90%    35-55                     0               90          N                 394.0                   4.0                  98.500000                 188.0                   2.0                       94.0
 511678||BBB||2013J      511678         BBB             2013J      0        38            38                                      0      F         South Region A Level or Equivalent   20-30%     0-35                     0              120          N                1695.0                   4.0                 423.750000                 589.0                   2.0                      294.5
 522894||BBB||2013J      522894         BBB             2013J      0        38            38                                      0      F             Scotland      HE Qualification   30-40%    35-55                     0              120          N                 275.0                   4.0                  68.750000                 108.0                   2.0                       54.0
 514864||BBB||2013J      514864         BBB             2013J      0        38            38                                      0      F West Midlands Region    Lower Than A Level    10-20     0-35                     0               60          N                 177.0                   4.0                  44.250000                  70.0                   2.0                       35.0
2463213||BBB||2013J     2463213         BBB             2013J      0        38            38                                      0      F  East Anglian Region    Lower Than A Level   60-70%    35-55                     0               90          N                2222.0                   4.0                 555.500000                1197.0                   2.0                      598.5
2452289||BBB||2013J     2452289         BBB             2013J      0        38            38                                      0      F    South East Region    Lower Than A Level   70-80%    35-55                     0               60          N                 111.0                   4.0                  27.750000                  63.0                   2.0                       31.5
1939695||BBB||2013J     1939695         BBB             2013J      0        38            38                                      0      F             Scotland    Lower Than A Level   30-40%    35-55                     2               60          Y                 107.0                   3.0                  35.666667                  46.0                   1.0                       46.0
 542296||BBB||2013J      542296         BBB             2013J      0        38            38                                      0      F                Wales    Lower Than A Level   30-40%    35-55                     1               60          N                 189.0                   4.0                  47.250000                  64.0                   2.0                       32.0
 544122||BBB||2013J      544122         BBB             2013J      0        38            38                                      0      F                Wales A Level or Equivalent  90-100%     0-35                     0               60          N                 111.0                   4.0                  27.750000                  25.0                   2.0                       12.5
 530487||BBB||2013J      530487         BBB             2013J      0        38            38                                      0      F        London Region      HE Qualification   40-50%     0-35                     0               60          N                 366.0                   4.0                  91.500000                 179.0                   2.0                       89.5
 540249||BBB||2013J      540249         BBB             2013J      0        38            38                                      0      M  East Anglian Region A Level or Equivalent    0-10%    35-55                     0              120          N                 119.0                   4.0                  29.750000                  91.0                   2.0                       45.5
 534133||BBB||2013J      534133         BBB             2013J      0        38            38                                      0      F     Yorkshire Region    Lower Than A Level    0-10%     0-35                     0               60          N                  90.0                   2.0                  45.000000                   0.0                   0.0                        0.0
 556427||BBB||2013J      556427         BBB             2013J      1        34            34                                      0      F East Midlands Region A Level or Equivalent   20-30%     0-35                     0               60          N                  14.0                   2.0                   7.000000                   7.0                   1.0                        7.0
 526177||BBB||2013J      526177         BBB             2013J      0        38            38                                      0      F             Scotland    Lower Than A Level   40-50%     0-35                     0               75          N                  24.0                   4.0                   6.000000                   2.0                   2.0                        1.0
 535833||BBB||2013J      535833         BBB             2013J      0        38            38                                      0      F    South West Region    Lower Than A Level   20-30%     0-35                     0               60          N                   1.0                   1.0                   1.000000                   0.0                   0.0                        0.0
 344568||BBB||2013J      344568         BBB             2013J      0        38            38                                      0      F West Midlands Region    Lower Than A Level   70-80%     0-35                     0               60          N                 109.0                   3.0                  36.333333                  70.0                   1.0                       70.0
 233752||BBB||2013J      233752         BBB             2013J      0        38            38                                      0      F North Western Region    Lower Than A Level   60-70%    35-55                     0               60          N                 806.0                   4.0                 201.500000                 307.0                   2.0                      153.5
 105883||BBB||2013J      105883         BBB             2013J      0        38            38                                      0      F North Western Region A Level or Equivalent    0-10%    35-55                     0               60          N                 388.0                   4.0                  97.000000                 194.0                   2.0                       97.0
 153704||BBB||2013J      153704         BBB             2013J      0        38            38                                      0      F West Midlands Region    Lower Than A Level    0-10%     0-35                     2               60          N                  21.0                   2.0                  10.500000                  18.0                   1.0                       18.0
 600771||BBB||2013J      600771         BBB             2013J      0        38            38                                      0      M    South East Region    Lower Than A Level    10-20    35-55                     0               60          N                 186.0                   4.0                  46.500000                  91.0                   2.0                       45.5
ARTIFACT | B11 main output enrollment_cox_input_w2 | duckdb://enrollment_cox_input_w2
--- B11 main output enrollment_cox_input_w4 (enrollment_cox_input_w4) ---
      enrollment_id  id_student code_module code_presentation  event  duration  duration_raw  used_zero_week_fallback_for_censoring gender               region     highest_education imd_band age_band  num_of_prev_attempts  studied_credits disability  clicks_first_4_weeks  active_weeks_first_4  mean_clicks_first_4_weeks
 382979||BBB||2013J      382979         BBB             2013J      0        38            38                                      0      F         South Region A Level or Equivalent   80-90%    35-55                     0               90          N                 394.0                   4.0                  98.500000
 511678||BBB||2013J      511678         BBB             2013J      0        38            38                                      0      F         South Region A Level or Equivalent   20-30%     0-35                     0              120          N                1695.0                   4.0                 423.750000
 522894||BBB||2013J      522894         BBB             2013J      0        38            38                                      0      F             Scotland      HE Qualification   30-40%    35-55                     0              120          N                 275.0                   4.0                  68.750000
 514864||BBB||2013J      514864         BBB             2013J      0        38            38                                      0      F West Midlands Region    Lower Than A Level    10-20     0-35                     0               60          N                 177.0                   4.0                  44.250000
2463213||BBB||2013J     2463213         BBB             2013J      0        38            38                                      0      F  East Anglian Region    Lower Than A Level   60-70%    35-55                     0               90          N                2222.0                   4.0                 555.500000
2452289||BBB||2013J     2452289         BBB             2013J      0        38            38                                      0      F    South East Region    Lower Than A Level   70-80%    35-55                     0               60          N                 111.0                   4.0                  27.750000
1939695||BBB||2013J     1939695         BBB             2013J      0        38            38                                      0      F             Scotland    Lower Than A Level   30-40%    35-55                     2               60          Y                 107.0                   3.0                  35.666667
 542296||BBB||2013J      542296         BBB             2013J      0        38            38                                      0      F                Wales    Lower Than A Level   30-40%    35-55                     1               60          N                 189.0                   4.0                  47.250000
 544122||BBB||2013J      544122         BBB             2013J      0        38            38                                      0      F                Wales A Level or Equivalent  90-100%     0-35                     0               60          N                 111.0                   4.0                  27.750000
 530487||BBB||2013J      530487         BBB             2013J      0        38            38                                      0      F        London Region      HE Qualification   40-50%     0-35                     0               60          N                 366.0                   4.0                  91.500000
 540249||BBB||2013J      540249         BBB             2013J      0        38            38                                      0      M  East Anglian Region A Level or Equivalent    0-10%    35-55                     0              120          N                 119.0                   4.0                  29.750000
 534133||BBB||2013J      534133         BBB             2013J      0        38            38                                      0      F     Yorkshire Region    Lower Than A Level    0-10%     0-35                     0               60          N                  90.0                   2.0                  45.000000
 556427||BBB||2013J      556427         BBB             2013J      1        34            34                                      0      F East Midlands Region A Level or Equivalent   20-30%     0-35                     0               60          N                  14.0                   2.0                   7.000000
 526177||BBB||2013J      526177         BBB             2013J      0        38            38                                      0      F             Scotland    Lower Than A Level   40-50%     0-35                     0               75          N                  24.0                   4.0                   6.000000
 535833||BBB||2013J      535833         BBB             2013J      0        38            38                                      0      F    South West Region    Lower Than A Level   20-30%     0-35                     0               60          N                   1.0                   1.0                   1.000000
 344568||BBB||2013J      344568         BBB             2013J      0        38            38                                      0      F West Midlands Region    Lower Than A Level   70-80%     0-35                     0               60          N                 109.0                   3.0                  36.333333
 233752||BBB||2013J      233752         BBB             2013J      0        38            38                                      0      F North Western Region    Lower Than A Level   60-70%    35-55                     0               60          N                 806.0                   4.0                 201.500000
 105883||BBB||2013J      105883         BBB             2013J      0        38            38                                      0      F North Western Region A Level or Equivalent    0-10%    35-55                     0               60          N                 388.0                   4.0                  97.000000
 153704||BBB||2013J      153704         BBB             2013J      0        38            38                                      0      F West Midlands Region    Lower Than A Level    0-10%     0-35                     2               60          N                  21.0                   2.0                  10.500000
 600771||BBB||2013J      600771         BBB             2013J      0        38            38                                      0      M    South East Region    Lower Than A Level    10-20    35-55                     0               60          N                 186.0                   4.0                  46.500000
ARTIFACT | B11 main output enrollment_cox_input_w4 | duckdb://enrollment_cox_input_w4
--- B11 main output enrollment_cox_input_w6 (enrollment_cox_input_w6) ---
      enrollment_id  id_student code_module code_presentation  event  duration  duration_raw  used_zero_week_fallback_for_censoring gender               region     highest_education imd_band age_band  num_of_prev_attempts  studied_credits disability  clicks_first_4_weeks  active_weeks_first_4  mean_clicks_first_4_weeks  clicks_first_6_weeks  active_weeks_first_6  mean_clicks_first_6_weeks
 382979||BBB||2013J      382979         BBB             2013J      0        38            38                                      0      F         South Region A Level or Equivalent   80-90%    35-55                     0               90          N                 394.0                   4.0                  98.500000                 590.0                   6.0                  98.333333
 511678||BBB||2013J      511678         BBB             2013J      0        38            38                                      0      F         South Region A Level or Equivalent   20-30%     0-35                     0              120          N                1695.0                   4.0                 423.750000                3509.0                   6.0                 584.833333
 522894||BBB||2013J      522894         BBB             2013J      0        38            38                                      0      F             Scotland      HE Qualification   30-40%    35-55                     0              120          N                 275.0                   4.0                  68.750000                 425.0                   6.0                  70.833333
 514864||BBB||2013J      514864         BBB             2013J      0        38            38                                      0      F West Midlands Region    Lower Than A Level    10-20     0-35                     0               60          N                 177.0                   4.0                  44.250000                 229.0                   6.0                  38.166667
2463213||BBB||2013J     2463213         BBB             2013J      0        38            38                                      0      F  East Anglian Region    Lower Than A Level   60-70%    35-55                     0               90          N                2222.0                   4.0                 555.500000                2543.0                   6.0                 423.833333
2452289||BBB||2013J     2452289         BBB             2013J      0        38            38                                      0      F    South East Region    Lower Than A Level   70-80%    35-55                     0               60          N                 111.0                   4.0                  27.750000                 167.0                   6.0                  27.833333
1939695||BBB||2013J     1939695         BBB             2013J      0        38            38                                      0      F             Scotland    Lower Than A Level   30-40%    35-55                     2               60          Y                 107.0                   3.0                  35.666667                 161.0                   5.0                  32.200000
 542296||BBB||2013J      542296         BBB             2013J      0        38            38                                      0      F                Wales    Lower Than A Level   30-40%    35-55                     1               60          N                 189.0                   4.0                  47.250000                 278.0                   6.0                  46.333333
 544122||BBB||2013J      544122         BBB             2013J      0        38            38                                      0      F                Wales A Level or Equivalent  90-100%     0-35                     0               60          N                 111.0                   4.0                  27.750000                 189.0                   6.0                  31.500000
 530487||BBB||2013J      530487         BBB             2013J      0        38            38                                      0      F        London Region      HE Qualification   40-50%     0-35                     0               60          N                 366.0                   4.0                  91.500000                 450.0                   6.0                  75.000000
 540249||BBB||2013J      540249         BBB             2013J      0        38            38                                      0      M  East Anglian Region A Level or Equivalent    0-10%    35-55                     0              120          N                 119.0                   4.0                  29.750000                 122.0                   5.0                  24.400000
 534133||BBB||2013J      534133         BBB             2013J      0        38            38                                      0      F     Yorkshire Region    Lower Than A Level    0-10%     0-35                     0               60          N                  90.0                   2.0                  45.000000                 191.0                   4.0                  47.750000
 556427||BBB||2013J      556427         BBB             2013J      1        34            34                                      0      F East Midlands Region A Level or Equivalent   20-30%     0-35                     0               60          N                  14.0                   2.0                   7.000000                  44.0                   3.0                  14.666667
 526177||BBB||2013J      526177         BBB             2013J      0        38            38                                      0      F             Scotland    Lower Than A Level   40-50%     0-35                     0               75          N                  24.0                   4.0                   6.000000                  35.0                   6.0                   5.833333
 535833||BBB||2013J      535833         BBB             2013J      0        38            38                                      0      F    South West Region    Lower Than A Level   20-30%     0-35                     0               60          N                   1.0                   1.0                   1.000000                   1.0                   1.0                   1.000000
 344568||BBB||2013J      344568         BBB             2013J      0        38            38                                      0      F West Midlands Region    Lower Than A Level   70-80%     0-35                     0               60          N                 109.0                   3.0                  36.333333                 210.0                   5.0                  42.000000
 233752||BBB||2013J      233752         BBB             2013J      0        38            38                                      0      F North Western Region    Lower Than A Level   60-70%    35-55                     0               60          N                 806.0                   4.0                 201.500000                1234.0                   6.0                 205.666667
 105883||BBB||2013J      105883         BBB             2013J      0        38            38                                      0      F North Western Region A Level or Equivalent    0-10%    35-55                     0               60          N                 388.0                   4.0                  97.000000                 844.0                   6.0                 140.666667
 153704||BBB||2013J      153704         BBB             2013J      0        38            38                                      0      F West Midlands Region    Lower Than A Level    0-10%     0-35                     2               60          N                  21.0                   2.0                  10.500000                  31.0                   4.0                   7.750000
 600771||BBB||2013J      600771         BBB             2013J      0        38            38                                      0      M    South East Region    Lower Than A Level    10-20    35-55                     0               60          N                 186.0                   4.0                  46.500000                 235.0                   6.0                  39.166667
ARTIFACT | B11 main output enrollment_cox_input_w6 | duckdb://enrollment_cox_input_w6
--- B11 main output enrollment_cox_input_w8 (enrollment_cox_input_w8) ---
      enrollment_id  id_student code_module code_presentation  event  duration  duration_raw  used_zero_week_fallback_for_censoring gender               region     highest_education imd_band age_band  num_of_prev_attempts  studied_credits disability  clicks_first_4_weeks  active_weeks_first_4  mean_clicks_first_4_weeks  clicks_first_8_weeks  active_weeks_first_8  mean_clicks_first_8_weeks
 382979||BBB||2013J      382979         BBB             2013J      0        38            38                                      0      F         South Region A Level or Equivalent   80-90%    35-55                     0               90          N                 394.0                   4.0                  98.500000                 659.0                   8.0                  82.375000
 511678||BBB||2013J      511678         BBB             2013J      0        38            38                                      0      F         South Region A Level or Equivalent   20-30%     0-35                     0              120          N                1695.0                   4.0                 423.750000                4968.0                   8.0                 621.000000
 522894||BBB||2013J      522894         BBB             2013J      0        38            38                                      0      F             Scotland      HE Qualification   30-40%    35-55                     0              120          N                 275.0                   4.0                  68.750000                 530.0                   8.0                  66.250000
 514864||BBB||2013J      514864         BBB             2013J      0        38            38                                      0      F West Midlands Region    Lower Than A Level    10-20     0-35                     0               60          N                 177.0                   4.0                  44.250000                 359.0                   8.0                  44.875000
2463213||BBB||2013J     2463213         BBB             2013J      0        38            38                                      0      F  East Anglian Region    Lower Than A Level   60-70%    35-55                     0               90          N                2222.0                   4.0                 555.500000                3126.0                   8.0                 390.750000
2452289||BBB||2013J     2452289         BBB             2013J      0        38            38                                      0      F    South East Region    Lower Than A Level   70-80%    35-55                     0               60          N                 111.0                   4.0                  27.750000                 249.0                   8.0                  31.125000
1939695||BBB||2013J     1939695         BBB             2013J      0        38            38                                      0      F             Scotland    Lower Than A Level   30-40%    35-55                     2               60          Y                 107.0                   3.0                  35.666667                 272.0                   7.0                  38.857143
 542296||BBB||2013J      542296         BBB             2013J      0        38            38                                      0      F                Wales    Lower Than A Level   30-40%    35-55                     1               60          N                 189.0                   4.0                  47.250000                 383.0                   8.0                  47.875000
 544122||BBB||2013J      544122         BBB             2013J      0        38            38                                      0      F                Wales A Level or Equivalent  90-100%     0-35                     0               60          N                 111.0                   4.0                  27.750000                 259.0                   8.0                  32.375000
 530487||BBB||2013J      530487         BBB             2013J      0        38            38                                      0      F        London Region      HE Qualification   40-50%     0-35                     0               60          N                 366.0                   4.0                  91.500000                 618.0                   8.0                  77.250000
 540249||BBB||2013J      540249         BBB             2013J      0        38            38                                      0      M  East Anglian Region A Level or Equivalent    0-10%    35-55                     0              120          N                 119.0                   4.0                  29.750000                 145.0                   6.0                  24.166667
 534133||BBB||2013J      534133         BBB             2013J      0        38            38                                      0      F     Yorkshire Region    Lower Than A Level    0-10%     0-35                     0               60          N                  90.0                   2.0                  45.000000                 203.0                   5.0                  40.600000
 556427||BBB||2013J      556427         BBB             2013J      1        34            34                                      0      F East Midlands Region A Level or Equivalent   20-30%     0-35                     0               60          N                  14.0                   2.0                   7.000000                  84.0                   5.0                  16.800000
 526177||BBB||2013J      526177         BBB             2013J      0        38            38                                      0      F             Scotland    Lower Than A Level   40-50%     0-35                     0               75          N                  24.0                   4.0                   6.000000                  81.0                   7.0                  11.571429
 535833||BBB||2013J      535833         BBB             2013J      0        38            38                                      0      F    South West Region    Lower Than A Level   20-30%     0-35                     0               60          N                   1.0                   1.0                   1.000000                  28.0                   2.0                  14.000000
 344568||BBB||2013J      344568         BBB             2013J      0        38            38                                      0      F West Midlands Region    Lower Than A Level   70-80%     0-35                     0               60          N                 109.0                   3.0                  36.333333                 262.0                   7.0                  37.428571
 233752||BBB||2013J      233752         BBB             2013J      0        38            38                                      0      F North Western Region    Lower Than A Level   60-70%    35-55                     0               60          N                 806.0                   4.0                 201.500000                1961.0                   8.0                 245.125000
 105883||BBB||2013J      105883         BBB             2013J      0        38            38                                      0      F North Western Region A Level or Equivalent    0-10%    35-55                     0               60          N                 388.0                   4.0                  97.000000                1435.0                   8.0                 179.375000
 153704||BBB||2013J      153704         BBB             2013J      0        38            38                                      0      F West Midlands Region    Lower Than A Level    0-10%     0-35                     2               60          N                  21.0                   2.0                  10.500000                  31.0                   4.0                   7.750000
 600771||BBB||2013J      600771         BBB             2013J      0        38            38                                      0      M    South East Region    Lower Than A Level    10-20    35-55                     0               60          N                 186.0                   4.0                  46.500000                 292.0                   8.0                  36.500000
ARTIFACT | B11 main output enrollment_cox_input_w8 | duckdb://enrollment_cox_input_w8
--- B11 main output enrollment_cox_input_w10 (enrollment_cox_input_w10) ---
      enrollment_id  id_student code_module code_presentation  event  duration  duration_raw  used_zero_week_fallback_for_censoring gender               region     highest_education imd_band age_band  num_of_prev_attempts  studied_credits disability  clicks_first_4_weeks  active_weeks_first_4  mean_clicks_first_4_weeks  clicks_first_10_weeks  active_weeks_first_10  mean_clicks_first_10_weeks
 382979||BBB||2013J      382979         BBB             2013J      0        38            38                                      0      F         South Region A Level or Equivalent   80-90%    35-55                     0               90          N                 394.0                   4.0                  98.500000                  827.0                   10.0                   82.700000
 511678||BBB||2013J      511678         BBB             2013J      0        38            38                                      0      F         South Region A Level or Equivalent   20-30%     0-35                     0              120          N                1695.0                   4.0                 423.750000                 5922.0                   10.0                  592.200000
 522894||BBB||2013J      522894         BBB             2013J      0        38            38                                      0      F             Scotland      HE Qualification   30-40%    35-55                     0              120          N                 275.0                   4.0                  68.750000                  641.0                   10.0                   64.100000
 514864||BBB||2013J      514864         BBB             2013J      0        38            38                                      0      F West Midlands Region    Lower Than A Level    10-20     0-35                     0               60          N                 177.0                   4.0                  44.250000                  424.0                   10.0                   42.400000
2463213||BBB||2013J     2463213         BBB             2013J      0        38            38                                      0      F  East Anglian Region    Lower Than A Level   60-70%    35-55                     0               90          N                2222.0                   4.0                 555.500000                 3742.0                   10.0                  374.200000
2452289||BBB||2013J     2452289         BBB             2013J      0        38            38                                      0      F    South East Region    Lower Than A Level   70-80%    35-55                     0               60          N                 111.0                   4.0                  27.750000                  267.0                   10.0                   26.700000
1939695||BBB||2013J     1939695         BBB             2013J      0        38            38                                      0      F             Scotland    Lower Than A Level   30-40%    35-55                     2               60          Y                 107.0                   3.0                  35.666667                  324.0                    9.0                   36.000000
 542296||BBB||2013J      542296         BBB             2013J      0        38            38                                      0      F                Wales    Lower Than A Level   30-40%    35-55                     1               60          N                 189.0                   4.0                  47.250000                  428.0                   10.0                   42.800000
 544122||BBB||2013J      544122         BBB             2013J      0        38            38                                      0      F                Wales A Level or Equivalent  90-100%     0-35                     0               60          N                 111.0                   4.0                  27.750000                  291.0                   10.0                   29.100000
 530487||BBB||2013J      530487         BBB             2013J      0        38            38                                      0      F        London Region      HE Qualification   40-50%     0-35                     0               60          N                 366.0                   4.0                  91.500000                  683.0                   10.0                   68.300000
 540249||BBB||2013J      540249         BBB             2013J      0        38            38                                      0      M  East Anglian Region A Level or Equivalent    0-10%    35-55                     0              120          N                 119.0                   4.0                  29.750000                  207.0                    8.0                   25.875000
 534133||BBB||2013J      534133         BBB             2013J      0        38            38                                      0      F     Yorkshire Region    Lower Than A Level    0-10%     0-35                     0               60          N                  90.0                   2.0                  45.000000                  304.0                    7.0                   43.428571
 556427||BBB||2013J      556427         BBB             2013J      1        34            34                                      0      F East Midlands Region A Level or Equivalent   20-30%     0-35                     0               60          N                  14.0                   2.0                   7.000000                  100.0                    7.0                   14.285714
 526177||BBB||2013J      526177         BBB             2013J      0        38            38                                      0      F             Scotland    Lower Than A Level   40-50%     0-35                     0               75          N                  24.0                   4.0                   6.000000                   83.0                    8.0                   10.375000
 535833||BBB||2013J      535833         BBB             2013J      0        38            38                                      0      F    South West Region    Lower Than A Level   20-30%     0-35                     0               60          N                   1.0                   1.0                   1.000000                   50.0                    3.0                   16.666667
 344568||BBB||2013J      344568         BBB             2013J      0        38            38                                      0      F West Midlands Region    Lower Than A Level   70-80%     0-35                     0               60          N                 109.0                   3.0                  36.333333                  274.0                    9.0                   30.444444
 233752||BBB||2013J      233752         BBB             2013J      0        38            38                                      0      F North Western Region    Lower Than A Level   60-70%    35-55                     0               60          N                 806.0                   4.0                 201.500000                 2641.0                   10.0                  264.100000
 105883||BBB||2013J      105883         BBB             2013J      0        38            38                                      0      F North Western Region A Level or Equivalent    0-10%    35-55                     0               60          N                 388.0                   4.0                  97.000000                 1717.0                   10.0                  171.700000
 153704||BBB||2013J      153704         BBB             2013J      0        38            38                                      0      F West Midlands Region    Lower Than A Level    0-10%     0-35                     2               60          N                  21.0                   2.0                  10.500000                   40.0                    6.0                    6.666667
 600771||BBB||2013J      600771         BBB             2013J      0        38            38                                      0      M    South East Region    Lower Than A Level    10-20    35-55                     0               60          N                 186.0                   4.0                  46.500000                  312.0                   10.0                   31.200000
ARTIFACT | B11 main output enrollment_cox_input_w10 | duckdb://enrollment_cox_input_w10
--- B11 main output enrollment_deepsurv_input_w2 (enrollment_deepsurv_input_w2) ---
      enrollment_id  id_student code_module code_presentation  event  duration  duration_raw  used_zero_week_fallback_for_censoring gender               region     highest_education imd_band age_band  num_of_prev_attempts  studied_credits disability  clicks_first_4_weeks  active_weeks_first_4  mean_clicks_first_4_weeks  clicks_first_2_weeks  active_weeks_first_2  mean_clicks_first_2_weeks
 382979||BBB||2013J      382979         BBB             2013J      0        38            38                                      0      F         South Region A Level or Equivalent   80-90%    35-55                     0               90          N                 394.0                   4.0                  98.500000                 188.0                   2.0                       94.0
 511678||BBB||2013J      511678         BBB             2013J      0        38            38                                      0      F         South Region A Level or Equivalent   20-30%     0-35                     0              120          N                1695.0                   4.0                 423.750000                 589.0                   2.0                      294.5
 522894||BBB||2013J      522894         BBB             2013J      0        38            38                                      0      F             Scotland      HE Qualification   30-40%    35-55                     0              120          N                 275.0                   4.0                  68.750000                 108.0                   2.0                       54.0
 514864||BBB||2013J      514864         BBB             2013J      0        38            38                                      0      F West Midlands Region    Lower Than A Level    10-20     0-35                     0               60          N                 177.0                   4.0                  44.250000                  70.0                   2.0                       35.0
2463213||BBB||2013J     2463213         BBB             2013J      0        38            38                                      0      F  East Anglian Region    Lower Than A Level   60-70%    35-55                     0               90          N                2222.0                   4.0                 555.500000                1197.0                   2.0                      598.5
2452289||BBB||2013J     2452289         BBB             2013J      0        38            38                                      0      F    South East Region    Lower Than A Level   70-80%    35-55                     0               60          N                 111.0                   4.0                  27.750000                  63.0                   2.0                       31.5
1939695||BBB||2013J     1939695         BBB             2013J      0        38            38                                      0      F             Scotland    Lower Than A Level   30-40%    35-55                     2               60          Y                 107.0                   3.0                  35.666667                  46.0                   1.0                       46.0
 542296||BBB||2013J      542296         BBB             2013J      0        38            38                                      0      F                Wales    Lower Than A Level   30-40%    35-55                     1               60          N                 189.0                   4.0                  47.250000                  64.0                   2.0                       32.0
 544122||BBB||2013J      544122         BBB             2013J      0        38            38                                      0      F                Wales A Level or Equivalent  90-100%     0-35                     0               60          N                 111.0                   4.0                  27.750000                  25.0                   2.0                       12.5
 530487||BBB||2013J      530487         BBB             2013J      0        38            38                                      0      F        London Region      HE Qualification   40-50%     0-35                     0               60          N                 366.0                   4.0                  91.500000                 179.0                   2.0                       89.5
 540249||BBB||2013J      540249         BBB             2013J      0        38            38                                      0      M  East Anglian Region A Level or Equivalent    0-10%    35-55                     0              120          N                 119.0                   4.0                  29.750000                  91.0                   2.0                       45.5
 534133||BBB||2013J      534133         BBB             2013J      0        38            38                                      0      F     Yorkshire Region    Lower Than A Level    0-10%     0-35                     0               60          N                  90.0                   2.0                  45.000000                   0.0                   0.0                        0.0
 556427||BBB||2013J      556427         BBB             2013J      1        34            34                                      0      F East Midlands Region A Level or Equivalent   20-30%     0-35                     0               60          N                  14.0                   2.0                   7.000000                   7.0                   1.0                        7.0
 526177||BBB||2013J      526177         BBB             2013J      0        38            38                                      0      F             Scotland    Lower Than A Level   40-50%     0-35                     0               75          N                  24.0                   4.0                   6.000000                   2.0                   2.0                        1.0
 535833||BBB||2013J      535833         BBB             2013J      0        38            38                                      0      F    South West Region    Lower Than A Level   20-30%     0-35                     0               60          N                   1.0                   1.0                   1.000000                   0.0                   0.0                        0.0
 344568||BBB||2013J      344568         BBB             2013J      0        38            38                                      0      F West Midlands Region    Lower Than A Level   70-80%     0-35                     0               60          N                 109.0                   3.0                  36.333333                  70.0                   1.0                       70.0
 233752||BBB||2013J      233752         BBB             2013J      0        38            38                                      0      F North Western Region    Lower Than A Level   60-70%    35-55                     0               60          N                 806.0                   4.0                 201.500000                 307.0                   2.0                      153.5
 105883||BBB||2013J      105883         BBB             2013J      0        38            38                                      0      F North Western Region A Level or Equivalent    0-10%    35-55                     0               60          N                 388.0                   4.0                  97.000000                 194.0                   2.0                       97.0
 153704||BBB||2013J      153704         BBB             2013J      0        38            38                                      0      F West Midlands Region    Lower Than A Level    0-10%     0-35                     2               60          N                  21.0                   2.0                  10.500000                  18.0                   1.0                       18.0
 600771||BBB||2013J      600771         BBB             2013J      0        38            38                                      0      M    South East Region    Lower Than A Level    10-20    35-55                     0               60          N                 186.0                   4.0                  46.500000                  91.0                   2.0                       45.5
ARTIFACT | B11 main output enrollment_deepsurv_input_w2 | duckdb://enrollment_deepsurv_input_w2
--- B11 main output enrollment_deepsurv_input_w4 (enrollment_deepsurv_input_w4) ---
      enrollment_id  id_student code_module code_presentation  event  duration  duration_raw  used_zero_week_fallback_for_censoring gender               region     highest_education imd_band age_band  num_of_prev_attempts  studied_credits disability  clicks_first_4_weeks  active_weeks_first_4  mean_clicks_first_4_weeks
 382979||BBB||2013J      382979         BBB             2013J      0        38            38                                      0      F         South Region A Level or Equivalent   80-90%    35-55                     0               90          N                 394.0                   4.0                  98.500000
 511678||BBB||2013J      511678         BBB             2013J      0        38            38                                      0      F         South Region A Level or Equivalent   20-30%     0-35                     0              120          N                1695.0                   4.0                 423.750000
 522894||BBB||2013J      522894         BBB             2013J      0        38            38                                      0      F             Scotland      HE Qualification   30-40%    35-55                     0              120          N                 275.0                   4.0                  68.750000
 514864||BBB||2013J      514864         BBB             2013J      0        38            38                                      0      F West Midlands Region    Lower Than A Level    10-20     0-35                     0               60          N                 177.0                   4.0                  44.250000
2463213||BBB||2013J     2463213         BBB             2013J      0        38            38                                      0      F  East Anglian Region    Lower Than A Level   60-70%    35-55                     0               90          N                2222.0                   4.0                 555.500000
2452289||BBB||2013J     2452289         BBB             2013J      0        38            38                                      0      F    South East Region    Lower Than A Level   70-80%    35-55                     0               60          N                 111.0                   4.0                  27.750000
1939695||BBB||2013J     1939695         BBB             2013J      0        38            38                                      0      F             Scotland    Lower Than A Level   30-40%    35-55                     2               60          Y                 107.0                   3.0                  35.666667
 542296||BBB||2013J      542296         BBB             2013J      0        38            38                                      0      F                Wales    Lower Than A Level   30-40%    35-55                     1               60          N                 189.0                   4.0                  47.250000
 544122||BBB||2013J      544122         BBB             2013J      0        38            38                                      0      F                Wales A Level or Equivalent  90-100%     0-35                     0               60          N                 111.0                   4.0                  27.750000
 530487||BBB||2013J      530487         BBB             2013J      0        38            38                                      0      F        London Region      HE Qualification   40-50%     0-35                     0               60          N                 366.0                   4.0                  91.500000
 540249||BBB||2013J      540249         BBB             2013J      0        38            38                                      0      M  East Anglian Region A Level or Equivalent    0-10%    35-55                     0              120          N                 119.0                   4.0                  29.750000
 534133||BBB||2013J      534133         BBB             2013J      0        38            38                                      0      F     Yorkshire Region    Lower Than A Level    0-10%     0-35                     0               60          N                  90.0                   2.0                  45.000000
 556427||BBB||2013J      556427         BBB             2013J      1        34            34                                      0      F East Midlands Region A Level or Equivalent   20-30%     0-35                     0               60          N                  14.0                   2.0                   7.000000
 526177||BBB||2013J      526177         BBB             2013J      0        38            38                                      0      F             Scotland    Lower Than A Level   40-50%     0-35                     0               75          N                  24.0                   4.0                   6.000000
 535833||BBB||2013J      535833         BBB             2013J      0        38            38                                      0      F    South West Region    Lower Than A Level   20-30%     0-35                     0               60          N                   1.0                   1.0                   1.000000
 344568||BBB||2013J      344568         BBB             2013J      0        38            38                                      0      F West Midlands Region    Lower Than A Level   70-80%     0-35                     0               60          N                 109.0                   3.0                  36.333333
 233752||BBB||2013J      233752         BBB             2013J      0        38            38                                      0      F North Western Region    Lower Than A Level   60-70%    35-55                     0               60          N                 806.0                   4.0                 201.500000
 105883||BBB||2013J      105883         BBB             2013J      0        38            38                                      0      F North Western Region A Level or Equivalent    0-10%    35-55                     0               60          N                 388.0                   4.0                  97.000000
 153704||BBB||2013J      153704         BBB             2013J      0        38            38                                      0      F West Midlands Region    Lower Than A Level    0-10%     0-35                     2               60          N                  21.0                   2.0                  10.500000
 600771||BBB||2013J      600771         BBB             2013J      0        38            38                                      0      M    South East Region    Lower Than A Level    10-20    35-55                     0               60          N                 186.0                   4.0                  46.500000
ARTIFACT | B11 main output enrollment_deepsurv_input_w4 | duckdb://enrollment_deepsurv_input_w4
--- B11 main output enrollment_deepsurv_input_w6 (enrollment_deepsurv_input_w6) ---
      enrollment_id  id_student code_module code_presentation  event  duration  duration_raw  used_zero_week_fallback_for_censoring gender               region     highest_education imd_band age_band  num_of_prev_attempts  studied_credits disability  clicks_first_4_weeks  active_weeks_first_4  mean_clicks_first_4_weeks  clicks_first_6_weeks  active_weeks_first_6  mean_clicks_first_6_weeks
 382979||BBB||2013J      382979         BBB             2013J      0        38            38                                      0      F         South Region A Level or Equivalent   80-90%    35-55                     0               90          N                 394.0                   4.0                  98.500000                 590.0                   6.0                  98.333333
 511678||BBB||2013J      511678         BBB             2013J      0        38            38                                      0      F         South Region A Level or Equivalent   20-30%     0-35                     0              120          N                1695.0                   4.0                 423.750000                3509.0                   6.0                 584.833333
 522894||BBB||2013J      522894         BBB             2013J      0        38            38                                      0      F             Scotland      HE Qualification   30-40%    35-55                     0              120          N                 275.0                   4.0                  68.750000                 425.0                   6.0                  70.833333
 514864||BBB||2013J      514864         BBB             2013J      0        38            38                                      0      F West Midlands Region    Lower Than A Level    10-20     0-35                     0               60          N                 177.0                   4.0                  44.250000                 229.0                   6.0                  38.166667
2463213||BBB||2013J     2463213         BBB             2013J      0        38            38                                      0      F  East Anglian Region    Lower Than A Level   60-70%    35-55                     0               90          N                2222.0                   4.0                 555.500000                2543.0                   6.0                 423.833333
2452289||BBB||2013J     2452289         BBB             2013J      0        38            38                                      0      F    South East Region    Lower Than A Level   70-80%    35-55                     0               60          N                 111.0                   4.0                  27.750000                 167.0                   6.0                  27.833333
1939695||BBB||2013J     1939695         BBB             2013J      0        38            38                                      0      F             Scotland    Lower Than A Level   30-40%    35-55                     2               60          Y                 107.0                   3.0                  35.666667                 161.0                   5.0                  32.200000
 542296||BBB||2013J      542296         BBB             2013J      0        38            38                                      0      F                Wales    Lower Than A Level   30-40%    35-55                     1               60          N                 189.0                   4.0                  47.250000                 278.0                   6.0                  46.333333
 544122||BBB||2013J      544122         BBB             2013J      0        38            38                                      0      F                Wales A Level or Equivalent  90-100%     0-35                     0               60          N                 111.0                   4.0                  27.750000                 189.0                   6.0                  31.500000
 530487||BBB||2013J      530487         BBB             2013J      0        38            38                                      0      F        London Region      HE Qualification   40-50%     0-35                     0               60          N                 366.0                   4.0                  91.500000                 450.0                   6.0                  75.000000
 540249||BBB||2013J      540249         BBB             2013J      0        38            38                                      0      M  East Anglian Region A Level or Equivalent    0-10%    35-55                     0              120          N                 119.0                   4.0                  29.750000                 122.0                   5.0                  24.400000
 534133||BBB||2013J      534133         BBB             2013J      0        38            38                                      0      F     Yorkshire Region    Lower Than A Level    0-10%     0-35                     0               60          N                  90.0                   2.0                  45.000000                 191.0                   4.0                  47.750000
 556427||BBB||2013J      556427         BBB             2013J      1        34            34                                      0      F East Midlands Region A Level or Equivalent   20-30%     0-35                     0               60          N                  14.0                   2.0                   7.000000                  44.0                   3.0                  14.666667
 526177||BBB||2013J      526177         BBB             2013J      0        38            38                                      0      F             Scotland    Lower Than A Level   40-50%     0-35                     0               75          N                  24.0                   4.0                   6.000000                  35.0                   6.0                   5.833333
 535833||BBB||2013J      535833         BBB             2013J      0        38            38                                      0      F    South West Region    Lower Than A Level   20-30%     0-35                     0               60          N                   1.0                   1.0                   1.000000                   1.0                   1.0                   1.000000
 344568||BBB||2013J      344568         BBB             2013J      0        38            38                                      0      F West Midlands Region    Lower Than A Level   70-80%     0-35                     0               60          N                 109.0                   3.0                  36.333333                 210.0                   5.0                  42.000000
 233752||BBB||2013J      233752         BBB             2013J      0        38            38                                      0      F North Western Region    Lower Than A Level   60-70%    35-55                     0               60          N                 806.0                   4.0                 201.500000                1234.0                   6.0                 205.666667
 105883||BBB||2013J      105883         BBB             2013J      0        38            38                                      0      F North Western Region A Level or Equivalent    0-10%    35-55                     0               60          N                 388.0                   4.0                  97.000000                 844.0                   6.0                 140.666667
 153704||BBB||2013J      153704         BBB             2013J      0        38            38                                      0      F West Midlands Region    Lower Than A Level    0-10%     0-35                     2               60          N                  21.0                   2.0                  10.500000                  31.0                   4.0                   7.750000
 600771||BBB||2013J      600771         BBB             2013J      0        38            38                                      0      M    South East Region    Lower Than A Level    10-20    35-55                     0               60          N                 186.0                   4.0                  46.500000                 235.0                   6.0                  39.166667
ARTIFACT | B11 main output enrollment_deepsurv_input_w6 | duckdb://enrollment_deepsurv_input_w6
--- B11 main output enrollment_deepsurv_input_w8 (enrollment_deepsurv_input_w8) ---
      enrollment_id  id_student code_module code_presentation  event  duration  duration_raw  used_zero_week_fallback_for_censoring gender               region     highest_education imd_band age_band  num_of_prev_attempts  studied_credits disability  clicks_first_4_weeks  active_weeks_first_4  mean_clicks_first_4_weeks  clicks_first_8_weeks  active_weeks_first_8  mean_clicks_first_8_weeks
 382979||BBB||2013J      382979         BBB             2013J      0        38            38                                      0      F         South Region A Level or Equivalent   80-90%    35-55                     0               90          N                 394.0                   4.0                  98.500000                 659.0                   8.0                  82.375000
 511678||BBB||2013J      511678         BBB             2013J      0        38            38                                      0      F         South Region A Level or Equivalent   20-30%     0-35                     0              120          N                1695.0                   4.0                 423.750000                4968.0                   8.0                 621.000000
 522894||BBB||2013J      522894         BBB             2013J      0        38            38                                      0      F             Scotland      HE Qualification   30-40%    35-55                     0              120          N                 275.0                   4.0                  68.750000                 530.0                   8.0                  66.250000
 514864||BBB||2013J      514864         BBB             2013J      0        38            38                                      0      F West Midlands Region    Lower Than A Level    10-20     0-35                     0               60          N                 177.0                   4.0                  44.250000                 359.0                   8.0                  44.875000
2463213||BBB||2013J     2463213         BBB             2013J      0        38            38                                      0      F  East Anglian Region    Lower Than A Level   60-70%    35-55                     0               90          N                2222.0                   4.0                 555.500000                3126.0                   8.0                 390.750000
2452289||BBB||2013J     2452289         BBB             2013J      0        38            38                                      0      F    South East Region    Lower Than A Level   70-80%    35-55                     0               60          N                 111.0                   4.0                  27.750000                 249.0                   8.0                  31.125000
1939695||BBB||2013J     1939695         BBB             2013J      0        38            38                                      0      F             Scotland    Lower Than A Level   30-40%    35-55                     2               60          Y                 107.0                   3.0                  35.666667                 272.0                   7.0                  38.857143
 542296||BBB||2013J      542296         BBB             2013J      0        38            38                                      0      F                Wales    Lower Than A Level   30-40%    35-55                     1               60          N                 189.0                   4.0                  47.250000                 383.0                   8.0                  47.875000
 544122||BBB||2013J      544122         BBB             2013J      0        38            38                                      0      F                Wales A Level or Equivalent  90-100%     0-35                     0               60          N                 111.0                   4.0                  27.750000                 259.0                   8.0                  32.375000
 530487||BBB||2013J      530487         BBB             2013J      0        38            38                                      0      F        London Region      HE Qualification   40-50%     0-35                     0               60          N                 366.0                   4.0                  91.500000                 618.0                   8.0                  77.250000
 540249||BBB||2013J      540249         BBB             2013J      0        38            38                                      0      M  East Anglian Region A Level or Equivalent    0-10%    35-55                     0              120          N                 119.0                   4.0                  29.750000                 145.0                   6.0                  24.166667
 534133||BBB||2013J      534133         BBB             2013J      0        38            38                                      0      F     Yorkshire Region    Lower Than A Level    0-10%     0-35                     0               60          N                  90.0                   2.0                  45.000000                 203.0                   5.0                  40.600000
 556427||BBB||2013J      556427         BBB             2013J      1        34            34                                      0      F East Midlands Region A Level or Equivalent   20-30%     0-35                     0               60          N                  14.0                   2.0                   7.000000                  84.0                   5.0                  16.800000
 526177||BBB||2013J      526177         BBB             2013J      0        38            38                                      0      F             Scotland    Lower Than A Level   40-50%     0-35                     0               75          N                  24.0                   4.0                   6.000000                  81.0                   7.0                  11.571429
 535833||BBB||2013J      535833         BBB             2013J      0        38            38                                      0      F    South West Region    Lower Than A Level   20-30%     0-35                     0               60          N                   1.0                   1.0                   1.000000                  28.0                   2.0                  14.000000
 344568||BBB||2013J      344568         BBB             2013J      0        38            38                                      0      F West Midlands Region    Lower Than A Level   70-80%     0-35                     0               60          N                 109.0                   3.0                  36.333333                 262.0                   7.0                  37.428571
 233752||BBB||2013J      233752         BBB             2013J      0        38            38                                      0      F North Western Region    Lower Than A Level   60-70%    35-55                     0               60          N                 806.0                   4.0                 201.500000                1961.0                   8.0                 245.125000
 105883||BBB||2013J      105883         BBB             2013J      0        38            38                                      0      F North Western Region A Level or Equivalent    0-10%    35-55                     0               60          N                 388.0                   4.0                  97.000000                1435.0                   8.0                 179.375000
 153704||BBB||2013J      153704         BBB             2013J      0        38            38                                      0      F West Midlands Region    Lower Than A Level    0-10%     0-35                     2               60          N                  21.0                   2.0                  10.500000                  31.0                   4.0                   7.750000
 600771||BBB||2013J      600771         BBB             2013J      0        38            38                                      0      M    South East Region    Lower Than A Level    10-20    35-55                     0               60          N                 186.0                   4.0                  46.500000                 292.0                   8.0                  36.500000
ARTIFACT | B11 main output enrollment_deepsurv_input_w8 | duckdb://enrollment_deepsurv_input_w8
--- B11 main output enrollment_deepsurv_input_w10 (enrollment_deepsurv_input_w10) ---
      enrollment_id  id_student code_module code_presentation  event  duration  duration_raw  used_zero_week_fallback_for_censoring gender               region     highest_education imd_band age_band  num_of_prev_attempts  studied_credits disability  clicks_first_4_weeks  active_weeks_first_4  mean_clicks_first_4_weeks  clicks_first_10_weeks  active_weeks_first_10  mean_clicks_first_10_weeks
 382979||BBB||2013J      382979         BBB             2013J      0        38            38                                      0      F         South Region A Level or Equivalent   80-90%    35-55                     0               90          N                 394.0                   4.0                  98.500000                  827.0                   10.0                   82.700000
 511678||BBB||2013J      511678         BBB             2013J      0        38            38                                      0      F         South Region A Level or Equivalent   20-30%     0-35                     0              120          N                1695.0                   4.0                 423.750000                 5922.0                   10.0                  592.200000
 522894||BBB||2013J      522894         BBB             2013J      0        38            38                                      0      F             Scotland      HE Qualification   30-40%    35-55                     0              120          N                 275.0                   4.0                  68.750000                  641.0                   10.0                   64.100000
 514864||BBB||2013J      514864         BBB             2013J      0        38            38                                      0      F West Midlands Region    Lower Than A Level    10-20     0-35                     0               60          N                 177.0                   4.0                  44.250000                  424.0                   10.0                   42.400000
2463213||BBB||2013J     2463213         BBB             2013J      0        38            38                                      0      F  East Anglian Region    Lower Than A Level   60-70%    35-55                     0               90          N                2222.0                   4.0                 555.500000                 3742.0                   10.0                  374.200000
2452289||BBB||2013J     2452289         BBB             2013J      0        38            38                                      0      F    South East Region    Lower Than A Level   70-80%    35-55                     0               60          N                 111.0                   4.0                  27.750000                  267.0                   10.0                   26.700000
1939695||BBB||2013J     1939695         BBB             2013J      0        38            38                                      0      F             Scotland    Lower Than A Level   30-40%    35-55                     2               60          Y                 107.0                   3.0                  35.666667                  324.0                    9.0                   36.000000
 542296||BBB||2013J      542296         BBB             2013J      0        38            38                                      0      F                Wales    Lower Than A Level   30-40%    35-55                     1               60          N                 189.0                   4.0                  47.250000                  428.0                   10.0                   42.800000
 544122||BBB||2013J      544122         BBB             2013J      0        38            38                                      0      F                Wales A Level or Equivalent  90-100%     0-35                     0               60          N                 111.0                   4.0                  27.750000                  291.0                   10.0                   29.100000
 530487||BBB||2013J      530487         BBB             2013J      0        38            38                                      0      F        London Region      HE Qualification   40-50%     0-35                     0               60          N                 366.0                   4.0                  91.500000                  683.0                   10.0                   68.300000
 540249||BBB||2013J      540249         BBB             2013J      0        38            38                                      0      M  East Anglian Region A Level or Equivalent    0-10%    35-55                     0              120          N                 119.0                   4.0                  29.750000                  207.0                    8.0                   25.875000
 534133||BBB||2013J      534133         BBB             2013J      0        38            38                                      0      F     Yorkshire Region    Lower Than A Level    0-10%     0-35                     0               60          N                  90.0                   2.0                  45.000000                  304.0                    7.0                   43.428571
 556427||BBB||2013J      556427         BBB             2013J      1        34            34                                      0      F East Midlands Region A Level or Equivalent   20-30%     0-35                     0               60          N                  14.0                   2.0                   7.000000                  100.0                    7.0                   14.285714
 526177||BBB||2013J      526177         BBB             2013J      0        38            38                                      0      F             Scotland    Lower Than A Level   40-50%     0-35                     0               75          N                  24.0                   4.0                   6.000000                   83.0                    8.0                   10.375000
 535833||BBB||2013J      535833         BBB             2013J      0        38            38                                      0      F    South West Region    Lower Than A Level   20-30%     0-35                     0               60          N                   1.0                   1.0                   1.000000                   50.0                    3.0                   16.666667
 344568||BBB||2013J      344568         BBB             2013J      0        38            38                                      0      F West Midlands Region    Lower Than A Level   70-80%     0-35                     0               60          N                 109.0                   3.0                  36.333333                  274.0                    9.0                   30.444444
 233752||BBB||2013J      233752         BBB             2013J      0        38            38                                      0      F North Western Region    Lower Than A Level   60-70%    35-55                     0               60          N                 806.0                   4.0                 201.500000                 2641.0                   10.0                  264.100000
 105883||BBB||2013J      105883         BBB             2013J      0        38            38                                      0      F North Western Region A Level or Equivalent    0-10%    35-55                     0               60          N                 388.0                   4.0                  97.000000                 1717.0                   10.0                  171.700000
 153704||BBB||2013J      153704         BBB             2013J      0        38            38                                      0      F West Midlands Region    Lower Than A Level    0-10%     0-35                     2               60          N                  21.0                   2.0                  10.500000                   40.0                    6.0                    6.666667
 600771||BBB||2013J      600771         BBB             2013J      0        38            38                                      0      M    South East Region    Lower Than A Level    10-20    35-55                     0               60          N                 186.0                   4.0                  46.500000                  312.0                   10.0                   31.200000
ARTIFACT | B11 main output enrollment_deepsurv_input_w10 | duckdb://enrollment_deepsurv_input_w10
TABLE_LABEL | B11 analytical output
TABLE_NAME | table_p12_1_window_sensitivity_design
TABLE_ROWS | 10
TABLE_COLS | 9
TABLE_COLUMNS | window_weeks, family, table_name, n_rows, n_distinct_enrollments, n_columns, has_clicks_feature, has_active_feature, has_mean_feature
 window_weeks                   family                    table_name  n_rows  n_distinct_enrollments  n_columns  has_clicks_feature  has_active_feature  has_mean_feature
            2      continuous_time_cox       enrollment_cox_input_w2   32593                   32593         22                True                True              True
            2 continuous_time_deepsurv  enrollment_deepsurv_input_w2   32593                   32593         22                True                True              True
            4      continuous_time_cox       enrollment_cox_input_w4   32593                   32593         19                True                True              True
            4 continuous_time_deepsurv  enrollment_deepsurv_input_w4   32593                   32593         19                True                True              True
            6      continuous_time_cox       enrollment_cox_input_w6   32593                   32593         22                True                True              True
            6 continuous_time_deepsurv  enrollment_deepsurv_input_w6   32593                   32593         22                True                True              True
            8      continuous_time_cox       enrollment_cox_input_w8   32593                   32593         22                True                True              True
            8 continuous_time_deepsurv  enrollment_deepsurv_input_w8   32593                   32593         22                True                True              True
           10      continuous_time_cox      enrollment_cox_input_w10   32593                   32593         22                True                True              True
           10 continuous_time_deepsurv enrollment_deepsurv_input_w10   32593                   32593         22                True                True              True
ARTIFACT | B11 analytical output | duckdb://table_p12_1_window_sensitivity_design
TABLE_LABEL | B11 analytical output
TABLE_NAME | table_p12_1_window_sensitivity_attach_plan
TABLE_ROWS | 10
TABLE_COLS | 8
TABLE_COLUMNS | target_table, base_table, window_weeks, n_base_columns, n_target_window_columns, n_window_columns_attached, attached_window_columns, n_window_columns_already_present
                 target_table                base_table  window_weeks  n_base_columns  n_target_window_columns  n_window_columns_attached                                                  attached_window_columns  n_window_columns_already_present
      enrollment_cox_input_w2      enrollment_cox_input             2              19                        3                          3    clicks_first_2_weeks, active_weeks_first_2, mean_clicks_first_2_weeks                                 0
 enrollment_deepsurv_input_w2 enrollment_deepsurv_input             2              19                        3                          3    clicks_first_2_weeks, active_weeks_first_2, mean_clicks_first_2_weeks                                 0
      enrollment_cox_input_w4      enrollment_cox_input             4              19                        3                          0                                                                                                          3
 enrollment_deepsurv_input_w4 enrollment_deepsurv_input             4              19                        3                          0                                                                                                          3
      enrollment_cox_input_w6      enrollment_cox_input             6              19                        3                          3    clicks_first_6_weeks, active_weeks_first_6, mean_clicks_first_6_weeks                                 0
 enrollment_deepsurv_input_w6 enrollment_deepsurv_input             6              19                        3                          3    clicks_first_6_weeks, active_weeks_first_6, mean_clicks_first_6_weeks                                 0
      enrollment_cox_input_w8      enrollment_cox_input             8              19                        3                          3    clicks_first_8_weeks, active_weeks_first_8, mean_clicks_first_8_weeks                                 0
 enrollment_deepsurv_input_w8 enrollment_deepsurv_input             8              19                        3                          3    clicks_first_8_weeks, active_weeks_first_8, mean_clicks_first_8_weeks                                 0
     enrollment_cox_input_w10      enrollment_cox_input            10              19                        3                          3 clicks_first_10_weeks, active_weeks_first_10, mean_clicks_first_10_weeks                                 0
enrollment_deepsurv_input_w10 enrollment_deepsurv_input            10              19                        3                          3 clicks_first_10_weeks, active_weeks_first_10, mean_clicks_first_10_weeks                                 0
ARTIFACT | B11 analytical output | duckdb://table_p12_1_window_sensitivity_attach_plan
TABLE_LABEL | B11 analytical output
TABLE_NAME | table_p12_1_window_sensitivity_created_columns
TABLE_ROWS | 15
TABLE_COLS | 1
TABLE_COLUMNS | created_feature_name
      created_feature_name
      clicks_first_2_weeks
      active_weeks_first_2
 mean_clicks_first_2_weeks
      clicks_first_4_weeks
      active_weeks_first_4
 mean_clicks_first_4_weeks
      clicks_first_6_weeks
      active_weeks_first_6
 mean_clicks_first_6_weeks
      clicks_first_8_weeks
      active_weeks_first_8
 mean_clicks_first_8_weeks
     clicks_first_10_weeks
     active_weeks_first_10
mean_clicks_first_10_weeks
ARTIFACT | B11 analytical output | duckdb://table_p12_1_window_sensitivity_created_columns
ARTIFACT | metadata_p12_1_window_sensitivity_design_json | /Users/rafars/dropout_benchmark_desenv/outputs_benchmark_survival/metadata/metadata_p12_1_window_sensitivity_design.json
[END] B11 - 2026-06-18 18:59:28
[START] B12 - 2026-06-18 18:59:28
# ==============================================================
# B12 - Early-Window Length Sensitivity Comparison
# ==============================================================
TABLE_LABEL | B12 analytical output
TABLE_NAME | table_p12_2_window_sensitivity_registry
TABLE_ROWS | 10
TABLE_COLS | 15
TABLE_COLUMNS | window_weeks, family, table_name, table_exists, n_rows, n_distinct_enrollments, n_columns, has_clicks_feature, has_active_feature, has_mean_feature, event_sum, duration_min, duration_max, ready_for_model_training, notes
 window_weeks                   family                    table_name  table_exists  n_rows  n_distinct_enrollments  n_columns  has_clicks_feature  has_active_feature  has_mean_feature  event_sum  duration_min  duration_max  ready_for_model_training                                                    notes
            2      continuous_time_cox       enrollment_cox_input_w2          True   32593                   32593         22                True                True              True     7387.0           0.0          63.0                      True Sensitivity variant materialized and structurally ready.
            4      continuous_time_cox       enrollment_cox_input_w4          True   32593                   32593         19                True                True              True     7387.0           0.0          63.0                      True           Main comparable early-window benchmark design.
            6      continuous_time_cox       enrollment_cox_input_w6          True   32593                   32593         22                True                True              True     7387.0           0.0          63.0                      True Sensitivity variant materialized and structurally ready.
            8      continuous_time_cox       enrollment_cox_input_w8          True   32593                   32593         22                True                True              True     7387.0           0.0          63.0                      True Sensitivity variant materialized and structurally ready.
           10      continuous_time_cox      enrollment_cox_input_w10          True   32593                   32593         22                True                True              True     7387.0           0.0          63.0                      True Sensitivity variant materialized and structurally ready.
            2 continuous_time_deepsurv  enrollment_deepsurv_input_w2          True   32593                   32593         22                True                True              True     7387.0           0.0          63.0                      True Sensitivity variant materialized and structurally ready.
            4 continuous_time_deepsurv  enrollment_deepsurv_input_w4          True   32593                   32593         19                True                True              True     7387.0           0.0          63.0                      True           Main comparable early-window benchmark design.
            6 continuous_time_deepsurv  enrollment_deepsurv_input_w6          True   32593                   32593         22                True                True              True     7387.0           0.0          63.0                      True Sensitivity variant materialized and structurally ready.
            8 continuous_time_deepsurv  enrollment_deepsurv_input_w8          True   32593                   32593         22                True                True              True     7387.0           0.0          63.0                      True Sensitivity variant materialized and structurally ready.
           10 continuous_time_deepsurv enrollment_deepsurv_input_w10          True   32593                   32593         22                True                True              True     7387.0           0.0          63.0                      True Sensitivity variant materialized and structurally ready.
ARTIFACT | B12 analytical output | duckdb://table_p12_2_window_sensitivity_registry
TABLE_LABEL | B12 analytical output
TABLE_NAME | table_p12_2_window_sensitivity_comparison
TABLE_ROWS | 10
TABLE_COLS | 10
TABLE_COLUMNS | family, window_weeks, table_name, table_exists, ready_for_model_training, delta_n_columns_vs_w4, delta_event_sum_vs_w4, delta_duration_max_vs_w4, comparison_status, notes
                  family  window_weeks                    table_name  table_exists  ready_for_model_training  delta_n_columns_vs_w4  delta_event_sum_vs_w4  delta_duration_max_vs_w4         comparison_status                                                                    notes
     continuous_time_cox             2       enrollment_cox_input_w2          True                      True                      3                    0.0                       0.0 sensitivity_variant_ready Sensitivity variant can be used for downstream window-length comparison.
     continuous_time_cox             4       enrollment_cox_input_w4          True                      True                      0                    0.0                       0.0     reference_main_window                                                 4-week reference window.
     continuous_time_cox             6       enrollment_cox_input_w6          True                      True                      3                    0.0                       0.0 sensitivity_variant_ready Sensitivity variant can be used for downstream window-length comparison.
     continuous_time_cox             8       enrollment_cox_input_w8          True                      True                      3                    0.0                       0.0 sensitivity_variant_ready Sensitivity variant can be used for downstream window-length comparison.
     continuous_time_cox            10      enrollment_cox_input_w10          True                      True                      3                    0.0                       0.0 sensitivity_variant_ready Sensitivity variant can be used for downstream window-length comparison.
continuous_time_deepsurv             2  enrollment_deepsurv_input_w2          True                      True                      3                    0.0                       0.0 sensitivity_variant_ready Sensitivity variant can be used for downstream window-length comparison.
continuous_time_deepsurv             4  enrollment_deepsurv_input_w4          True                      True                      0                    0.0                       0.0     reference_main_window                                                 4-week reference window.
continuous_time_deepsurv             6  enrollment_deepsurv_input_w6          True                      True                      3                    0.0                       0.0 sensitivity_variant_ready Sensitivity variant can be used for downstream window-length comparison.
continuous_time_deepsurv             8  enrollment_deepsurv_input_w8          True                      True                      3                    0.0                       0.0 sensitivity_variant_ready Sensitivity variant can be used for downstream window-length comparison.
continuous_time_deepsurv            10 enrollment_deepsurv_input_w10          True                      True                      3                    0.0                       0.0 sensitivity_variant_ready Sensitivity variant can be used for downstream window-length comparison.
ARTIFACT | B12 analytical output | duckdb://table_p12_2_window_sensitivity_comparison
TABLE_LABEL | B12 analytical output
TABLE_NAME | table_p12_2_window_sensitivity_summary
TABLE_ROWS | 2
TABLE_COLS | 7
TABLE_COLUMNS | family, n_windows_expected, n_windows_materialized, n_windows_ready_for_model_training, all_windows_materialized, all_windows_ready_for_model_training, window_list_materialized
                  family  n_windows_expected  n_windows_materialized  n_windows_ready_for_model_training  all_windows_materialized  all_windows_ready_for_model_training window_list_materialized
     continuous_time_cox                   5                       5                                   5                      True                                  True           2, 4, 6, 8, 10
continuous_time_deepsurv                   5                       5                                   5                      True                                  True           2, 4, 6, 8, 10
ARTIFACT | B12 analytical output | duckdb://table_p12_2_window_sensitivity_summary
ARTIFACT | metadata_p12_2_window_sensitivity_comparison_json | /Users/rafars/dropout_benchmark_desenv/outputs_benchmark_survival/metadata/metadata_p12_2_window_sensitivity_comparison.json
[END] B12 - 2026-06-18 18:59:28
[START] B13 - 2026-06-18 18:59:28
# ==============================================================
# B13 - DuckDB Shutdown
# ==============================================================
[util] DuckDB connection closed.
[END] B13 - 2026-06-18 18:59:29
