[RUN_PLAN] comparable_window_weeks=2
[START] 5.15.1 - 2026-06-19 22:36:29
# ==============================================================
# 5.15.1 - Lightweight runtime bootstrap
# ==============================================================
ARTIFACT | benchmark_shared_config | /Users/rafars/dropout_benchmark_desenv/benchmark_shared_config.toml
ARTIFACT | benchmark_modeling_contract | /Users/rafars/dropout_benchmark_desenv/benchmark_modeling_contract.toml
ARTIFACT | run_metadata | /Users/rafars/dropout_benchmark_desenv/outputs_benchmark_survival/metadata/run_metadata.json
ARTIFACT | duckdb_path | /Users/rafars/dropout_benchmark_desenv/outputs_benchmark_survival/benchmark_survival.duckdb
{
  "run_id": "f3766e75053447a7beb7a1c4936d231f",
  "random_seed": 42,
  "test_size": 0.3,
  "early_window_weeks": 4,
  "main_enrollment_window_weeks": 4,
  "effective_window_weeks": 2,
  "input_train_table": "enrollment_cox_ready_train_w2",
  "input_test_table": "enrollment_cox_ready_test_w2"
}
[END] 5.15.1 - 2026-06-19 22:36:29
[START] 5.15.2 - 2026-06-19 22:36:29
# ==============================================================
# 5.15.2 - Build comparable Neural-DeepHit treatment
# ==============================================================
[Stage 5.15.2 table_deephit_preprocessing_summary - Neural-DeepHit preprocessing summary]
table_name=table_deephit_preprocessing_summary_w2
rows=1, cols=21
  model_family  train_rows  test_rows  n_input_features_raw  n_numeric_features  n_categorical_features  n_features_after_encoding_before_filter  n_features_after_variance_filter  n_features_dropped_by_variance_filter  n_events_train  n_events_test  mean_duration_train  mean_duration_test                              numeric_prefill_policy categorical_imputation          categorical_encoding                   numeric_scaling  variance_filter_threshold output_dtype                           model_positioning_note  window_weeks
neural_deephit       22815       9778                    11                   5                       6                                       41                                41                                      0            5171           2216            30.536182           30.539476 deterministic_train_median_or_zero_when_all_missing       constant_missing one_hot_handle_unknown_ignore standard_scaler_fit_on_train_only               1.000000e-12      float32 early-window comparable Neural-DeepHit benchmark             2
ARTIFACT | Stage 5.15.2 table_deephit_preprocessing_summary - Neural-DeepHit preprocessing summary | duckdb://table_deephit_preprocessing_summary_w2
[Stage 5.15.2 table_deephit_raw_feature_manifest - Neural-DeepHit raw feature manifest]
table_name=table_deephit_raw_feature_manifest_w2
rows=11, cols=6
 feature_name_operational feature_role  present_in_train  present_in_test  covered_by_canonical_config  numeric_prefill_value
                   gender  categorical              True             True                        False                    NaN
                   region  categorical              True             True                        False                    NaN
        highest_education  categorical              True             True                        False                    NaN
                 imd_band  categorical              True             True                        False                    NaN
                 age_band  categorical              True             True                        False                    NaN
               disability  categorical              True             True                        False                    NaN
     num_of_prev_attempts      numeric              True             True                         True                    0.0
          studied_credits      numeric              True             True                         True                   60.0
     clicks_first_2_weeks      numeric              True             True                         True                   56.0
     active_weeks_first_2      numeric              True             True                         True                    2.0
mean_clicks_first_2_weeks      numeric              True             True                         True                   33.0
ARTIFACT | Stage 5.15.2 table_deephit_raw_feature_manifest - Neural-DeepHit raw feature manifest | duckdb://table_deephit_raw_feature_manifest_w2
[Stage 5.15.2 table_deephit_feature_names_out - Neural-DeepHit output feature manifest]
table_name=table_deephit_feature_names_out_w2
rows=41, cols=2
                feature_name_out  transformed_variance_train
       num__num_of_prev_attempts                    1.000000
            num__studied_credits                    1.000000
       num__clicks_first_2_weeks                    1.000000
       num__active_weeks_first_2                    1.000000
  num__mean_clicks_first_2_weeks                    1.000000
                   cat__gender_F                    0.247988
                   cat__gender_M                    0.247988
 cat__region_East Anglian Region                    0.092080
cat__region_East Midlands Region                    0.067091
             cat__region_Ireland                    0.034283
       cat__region_London Region                    0.088295
        cat__region_North Region                    0.052060
cat__region_North Western Region                    0.082139
            cat__region_Scotland                    0.094370
   cat__region_South East Region                    0.059974
        cat__region_South Region                    0.087554
   cat__region_South West Region                    0.068848
               cat__region_Wales                    0.059707
cat__region_West Midlands Region                    0.073261
    cat__region_Yorkshire Region                    0.058136
ARTIFACT | Stage 5.15.2 table_deephit_feature_names_out - Neural-DeepHit output feature manifest | duckdb://table_deephit_feature_names_out_w2
ARTIFACT | deephit_preprocessing_config | /Users/rafars/dropout_benchmark_desenv/outputs_benchmark_survival/metadata/deephit_preprocessing_config_w2.json
{
  "model_family": "neural_deephit",
  "duration_column": "duration",
  "event_column": "event",
  "categorical_features": [
    "gender",
    "region",
    "highest_education",
    "imd_band",
    "age_band",
    "disability"
  ],
  "numeric_features": [
    "num_of_prev_attempts",
    "studied_credits",
    "clicks_first_2_weeks",
    "active_weeks_first_2",
    "mean_clicks_first_2_weeks"
  ],
  "raw_feature_columns": [
    "gender",
    "region",
    "highest_education",
    "imd_band",
    "age_band",
    "disability",
    "num_of_prev_attempts",
    "studied_credits",
    "clicks_first_2_weeks",
    "active_weeks_first_2",
    "mean_clicks_first_2_weeks"
  ],
  "expected_features_raw": [
    "studied_credits",
    "num_of_prev_attempts",
    "num_of_prev_attempts",
    "studied_credits",
    "clicks_first_2_weeks",
    "active_weeks_first_2",
    "mean_clicks_first_2_weeks"
  ],
  "expected_features_resolved": [
    "studied_credits",
    "num_of_prev_attempts",
    "clicks_first_2_weeks",
    "active_weeks_first_2",
    "mean_clicks_first_2_weeks"
  ],
  "numeric_prefill_policy": "deterministic_train_median_or_zero_when_all_missing",
  "numeric_fill_values": {
    "num_of_prev_attempts": 0.0,
    "studied_credits": 60.0,
    "clicks_first_2_weeks": 56.0,
    "active_weeks_first_2": 2.0,
    "mean_clicks_first_2_weeks": 33.0
  },
  "categorical_imputation": "constant_missing",
  "categorical_encoding": "one_hot_handle_unknown_ignore",
  "numeric_scaling": "standard_scaler_fit_on_train_only",
  "variance_filter_threshold": 1e-12,
  "feature_names_before_filter": [
    "num__num_of_prev_attempts",
    "num__studied_credits",
    "num__clicks_first_2_weeks",
    "num__active_weeks_first_2",
    "num__mean_clicks_first_2_weeks",
    "cat__gender_F",
    "cat__gender_M",
    "cat__region_East Anglian Region",
    "cat__region_East Midlands Region",
    "cat__region_Ireland",
    "cat__region_London Region",
    "cat__region_North Region",
    "cat__region_North Western Region",
    "cat__region_Scotland",
    "cat__region_South East Region",
    "cat__region_South Region",
    "cat__region_South West Region",
    "cat__region_Wales",
    "cat__region_West Midlands Region",
    "cat__region_Yorkshire Region",
    "cat__highest_education_A Level or Equivalent",
    "cat__highest_education_HE Qualification",
    "cat__highest_education_Lower Than A Level",
    "cat__highest_education_No Formal quals",
    "cat__highest_education_Post Graduate Qualification",
    "cat__imd_band_0-10%",
    "cat__imd_band_10-20",
    "cat__imd_band_20-30%",
    "cat__imd_band_30-40%",
    "cat__imd_band_40-50%",
    "cat__imd_band_50-60%",
    "cat__imd_band_60-70%",
    "cat__imd_band_70-80%",
    "cat__imd_band_80-90%",
    "cat__imd_band_90-100%",
    "cat__imd_band_None",
    "cat__age_band_0-35",
    "cat__age_band_35-55",
    "cat__age_band_55<=",
    "cat__disability_N",
    "cat__disability_Y"
  ],
  "feature_names_out": [
    "num__num_of_prev_attempts",
    "num__studied_credits",
    "num__clicks_first_2_weeks",
    "num__active_weeks_first_2",
    "num__mean_clicks_first_2_weeks",
    "cat__gender_F",
    "cat__gender_M",
    "cat__region_East Anglian Region",
    "cat__region_East Midlands Region",
    "cat__region_Ireland",
    "cat__region_London Region",
    "cat__region_North Region",
    "cat__region_North Western Region",
    "cat__region_Scotland",
    "cat__region_South East Region",
    "cat__region_South Region",
    "cat__region_South West Region",
    "cat__region_Wales",
    "cat__region_West Midlands Region",
    "cat__region_Yorkshire Region",
    "cat__highest_education_A Level or Equivalent",
    "cat__highest_education_HE Qualification",
    "cat__highest_education_Lower Than A Level",
    "cat__highest_education_No Formal quals",
    "cat__highest_education_Post Graduate Qualification",
    "cat__imd_band_0-10%",
    "cat__imd_band_10-20",
    "cat__imd_band_20-30%",
    "cat__imd_band_30-40%",
    "cat__imd_band_40-50%",
    "cat__imd_band_50-60%",
    "cat__imd_band_60-70%",
    "cat__imd_band_70-80%",
    "cat__imd_band_80-90%",
    "cat__imd_band_90-100%",
    "cat__imd_band_None",
    "cat__age_band_0-35",
    "cat__age_band_35-55",
    "cat__age_band_55<=",
    "cat__disability_N",
    "cat__disability_Y"
  ],
  "dropped_low_variance_features": [],
  "model_positioning_note": "early-window comparable Neural-DeepHit benchmark",
  "window_weeks": 2
}

[END] 5.15.2 - 2026-06-19 22:36:30
[START] 5.15.3 - 2026-06-19 22:36:30
# ==============================================================
# 5.15.3 - Compute runtime guardrails for Neural-DeepHit
# ==============================================================
[Stage 5.15.3 table_deephit_guardrails - Neural-DeepHit runtime guardrails]
table_name=table_deephit_guardrails_w2
rows=1, cols=18
 validation_test_size  search_row_cap  final_row_cap  search_rows_selected  final_rows_selected  subtrain_rows  validation_rows  full_train_rows  subtrain_enrollments  validation_enrollments  full_train_enrollments  n_features  subtrain_event_rate  validation_event_rate  full_train_event_rate  sampled_subtrain_event_rate  sampled_full_train_event_rate  random_seed
                  0.1           20533          22815                 20533                22815          20533             2282            22815                 20533                    2282                   22815          41             0.227098               0.222612               0.226649                     0.227098                       0.226649           42
ARTIFACT | Stage 5.15.3 table_deephit_guardrails - Neural-DeepHit runtime guardrails | duckdb://table_deephit_guardrails_w2
[END] 5.15.3 - 2026-06-19 22:36:30
[START] 5.15.4 - 2026-06-19 22:36:30
# ==============================================================
# 5.15.4 - Tune and evaluate the Neural-DeepHit model
# ==============================================================
[Stage 5.15.4 table_deephit_tuning_results - Neural-DeepHit tuning results]
table_name=table_deephit_tuning_results_w2
rows=24, cols=13
 candidate_id  num_durations hidden_dims  dropout  alpha  sigma  learning_rate  weight_decay  batch_size  best_epoch  best_val_loss  val_ibs  val_c_index
           20             40   [128, 64]      0.2    0.3    0.2          0.001       0.00010        1024          29       0.460782 0.117600     0.547784
           16             40    [64, 32]      0.2    0.3    0.2          0.010       0.00010         512           9       0.462399 0.118017     0.542467
           18             40   [128, 64]      0.1    0.2    0.2          0.010       0.00001         512           5       0.370774 0.118230     0.528158
            8             20   [128, 64]      0.2    0.3    0.2          0.001       0.00010        1024          36       0.413544 0.118304     0.516366
           10             20  [256, 128]      0.2    0.3    0.2          0.001       0.00010        1024          28       0.414393 0.118474     0.535861
            4             20    [64, 32]      0.2    0.3    0.2          0.010       0.00010         512          16       0.414333 0.118814     0.534265
            6             20   [128, 64]      0.1    0.2    0.2          0.010       0.00001         512           6       0.337005 0.119071     0.530306
           23             40  [256, 128]      0.2    0.3    0.2          0.010       0.00010        1024           5       0.463195 0.119143     0.544304
           14             40    [64, 32]      0.1    0.2    0.2          0.010       0.00001         512           2       0.370262 0.119236     0.500527
           21             40  [256, 128]      0.1    0.2    0.1          0.005       0.00001         512           4       0.367643 0.119621     0.569161
           15             40    [64, 32]      0.2    0.3    0.1          0.005       0.00010         512          21       0.462542 0.119661     0.525426
           19             40   [128, 64]      0.2    0.3    0.1          0.005       0.00010         512          14       0.461964 0.119924     0.534948
           22             40  [256, 128]      0.2    0.3    0.1          0.005       0.00010         512           3       0.462599 0.119973     0.551209
           17             40   [128, 64]      0.1    0.2    0.1          0.005       0.00001         512           3       0.368709 0.120063     0.540007
           11             20  [256, 128]      0.2    0.3    0.1          0.005       0.00010         512          14       0.415604 0.120147     0.517759
           24             40  [256, 128]      0.3    0.2    0.1          0.001       0.00010        1024          12       0.369233 0.120288     0.564694
            7             20   [128, 64]      0.2    0.3    0.1          0.005       0.00010         512           9       0.415016 0.120313     0.516675
           12             20  [256, 128]      0.3    0.2    0.1          0.001       0.00010        1024          23       0.336105 0.120328     0.539206
            9             20  [256, 128]      0.1    0.2    0.1          0.005       0.00001         512           5       0.336831 0.120415     0.534651
            3             20    [64, 32]      0.2    0.3    0.1          0.005       0.00010         512          20       0.414569 0.120486     0.511644
ARTIFACT | Stage 5.15.4 table_deephit_tuning_results - Neural-DeepHit tuning results | duckdb://table_deephit_tuning_results_w2
[Stage 5.15.4 table_deephit_tuned_training_history - Neural-DeepHit training history]
table_name=table_deephit_tuned_training_history_w2
rows=29, cols=5
 train_loss  val_loss  epoch  candidate_id  fit_stage
   0.533261       NaN      1            20 full_train
   0.486063       NaN      2            20 full_train
   0.476915       NaN      3            20 full_train
   0.473008       NaN      4            20 full_train
   0.471234       NaN      5            20 full_train
   0.470212       NaN      6            20 full_train
   0.468468       NaN      7            20 full_train
   0.463925       NaN      8            20 full_train
   0.465530       NaN      9            20 full_train
   0.465005       NaN     10            20 full_train
   0.464934       NaN     11            20 full_train
   0.465121       NaN     12            20 full_train
   0.465846       NaN     13            20 full_train
   0.461541       NaN     14            20 full_train
   0.462103       NaN     15            20 full_train
   0.461352       NaN     16            20 full_train
   0.462130       NaN     17            20 full_train
   0.460369       NaN     18            20 full_train
   0.461741       NaN     19            20 full_train
   0.462250       NaN     20            20 full_train
ARTIFACT | Stage 5.15.4 table_deephit_tuned_training_history - Neural-DeepHit training history | duckdb://table_deephit_tuned_training_history_w2
[Stage 5.15.4 table_deephit_tuned_test_predictions - Neural-DeepHit test predictions]
table_name=table_deephit_tuned_test_predictions_w2
rows=29334, cols=6
      enrollment_id  event  duration  horizon_week  pred_survival_h  pred_risk_h
 100561||DDD||2014J      0        37            10         0.829667     0.170333
 100621||CCC||2014B      1         6            10         0.841397     0.158603
 101187||DDD||2014J      0        37            10         0.834249     0.165751
 101279||DDD||2014J      0        37            10         0.933818     0.066182
 101414||EEE||2013J      0        38            10         0.841805     0.158195
 101700||CCC||2014J      0        38            10         0.770629     0.229371
 101781||AAA||2013J      0        38            10         0.936629     0.063371
 102209||CCC||2014J      1        15            10         0.936108     0.063892
 102343||FFF||2013J      0        38            10         0.917767     0.082233
1023623||CCC||2014J      0        38            10         0.848208     0.151792
1033968||DDD||2014B      1        13            10         0.844513     0.155487
 103891||DDD||2014B      0        34            10         0.833108     0.166892
 104316||FFF||2014B      0        34            10         0.912032     0.087968
1045203||AAA||2014J      0        38            10         0.936233     0.063767
1047645||CCC||2014B      0        34            10         0.875774     0.124226
1053702||EEE||2013J      0        38            10         0.895392     0.104608
 105629||FFF||2013J      0        38            10         0.918707     0.081293
1057883||CCC||2014B      0        34            10         0.856832     0.143168
 106383||BBB||2014J      1        21            10         0.941318     0.058682
 106553||DDD||2014J      0        37            10         0.845546     0.154454
ARTIFACT | Stage 5.15.4 table_deephit_tuned_test_predictions - Neural-DeepHit test predictions | duckdb://table_deephit_tuned_test_predictions_w2
[Stage 5.15.4 table_deephit_tuned_primary_metrics - Neural-DeepHit primary metrics]
table_name=table_deephit_tuned_primary_metrics_w2
rows=2, cols=4
metric_name metric_category  metric_value                         notes
        ibs         primary      0.119233 sksurv_integrated_brier_score
    c_index      co_primary      0.549581          pycox_concordance_td
ARTIFACT | Stage 5.15.4 table_deephit_tuned_primary_metrics - Neural-DeepHit primary metrics | duckdb://table_deephit_tuned_primary_metrics_w2
[Stage 5.15.4 table_deephit_tuned_brier_by_horizon - Neural-DeepHit Brier scores by horizon]
table_name=table_deephit_tuned_brier_by_horizon_w2
rows=3, cols=5
 horizon_week      metric_name metric_category  metric_value              notes
           10 brier_at_horizon         primary      0.102469 sksurv_brier_score
           20 brier_at_horizon         primary      0.140131 sksurv_brier_score
           30 brier_at_horizon         primary      0.164250 sksurv_brier_score
ARTIFACT | Stage 5.15.4 table_deephit_tuned_brier_by_horizon - Neural-DeepHit Brier scores by horizon | duckdb://table_deephit_tuned_brier_by_horizon_w2
[Stage 5.15.4 table_deephit_tuned_secondary_metrics - Neural-DeepHit secondary metrics]
table_name=table_deephit_tuned_secondary_metrics_w2
rows=6, cols=5
 horizon_week         metric_name metric_category  metric_value                                                                                  notes
           10 risk_auc_at_horizon       secondary      0.711933                                                            roc_auc_on_evaluable_subset
           10  time_dependent_auc       secondary      0.700887 ipcw_supported_subset(duration < 38); retained=6742/9778; auc=0.700887; local_ipcw_auc
           20 risk_auc_at_horizon       secondary      0.654944                                                            roc_auc_on_evaluable_subset
           20  time_dependent_auc       secondary      0.642515 ipcw_supported_subset(duration < 38); retained=6742/9778; auc=0.642515; local_ipcw_auc
           30 risk_auc_at_horizon       secondary      0.633843                                                            roc_auc_on_evaluable_subset
           30  time_dependent_auc       secondary      0.621585 ipcw_supported_subset(duration < 38); retained=6742/9778; auc=0.621585; local_ipcw_auc
ARTIFACT | Stage 5.15.4 table_deephit_tuned_secondary_metrics - Neural-DeepHit secondary metrics | duckdb://table_deephit_tuned_secondary_metrics_w2
[Stage 5.15.4 table_deephit_tuned_td_auc_support_audit - Neural-DeepHit IPCW support audit]
table_name=table_deephit_tuned_td_auc_support_audit_w2
rows=3, cols=6
 horizon_week  max_ipcw_time  n_total_test_enrollments  n_supported_test_enrollments  mean_auc                                                            notes
           10           38.0                      9778                          6742  0.700887 IPCW-supported subset used for Neural-DeepHit time-dependent AUC
           20           38.0                      9778                          6742  0.642515 IPCW-supported subset used for Neural-DeepHit time-dependent AUC
           30           38.0                      9778                          6742  0.621585 IPCW-supported subset used for Neural-DeepHit time-dependent AUC
ARTIFACT | Stage 5.15.4 table_deephit_tuned_td_auc_support_audit - Neural-DeepHit IPCW support audit | duckdb://table_deephit_tuned_td_auc_support_audit_w2
[Stage 5.15.4 table_deephit_tuned_row_diagnostics - Neural-DeepHit row-level diagnostics]
table_name=table_deephit_tuned_row_diagnostics_w2
rows=1, cols=6
   model_name  row_level_roc_auc  row_level_pr_auc  row_level_log_loss  row_level_brier                                                                    diagnostic_note
deephit_tuned           0.163361          0.133974            1.023447         0.224421 auxiliary enrollment-level proxy only; not a primary cross-family benchmark metric
ARTIFACT | Stage 5.15.4 table_deephit_tuned_row_diagnostics - Neural-DeepHit row-level diagnostics | duckdb://table_deephit_tuned_row_diagnostics_w2
[Stage 5.15.4 table_deephit_tuned_support_by_horizon - Neural-DeepHit support by horizon]
table_name=table_deephit_tuned_support_by_horizon_w2
rows=3, cols=4
 horizon_week  n_evaluable_enrollments  n_events_by_horizon  event_rate_by_horizon
           10                     9778                 1215               0.124259
           20                     9778                 1736               0.177541
           30                     9778                 2129               0.217734
ARTIFACT | Stage 5.15.4 table_deephit_tuned_support_by_horizon - Neural-DeepHit support by horizon | duckdb://table_deephit_tuned_support_by_horizon_w2
[Stage 5.15.4 table_deephit_tuned_calibration_summary - Neural-DeepHit calibration summary]
table_name=table_deephit_tuned_calibration_summary_w2
rows=3, cols=5
 horizon_week            metric_name metric_category  metric_value                                         notes
           10 calibration_at_horizon         primary      0.025223 Weighted absolute calibration gap across bins
           20 calibration_at_horizon         primary      0.027183 Weighted absolute calibration gap across bins
           30 calibration_at_horizon         primary      0.022035 Weighted absolute calibration gap across bins
ARTIFACT | Stage 5.15.4 table_deephit_tuned_calibration_summary - Neural-DeepHit calibration summary | duckdb://table_deephit_tuned_calibration_summary_w2
[Stage 5.15.4 table_deephit_tuned_calibration_bins_by_horizon - Neural-DeepHit calibration bins]
table_name=table_deephit_tuned_calibration_bins_by_horizon_w2
rows=30, cols=6
 calibration_bin   n  mean_predicted_risk  observed_event_rate  horizon_week  abs_calibration_gap
               0 978             0.045448             0.037832            10             0.007615
               1 978             0.062405             0.052147            10             0.010258
               2 978             0.074941             0.055215            10             0.019726
               3 977             0.088071             0.067554            10             0.020517
               4 978             0.102016             0.079755            10             0.022261
               5 978             0.117188             0.106339            10             0.010848
               6 977             0.135521             0.126919            10             0.008602
               7 978             0.157272             0.174847            10             0.017575
               8 978             0.183542             0.220859            10             0.037317
               9 978             0.223578             0.321063            10             0.097485
               0 978             0.095008             0.084867            20             0.010141
               1 978             0.120012             0.096115            20             0.023898
               2 978             0.136409             0.114519            20             0.021890
               3 977             0.151849             0.132037            20             0.019812
               4 978             0.167756             0.126789            20             0.040966
               5 978             0.183565             0.168712            20             0.014853
               6 977             0.199762             0.186285            20             0.013477
               7 978             0.217955             0.242331            20             0.024377
               8 978             0.240968             0.270961            20             0.029993
               9 978             0.280362             0.352761            20             0.072399
ARTIFACT | Stage 5.15.4 table_deephit_tuned_calibration_bins_by_horizon - Neural-DeepHit calibration bins | duckdb://table_deephit_tuned_calibration_bins_by_horizon_w2
[Stage 5.15.4 table_deephit_tuned_predicted_vs_observed_survival - Neural-DeepHit predicted versus observed survival]
table_name=table_deephit_tuned_predicted_vs_observed_survival_w2
rows=3, cols=5
 horizon_week  n_evaluable_enrollments  mean_predicted_survival  mean_observed_survival  abs_gap
           10                     9778                 0.881000                0.875741 0.005259
           20                     9778                 0.820635                0.822459 0.001824
           30                     9778                 0.774955                0.782266 0.007311
ARTIFACT | Stage 5.15.4 table_deephit_tuned_predicted_vs_observed_survival - Neural-DeepHit predicted versus observed survival | duckdb://table_deephit_tuned_predicted_vs_observed_survival_w2
ARTIFACT | deephit_model | /Users/rafars/dropout_benchmark_desenv/outputs_benchmark_survival/models/deephit_tuned_w2.pt
ARTIFACT | deephit_preprocessor | /Users/rafars/dropout_benchmark_desenv/outputs_benchmark_survival/models/deephit_preprocessor_w2.joblib
ARTIFACT | deephit_tuned_model_config | /Users/rafars/dropout_benchmark_desenv/outputs_benchmark_survival/metadata/deephit_tuned_model_config_w2.json
{
  "model_name": "deephit_tuned",
  "selection_metric": "lowest_validation_ibs",
  "implementation": "pycox_deephit_single",
  "validation_split": {
    "method": "GroupShuffleSplit",
    "test_size": 0.1,
    "group_column": "enrollment_id",
    "random_seed": 42
  },
  "search_space": [
    {
      "candidate_id": 1,
      "num_durations": 20,
      "hidden_dims": [
        64,
        32
      ],
      "dropout": 0.1,
      "alpha": 0.2,
      "sigma": 0.1,
      "learning_rate": 0.005,
      "weight_decay": 1e-05,
      "batch_size": 512
    },
    {
      "candidate_id": 2,
      "num_durations": 20,
      "hidden_dims": [
        64,
        32
      ],
      "dropout": 0.1,
      "alpha": 0.2,
      "sigma": 0.1,
      "learning_rate": 0.01,
      "weight_decay": 1e-05,
      "batch_size": 512
    },
    {
      "candidate_id": 3,
      "num_durations": 20,
      "hidden_dims": [
        64,
        32
      ],
      "dropout": 0.2,
      "alpha": 0.3,
      "sigma": 0.1,
      "learning_rate": 0.005,
      "weight_decay": 0.0001,
      "batch_size": 512
    },
    {
      "candidate_id": 4,
      "num_durations": 20,
      "hidden_dims": [
        64,
        32
      ],
      "dropout": 0.2,
      "alpha": 0.3,
      "sigma": 0.2,
      "learning_rate": 0.01,
      "weight_decay": 0.0001,
      "batch_size": 512
    },
    {
      "candidate_id": 5,
      "num_durations": 20,
      "hidden_dims": [
        128,
        64
      ],
      "dropout": 0.1,
      "alpha": 0.2,
      "sigma": 0.1,
      "learning_rate": 0.005,
      "weight_decay": 1e-05,
      "batch_size": 512
    },
    {
      "candidate_id": 6,
      "num_durations": 20,
      "hidden_dims": [
        128,
        64
      ],
      "dropout": 0.1,
      "alpha": 0.2,
      "sigma": 0.2,
      "learning_rate": 0.01,
      "weight_decay": 1e-05,
      "batch_size": 512
    },
    {
      "candidate_id": 7,
      "num_durations": 20,
      "hidden_dims": [
        128,
        64
      ],
      "dropout": 0.2,
      "alpha": 0.3,
      "sigma": 0.1,
      "learning_rate": 0.005,
      "weight_decay": 0.0001,
      "batch_size": 512
    },
    {
      "candidate_id": 8,
      "num_durations": 20,
      "hidden_dims": [
        128,
        64
      ],
      "dropout": 0.2,
      "alpha": 0.3,
      "sigma": 0.2,
      "learning_rate": 0.001,
      "weight_decay": 0.0001,
      "batch_size": 1024
    },
    {
      "candidate_id": 9,
      "num_durations": 20,
      "hidden_dims": [
        256,
        128
      ],
      "dropout": 0.1,
      "alpha": 0.2,
      "sigma": 0.1,
      "learning_rate": 0.005,
      "weight_decay": 1e-05,
      "batch_size": 512
    },
    {
      "candidate_id": 10,
      "num_durations": 20,
      "hidden_dims": [
        256,
        128
      ],
      "dropout": 0.2,
      "alpha": 0.3,
      "sigma": 0.2,
      "learning_rate": 0.001,
      "weight_decay": 0.0001,
      "batch_size": 1024
    },
    {
      "candidate_id": 11,
      "num_durations": 20,
      "hidden_dims": [
        256,
        128
      ],
      "dropout": 0.2,
      "alpha": 0.3,
      "sigma": 0.1,
      "learning_rate": 0.005,
      "weight_decay": 0.0001,
      "batch_size": 512
    },
    {
      "candidate_id": 12,
      "num_durations": 20,
      "hidden_dims": [
        256,
        128
      ],
      "dropout": 0.3,
      "alpha": 0.2,
      "sigma": 0.1,
      "learning_rate": 0.001,
      "weight_decay": 0.0001,
      "batch_size": 1024
    },
    {
      "candidate_id": 13,
      "num_durations": 40,
      "hidden_dims": [
        64,
        32
      ],
      "dropout": 0.1,
      "alpha": 0.2,
      "sigma": 0.1,
      "learning_rate": 0.005,
      "weight_decay": 1e-05,
      "batch_size": 512
    },
    {
      "candidate_id": 14,
      "num_durations": 40,
      "hidden_dims": [
        64,
        32
      ],
      "dropout": 0.1,
      "alpha": 0.2,
      "sigma": 0.2,
      "learning_rate": 0.01,
      "weight_decay": 1e-05,
      "batch_size": 512
    },
    {
      "candidate_id": 15,
      "num_durations": 40,
      "hidden_dims": [
        64,
        32
      ],
      "dropout": 0.2,
      "alpha": 0.3,
      "sigma": 0.1,
      "learning_rate": 0.005,
      "weight_decay": 0.0001,
      "batch_size": 512
    },
    {
      "candidate_id": 16,
      "num_durations": 40,
      "hidden_dims": [
        64,
        32
      ],
      "dropout": 0.2,
      "alpha": 0.3,
      "sigma": 0.2,
      "learning_rate": 0.01,
      "weight_decay": 0.0001,
      "batch_size": 512
    },
    {
      "candidate_id": 17,
      "num_durations": 40,
      "hidden_dims": [
        128,
        64
      ],
      "dropout": 0.1,
      "alpha": 0.2,
      "sigma": 0.1,
      "learning_rate": 0.005,
      "weight_decay": 1e-05,
      "batch_size": 512
    },
    {
      "candidate_id": 18,
      "num_durations": 40,
      "hidden_dims": [
        128,
        64
      ],
      "dropout": 0.1,
      "alpha": 0.2,
      "sigma": 0.2,
      "learning_rate": 0.01,
      "weight_decay": 1e-05,
      "batch_size": 512
    },
    {
      "candidate_id": 19,
      "num_durations": 40,
      "hidden_dims": [
        128,
        64
      ],
      "dropout": 0.2,
      "alpha": 0.3,
      "sigma": 0.1,
      "learning_rate": 0.005,
      "weight_decay": 0.0001,
      "batch_size": 512
    },
    {
      "candidate_id": 20,
      "num_durations": 40,
      "hidden_dims": [
        128,
        64
      ],
      "dropout": 0.2,
      "alpha": 0.3,
      "sigma": 0.2,
      "learning_rate": 0.001,
      "weight_decay": 0.0001,
      "batch_size": 1024
    },
    {
      "candidate_id": 21,
      "num_durations": 40,
      "hidden_dims": [
        256,
        128
      ],
      "dropout": 0.1,
      "alpha": 0.2,
      "sigma": 0.1,
      "learning_rate": 0.005,
      "weight_decay": 1e-05,
      "batch_size": 512
    },
    {
      "candidate_id": 22,
      "num_durations": 40,
      "hidden_dims": [
        256,
        128
      ],
      "dropout": 0.2,
      "alpha": 0.3,
      "sigma": 0.1,
      "learning_rate": 0.005,
      "weight_decay": 0.0001,
      "batch_size": 512
    },
    {
      "candidate_id": 23,
      "num_durations": 40,
      "hidden_dims": [
        256,
        128
      ],
      "dropout": 0.2,
      "alpha": 0.3,
      "sigma": 0.2,
      "learning_rate": 0.01,
      "weight_decay": 0.0001,
      "batch_size": 1024
    },
    {
      "candidate_id": 24,
      "num_durations": 40,
      "hidden_dims": [
        256,
        128
      ],
      "dropout": 0.3,
      "alpha": 0.2,
      "sigma": 0.1,
      "learning_rate": 0.001,
      "weight_decay": 0.0001,
      "batch_size": 1024
    }
  ],
  "benchmark_horizons": [
    10,
    20,
    30
  ],
  "calibration_bins": 10,
  "calibration_contract_version": "v2_ipcw_km_observed_risk",
  "calibration_observed_risk_method": "ipcw_km_pseudo_event_rate",
  "variance_filter_threshold": 1e-12,
  "min_duration": 1.0,
  "max_epochs": 80,
  "early_stopping_patience": 8,
  "device": "cpu",
  "effective_window_weeks": 2,
  "input_train_table": "enrollment_cox_ready_train_w2",
  "input_test_table": "enrollment_cox_ready_test_w2",
  "best_candidate": {
    "candidate_id": 20,
    "params": {
      "num_durations": 40,
      "hidden_dims": [
        128,
        64
      ],
      "dropout": 0.2,
      "alpha": 0.3,
      "sigma": 0.2,
      "learning_rate": 0.001,
      "weight_decay": 0.0001,
      "batch_size": 1024
    },
    "best_epoch": 29,
    "best_val_loss": 0.460781991481781,
    "val_ibs": 0.11759981223628518,
    "val_c_index": 0.5477843451787409,
    "implementation": "pycox_deephit_single"
  },
  "guardrails": {
    "validation_test_size": 0.1,
    "search_row_cap": 20533,
    "final_row_cap": 22815,
    "search_rows_selected": 20533,
    "final_rows_selected": 22815,
    "subtrain_rows": 20533,
    "validation_rows": 2282,
    "full_train_rows": 22815,
    "subtrain_enrollments": 20533,
    "validation_enrollments": 2282,
    "full_train_enrollments": 22815,
    "n_features": 41,
    "subtrain_event_rate": 0.22709784249744314,
    "validation_event_rate": 0.22261174408413673,
    "full_train_event_rate": 0.22664913434144204,
    "sampled_subtrain_event_rate": 0.22709784249744314,
    "sampled_full_train_event_rate": 0.22664913434144204,
    "random_seed": 42
  },
  "duration_index": [
    0.0,
    1.615384578704834,
    3.230769157409668,
    4.846153736114502,
    6.461538314819336,
    8.076923370361328,
    9.692307472229004,
    11.30769157409668,
    12.923076629638672,
    14.538461685180664,
    16.153846740722656,
    17.769229888916016,
    19.384614944458008,
    21.0,
    22.61538314819336,
    24.23076820373535,
    25.846153259277344,
    27.461538314819336,
    29.076923370361328,
    30.692306518554688,
    32.30769348144531,
    33.92307662963867,
    35.53845977783203,
    37.153846740722656,
    38.769229888916016,
    40.384613037109375,
    42.0,
    43.61538314819336,
    45.23076629638672,
    46.846153259277344,
    48.4615364074707,
    50.07692337036133,
    51.69230651855469,
    53.30768966674805,
    54.92307662963867,
    56.53845977783203,
    58.153846740722656,
    59.769229888916016,
    61.384613037109375,
    63.0
  ],
  "out_features": 40,
  "preprocessing": {
    "categorical_features": [
      "gender",
      "region",
      "highest_education",
      "imd_band",
      "age_band",
      "disability"
    ],
    "numeric_features": [
      "num_of_prev_attempts",
      "studied_credits",
      "clicks_first_2_weeks",
      "active_weeks_first_2",
      "mean_clicks_first_2_weeks"
    ],
    "numeric_prefill_values": {
      "num_of_prev_attempts": 0.0,
      "studied_credits": 60.0,
      "clicks_first_2_weeks": 56.0,
      "active_weeks_first_2": 2.0,
      "mean_clicks_first_2_weeks": 33.0
    },
    "feature_names_before_filter": [
      "num__num_of_prev_attempts",
      "num__studied_credits",
      "num__clicks_first_2_weeks",
      "num__active_weeks_first_2",
      "num__mean_clicks_first_2_weeks",
      "cat__gender_F",
      "cat__gender_M",
      "cat__region_East Anglian Region",
      "cat__region_East Midlands Region",
      "cat__region_Ireland",
      "cat__region_London Region",
      "cat__region_North Region",
      "cat__region_North Western Region",
      "cat__region_Scotland",
      "cat__region_South East Region",
      "cat__region_South Region",
      "cat__region_South West Region",
      "cat__region_Wales",
      "cat__region_West Midlands Region",
      "cat__region_Yorkshire Region",
      "cat__highest_education_A Level or Equivalent",
      "cat__highest_education_HE Qualification",
      "cat__highest_education_Lower Than A Level",
      "cat__highest_education_No Formal quals",
      "cat__highest_education_Post Graduate Qualification",
      "cat__imd_band_0-10%",
      "cat__imd_band_10-20",
      "cat__imd_band_20-30%",
      "cat__imd_band_30-40%",
      "cat__imd_band_40-50%",
      "cat__imd_band_50-60%",
      "cat__imd_band_60-70%",
      "cat__imd_band_70-80%",
      "cat__imd_band_80-90%",
      "cat__imd_band_90-100%",
      "cat__imd_band_None",
      "cat__age_band_0-35",
      "cat__age_band_35-55",
      "cat__age_band_55<=",
      "cat__disability_N",
      "cat__disability_Y"
    ],
    "feature_names_out": [
      "num__num_of_prev_attempts",
      "num__studied_credits",
      "num__clicks_first_2_weeks",
      "num__active_weeks_first_2",
      "num__mean_clicks_first_2_weeks",
      "cat__gender_F",
      "cat__gender_M",
      "cat__region_East Anglian Region",
      "cat__region_East Midlands Region",
      "cat__region_Ireland",
      "cat__region_London Region",
      "cat__region_North Region",
      "cat__region_North Western Region",
      "cat__region_Scotland",
      "cat__region_South East Region",
      "cat__region_South Region",
      "cat__region_South West Region",
      "cat__region_Wales",
      "cat__region_West Midlands Region",
      "cat__region_Yorkshire Region",
      "cat__highest_education_A Level or Equivalent",
      "cat__highest_education_HE Qualification",
      "cat__highest_education_Lower Than A Level",
      "cat__highest_education_No Formal quals",
      "cat__highest_education_Post Graduate Qualification",
      "cat__imd_band_0-10%",
      "cat__imd_band_10-20",
      "cat__imd_band_20-30%",
      "cat__imd_band_30-40%",
      "cat__imd_band_40-50%",
      "cat__imd_band_50-60%",
      "cat__imd_band_60-70%",
      "cat__imd_band_70-80%",
      "cat__imd_band_80-90%",
      "cat__imd_band_90-100%",
      "cat__imd_band_None",
      "cat__age_band_0-35",
      "cat__age_band_35-55",
      "cat__age_band_55<=",
      "cat__disability_N",
      "cat__disability_Y"
    ],
    "dropped_low_variance_features": []
  },
  "design_note": "The comparable Neural-DeepHit arm preserves the canonical early-window contract, uses deterministic train-only preprocessing, discretizes survival times through pycox LabTransDiscreteTime, and reconstructs the full weekly survival surface from the tuned DeepHit network under validation IBS."
}

 candidate_id                                                                                                                                                          params  best_epoch  best_val_loss  val_ibs  val_c_index       implementation
           20 {'num_durations': 40, 'hidden_dims': [128, 64], 'dropout': 0.2, 'alpha': 0.3, 'sigma': 0.2, 'learning_rate': 0.001, 'weight_decay': 0.0001, 'batch_size': 1024}          29       0.460782   0.1176     0.547784 pycox_deephit_single
[END] 5.15.4 - 2026-06-19 22:38:26
[START] 5.15.5 - 2026-06-19 22:38:26
# ==============================================================
# 5.15.5 - Close runtime resources
# ==============================================================
DuckDB connection closed.
ARTIFACT | duckdb_connection | closed::/Users/rafars/dropout_benchmark_desenv/outputs_benchmark_survival/benchmark_survival.duckdb
[END] 5.15.5 - 2026-06-19 22:38:27
[RUN_PLAN] comparable_window_weeks=4
[START] 5.15.1 - 2026-06-19 22:38:27
# ==============================================================
# 5.15.1 - Lightweight runtime bootstrap
# ==============================================================
ARTIFACT | benchmark_shared_config | /Users/rafars/dropout_benchmark_desenv/benchmark_shared_config.toml
ARTIFACT | benchmark_modeling_contract | /Users/rafars/dropout_benchmark_desenv/benchmark_modeling_contract.toml
ARTIFACT | run_metadata | /Users/rafars/dropout_benchmark_desenv/outputs_benchmark_survival/metadata/run_metadata.json
ARTIFACT | duckdb_path | /Users/rafars/dropout_benchmark_desenv/outputs_benchmark_survival/benchmark_survival.duckdb
{
  "run_id": "f3766e75053447a7beb7a1c4936d231f",
  "random_seed": 42,
  "test_size": 0.3,
  "early_window_weeks": 4,
  "main_enrollment_window_weeks": 4,
  "effective_window_weeks": 4,
  "input_train_table": "enrollment_cox_ready_train",
  "input_test_table": "enrollment_cox_ready_test"
}
[END] 5.15.1 - 2026-06-19 22:38:27
[START] 5.15.2 - 2026-06-19 22:38:27
# ==============================================================
# 5.15.2 - Build comparable Neural-DeepHit treatment
# ==============================================================
[Stage 5.15.2 table_deephit_preprocessing_summary - Neural-DeepHit preprocessing summary]
table_name=table_deephit_preprocessing_summary
rows=1, cols=21
  model_family  train_rows  test_rows  n_input_features_raw  n_numeric_features  n_categorical_features  n_features_after_encoding_before_filter  n_features_after_variance_filter  n_features_dropped_by_variance_filter  n_events_train  n_events_test  mean_duration_train  mean_duration_test                              numeric_prefill_policy categorical_imputation          categorical_encoding                   numeric_scaling  variance_filter_threshold output_dtype                           model_positioning_note  window_weeks
neural_deephit       22815       9778                    11                   5                       6                                       41                                41                                      0            5171           2216            30.536182           30.539476 deterministic_train_median_or_zero_when_all_missing       constant_missing one_hot_handle_unknown_ignore standard_scaler_fit_on_train_only               1.000000e-12      float32 early-window comparable Neural-DeepHit benchmark             4
ARTIFACT | Stage 5.15.2 table_deephit_preprocessing_summary - Neural-DeepHit preprocessing summary | duckdb://table_deephit_preprocessing_summary
[Stage 5.15.2 table_deephit_raw_feature_manifest - Neural-DeepHit raw feature manifest]
table_name=table_deephit_raw_feature_manifest
rows=11, cols=6
 feature_name_operational feature_role  present_in_train  present_in_test  covered_by_canonical_config  numeric_prefill_value
                   gender  categorical              True             True                        False                    NaN
                   region  categorical              True             True                        False                    NaN
        highest_education  categorical              True             True                        False                    NaN
                 imd_band  categorical              True             True                        False                    NaN
                 age_band  categorical              True             True                        False                    NaN
               disability  categorical              True             True                        False                    NaN
     num_of_prev_attempts      numeric              True             True                         True                   0.00
          studied_credits      numeric              True             True                         True                  60.00
     clicks_first_4_weeks      numeric              True             True                         True                 136.00
     active_weeks_first_4      numeric              True             True                         True                   4.00
mean_clicks_first_4_weeks      numeric              True             True                         True                  41.25
ARTIFACT | Stage 5.15.2 table_deephit_raw_feature_manifest - Neural-DeepHit raw feature manifest | duckdb://table_deephit_raw_feature_manifest
[Stage 5.15.2 table_deephit_feature_names_out - Neural-DeepHit output feature manifest]
table_name=table_deephit_feature_names_out
rows=41, cols=2
                feature_name_out  transformed_variance_train
       num__num_of_prev_attempts                    1.000000
            num__studied_credits                    1.000000
       num__clicks_first_4_weeks                    1.000000
       num__active_weeks_first_4                    1.000000
  num__mean_clicks_first_4_weeks                    1.000000
                   cat__gender_F                    0.247988
                   cat__gender_M                    0.247988
 cat__region_East Anglian Region                    0.092080
cat__region_East Midlands Region                    0.067091
             cat__region_Ireland                    0.034283
       cat__region_London Region                    0.088295
        cat__region_North Region                    0.052060
cat__region_North Western Region                    0.082139
            cat__region_Scotland                    0.094370
   cat__region_South East Region                    0.059974
        cat__region_South Region                    0.087554
   cat__region_South West Region                    0.068848
               cat__region_Wales                    0.059707
cat__region_West Midlands Region                    0.073261
    cat__region_Yorkshire Region                    0.058136
ARTIFACT | Stage 5.15.2 table_deephit_feature_names_out - Neural-DeepHit output feature manifest | duckdb://table_deephit_feature_names_out
ARTIFACT | deephit_preprocessing_config | /Users/rafars/dropout_benchmark_desenv/outputs_benchmark_survival/metadata/deephit_preprocessing_config.json
{
  "model_family": "neural_deephit",
  "duration_column": "duration",
  "event_column": "event",
  "categorical_features": [
    "gender",
    "region",
    "highest_education",
    "imd_band",
    "age_band",
    "disability"
  ],
  "numeric_features": [
    "num_of_prev_attempts",
    "studied_credits",
    "clicks_first_4_weeks",
    "active_weeks_first_4",
    "mean_clicks_first_4_weeks"
  ],
  "raw_feature_columns": [
    "gender",
    "region",
    "highest_education",
    "imd_band",
    "age_band",
    "disability",
    "num_of_prev_attempts",
    "studied_credits",
    "clicks_first_4_weeks",
    "active_weeks_first_4",
    "mean_clicks_first_4_weeks"
  ],
  "expected_features_raw": [
    "studied_credits",
    "num_of_prev_attempts",
    "studied_credits",
    "num_of_prev_attempts",
    "clicks_first_4_weeks",
    "active_weeks_first_4",
    "mean_clicks_first_4_weeks"
  ],
  "expected_features_resolved": [
    "studied_credits",
    "num_of_prev_attempts",
    "clicks_first_4_weeks",
    "active_weeks_first_4",
    "mean_clicks_first_4_weeks"
  ],
  "numeric_prefill_policy": "deterministic_train_median_or_zero_when_all_missing",
  "numeric_fill_values": {
    "num_of_prev_attempts": 0.0,
    "studied_credits": 60.0,
    "clicks_first_4_weeks": 136.0,
    "active_weeks_first_4": 4.0,
    "mean_clicks_first_4_weeks": 41.25
  },
  "categorical_imputation": "constant_missing",
  "categorical_encoding": "one_hot_handle_unknown_ignore",
  "numeric_scaling": "standard_scaler_fit_on_train_only",
  "variance_filter_threshold": 1e-12,
  "feature_names_before_filter": [
    "num__num_of_prev_attempts",
    "num__studied_credits",
    "num__clicks_first_4_weeks",
    "num__active_weeks_first_4",
    "num__mean_clicks_first_4_weeks",
    "cat__gender_F",
    "cat__gender_M",
    "cat__region_East Anglian Region",
    "cat__region_East Midlands Region",
    "cat__region_Ireland",
    "cat__region_London Region",
    "cat__region_North Region",
    "cat__region_North Western Region",
    "cat__region_Scotland",
    "cat__region_South East Region",
    "cat__region_South Region",
    "cat__region_South West Region",
    "cat__region_Wales",
    "cat__region_West Midlands Region",
    "cat__region_Yorkshire Region",
    "cat__highest_education_A Level or Equivalent",
    "cat__highest_education_HE Qualification",
    "cat__highest_education_Lower Than A Level",
    "cat__highest_education_No Formal quals",
    "cat__highest_education_Post Graduate Qualification",
    "cat__imd_band_0-10%",
    "cat__imd_band_10-20",
    "cat__imd_band_20-30%",
    "cat__imd_band_30-40%",
    "cat__imd_band_40-50%",
    "cat__imd_band_50-60%",
    "cat__imd_band_60-70%",
    "cat__imd_band_70-80%",
    "cat__imd_band_80-90%",
    "cat__imd_band_90-100%",
    "cat__imd_band_None",
    "cat__age_band_0-35",
    "cat__age_band_35-55",
    "cat__age_band_55<=",
    "cat__disability_N",
    "cat__disability_Y"
  ],
  "feature_names_out": [
    "num__num_of_prev_attempts",
    "num__studied_credits",
    "num__clicks_first_4_weeks",
    "num__active_weeks_first_4",
    "num__mean_clicks_first_4_weeks",
    "cat__gender_F",
    "cat__gender_M",
    "cat__region_East Anglian Region",
    "cat__region_East Midlands Region",
    "cat__region_Ireland",
    "cat__region_London Region",
    "cat__region_North Region",
    "cat__region_North Western Region",
    "cat__region_Scotland",
    "cat__region_South East Region",
    "cat__region_South Region",
    "cat__region_South West Region",
    "cat__region_Wales",
    "cat__region_West Midlands Region",
    "cat__region_Yorkshire Region",
    "cat__highest_education_A Level or Equivalent",
    "cat__highest_education_HE Qualification",
    "cat__highest_education_Lower Than A Level",
    "cat__highest_education_No Formal quals",
    "cat__highest_education_Post Graduate Qualification",
    "cat__imd_band_0-10%",
    "cat__imd_band_10-20",
    "cat__imd_band_20-30%",
    "cat__imd_band_30-40%",
    "cat__imd_band_40-50%",
    "cat__imd_band_50-60%",
    "cat__imd_band_60-70%",
    "cat__imd_band_70-80%",
    "cat__imd_band_80-90%",
    "cat__imd_band_90-100%",
    "cat__imd_band_None",
    "cat__age_band_0-35",
    "cat__age_band_35-55",
    "cat__age_band_55<=",
    "cat__disability_N",
    "cat__disability_Y"
  ],
  "dropped_low_variance_features": [],
  "model_positioning_note": "early-window comparable Neural-DeepHit benchmark",
  "window_weeks": 4
}

[END] 5.15.2 - 2026-06-19 22:38:28
[START] 5.15.3 - 2026-06-19 22:38:28
# ==============================================================
# 5.15.3 - Compute runtime guardrails for Neural-DeepHit
# ==============================================================
[Stage 5.15.3 table_deephit_guardrails - Neural-DeepHit runtime guardrails]
table_name=table_deephit_guardrails
rows=1, cols=18
 validation_test_size  search_row_cap  final_row_cap  search_rows_selected  final_rows_selected  subtrain_rows  validation_rows  full_train_rows  subtrain_enrollments  validation_enrollments  full_train_enrollments  n_features  subtrain_event_rate  validation_event_rate  full_train_event_rate  sampled_subtrain_event_rate  sampled_full_train_event_rate  random_seed
                  0.1           20533          22815                 20533                22815          20533             2282            22815                 20533                    2282                   22815          41             0.227098               0.222612               0.226649                     0.227098                       0.226649           42
ARTIFACT | Stage 5.15.3 table_deephit_guardrails - Neural-DeepHit runtime guardrails | duckdb://table_deephit_guardrails
[END] 5.15.3 - 2026-06-19 22:38:28
[START] 5.15.4 - 2026-06-19 22:38:28
# ==============================================================
# 5.15.4 - Tune and evaluate the Neural-DeepHit model
# ==============================================================
[Stage 5.15.4 table_deephit_tuning_results - Neural-DeepHit tuning results]
table_name=table_deephit_tuning_results
rows=24, cols=13
 candidate_id  num_durations hidden_dims  dropout  alpha  sigma  learning_rate  weight_decay  batch_size  best_epoch  best_val_loss  val_ibs  val_c_index
           23             40  [256, 128]      0.2    0.3    0.2          0.010       0.00010        1024           8       0.441959 0.113217     0.577074
           20             40   [128, 64]      0.2    0.3    0.2          0.001       0.00010        1024          29       0.441535 0.113614     0.550428
           16             40    [64, 32]      0.2    0.3    0.2          0.010       0.00010         512          25       0.442003 0.113739     0.568567
            8             20   [128, 64]      0.2    0.3    0.2          0.001       0.00010        1024          40       0.395593 0.114450     0.511861
           10             20  [256, 128]      0.2    0.3    0.2          0.001       0.00010        1024          22       0.396200 0.114477     0.546650
            4             20    [64, 32]      0.2    0.3    0.2          0.010       0.00010         512          16       0.395455 0.114980     0.541724
           18             40   [128, 64]      0.1    0.2    0.2          0.010       0.00001         512           2       0.354584 0.115301     0.551026
            6             20   [128, 64]      0.1    0.2    0.2          0.010       0.00001         512           4       0.320176 0.115900     0.497802
           14             40    [64, 32]      0.1    0.2    0.2          0.010       0.00001         512           7       0.354554 0.115928     0.535232
           15             40    [64, 32]      0.2    0.3    0.1          0.005       0.00010         512          10       0.443462 0.117740     0.552465
           22             40  [256, 128]      0.2    0.3    0.1          0.005       0.00010         512           3       0.443901 0.118099     0.590251
           21             40  [256, 128]      0.1    0.2    0.1          0.005       0.00001         512           4       0.352449 0.118167     0.613808
           17             40   [128, 64]      0.1    0.2    0.1          0.005       0.00001         512           3       0.352076 0.118286     0.587478
           19             40   [128, 64]      0.2    0.3    0.1          0.005       0.00010         512          12       0.443461 0.118711     0.559739
           11             20  [256, 128]      0.2    0.3    0.1          0.005       0.00010         512          12       0.398635 0.118907     0.522201
            5             20   [128, 64]      0.1    0.2    0.1          0.005       0.00001         512           4       0.319319 0.119221     0.531881
            7             20   [128, 64]      0.2    0.3    0.1          0.005       0.00010         512           4       0.397620 0.119308     0.522612
           13             40    [64, 32]      0.1    0.2    0.1          0.005       0.00001         512           7       0.350898 0.119347     0.554534
            3             20    [64, 32]      0.2    0.3    0.1          0.005       0.00010         512           8       0.398423 0.119405     0.522164
            2             20    [64, 32]      0.1    0.2    0.1          0.010       0.00001         512           5       0.320734 0.119440     0.561661
ARTIFACT | Stage 5.15.4 table_deephit_tuning_results - Neural-DeepHit tuning results | duckdb://table_deephit_tuning_results
[Stage 5.15.4 table_deephit_tuned_training_history - Neural-DeepHit training history]
table_name=table_deephit_tuned_training_history
rows=8, cols=5
 train_loss  val_loss  epoch  candidate_id  fit_stage
   0.477057       NaN      1            23 full_train
   0.448596       NaN      2            23 full_train
   0.443925       NaN      3            23 full_train
   0.442576       NaN      4            23 full_train
   0.442252       NaN      5            23 full_train
   0.439680       NaN      6            23 full_train
   0.440464       NaN      7            23 full_train
   0.438903       NaN      8            23 full_train
ARTIFACT | Stage 5.15.4 table_deephit_tuned_training_history - Neural-DeepHit training history | duckdb://table_deephit_tuned_training_history
[Stage 5.15.4 table_deephit_tuned_test_predictions - Neural-DeepHit test predictions]
table_name=table_deephit_tuned_test_predictions
rows=29334, cols=6
      enrollment_id  event  duration  horizon_week  pred_survival_h  pred_risk_h
 100561||DDD||2014J      0        37            10         0.893840     0.106160
 100621||CCC||2014B      1         6            10         0.903675     0.096325
 101187||DDD||2014J      0        37            10         0.789656     0.210344
 101279||DDD||2014J      0        37            10         0.960846     0.039154
 101414||EEE||2013J      0        38            10         0.807189     0.192811
 101700||CCC||2014J      0        38            10         0.757546     0.242454
 101781||AAA||2013J      0        38            10         0.960674     0.039326
 102209||CCC||2014J      1        15            10         0.966122     0.033878
 102343||FFF||2013J      0        38            10         0.966083     0.033917
1023623||CCC||2014J      0        38            10         0.934112     0.065888
1033968||DDD||2014B      1        13            10         0.830188     0.169812
 103891||DDD||2014B      0        34            10         0.804017     0.195983
 104316||FFF||2014B      0        34            10         0.954906     0.045094
1045203||AAA||2014J      0        38            10         0.957862     0.042138
1047645||CCC||2014B      0        34            10         0.884205     0.115795
1053702||EEE||2013J      0        38            10         0.932378     0.067622
 105629||FFF||2013J      0        38            10         0.953788     0.046212
1057883||CCC||2014B      0        34            10         0.805637     0.194363
 106383||BBB||2014J      1        21            10         0.931300     0.068700
 106553||DDD||2014J      0        37            10         0.930813     0.069187
ARTIFACT | Stage 5.15.4 table_deephit_tuned_test_predictions - Neural-DeepHit test predictions | duckdb://table_deephit_tuned_test_predictions
[Stage 5.15.4 table_deephit_tuned_primary_metrics - Neural-DeepHit primary metrics]
table_name=table_deephit_tuned_primary_metrics
rows=2, cols=4
metric_name metric_category  metric_value                         notes
        ibs         primary      0.115053 sksurv_integrated_brier_score
    c_index      co_primary      0.583493          pycox_concordance_td
ARTIFACT | Stage 5.15.4 table_deephit_tuned_primary_metrics - Neural-DeepHit primary metrics | duckdb://table_deephit_tuned_primary_metrics
[Stage 5.15.4 table_deephit_tuned_brier_by_horizon - Neural-DeepHit Brier scores by horizon]
table_name=table_deephit_tuned_brier_by_horizon
rows=3, cols=5
 horizon_week      metric_name metric_category  metric_value              notes
           10 brier_at_horizon         primary      0.097279 sksurv_brier_score
           20 brier_at_horizon         primary      0.136285 sksurv_brier_score
           30 brier_at_horizon         primary      0.161404 sksurv_brier_score
ARTIFACT | Stage 5.15.4 table_deephit_tuned_brier_by_horizon - Neural-DeepHit Brier scores by horizon | duckdb://table_deephit_tuned_brier_by_horizon
[Stage 5.15.4 table_deephit_tuned_secondary_metrics - Neural-DeepHit secondary metrics]
table_name=table_deephit_tuned_secondary_metrics
rows=6, cols=5
 horizon_week         metric_name metric_category  metric_value                                                                                  notes
           10 risk_auc_at_horizon       secondary      0.767500                                                            roc_auc_on_evaluable_subset
           10  time_dependent_auc       secondary      0.761811 ipcw_supported_subset(duration < 38); retained=6742/9778; auc=0.761811; local_ipcw_auc
           20 risk_auc_at_horizon       secondary      0.689424                                                            roc_auc_on_evaluable_subset
           20  time_dependent_auc       secondary      0.681735 ipcw_supported_subset(duration < 38); retained=6742/9778; auc=0.681735; local_ipcw_auc
           30 risk_auc_at_horizon       secondary      0.657590                                                            roc_auc_on_evaluable_subset
           30  time_dependent_auc       secondary      0.648313 ipcw_supported_subset(duration < 38); retained=6742/9778; auc=0.648313; local_ipcw_auc
ARTIFACT | Stage 5.15.4 table_deephit_tuned_secondary_metrics - Neural-DeepHit secondary metrics | duckdb://table_deephit_tuned_secondary_metrics
[Stage 5.15.4 table_deephit_tuned_td_auc_support_audit - Neural-DeepHit IPCW support audit]
table_name=table_deephit_tuned_td_auc_support_audit
rows=3, cols=6
 horizon_week  max_ipcw_time  n_total_test_enrollments  n_supported_test_enrollments  mean_auc                                                            notes
           10           38.0                      9778                          6742  0.761811 IPCW-supported subset used for Neural-DeepHit time-dependent AUC
           20           38.0                      9778                          6742  0.681735 IPCW-supported subset used for Neural-DeepHit time-dependent AUC
           30           38.0                      9778                          6742  0.648313 IPCW-supported subset used for Neural-DeepHit time-dependent AUC
ARTIFACT | Stage 5.15.4 table_deephit_tuned_td_auc_support_audit - Neural-DeepHit IPCW support audit | duckdb://table_deephit_tuned_td_auc_support_audit
[Stage 5.15.4 table_deephit_tuned_row_diagnostics - Neural-DeepHit row-level diagnostics]
table_name=table_deephit_tuned_row_diagnostics
rows=1, cols=6
   model_name  row_level_roc_auc  row_level_pr_auc  row_level_log_loss  row_level_brier                                                                    diagnostic_note
deephit_tuned           0.179985          0.136684             1.08459         0.224826 auxiliary enrollment-level proxy only; not a primary cross-family benchmark metric
ARTIFACT | Stage 5.15.4 table_deephit_tuned_row_diagnostics - Neural-DeepHit row-level diagnostics | duckdb://table_deephit_tuned_row_diagnostics
[Stage 5.15.4 table_deephit_tuned_support_by_horizon - Neural-DeepHit support by horizon]
table_name=table_deephit_tuned_support_by_horizon
rows=3, cols=4
 horizon_week  n_evaluable_enrollments  n_events_by_horizon  event_rate_by_horizon
           10                     9778                 1215               0.124259
           20                     9778                 1736               0.177541
           30                     9778                 2129               0.217734
ARTIFACT | Stage 5.15.4 table_deephit_tuned_support_by_horizon - Neural-DeepHit support by horizon | duckdb://table_deephit_tuned_support_by_horizon
[Stage 5.15.4 table_deephit_tuned_calibration_summary - Neural-DeepHit calibration summary]
table_name=table_deephit_tuned_calibration_summary
rows=3, cols=5
 horizon_week            metric_name metric_category  metric_value                                         notes
           10 calibration_at_horizon         primary      0.026246 Weighted absolute calibration gap across bins
           20 calibration_at_horizon         primary      0.029631 Weighted absolute calibration gap across bins
           30 calibration_at_horizon         primary      0.024897 Weighted absolute calibration gap across bins
ARTIFACT | Stage 5.15.4 table_deephit_tuned_calibration_summary - Neural-DeepHit calibration summary | duckdb://table_deephit_tuned_calibration_summary
[Stage 5.15.4 table_deephit_tuned_calibration_bins_by_horizon - Neural-DeepHit calibration bins]
table_name=table_deephit_tuned_calibration_bins_by_horizon
rows=30, cols=6
 calibration_bin   n  mean_predicted_risk  observed_event_rate  horizon_week  abs_calibration_gap
               0 978             0.023873             0.025562            10             0.001689
               1 978             0.036223             0.037832            10             0.001609
               2 978             0.046397             0.050102            10             0.003705
               3 977             0.056003             0.056295            10             0.000292
               4 978             0.067681             0.049080            10             0.018601
               5 978             0.083111             0.093047            10             0.009936
               6 977             0.103639             0.105425            10             0.001786
               7 978             0.139458             0.168712            10             0.029253
               8 978             0.195927             0.255624            10             0.059697
               9 978             0.264982             0.400818            10             0.135836
               0 978             0.070036             0.078732            20             0.008696
               1 978             0.096482             0.095092            20             0.001390
               2 978             0.113318             0.105317            20             0.008001
               3 977             0.128508             0.104401            20             0.024107
               4 978             0.143697             0.125767            20             0.017930
               5 978             0.160032             0.138037            20             0.021995
               6 977             0.179238             0.175026            20             0.004213
               7 978             0.203724             0.212679            20             0.008955
               8 978             0.238637             0.305726            20             0.067089
               9 978             0.300661             0.434560            20             0.133899
ARTIFACT | Stage 5.15.4 table_deephit_tuned_calibration_bins_by_horizon - Neural-DeepHit calibration bins | duckdb://table_deephit_tuned_calibration_bins_by_horizon
[Stage 5.15.4 table_deephit_tuned_predicted_vs_observed_survival - Neural-DeepHit predicted versus observed survival]
table_name=table_deephit_tuned_predicted_vs_observed_survival
rows=3, cols=5
 horizon_week  n_evaluable_enrollments  mean_predicted_survival  mean_observed_survival  abs_gap
           10                     9778                 0.898266                0.875741 0.022525
           20                     9778                 0.836565                0.822459 0.014106
           30                     9778                 0.789878                0.782266 0.007612
ARTIFACT | Stage 5.15.4 table_deephit_tuned_predicted_vs_observed_survival - Neural-DeepHit predicted versus observed survival | duckdb://table_deephit_tuned_predicted_vs_observed_survival
ARTIFACT | deephit_model | /Users/rafars/dropout_benchmark_desenv/outputs_benchmark_survival/models/deephit_tuned.pt
ARTIFACT | deephit_preprocessor | /Users/rafars/dropout_benchmark_desenv/outputs_benchmark_survival/models/deephit_preprocessor.joblib
ARTIFACT | deephit_tuned_model_config | /Users/rafars/dropout_benchmark_desenv/outputs_benchmark_survival/metadata/deephit_tuned_model_config.json
{
  "model_name": "deephit_tuned",
  "selection_metric": "lowest_validation_ibs",
  "implementation": "pycox_deephit_single",
  "validation_split": {
    "method": "GroupShuffleSplit",
    "test_size": 0.1,
    "group_column": "enrollment_id",
    "random_seed": 42
  },
  "search_space": [
    {
      "candidate_id": 1,
      "num_durations": 20,
      "hidden_dims": [
        64,
        32
      ],
      "dropout": 0.1,
      "alpha": 0.2,
      "sigma": 0.1,
      "learning_rate": 0.005,
      "weight_decay": 1e-05,
      "batch_size": 512
    },
    {
      "candidate_id": 2,
      "num_durations": 20,
      "hidden_dims": [
        64,
        32
      ],
      "dropout": 0.1,
      "alpha": 0.2,
      "sigma": 0.1,
      "learning_rate": 0.01,
      "weight_decay": 1e-05,
      "batch_size": 512
    },
    {
      "candidate_id": 3,
      "num_durations": 20,
      "hidden_dims": [
        64,
        32
      ],
      "dropout": 0.2,
      "alpha": 0.3,
      "sigma": 0.1,
      "learning_rate": 0.005,
      "weight_decay": 0.0001,
      "batch_size": 512
    },
    {
      "candidate_id": 4,
      "num_durations": 20,
      "hidden_dims": [
        64,
        32
      ],
      "dropout": 0.2,
      "alpha": 0.3,
      "sigma": 0.2,
      "learning_rate": 0.01,
      "weight_decay": 0.0001,
      "batch_size": 512
    },
    {
      "candidate_id": 5,
      "num_durations": 20,
      "hidden_dims": [
        128,
        64
      ],
      "dropout": 0.1,
      "alpha": 0.2,
      "sigma": 0.1,
      "learning_rate": 0.005,
      "weight_decay": 1e-05,
      "batch_size": 512
    },
    {
      "candidate_id": 6,
      "num_durations": 20,
      "hidden_dims": [
        128,
        64
      ],
      "dropout": 0.1,
      "alpha": 0.2,
      "sigma": 0.2,
      "learning_rate": 0.01,
      "weight_decay": 1e-05,
      "batch_size": 512
    },
    {
      "candidate_id": 7,
      "num_durations": 20,
      "hidden_dims": [
        128,
        64
      ],
      "dropout": 0.2,
      "alpha": 0.3,
      "sigma": 0.1,
      "learning_rate": 0.005,
      "weight_decay": 0.0001,
      "batch_size": 512
    },
    {
      "candidate_id": 8,
      "num_durations": 20,
      "hidden_dims": [
        128,
        64
      ],
      "dropout": 0.2,
      "alpha": 0.3,
      "sigma": 0.2,
      "learning_rate": 0.001,
      "weight_decay": 0.0001,
      "batch_size": 1024
    },
    {
      "candidate_id": 9,
      "num_durations": 20,
      "hidden_dims": [
        256,
        128
      ],
      "dropout": 0.1,
      "alpha": 0.2,
      "sigma": 0.1,
      "learning_rate": 0.005,
      "weight_decay": 1e-05,
      "batch_size": 512
    },
    {
      "candidate_id": 10,
      "num_durations": 20,
      "hidden_dims": [
        256,
        128
      ],
      "dropout": 0.2,
      "alpha": 0.3,
      "sigma": 0.2,
      "learning_rate": 0.001,
      "weight_decay": 0.0001,
      "batch_size": 1024
    },
    {
      "candidate_id": 11,
      "num_durations": 20,
      "hidden_dims": [
        256,
        128
      ],
      "dropout": 0.2,
      "alpha": 0.3,
      "sigma": 0.1,
      "learning_rate": 0.005,
      "weight_decay": 0.0001,
      "batch_size": 512
    },
    {
      "candidate_id": 12,
      "num_durations": 20,
      "hidden_dims": [
        256,
        128
      ],
      "dropout": 0.3,
      "alpha": 0.2,
      "sigma": 0.1,
      "learning_rate": 0.001,
      "weight_decay": 0.0001,
      "batch_size": 1024
    },
    {
      "candidate_id": 13,
      "num_durations": 40,
      "hidden_dims": [
        64,
        32
      ],
      "dropout": 0.1,
      "alpha": 0.2,
      "sigma": 0.1,
      "learning_rate": 0.005,
      "weight_decay": 1e-05,
      "batch_size": 512
    },
    {
      "candidate_id": 14,
      "num_durations": 40,
      "hidden_dims": [
        64,
        32
      ],
      "dropout": 0.1,
      "alpha": 0.2,
      "sigma": 0.2,
      "learning_rate": 0.01,
      "weight_decay": 1e-05,
      "batch_size": 512
    },
    {
      "candidate_id": 15,
      "num_durations": 40,
      "hidden_dims": [
        64,
        32
      ],
      "dropout": 0.2,
      "alpha": 0.3,
      "sigma": 0.1,
      "learning_rate": 0.005,
      "weight_decay": 0.0001,
      "batch_size": 512
    },
    {
      "candidate_id": 16,
      "num_durations": 40,
      "hidden_dims": [
        64,
        32
      ],
      "dropout": 0.2,
      "alpha": 0.3,
      "sigma": 0.2,
      "learning_rate": 0.01,
      "weight_decay": 0.0001,
      "batch_size": 512
    },
    {
      "candidate_id": 17,
      "num_durations": 40,
      "hidden_dims": [
        128,
        64
      ],
      "dropout": 0.1,
      "alpha": 0.2,
      "sigma": 0.1,
      "learning_rate": 0.005,
      "weight_decay": 1e-05,
      "batch_size": 512
    },
    {
      "candidate_id": 18,
      "num_durations": 40,
      "hidden_dims": [
        128,
        64
      ],
      "dropout": 0.1,
      "alpha": 0.2,
      "sigma": 0.2,
      "learning_rate": 0.01,
      "weight_decay": 1e-05,
      "batch_size": 512
    },
    {
      "candidate_id": 19,
      "num_durations": 40,
      "hidden_dims": [
        128,
        64
      ],
      "dropout": 0.2,
      "alpha": 0.3,
      "sigma": 0.1,
      "learning_rate": 0.005,
      "weight_decay": 0.0001,
      "batch_size": 512
    },
    {
      "candidate_id": 20,
      "num_durations": 40,
      "hidden_dims": [
        128,
        64
      ],
      "dropout": 0.2,
      "alpha": 0.3,
      "sigma": 0.2,
      "learning_rate": 0.001,
      "weight_decay": 0.0001,
      "batch_size": 1024
    },
    {
      "candidate_id": 21,
      "num_durations": 40,
      "hidden_dims": [
        256,
        128
      ],
      "dropout": 0.1,
      "alpha": 0.2,
      "sigma": 0.1,
      "learning_rate": 0.005,
      "weight_decay": 1e-05,
      "batch_size": 512
    },
    {
      "candidate_id": 22,
      "num_durations": 40,
      "hidden_dims": [
        256,
        128
      ],
      "dropout": 0.2,
      "alpha": 0.3,
      "sigma": 0.1,
      "learning_rate": 0.005,
      "weight_decay": 0.0001,
      "batch_size": 512
    },
    {
      "candidate_id": 23,
      "num_durations": 40,
      "hidden_dims": [
        256,
        128
      ],
      "dropout": 0.2,
      "alpha": 0.3,
      "sigma": 0.2,
      "learning_rate": 0.01,
      "weight_decay": 0.0001,
      "batch_size": 1024
    },
    {
      "candidate_id": 24,
      "num_durations": 40,
      "hidden_dims": [
        256,
        128
      ],
      "dropout": 0.3,
      "alpha": 0.2,
      "sigma": 0.1,
      "learning_rate": 0.001,
      "weight_decay": 0.0001,
      "batch_size": 1024
    }
  ],
  "benchmark_horizons": [
    10,
    20,
    30
  ],
  "calibration_bins": 10,
  "calibration_contract_version": "v2_ipcw_km_observed_risk",
  "calibration_observed_risk_method": "ipcw_km_pseudo_event_rate",
  "variance_filter_threshold": 1e-12,
  "min_duration": 1.0,
  "max_epochs": 80,
  "early_stopping_patience": 8,
  "device": "cpu",
  "effective_window_weeks": 4,
  "input_train_table": "enrollment_cox_ready_train",
  "input_test_table": "enrollment_cox_ready_test",
  "best_candidate": {
    "candidate_id": 23,
    "params": {
      "num_durations": 40,
      "hidden_dims": [
        256,
        128
      ],
      "dropout": 0.2,
      "alpha": 0.3,
      "sigma": 0.2,
      "learning_rate": 0.01,
      "weight_decay": 0.0001,
      "batch_size": 1024
    },
    "best_epoch": 8,
    "best_val_loss": 0.44195905327796936,
    "val_ibs": 0.11321719991827126,
    "val_c_index": 0.5770736688970138,
    "implementation": "pycox_deephit_single"
  },
  "guardrails": {
    "validation_test_size": 0.1,
    "search_row_cap": 20533,
    "final_row_cap": 22815,
    "search_rows_selected": 20533,
    "final_rows_selected": 22815,
    "subtrain_rows": 20533,
    "validation_rows": 2282,
    "full_train_rows": 22815,
    "subtrain_enrollments": 20533,
    "validation_enrollments": 2282,
    "full_train_enrollments": 22815,
    "n_features": 41,
    "subtrain_event_rate": 0.22709784249744314,
    "validation_event_rate": 0.22261174408413673,
    "full_train_event_rate": 0.22664913434144204,
    "sampled_subtrain_event_rate": 0.22709784249744314,
    "sampled_full_train_event_rate": 0.22664913434144204,
    "random_seed": 42
  },
  "duration_index": [
    0.0,
    1.615384578704834,
    3.230769157409668,
    4.846153736114502,
    6.461538314819336,
    8.076923370361328,
    9.692307472229004,
    11.30769157409668,
    12.923076629638672,
    14.538461685180664,
    16.153846740722656,
    17.769229888916016,
    19.384614944458008,
    21.0,
    22.61538314819336,
    24.23076820373535,
    25.846153259277344,
    27.461538314819336,
    29.076923370361328,
    30.692306518554688,
    32.30769348144531,
    33.92307662963867,
    35.53845977783203,
    37.153846740722656,
    38.769229888916016,
    40.384613037109375,
    42.0,
    43.61538314819336,
    45.23076629638672,
    46.846153259277344,
    48.4615364074707,
    50.07692337036133,
    51.69230651855469,
    53.30768966674805,
    54.92307662963867,
    56.53845977783203,
    58.153846740722656,
    59.769229888916016,
    61.384613037109375,
    63.0
  ],
  "out_features": 40,
  "preprocessing": {
    "categorical_features": [
      "gender",
      "region",
      "highest_education",
      "imd_band",
      "age_band",
      "disability"
    ],
    "numeric_features": [
      "num_of_prev_attempts",
      "studied_credits",
      "clicks_first_4_weeks",
      "active_weeks_first_4",
      "mean_clicks_first_4_weeks"
    ],
    "numeric_prefill_values": {
      "num_of_prev_attempts": 0.0,
      "studied_credits": 60.0,
      "clicks_first_4_weeks": 136.0,
      "active_weeks_first_4": 4.0,
      "mean_clicks_first_4_weeks": 41.25
    },
    "feature_names_before_filter": [
      "num__num_of_prev_attempts",
      "num__studied_credits",
      "num__clicks_first_4_weeks",
      "num__active_weeks_first_4",
      "num__mean_clicks_first_4_weeks",
      "cat__gender_F",
      "cat__gender_M",
      "cat__region_East Anglian Region",
      "cat__region_East Midlands Region",
      "cat__region_Ireland",
      "cat__region_London Region",
      "cat__region_North Region",
      "cat__region_North Western Region",
      "cat__region_Scotland",
      "cat__region_South East Region",
      "cat__region_South Region",
      "cat__region_South West Region",
      "cat__region_Wales",
      "cat__region_West Midlands Region",
      "cat__region_Yorkshire Region",
      "cat__highest_education_A Level or Equivalent",
      "cat__highest_education_HE Qualification",
      "cat__highest_education_Lower Than A Level",
      "cat__highest_education_No Formal quals",
      "cat__highest_education_Post Graduate Qualification",
      "cat__imd_band_0-10%",
      "cat__imd_band_10-20",
      "cat__imd_band_20-30%",
      "cat__imd_band_30-40%",
      "cat__imd_band_40-50%",
      "cat__imd_band_50-60%",
      "cat__imd_band_60-70%",
      "cat__imd_band_70-80%",
      "cat__imd_band_80-90%",
      "cat__imd_band_90-100%",
      "cat__imd_band_None",
      "cat__age_band_0-35",
      "cat__age_band_35-55",
      "cat__age_band_55<=",
      "cat__disability_N",
      "cat__disability_Y"
    ],
    "feature_names_out": [
      "num__num_of_prev_attempts",
      "num__studied_credits",
      "num__clicks_first_4_weeks",
      "num__active_weeks_first_4",
      "num__mean_clicks_first_4_weeks",
      "cat__gender_F",
      "cat__gender_M",
      "cat__region_East Anglian Region",
      "cat__region_East Midlands Region",
      "cat__region_Ireland",
      "cat__region_London Region",
      "cat__region_North Region",
      "cat__region_North Western Region",
      "cat__region_Scotland",
      "cat__region_South East Region",
      "cat__region_South Region",
      "cat__region_South West Region",
      "cat__region_Wales",
      "cat__region_West Midlands Region",
      "cat__region_Yorkshire Region",
      "cat__highest_education_A Level or Equivalent",
      "cat__highest_education_HE Qualification",
      "cat__highest_education_Lower Than A Level",
      "cat__highest_education_No Formal quals",
      "cat__highest_education_Post Graduate Qualification",
      "cat__imd_band_0-10%",
      "cat__imd_band_10-20",
      "cat__imd_band_20-30%",
      "cat__imd_band_30-40%",
      "cat__imd_band_40-50%",
      "cat__imd_band_50-60%",
      "cat__imd_band_60-70%",
      "cat__imd_band_70-80%",
      "cat__imd_band_80-90%",
      "cat__imd_band_90-100%",
      "cat__imd_band_None",
      "cat__age_band_0-35",
      "cat__age_band_35-55",
      "cat__age_band_55<=",
      "cat__disability_N",
      "cat__disability_Y"
    ],
    "dropped_low_variance_features": []
  },
  "design_note": "The comparable Neural-DeepHit arm preserves the canonical early-window contract, uses deterministic train-only preprocessing, discretizes survival times through pycox LabTransDiscreteTime, and reconstructs the full weekly survival surface from the tuned DeepHit network under validation IBS."
}

 candidate_id                                                                                                                                                          params  best_epoch  best_val_loss  val_ibs  val_c_index       implementation
           23 {'num_durations': 40, 'hidden_dims': [256, 128], 'dropout': 0.2, 'alpha': 0.3, 'sigma': 0.2, 'learning_rate': 0.01, 'weight_decay': 0.0001, 'batch_size': 1024}           8       0.441959 0.113217     0.577074 pycox_deephit_single
[END] 5.15.4 - 2026-06-19 22:40:04
[START] 5.15.5 - 2026-06-19 22:40:04
# ==============================================================
# 5.15.5 - Close runtime resources
# ==============================================================
DuckDB connection closed.
ARTIFACT | duckdb_connection | closed::/Users/rafars/dropout_benchmark_desenv/outputs_benchmark_survival/benchmark_survival.duckdb
[END] 5.15.5 - 2026-06-19 22:40:05
[RUN_PLAN] comparable_window_weeks=6
[START] 5.15.1 - 2026-06-19 22:40:05
# ==============================================================
# 5.15.1 - Lightweight runtime bootstrap
# ==============================================================
ARTIFACT | benchmark_shared_config | /Users/rafars/dropout_benchmark_desenv/benchmark_shared_config.toml
ARTIFACT | benchmark_modeling_contract | /Users/rafars/dropout_benchmark_desenv/benchmark_modeling_contract.toml
ARTIFACT | run_metadata | /Users/rafars/dropout_benchmark_desenv/outputs_benchmark_survival/metadata/run_metadata.json
ARTIFACT | duckdb_path | /Users/rafars/dropout_benchmark_desenv/outputs_benchmark_survival/benchmark_survival.duckdb
{
  "run_id": "f3766e75053447a7beb7a1c4936d231f",
  "random_seed": 42,
  "test_size": 0.3,
  "early_window_weeks": 4,
  "main_enrollment_window_weeks": 4,
  "effective_window_weeks": 6,
  "input_train_table": "enrollment_cox_ready_train_w6",
  "input_test_table": "enrollment_cox_ready_test_w6"
}
[END] 5.15.1 - 2026-06-19 22:40:05
[START] 5.15.2 - 2026-06-19 22:40:05
# ==============================================================
# 5.15.2 - Build comparable Neural-DeepHit treatment
# ==============================================================
[Stage 5.15.2 table_deephit_preprocessing_summary - Neural-DeepHit preprocessing summary]
table_name=table_deephit_preprocessing_summary_w6
rows=1, cols=21
  model_family  train_rows  test_rows  n_input_features_raw  n_numeric_features  n_categorical_features  n_features_after_encoding_before_filter  n_features_after_variance_filter  n_features_dropped_by_variance_filter  n_events_train  n_events_test  mean_duration_train  mean_duration_test                              numeric_prefill_policy categorical_imputation          categorical_encoding                   numeric_scaling  variance_filter_threshold output_dtype                           model_positioning_note  window_weeks
neural_deephit       22815       9778                    11                   5                       6                                       41                                41                                      0            5171           2216            30.536182           30.539476 deterministic_train_median_or_zero_when_all_missing       constant_missing one_hot_handle_unknown_ignore standard_scaler_fit_on_train_only               1.000000e-12      float32 early-window comparable Neural-DeepHit benchmark             6
ARTIFACT | Stage 5.15.2 table_deephit_preprocessing_summary - Neural-DeepHit preprocessing summary | duckdb://table_deephit_preprocessing_summary_w6
[Stage 5.15.2 table_deephit_raw_feature_manifest - Neural-DeepHit raw feature manifest]
table_name=table_deephit_raw_feature_manifest_w6
rows=11, cols=6
 feature_name_operational feature_role  present_in_train  present_in_test  covered_by_canonical_config  numeric_prefill_value
                   gender  categorical              True             True                        False                    NaN
                   region  categorical              True             True                        False                    NaN
        highest_education  categorical              True             True                        False                    NaN
                 imd_band  categorical              True             True                        False                    NaN
                 age_band  categorical              True             True                        False                    NaN
               disability  categorical              True             True                        False                    NaN
     num_of_prev_attempts      numeric              True             True                         True                    0.0
          studied_credits      numeric              True             True                         True                   60.0
     clicks_first_6_weeks      numeric              True             True                         True                  182.0
     active_weeks_first_6      numeric              True             True                         True                    5.0
mean_clicks_first_6_weeks      numeric              True             True                         True                   39.0
ARTIFACT | Stage 5.15.2 table_deephit_raw_feature_manifest - Neural-DeepHit raw feature manifest | duckdb://table_deephit_raw_feature_manifest_w6
[Stage 5.15.2 table_deephit_feature_names_out - Neural-DeepHit output feature manifest]
table_name=table_deephit_feature_names_out_w6
rows=41, cols=2
                feature_name_out  transformed_variance_train
       num__num_of_prev_attempts                    1.000000
            num__studied_credits                    1.000000
       num__clicks_first_6_weeks                    1.000000
       num__active_weeks_first_6                    1.000000
  num__mean_clicks_first_6_weeks                    1.000000
                   cat__gender_F                    0.247988
                   cat__gender_M                    0.247988
 cat__region_East Anglian Region                    0.092080
cat__region_East Midlands Region                    0.067091
             cat__region_Ireland                    0.034283
       cat__region_London Region                    0.088295
        cat__region_North Region                    0.052060
cat__region_North Western Region                    0.082139
            cat__region_Scotland                    0.094370
   cat__region_South East Region                    0.059974
        cat__region_South Region                    0.087554
   cat__region_South West Region                    0.068848
               cat__region_Wales                    0.059707
cat__region_West Midlands Region                    0.073261
    cat__region_Yorkshire Region                    0.058136
ARTIFACT | Stage 5.15.2 table_deephit_feature_names_out - Neural-DeepHit output feature manifest | duckdb://table_deephit_feature_names_out_w6
ARTIFACT | deephit_preprocessing_config | /Users/rafars/dropout_benchmark_desenv/outputs_benchmark_survival/metadata/deephit_preprocessing_config_w6.json
{
  "model_family": "neural_deephit",
  "duration_column": "duration",
  "event_column": "event",
  "categorical_features": [
    "gender",
    "region",
    "highest_education",
    "imd_band",
    "age_band",
    "disability"
  ],
  "numeric_features": [
    "num_of_prev_attempts",
    "studied_credits",
    "clicks_first_6_weeks",
    "active_weeks_first_6",
    "mean_clicks_first_6_weeks"
  ],
  "raw_feature_columns": [
    "gender",
    "region",
    "highest_education",
    "imd_band",
    "age_band",
    "disability",
    "num_of_prev_attempts",
    "studied_credits",
    "clicks_first_6_weeks",
    "active_weeks_first_6",
    "mean_clicks_first_6_weeks"
  ],
  "expected_features_raw": [
    "studied_credits",
    "num_of_prev_attempts",
    "num_of_prev_attempts",
    "studied_credits",
    "clicks_first_6_weeks",
    "active_weeks_first_6",
    "mean_clicks_first_6_weeks"
  ],
  "expected_features_resolved": [
    "studied_credits",
    "num_of_prev_attempts",
    "clicks_first_6_weeks",
    "active_weeks_first_6",
    "mean_clicks_first_6_weeks"
  ],
  "numeric_prefill_policy": "deterministic_train_median_or_zero_when_all_missing",
  "numeric_fill_values": {
    "num_of_prev_attempts": 0.0,
    "studied_credits": 60.0,
    "clicks_first_6_weeks": 182.0,
    "active_weeks_first_6": 5.0,
    "mean_clicks_first_6_weeks": 39.0
  },
  "categorical_imputation": "constant_missing",
  "categorical_encoding": "one_hot_handle_unknown_ignore",
  "numeric_scaling": "standard_scaler_fit_on_train_only",
  "variance_filter_threshold": 1e-12,
  "feature_names_before_filter": [
    "num__num_of_prev_attempts",
    "num__studied_credits",
    "num__clicks_first_6_weeks",
    "num__active_weeks_first_6",
    "num__mean_clicks_first_6_weeks",
    "cat__gender_F",
    "cat__gender_M",
    "cat__region_East Anglian Region",
    "cat__region_East Midlands Region",
    "cat__region_Ireland",
    "cat__region_London Region",
    "cat__region_North Region",
    "cat__region_North Western Region",
    "cat__region_Scotland",
    "cat__region_South East Region",
    "cat__region_South Region",
    "cat__region_South West Region",
    "cat__region_Wales",
    "cat__region_West Midlands Region",
    "cat__region_Yorkshire Region",
    "cat__highest_education_A Level or Equivalent",
    "cat__highest_education_HE Qualification",
    "cat__highest_education_Lower Than A Level",
    "cat__highest_education_No Formal quals",
    "cat__highest_education_Post Graduate Qualification",
    "cat__imd_band_0-10%",
    "cat__imd_band_10-20",
    "cat__imd_band_20-30%",
    "cat__imd_band_30-40%",
    "cat__imd_band_40-50%",
    "cat__imd_band_50-60%",
    "cat__imd_band_60-70%",
    "cat__imd_band_70-80%",
    "cat__imd_band_80-90%",
    "cat__imd_band_90-100%",
    "cat__imd_band_None",
    "cat__age_band_0-35",
    "cat__age_band_35-55",
    "cat__age_band_55<=",
    "cat__disability_N",
    "cat__disability_Y"
  ],
  "feature_names_out": [
    "num__num_of_prev_attempts",
    "num__studied_credits",
    "num__clicks_first_6_weeks",
    "num__active_weeks_first_6",
    "num__mean_clicks_first_6_weeks",
    "cat__gender_F",
    "cat__gender_M",
    "cat__region_East Anglian Region",
    "cat__region_East Midlands Region",
    "cat__region_Ireland",
    "cat__region_London Region",
    "cat__region_North Region",
    "cat__region_North Western Region",
    "cat__region_Scotland",
    "cat__region_South East Region",
    "cat__region_South Region",
    "cat__region_South West Region",
    "cat__region_Wales",
    "cat__region_West Midlands Region",
    "cat__region_Yorkshire Region",
    "cat__highest_education_A Level or Equivalent",
    "cat__highest_education_HE Qualification",
    "cat__highest_education_Lower Than A Level",
    "cat__highest_education_No Formal quals",
    "cat__highest_education_Post Graduate Qualification",
    "cat__imd_band_0-10%",
    "cat__imd_band_10-20",
    "cat__imd_band_20-30%",
    "cat__imd_band_30-40%",
    "cat__imd_band_40-50%",
    "cat__imd_band_50-60%",
    "cat__imd_band_60-70%",
    "cat__imd_band_70-80%",
    "cat__imd_band_80-90%",
    "cat__imd_band_90-100%",
    "cat__imd_band_None",
    "cat__age_band_0-35",
    "cat__age_band_35-55",
    "cat__age_band_55<=",
    "cat__disability_N",
    "cat__disability_Y"
  ],
  "dropped_low_variance_features": [],
  "model_positioning_note": "early-window comparable Neural-DeepHit benchmark",
  "window_weeks": 6
}

[END] 5.15.2 - 2026-06-19 22:40:05
[START] 5.15.3 - 2026-06-19 22:40:05
# ==============================================================
# 5.15.3 - Compute runtime guardrails for Neural-DeepHit
# ==============================================================
[Stage 5.15.3 table_deephit_guardrails - Neural-DeepHit runtime guardrails]
table_name=table_deephit_guardrails_w6
rows=1, cols=18
 validation_test_size  search_row_cap  final_row_cap  search_rows_selected  final_rows_selected  subtrain_rows  validation_rows  full_train_rows  subtrain_enrollments  validation_enrollments  full_train_enrollments  n_features  subtrain_event_rate  validation_event_rate  full_train_event_rate  sampled_subtrain_event_rate  sampled_full_train_event_rate  random_seed
                  0.1           20533          22815                 20533                22815          20533             2282            22815                 20533                    2282                   22815          41             0.227098               0.222612               0.226649                     0.227098                       0.226649           42
ARTIFACT | Stage 5.15.3 table_deephit_guardrails - Neural-DeepHit runtime guardrails | duckdb://table_deephit_guardrails_w6
[END] 5.15.3 - 2026-06-19 22:40:05
[START] 5.15.4 - 2026-06-19 22:40:05
# ==============================================================
# 5.15.4 - Tune and evaluate the Neural-DeepHit model
# ==============================================================
[Stage 5.15.4 table_deephit_tuning_results - Neural-DeepHit tuning results]
table_name=table_deephit_tuning_results_w6
rows=24, cols=13
 candidate_id  num_durations hidden_dims  dropout  alpha  sigma  learning_rate  weight_decay  batch_size  best_epoch  best_val_loss  val_ibs  val_c_index
           14             40    [64, 32]      0.1    0.2    0.2          0.010       0.00001         512          10       0.343197 0.109381     0.573464
           20             40   [128, 64]      0.2    0.3    0.2          0.001       0.00010        1024          40       0.429166 0.109961     0.577623
           23             40  [256, 128]      0.2    0.3    0.2          0.010       0.00010        1024           8       0.430687 0.110763     0.581269
            4             20    [64, 32]      0.2    0.3    0.2          0.010       0.00010         512          21       0.383068 0.110772     0.595505
           16             40    [64, 32]      0.2    0.3    0.2          0.010       0.00010         512          17       0.428874 0.110959     0.598872
            8             20   [128, 64]      0.2    0.3    0.2          0.001       0.00010        1024          40       0.382384 0.111535     0.548063
           18             40   [128, 64]      0.1    0.2    0.2          0.010       0.00001         512           3       0.345680 0.111931     0.537737
           10             20  [256, 128]      0.2    0.3    0.2          0.001       0.00010        1024          19       0.383900 0.112073     0.558281
            6             20   [128, 64]      0.1    0.2    0.2          0.010       0.00001         512           4       0.309958 0.113517     0.517643
           15             40    [64, 32]      0.2    0.3    0.1          0.005       0.00010         512          23       0.429463 0.115470     0.575407
           11             20  [256, 128]      0.2    0.3    0.1          0.005       0.00010         512          11       0.384688 0.115644     0.520696
            7             20   [128, 64]      0.2    0.3    0.1          0.005       0.00010         512          11       0.385102 0.116005     0.509212
           21             40  [256, 128]      0.1    0.2    0.1          0.005       0.00001         512           7       0.344605 0.116401     0.607802
           24             40  [256, 128]      0.3    0.2    0.1          0.001       0.00010        1024          35       0.339871 0.116935     0.599611
           19             40   [128, 64]      0.2    0.3    0.1          0.005       0.00010         512          12       0.431690 0.117033     0.586096
           17             40   [128, 64]      0.1    0.2    0.1          0.005       0.00001         512          12       0.342644 0.117100     0.604063
            2             20    [64, 32]      0.1    0.2    0.1          0.010       0.00001         512           7       0.308221 0.117256     0.552019
           12             20  [256, 128]      0.3    0.2    0.1          0.001       0.00010        1024          22       0.307855 0.117772     0.584513
           13             40    [64, 32]      0.1    0.2    0.1          0.005       0.00001         512           7       0.341093 0.118114     0.596435
           22             40  [256, 128]      0.2    0.3    0.1          0.005       0.00010         512          15       0.432723 0.118142     0.573916
ARTIFACT | Stage 5.15.4 table_deephit_tuning_results - Neural-DeepHit tuning results | duckdb://table_deephit_tuning_results_w6
[Stage 5.15.4 table_deephit_tuned_training_history - Neural-DeepHit training history]
table_name=table_deephit_tuned_training_history_w6
rows=10, cols=5
 train_loss  val_loss  epoch  candidate_id  fit_stage
   0.370671       NaN      1            14 full_train
   0.347879       NaN      2            14 full_train
   0.344699       NaN      3            14 full_train
   0.342683       NaN      4            14 full_train
   0.341428       NaN      5            14 full_train
   0.337949       NaN      6            14 full_train
   0.337088       NaN      7            14 full_train
   0.335920       NaN      8            14 full_train
   0.335627       NaN      9            14 full_train
   0.334823       NaN     10            14 full_train
ARTIFACT | Stage 5.15.4 table_deephit_tuned_training_history - Neural-DeepHit training history | duckdb://table_deephit_tuned_training_history_w6
[Stage 5.15.4 table_deephit_tuned_test_predictions - Neural-DeepHit test predictions]
table_name=table_deephit_tuned_test_predictions_w6
rows=29334, cols=6
      enrollment_id  event  duration  horizon_week  pred_survival_h  pred_risk_h
 100561||DDD||2014J      0        37            10         0.903523     0.096477
 100621||CCC||2014B      1         6            10         0.792856     0.207144
 101187||DDD||2014J      0        37            10         0.855986     0.144014
 101279||DDD||2014J      0        37            10         0.939936     0.060064
 101414||EEE||2013J      0        38            10         0.815121     0.184879
 101700||CCC||2014J      0        38            10         0.757566     0.242434
 101781||AAA||2013J      0        38            10         0.962542     0.037458
 102209||CCC||2014J      1        15            10         0.928602     0.071398
 102343||FFF||2013J      0        38            10         0.977735     0.022265
1023623||CCC||2014J      0        38            10         0.876184     0.123816
1033968||DDD||2014B      1        13            10         0.897271     0.102729
 103891||DDD||2014B      0        34            10         0.766152     0.233848
 104316||FFF||2014B      0        34            10         0.936518     0.063482
1045203||AAA||2014J      0        38            10         0.927917     0.072083
1047645||CCC||2014B      0        34            10         0.924544     0.075456
1053702||EEE||2013J      0        38            10         0.918449     0.081551
 105629||FFF||2013J      0        38            10         0.969835     0.030165
1057883||CCC||2014B      0        34            10         0.866341     0.133659
 106383||BBB||2014J      1        21            10         0.889171     0.110829
 106553||DDD||2014J      0        37            10         0.930012     0.069988
ARTIFACT | Stage 5.15.4 table_deephit_tuned_test_predictions - Neural-DeepHit test predictions | duckdb://table_deephit_tuned_test_predictions_w6
[Stage 5.15.4 table_deephit_tuned_primary_metrics - Neural-DeepHit primary metrics]
table_name=table_deephit_tuned_primary_metrics_w6
rows=2, cols=4
metric_name metric_category  metric_value                         notes
        ibs         primary      0.112597 sksurv_integrated_brier_score
    c_index      co_primary      0.587910          pycox_concordance_td
ARTIFACT | Stage 5.15.4 table_deephit_tuned_primary_metrics - Neural-DeepHit primary metrics | duckdb://table_deephit_tuned_primary_metrics_w6
[Stage 5.15.4 table_deephit_tuned_brier_by_horizon - Neural-DeepHit Brier scores by horizon]
table_name=table_deephit_tuned_brier_by_horizon_w6
rows=3, cols=5
 horizon_week      metric_name metric_category  metric_value              notes
           10 brier_at_horizon         primary      0.093819 sksurv_brier_score
           20 brier_at_horizon         primary      0.134777 sksurv_brier_score
           30 brier_at_horizon         primary      0.160642 sksurv_brier_score
ARTIFACT | Stage 5.15.4 table_deephit_tuned_brier_by_horizon - Neural-DeepHit Brier scores by horizon | duckdb://table_deephit_tuned_brier_by_horizon_w6
[Stage 5.15.4 table_deephit_tuned_secondary_metrics - Neural-DeepHit secondary metrics]
table_name=table_deephit_tuned_secondary_metrics_w6
rows=6, cols=5
 horizon_week         metric_name metric_category  metric_value                                                                                  notes
           10 risk_auc_at_horizon       secondary      0.797635                                                            roc_auc_on_evaluable_subset
           10  time_dependent_auc       secondary      0.791291 ipcw_supported_subset(duration < 38); retained=6742/9778; auc=0.791291; local_ipcw_auc
           20 risk_auc_at_horizon       secondary      0.699619                                                            roc_auc_on_evaluable_subset
           20  time_dependent_auc       secondary      0.689416 ipcw_supported_subset(duration < 38); retained=6742/9778; auc=0.689416; local_ipcw_auc
           30 risk_auc_at_horizon       secondary      0.659821                                                            roc_auc_on_evaluable_subset
           30  time_dependent_auc       secondary      0.649334 ipcw_supported_subset(duration < 38); retained=6742/9778; auc=0.649334; local_ipcw_auc
ARTIFACT | Stage 5.15.4 table_deephit_tuned_secondary_metrics - Neural-DeepHit secondary metrics | duckdb://table_deephit_tuned_secondary_metrics_w6
[Stage 5.15.4 table_deephit_tuned_td_auc_support_audit - Neural-DeepHit IPCW support audit]
table_name=table_deephit_tuned_td_auc_support_audit_w6
rows=3, cols=6
 horizon_week  max_ipcw_time  n_total_test_enrollments  n_supported_test_enrollments  mean_auc                                                            notes
           10           38.0                      9778                          6742  0.791291 IPCW-supported subset used for Neural-DeepHit time-dependent AUC
           20           38.0                      9778                          6742  0.689416 IPCW-supported subset used for Neural-DeepHit time-dependent AUC
           30           38.0                      9778                          6742  0.649334 IPCW-supported subset used for Neural-DeepHit time-dependent AUC
ARTIFACT | Stage 5.15.4 table_deephit_tuned_td_auc_support_audit - Neural-DeepHit IPCW support audit | duckdb://table_deephit_tuned_td_auc_support_audit_w6
[Stage 5.15.4 table_deephit_tuned_row_diagnostics - Neural-DeepHit row-level diagnostics]
table_name=table_deephit_tuned_row_diagnostics_w6
rows=1, cols=6
   model_name  row_level_roc_auc  row_level_pr_auc  row_level_log_loss  row_level_brier                                                                    diagnostic_note
deephit_tuned           0.197584          0.140239            1.182628         0.224792 auxiliary enrollment-level proxy only; not a primary cross-family benchmark metric
ARTIFACT | Stage 5.15.4 table_deephit_tuned_row_diagnostics - Neural-DeepHit row-level diagnostics | duckdb://table_deephit_tuned_row_diagnostics_w6
[Stage 5.15.4 table_deephit_tuned_support_by_horizon - Neural-DeepHit support by horizon]
table_name=table_deephit_tuned_support_by_horizon_w6
rows=3, cols=4
 horizon_week  n_evaluable_enrollments  n_events_by_horizon  event_rate_by_horizon
           10                     9778                 1215               0.124259
           20                     9778                 1736               0.177541
           30                     9778                 2129               0.217734
ARTIFACT | Stage 5.15.4 table_deephit_tuned_support_by_horizon - Neural-DeepHit support by horizon | duckdb://table_deephit_tuned_support_by_horizon_w6
[Stage 5.15.4 table_deephit_tuned_calibration_summary - Neural-DeepHit calibration summary]
table_name=table_deephit_tuned_calibration_summary_w6
rows=3, cols=5
 horizon_week            metric_name metric_category  metric_value                                         notes
           10 calibration_at_horizon         primary      0.037403 Weighted absolute calibration gap across bins
           20 calibration_at_horizon         primary      0.040847 Weighted absolute calibration gap across bins
           30 calibration_at_horizon         primary      0.028129 Weighted absolute calibration gap across bins
ARTIFACT | Stage 5.15.4 table_deephit_tuned_calibration_summary - Neural-DeepHit calibration summary | duckdb://table_deephit_tuned_calibration_summary_w6
[Stage 5.15.4 table_deephit_tuned_calibration_bins_by_horizon - Neural-DeepHit calibration bins]
table_name=table_deephit_tuned_calibration_bins_by_horizon_w6
rows=30, cols=6
 calibration_bin   n  mean_predicted_risk  observed_event_rate  horizon_week  abs_calibration_gap
               0 978             0.028475             0.019427            10             0.009048
               1 978             0.046331             0.029652            10             0.016679
               2 978             0.059330             0.036810            10             0.022520
               3 977             0.070889             0.042989            10             0.027900
               4 978             0.083225             0.056237            10             0.026988
               5 978             0.099884             0.071575            10             0.028309
               6 977             0.125987             0.094166            10             0.031821
               7 978             0.167769             0.190184            10             0.022415
               8 978             0.213162             0.253579            10             0.040417
               9 978             0.299933             0.447853            10             0.147920
               0 978             0.085845             0.075665            20             0.010180
               1 978             0.116109             0.086912            20             0.029197
               2 978             0.134520             0.104294            20             0.030226
               3 977             0.149268             0.094166            20             0.055102
               4 978             0.163054             0.127812            20             0.035242
               5 978             0.178024             0.135992            20             0.042032
               6 977             0.196629             0.177073            20             0.019556
               7 978             0.223666             0.206544            20             0.017122
               8 978             0.261329             0.317996            20             0.056667
               9 978             0.335737             0.448875            20             0.113138
ARTIFACT | Stage 5.15.4 table_deephit_tuned_calibration_bins_by_horizon - Neural-DeepHit calibration bins | duckdb://table_deephit_tuned_calibration_bins_by_horizon_w6
[Stage 5.15.4 table_deephit_tuned_predicted_vs_observed_survival - Neural-DeepHit predicted versus observed survival]
table_name=table_deephit_tuned_predicted_vs_observed_survival_w6
rows=3, cols=5
 horizon_week  n_evaluable_enrollments  mean_predicted_survival  mean_observed_survival  abs_gap
           10                     9778                 0.880497                0.875741 0.004756
           20                     9778                 0.815580                0.822459 0.006879
           30                     9778                 0.771650                0.782266 0.010616
ARTIFACT | Stage 5.15.4 table_deephit_tuned_predicted_vs_observed_survival - Neural-DeepHit predicted versus observed survival | duckdb://table_deephit_tuned_predicted_vs_observed_survival_w6
ARTIFACT | deephit_model | /Users/rafars/dropout_benchmark_desenv/outputs_benchmark_survival/models/deephit_tuned_w6.pt
ARTIFACT | deephit_preprocessor | /Users/rafars/dropout_benchmark_desenv/outputs_benchmark_survival/models/deephit_preprocessor_w6.joblib
ARTIFACT | deephit_tuned_model_config | /Users/rafars/dropout_benchmark_desenv/outputs_benchmark_survival/metadata/deephit_tuned_model_config_w6.json
{
  "model_name": "deephit_tuned",
  "selection_metric": "lowest_validation_ibs",
  "implementation": "pycox_deephit_single",
  "validation_split": {
    "method": "GroupShuffleSplit",
    "test_size": 0.1,
    "group_column": "enrollment_id",
    "random_seed": 42
  },
  "search_space": [
    {
      "candidate_id": 1,
      "num_durations": 20,
      "hidden_dims": [
        64,
        32
      ],
      "dropout": 0.1,
      "alpha": 0.2,
      "sigma": 0.1,
      "learning_rate": 0.005,
      "weight_decay": 1e-05,
      "batch_size": 512
    },
    {
      "candidate_id": 2,
      "num_durations": 20,
      "hidden_dims": [
        64,
        32
      ],
      "dropout": 0.1,
      "alpha": 0.2,
      "sigma": 0.1,
      "learning_rate": 0.01,
      "weight_decay": 1e-05,
      "batch_size": 512
    },
    {
      "candidate_id": 3,
      "num_durations": 20,
      "hidden_dims": [
        64,
        32
      ],
      "dropout": 0.2,
      "alpha": 0.3,
      "sigma": 0.1,
      "learning_rate": 0.005,
      "weight_decay": 0.0001,
      "batch_size": 512
    },
    {
      "candidate_id": 4,
      "num_durations": 20,
      "hidden_dims": [
        64,
        32
      ],
      "dropout": 0.2,
      "alpha": 0.3,
      "sigma": 0.2,
      "learning_rate": 0.01,
      "weight_decay": 0.0001,
      "batch_size": 512
    },
    {
      "candidate_id": 5,
      "num_durations": 20,
      "hidden_dims": [
        128,
        64
      ],
      "dropout": 0.1,
      "alpha": 0.2,
      "sigma": 0.1,
      "learning_rate": 0.005,
      "weight_decay": 1e-05,
      "batch_size": 512
    },
    {
      "candidate_id": 6,
      "num_durations": 20,
      "hidden_dims": [
        128,
        64
      ],
      "dropout": 0.1,
      "alpha": 0.2,
      "sigma": 0.2,
      "learning_rate": 0.01,
      "weight_decay": 1e-05,
      "batch_size": 512
    },
    {
      "candidate_id": 7,
      "num_durations": 20,
      "hidden_dims": [
        128,
        64
      ],
      "dropout": 0.2,
      "alpha": 0.3,
      "sigma": 0.1,
      "learning_rate": 0.005,
      "weight_decay": 0.0001,
      "batch_size": 512
    },
    {
      "candidate_id": 8,
      "num_durations": 20,
      "hidden_dims": [
        128,
        64
      ],
      "dropout": 0.2,
      "alpha": 0.3,
      "sigma": 0.2,
      "learning_rate": 0.001,
      "weight_decay": 0.0001,
      "batch_size": 1024
    },
    {
      "candidate_id": 9,
      "num_durations": 20,
      "hidden_dims": [
        256,
        128
      ],
      "dropout": 0.1,
      "alpha": 0.2,
      "sigma": 0.1,
      "learning_rate": 0.005,
      "weight_decay": 1e-05,
      "batch_size": 512
    },
    {
      "candidate_id": 10,
      "num_durations": 20,
      "hidden_dims": [
        256,
        128
      ],
      "dropout": 0.2,
      "alpha": 0.3,
      "sigma": 0.2,
      "learning_rate": 0.001,
      "weight_decay": 0.0001,
      "batch_size": 1024
    },
    {
      "candidate_id": 11,
      "num_durations": 20,
      "hidden_dims": [
        256,
        128
      ],
      "dropout": 0.2,
      "alpha": 0.3,
      "sigma": 0.1,
      "learning_rate": 0.005,
      "weight_decay": 0.0001,
      "batch_size": 512
    },
    {
      "candidate_id": 12,
      "num_durations": 20,
      "hidden_dims": [
        256,
        128
      ],
      "dropout": 0.3,
      "alpha": 0.2,
      "sigma": 0.1,
      "learning_rate": 0.001,
      "weight_decay": 0.0001,
      "batch_size": 1024
    },
    {
      "candidate_id": 13,
      "num_durations": 40,
      "hidden_dims": [
        64,
        32
      ],
      "dropout": 0.1,
      "alpha": 0.2,
      "sigma": 0.1,
      "learning_rate": 0.005,
      "weight_decay": 1e-05,
      "batch_size": 512
    },
    {
      "candidate_id": 14,
      "num_durations": 40,
      "hidden_dims": [
        64,
        32
      ],
      "dropout": 0.1,
      "alpha": 0.2,
      "sigma": 0.2,
      "learning_rate": 0.01,
      "weight_decay": 1e-05,
      "batch_size": 512
    },
    {
      "candidate_id": 15,
      "num_durations": 40,
      "hidden_dims": [
        64,
        32
      ],
      "dropout": 0.2,
      "alpha": 0.3,
      "sigma": 0.1,
      "learning_rate": 0.005,
      "weight_decay": 0.0001,
      "batch_size": 512
    },
    {
      "candidate_id": 16,
      "num_durations": 40,
      "hidden_dims": [
        64,
        32
      ],
      "dropout": 0.2,
      "alpha": 0.3,
      "sigma": 0.2,
      "learning_rate": 0.01,
      "weight_decay": 0.0001,
      "batch_size": 512
    },
    {
      "candidate_id": 17,
      "num_durations": 40,
      "hidden_dims": [
        128,
        64
      ],
      "dropout": 0.1,
      "alpha": 0.2,
      "sigma": 0.1,
      "learning_rate": 0.005,
      "weight_decay": 1e-05,
      "batch_size": 512
    },
    {
      "candidate_id": 18,
      "num_durations": 40,
      "hidden_dims": [
        128,
        64
      ],
      "dropout": 0.1,
      "alpha": 0.2,
      "sigma": 0.2,
      "learning_rate": 0.01,
      "weight_decay": 1e-05,
      "batch_size": 512
    },
    {
      "candidate_id": 19,
      "num_durations": 40,
      "hidden_dims": [
        128,
        64
      ],
      "dropout": 0.2,
      "alpha": 0.3,
      "sigma": 0.1,
      "learning_rate": 0.005,
      "weight_decay": 0.0001,
      "batch_size": 512
    },
    {
      "candidate_id": 20,
      "num_durations": 40,
      "hidden_dims": [
        128,
        64
      ],
      "dropout": 0.2,
      "alpha": 0.3,
      "sigma": 0.2,
      "learning_rate": 0.001,
      "weight_decay": 0.0001,
      "batch_size": 1024
    },
    {
      "candidate_id": 21,
      "num_durations": 40,
      "hidden_dims": [
        256,
        128
      ],
      "dropout": 0.1,
      "alpha": 0.2,
      "sigma": 0.1,
      "learning_rate": 0.005,
      "weight_decay": 1e-05,
      "batch_size": 512
    },
    {
      "candidate_id": 22,
      "num_durations": 40,
      "hidden_dims": [
        256,
        128
      ],
      "dropout": 0.2,
      "alpha": 0.3,
      "sigma": 0.1,
      "learning_rate": 0.005,
      "weight_decay": 0.0001,
      "batch_size": 512
    },
    {
      "candidate_id": 23,
      "num_durations": 40,
      "hidden_dims": [
        256,
        128
      ],
      "dropout": 0.2,
      "alpha": 0.3,
      "sigma": 0.2,
      "learning_rate": 0.01,
      "weight_decay": 0.0001,
      "batch_size": 1024
    },
    {
      "candidate_id": 24,
      "num_durations": 40,
      "hidden_dims": [
        256,
        128
      ],
      "dropout": 0.3,
      "alpha": 0.2,
      "sigma": 0.1,
      "learning_rate": 0.001,
      "weight_decay": 0.0001,
      "batch_size": 1024
    }
  ],
  "benchmark_horizons": [
    10,
    20,
    30
  ],
  "calibration_bins": 10,
  "calibration_contract_version": "v2_ipcw_km_observed_risk",
  "calibration_observed_risk_method": "ipcw_km_pseudo_event_rate",
  "variance_filter_threshold": 1e-12,
  "min_duration": 1.0,
  "max_epochs": 80,
  "early_stopping_patience": 8,
  "device": "cpu",
  "effective_window_weeks": 6,
  "input_train_table": "enrollment_cox_ready_train_w6",
  "input_test_table": "enrollment_cox_ready_test_w6",
  "best_candidate": {
    "candidate_id": 14,
    "params": {
      "num_durations": 40,
      "hidden_dims": [
        64,
        32
      ],
      "dropout": 0.1,
      "alpha": 0.2,
      "sigma": 0.2,
      "learning_rate": 0.01,
      "weight_decay": 1e-05,
      "batch_size": 512
    },
    "best_epoch": 10,
    "best_val_loss": 0.3431972563266754,
    "val_ibs": 0.1093806863092178,
    "val_c_index": 0.5734636858052613,
    "implementation": "pycox_deephit_single"
  },
  "guardrails": {
    "validation_test_size": 0.1,
    "search_row_cap": 20533,
    "final_row_cap": 22815,
    "search_rows_selected": 20533,
    "final_rows_selected": 22815,
    "subtrain_rows": 20533,
    "validation_rows": 2282,
    "full_train_rows": 22815,
    "subtrain_enrollments": 20533,
    "validation_enrollments": 2282,
    "full_train_enrollments": 22815,
    "n_features": 41,
    "subtrain_event_rate": 0.22709784249744314,
    "validation_event_rate": 0.22261174408413673,
    "full_train_event_rate": 0.22664913434144204,
    "sampled_subtrain_event_rate": 0.22709784249744314,
    "sampled_full_train_event_rate": 0.22664913434144204,
    "random_seed": 42
  },
  "duration_index": [
    0.0,
    1.615384578704834,
    3.230769157409668,
    4.846153736114502,
    6.461538314819336,
    8.076923370361328,
    9.692307472229004,
    11.30769157409668,
    12.923076629638672,
    14.538461685180664,
    16.153846740722656,
    17.769229888916016,
    19.384614944458008,
    21.0,
    22.61538314819336,
    24.23076820373535,
    25.846153259277344,
    27.461538314819336,
    29.076923370361328,
    30.692306518554688,
    32.30769348144531,
    33.92307662963867,
    35.53845977783203,
    37.153846740722656,
    38.769229888916016,
    40.384613037109375,
    42.0,
    43.61538314819336,
    45.23076629638672,
    46.846153259277344,
    48.4615364074707,
    50.07692337036133,
    51.69230651855469,
    53.30768966674805,
    54.92307662963867,
    56.53845977783203,
    58.153846740722656,
    59.769229888916016,
    61.384613037109375,
    63.0
  ],
  "out_features": 40,
  "preprocessing": {
    "categorical_features": [
      "gender",
      "region",
      "highest_education",
      "imd_band",
      "age_band",
      "disability"
    ],
    "numeric_features": [
      "num_of_prev_attempts",
      "studied_credits",
      "clicks_first_6_weeks",
      "active_weeks_first_6",
      "mean_clicks_first_6_weeks"
    ],
    "numeric_prefill_values": {
      "num_of_prev_attempts": 0.0,
      "studied_credits": 60.0,
      "clicks_first_6_weeks": 182.0,
      "active_weeks_first_6": 5.0,
      "mean_clicks_first_6_weeks": 39.0
    },
    "feature_names_before_filter": [
      "num__num_of_prev_attempts",
      "num__studied_credits",
      "num__clicks_first_6_weeks",
      "num__active_weeks_first_6",
      "num__mean_clicks_first_6_weeks",
      "cat__gender_F",
      "cat__gender_M",
      "cat__region_East Anglian Region",
      "cat__region_East Midlands Region",
      "cat__region_Ireland",
      "cat__region_London Region",
      "cat__region_North Region",
      "cat__region_North Western Region",
      "cat__region_Scotland",
      "cat__region_South East Region",
      "cat__region_South Region",
      "cat__region_South West Region",
      "cat__region_Wales",
      "cat__region_West Midlands Region",
      "cat__region_Yorkshire Region",
      "cat__highest_education_A Level or Equivalent",
      "cat__highest_education_HE Qualification",
      "cat__highest_education_Lower Than A Level",
      "cat__highest_education_No Formal quals",
      "cat__highest_education_Post Graduate Qualification",
      "cat__imd_band_0-10%",
      "cat__imd_band_10-20",
      "cat__imd_band_20-30%",
      "cat__imd_band_30-40%",
      "cat__imd_band_40-50%",
      "cat__imd_band_50-60%",
      "cat__imd_band_60-70%",
      "cat__imd_band_70-80%",
      "cat__imd_band_80-90%",
      "cat__imd_band_90-100%",
      "cat__imd_band_None",
      "cat__age_band_0-35",
      "cat__age_band_35-55",
      "cat__age_band_55<=",
      "cat__disability_N",
      "cat__disability_Y"
    ],
    "feature_names_out": [
      "num__num_of_prev_attempts",
      "num__studied_credits",
      "num__clicks_first_6_weeks",
      "num__active_weeks_first_6",
      "num__mean_clicks_first_6_weeks",
      "cat__gender_F",
      "cat__gender_M",
      "cat__region_East Anglian Region",
      "cat__region_East Midlands Region",
      "cat__region_Ireland",
      "cat__region_London Region",
      "cat__region_North Region",
      "cat__region_North Western Region",
      "cat__region_Scotland",
      "cat__region_South East Region",
      "cat__region_South Region",
      "cat__region_South West Region",
      "cat__region_Wales",
      "cat__region_West Midlands Region",
      "cat__region_Yorkshire Region",
      "cat__highest_education_A Level or Equivalent",
      "cat__highest_education_HE Qualification",
      "cat__highest_education_Lower Than A Level",
      "cat__highest_education_No Formal quals",
      "cat__highest_education_Post Graduate Qualification",
      "cat__imd_band_0-10%",
      "cat__imd_band_10-20",
      "cat__imd_band_20-30%",
      "cat__imd_band_30-40%",
      "cat__imd_band_40-50%",
      "cat__imd_band_50-60%",
      "cat__imd_band_60-70%",
      "cat__imd_band_70-80%",
      "cat__imd_band_80-90%",
      "cat__imd_band_90-100%",
      "cat__imd_band_None",
      "cat__age_band_0-35",
      "cat__age_band_35-55",
      "cat__age_band_55<=",
      "cat__disability_N",
      "cat__disability_Y"
    ],
    "dropped_low_variance_features": []
  },
  "design_note": "The comparable Neural-DeepHit arm preserves the canonical early-window contract, uses deterministic train-only preprocessing, discretizes survival times through pycox LabTransDiscreteTime, and reconstructs the full weekly survival surface from the tuned DeepHit network under validation IBS."
}

 candidate_id                                                                                                                                                      params  best_epoch  best_val_loss  val_ibs  val_c_index       implementation
           14 {'num_durations': 40, 'hidden_dims': [64, 32], 'dropout': 0.1, 'alpha': 0.2, 'sigma': 0.2, 'learning_rate': 0.01, 'weight_decay': 1e-05, 'batch_size': 512}          10       0.343197 0.109381     0.573464 pycox_deephit_single
[END] 5.15.4 - 2026-06-19 22:41:40
[START] 5.15.5 - 2026-06-19 22:41:40
# ==============================================================
# 5.15.5 - Close runtime resources
# ==============================================================
DuckDB connection closed.
ARTIFACT | duckdb_connection | closed::/Users/rafars/dropout_benchmark_desenv/outputs_benchmark_survival/benchmark_survival.duckdb
[END] 5.15.5 - 2026-06-19 22:41:41
[RUN_PLAN] comparable_window_weeks=8
[START] 5.15.1 - 2026-06-19 22:41:41
# ==============================================================
# 5.15.1 - Lightweight runtime bootstrap
# ==============================================================
ARTIFACT | benchmark_shared_config | /Users/rafars/dropout_benchmark_desenv/benchmark_shared_config.toml
ARTIFACT | benchmark_modeling_contract | /Users/rafars/dropout_benchmark_desenv/benchmark_modeling_contract.toml
ARTIFACT | run_metadata | /Users/rafars/dropout_benchmark_desenv/outputs_benchmark_survival/metadata/run_metadata.json
ARTIFACT | duckdb_path | /Users/rafars/dropout_benchmark_desenv/outputs_benchmark_survival/benchmark_survival.duckdb
{
  "run_id": "f3766e75053447a7beb7a1c4936d231f",
  "random_seed": 42,
  "test_size": 0.3,
  "early_window_weeks": 4,
  "main_enrollment_window_weeks": 4,
  "effective_window_weeks": 8,
  "input_train_table": "enrollment_cox_ready_train_w8",
  "input_test_table": "enrollment_cox_ready_test_w8"
}
[END] 5.15.1 - 2026-06-19 22:41:41
[START] 5.15.2 - 2026-06-19 22:41:41
# ==============================================================
# 5.15.2 - Build comparable Neural-DeepHit treatment
# ==============================================================
[Stage 5.15.2 table_deephit_preprocessing_summary - Neural-DeepHit preprocessing summary]
table_name=table_deephit_preprocessing_summary_w8
rows=1, cols=21
  model_family  train_rows  test_rows  n_input_features_raw  n_numeric_features  n_categorical_features  n_features_after_encoding_before_filter  n_features_after_variance_filter  n_features_dropped_by_variance_filter  n_events_train  n_events_test  mean_duration_train  mean_duration_test                              numeric_prefill_policy categorical_imputation          categorical_encoding                   numeric_scaling  variance_filter_threshold output_dtype                           model_positioning_note  window_weeks
neural_deephit       22815       9778                    11                   5                       6                                       41                                41                                      0            5171           2216            30.536182           30.539476 deterministic_train_median_or_zero_when_all_missing       constant_missing one_hot_handle_unknown_ignore standard_scaler_fit_on_train_only               1.000000e-12      float32 early-window comparable Neural-DeepHit benchmark             8
ARTIFACT | Stage 5.15.2 table_deephit_preprocessing_summary - Neural-DeepHit preprocessing summary | duckdb://table_deephit_preprocessing_summary_w8
[Stage 5.15.2 table_deephit_raw_feature_manifest - Neural-DeepHit raw feature manifest]
table_name=table_deephit_raw_feature_manifest_w8
rows=11, cols=6
 feature_name_operational feature_role  present_in_train  present_in_test  covered_by_canonical_config  numeric_prefill_value
                   gender  categorical              True             True                        False                    NaN
                   region  categorical              True             True                        False                    NaN
        highest_education  categorical              True             True                        False                    NaN
                 imd_band  categorical              True             True                        False                    NaN
                 age_band  categorical              True             True                        False                    NaN
               disability  categorical              True             True                        False                    NaN
     num_of_prev_attempts      numeric              True             True                         True               0.000000
          studied_credits      numeric              True             True                         True              60.000000
     clicks_first_8_weeks      numeric              True             True                         True             229.000000
     active_weeks_first_8      numeric              True             True                         True               7.000000
mean_clicks_first_8_weeks      numeric              True             True                         True              37.857143
ARTIFACT | Stage 5.15.2 table_deephit_raw_feature_manifest - Neural-DeepHit raw feature manifest | duckdb://table_deephit_raw_feature_manifest_w8
[Stage 5.15.2 table_deephit_feature_names_out - Neural-DeepHit output feature manifest]
table_name=table_deephit_feature_names_out_w8
rows=41, cols=2
                feature_name_out  transformed_variance_train
       num__num_of_prev_attempts                    1.000000
            num__studied_credits                    1.000000
       num__clicks_first_8_weeks                    1.000000
       num__active_weeks_first_8                    1.000000
  num__mean_clicks_first_8_weeks                    1.000000
                   cat__gender_F                    0.247988
                   cat__gender_M                    0.247988
 cat__region_East Anglian Region                    0.092080
cat__region_East Midlands Region                    0.067091
             cat__region_Ireland                    0.034283
       cat__region_London Region                    0.088295
        cat__region_North Region                    0.052060
cat__region_North Western Region                    0.082139
            cat__region_Scotland                    0.094370
   cat__region_South East Region                    0.059974
        cat__region_South Region                    0.087554
   cat__region_South West Region                    0.068848
               cat__region_Wales                    0.059707
cat__region_West Midlands Region                    0.073261
    cat__region_Yorkshire Region                    0.058136
ARTIFACT | Stage 5.15.2 table_deephit_feature_names_out - Neural-DeepHit output feature manifest | duckdb://table_deephit_feature_names_out_w8
ARTIFACT | deephit_preprocessing_config | /Users/rafars/dropout_benchmark_desenv/outputs_benchmark_survival/metadata/deephit_preprocessing_config_w8.json
{
  "model_family": "neural_deephit",
  "duration_column": "duration",
  "event_column": "event",
  "categorical_features": [
    "gender",
    "region",
    "highest_education",
    "imd_band",
    "age_band",
    "disability"
  ],
  "numeric_features": [
    "num_of_prev_attempts",
    "studied_credits",
    "clicks_first_8_weeks",
    "active_weeks_first_8",
    "mean_clicks_first_8_weeks"
  ],
  "raw_feature_columns": [
    "gender",
    "region",
    "highest_education",
    "imd_band",
    "age_band",
    "disability",
    "num_of_prev_attempts",
    "studied_credits",
    "clicks_first_8_weeks",
    "active_weeks_first_8",
    "mean_clicks_first_8_weeks"
  ],
  "expected_features_raw": [
    "studied_credits",
    "num_of_prev_attempts",
    "num_of_prev_attempts",
    "studied_credits",
    "clicks_first_8_weeks",
    "active_weeks_first_8",
    "mean_clicks_first_8_weeks"
  ],
  "expected_features_resolved": [
    "studied_credits",
    "num_of_prev_attempts",
    "clicks_first_8_weeks",
    "active_weeks_first_8",
    "mean_clicks_first_8_weeks"
  ],
  "numeric_prefill_policy": "deterministic_train_median_or_zero_when_all_missing",
  "numeric_fill_values": {
    "num_of_prev_attempts": 0.0,
    "studied_credits": 60.0,
    "clicks_first_8_weeks": 229.0,
    "active_weeks_first_8": 7.0,
    "mean_clicks_first_8_weeks": 37.857142857142854
  },
  "categorical_imputation": "constant_missing",
  "categorical_encoding": "one_hot_handle_unknown_ignore",
  "numeric_scaling": "standard_scaler_fit_on_train_only",
  "variance_filter_threshold": 1e-12,
  "feature_names_before_filter": [
    "num__num_of_prev_attempts",
    "num__studied_credits",
    "num__clicks_first_8_weeks",
    "num__active_weeks_first_8",
    "num__mean_clicks_first_8_weeks",
    "cat__gender_F",
    "cat__gender_M",
    "cat__region_East Anglian Region",
    "cat__region_East Midlands Region",
    "cat__region_Ireland",
    "cat__region_London Region",
    "cat__region_North Region",
    "cat__region_North Western Region",
    "cat__region_Scotland",
    "cat__region_South East Region",
    "cat__region_South Region",
    "cat__region_South West Region",
    "cat__region_Wales",
    "cat__region_West Midlands Region",
    "cat__region_Yorkshire Region",
    "cat__highest_education_A Level or Equivalent",
    "cat__highest_education_HE Qualification",
    "cat__highest_education_Lower Than A Level",
    "cat__highest_education_No Formal quals",
    "cat__highest_education_Post Graduate Qualification",
    "cat__imd_band_0-10%",
    "cat__imd_band_10-20",
    "cat__imd_band_20-30%",
    "cat__imd_band_30-40%",
    "cat__imd_band_40-50%",
    "cat__imd_band_50-60%",
    "cat__imd_band_60-70%",
    "cat__imd_band_70-80%",
    "cat__imd_band_80-90%",
    "cat__imd_band_90-100%",
    "cat__imd_band_None",
    "cat__age_band_0-35",
    "cat__age_band_35-55",
    "cat__age_band_55<=",
    "cat__disability_N",
    "cat__disability_Y"
  ],
  "feature_names_out": [
    "num__num_of_prev_attempts",
    "num__studied_credits",
    "num__clicks_first_8_weeks",
    "num__active_weeks_first_8",
    "num__mean_clicks_first_8_weeks",
    "cat__gender_F",
    "cat__gender_M",
    "cat__region_East Anglian Region",
    "cat__region_East Midlands Region",
    "cat__region_Ireland",
    "cat__region_London Region",
    "cat__region_North Region",
    "cat__region_North Western Region",
    "cat__region_Scotland",
    "cat__region_South East Region",
    "cat__region_South Region",
    "cat__region_South West Region",
    "cat__region_Wales",
    "cat__region_West Midlands Region",
    "cat__region_Yorkshire Region",
    "cat__highest_education_A Level or Equivalent",
    "cat__highest_education_HE Qualification",
    "cat__highest_education_Lower Than A Level",
    "cat__highest_education_No Formal quals",
    "cat__highest_education_Post Graduate Qualification",
    "cat__imd_band_0-10%",
    "cat__imd_band_10-20",
    "cat__imd_band_20-30%",
    "cat__imd_band_30-40%",
    "cat__imd_band_40-50%",
    "cat__imd_band_50-60%",
    "cat__imd_band_60-70%",
    "cat__imd_band_70-80%",
    "cat__imd_band_80-90%",
    "cat__imd_band_90-100%",
    "cat__imd_band_None",
    "cat__age_band_0-35",
    "cat__age_band_35-55",
    "cat__age_band_55<=",
    "cat__disability_N",
    "cat__disability_Y"
  ],
  "dropped_low_variance_features": [],
  "model_positioning_note": "early-window comparable Neural-DeepHit benchmark",
  "window_weeks": 8
}

[END] 5.15.2 - 2026-06-19 22:41:41
[START] 5.15.3 - 2026-06-19 22:41:41
# ==============================================================
# 5.15.3 - Compute runtime guardrails for Neural-DeepHit
# ==============================================================
[Stage 5.15.3 table_deephit_guardrails - Neural-DeepHit runtime guardrails]
table_name=table_deephit_guardrails_w8
rows=1, cols=18
 validation_test_size  search_row_cap  final_row_cap  search_rows_selected  final_rows_selected  subtrain_rows  validation_rows  full_train_rows  subtrain_enrollments  validation_enrollments  full_train_enrollments  n_features  subtrain_event_rate  validation_event_rate  full_train_event_rate  sampled_subtrain_event_rate  sampled_full_train_event_rate  random_seed
                  0.1           20533          22815                 20533                22815          20533             2282            22815                 20533                    2282                   22815          41             0.227098               0.222612               0.226649                     0.227098                       0.226649           42
ARTIFACT | Stage 5.15.3 table_deephit_guardrails - Neural-DeepHit runtime guardrails | duckdb://table_deephit_guardrails_w8
[END] 5.15.3 - 2026-06-19 22:41:41
[START] 5.15.4 - 2026-06-19 22:41:41
# ==============================================================
# 5.15.4 - Tune and evaluate the Neural-DeepHit model
# ==============================================================
[Stage 5.15.4 table_deephit_tuning_results - Neural-DeepHit tuning results]
table_name=table_deephit_tuning_results_w8
rows=24, cols=13
 candidate_id  num_durations hidden_dims  dropout  alpha  sigma  learning_rate  weight_decay  batch_size  best_epoch  best_val_loss  val_ibs  val_c_index
           20             40   [128, 64]      0.2    0.3    0.2          0.001       0.00010        1024          51       0.418281 0.105971     0.605416
           16             40    [64, 32]      0.2    0.3    0.2          0.010       0.00010         512          15       0.417816 0.106735     0.602437
            8             20   [128, 64]      0.2    0.3    0.2          0.001       0.00010        1024          60       0.371292 0.107027     0.579366
           23             40  [256, 128]      0.2    0.3    0.2          0.010       0.00010        1024           8       0.419883 0.107109     0.594732
           14             40    [64, 32]      0.1    0.2    0.2          0.010       0.00001         512           9       0.334372 0.107360     0.595812
           10             20  [256, 128]      0.2    0.3    0.2          0.001       0.00010        1024          19       0.372465 0.108114     0.585039
            4             20    [64, 32]      0.2    0.3    0.2          0.010       0.00010         512          16       0.369267 0.108159     0.583306
           18             40   [128, 64]      0.1    0.2    0.2          0.010       0.00001         512           3       0.336019 0.109552     0.579834
            6             20   [128, 64]      0.1    0.2    0.2          0.010       0.00001         512           4       0.299881 0.111043     0.554886
           15             40    [64, 32]      0.2    0.3    0.1          0.005       0.00010         512          19       0.419210 0.114314     0.586290
           19             40   [128, 64]      0.2    0.3    0.1          0.005       0.00010         512          12       0.420744 0.114353     0.587860
            3             20    [64, 32]      0.2    0.3    0.1          0.005       0.00010         512          18       0.372006 0.114409     0.571825
           21             40  [256, 128]      0.1    0.2    0.1          0.005       0.00001         512           3       0.336685 0.114473     0.604352
           24             40  [256, 128]      0.3    0.2    0.1          0.001       0.00010        1024          33       0.330737 0.114601     0.609400
            7             20   [128, 64]      0.2    0.3    0.1          0.005       0.00010         512          14       0.372425 0.114764     0.562485
            9             20  [256, 128]      0.1    0.2    0.1          0.005       0.00001         512           6       0.300506 0.114817     0.586385
           11             20  [256, 128]      0.2    0.3    0.1          0.005       0.00010         512          14       0.373824 0.115352     0.560218
           13             40    [64, 32]      0.1    0.2    0.1          0.005       0.00001         512           7       0.331658 0.115528     0.609655
           12             20  [256, 128]      0.3    0.2    0.1          0.001       0.00010        1024          32       0.297592 0.115597     0.601454
           22             40  [256, 128]      0.2    0.3    0.1          0.005       0.00010         512          10       0.421469 0.115926     0.589031
ARTIFACT | Stage 5.15.4 table_deephit_tuning_results - Neural-DeepHit tuning results | duckdb://table_deephit_tuning_results_w8
[Stage 5.15.4 table_deephit_tuned_training_history - Neural-DeepHit training history]
table_name=table_deephit_tuned_training_history_w8
rows=51, cols=5
 train_loss  val_loss  epoch  candidate_id  fit_stage
   0.525143       NaN      1            20 full_train
   0.468580       NaN      2            20 full_train
   0.453924       NaN      3            20 full_train
   0.446160       NaN      4            20 full_train
   0.440969       NaN      5            20 full_train
   0.436545       NaN      6            20 full_train
   0.432939       NaN      7            20 full_train
   0.427926       NaN      8            20 full_train
   0.427887       NaN      9            20 full_train
   0.426938       NaN     10            20 full_train
   0.426386       NaN     11            20 full_train
   0.425439       NaN     12            20 full_train
   0.425833       NaN     13            20 full_train
   0.421846       NaN     14            20 full_train
   0.421523       NaN     15            20 full_train
   0.420636       NaN     16            20 full_train
   0.420743       NaN     17            20 full_train
   0.418311       NaN     18            20 full_train
   0.420175       NaN     19            20 full_train
   0.419760       NaN     20            20 full_train
ARTIFACT | Stage 5.15.4 table_deephit_tuned_training_history - Neural-DeepHit training history | duckdb://table_deephit_tuned_training_history_w8
[Stage 5.15.4 table_deephit_tuned_test_predictions - Neural-DeepHit test predictions]
table_name=table_deephit_tuned_test_predictions_w8
rows=29334, cols=6
      enrollment_id  event  duration  horizon_week  pred_survival_h  pred_risk_h
 100561||DDD||2014J      0        37            10         0.937438     0.062562
 100621||CCC||2014B      1         6            10         0.798333     0.201667
 101187||DDD||2014J      0        37            10         0.830769     0.169231
 101279||DDD||2014J      0        37            10         0.955787     0.044213
 101414||EEE||2013J      0        38            10         0.810048     0.189952
 101700||CCC||2014J      0        38            10         0.717810     0.282190
 101781||AAA||2013J      0        38            10         0.982197     0.017803
 102209||CCC||2014J      1        15            10         0.964876     0.035124
 102343||FFF||2013J      0        38            10         0.987864     0.012136
1023623||CCC||2014J      0        38            10         0.852767     0.147233
1033968||DDD||2014B      1        13            10         0.918106     0.081894
 103891||DDD||2014B      0        34            10         0.813232     0.186768
 104316||FFF||2014B      0        34            10         0.976431     0.023569
1045203||AAA||2014J      0        38            10         0.967974     0.032026
1047645||CCC||2014B      0        34            10         0.913642     0.086358
1053702||EEE||2013J      0        38            10         0.950843     0.049157
 105629||FFF||2013J      0        38            10         0.992083     0.007917
1057883||CCC||2014B      0        34            10         0.937106     0.062894
 106383||BBB||2014J      1        21            10         0.931554     0.068446
 106553||DDD||2014J      0        37            10         0.949934     0.050066
ARTIFACT | Stage 5.15.4 table_deephit_tuned_test_predictions - Neural-DeepHit test predictions | duckdb://table_deephit_tuned_test_predictions_w8
[Stage 5.15.4 table_deephit_tuned_primary_metrics - Neural-DeepHit primary metrics]
table_name=table_deephit_tuned_primary_metrics_w8
rows=2, cols=4
metric_name metric_category  metric_value                         notes
        ibs         primary      0.107949 sksurv_integrated_brier_score
    c_index      co_primary      0.587889          pycox_concordance_td
ARTIFACT | Stage 5.15.4 table_deephit_tuned_primary_metrics - Neural-DeepHit primary metrics | duckdb://table_deephit_tuned_primary_metrics_w8
[Stage 5.15.4 table_deephit_tuned_brier_by_horizon - Neural-DeepHit Brier scores by horizon]
table_name=table_deephit_tuned_brier_by_horizon_w8
rows=3, cols=5
 horizon_week      metric_name metric_category  metric_value              notes
           10 brier_at_horizon         primary      0.088373 sksurv_brier_score
           20 brier_at_horizon         primary      0.129357 sksurv_brier_score
           30 brier_at_horizon         primary      0.155863 sksurv_brier_score
ARTIFACT | Stage 5.15.4 table_deephit_tuned_brier_by_horizon - Neural-DeepHit Brier scores by horizon | duckdb://table_deephit_tuned_brier_by_horizon_w8
[Stage 5.15.4 table_deephit_tuned_secondary_metrics - Neural-DeepHit secondary metrics]
table_name=table_deephit_tuned_secondary_metrics_w8
rows=6, cols=5
 horizon_week         metric_name metric_category  metric_value                                                                                  notes
           10 risk_auc_at_horizon       secondary      0.843544                                                            roc_auc_on_evaluable_subset
           10  time_dependent_auc       secondary      0.837873 ipcw_supported_subset(duration < 38); retained=6742/9778; auc=0.837873; local_ipcw_auc
           20 risk_auc_at_horizon       secondary      0.740294                                                            roc_auc_on_evaluable_subset
           20  time_dependent_auc       secondary      0.730259 ipcw_supported_subset(duration < 38); retained=6742/9778; auc=0.730259; local_ipcw_auc
           30 risk_auc_at_horizon       secondary      0.692742                                                            roc_auc_on_evaluable_subset
           30  time_dependent_auc       secondary      0.680998 ipcw_supported_subset(duration < 38); retained=6742/9778; auc=0.680998; local_ipcw_auc
ARTIFACT | Stage 5.15.4 table_deephit_tuned_secondary_metrics - Neural-DeepHit secondary metrics | duckdb://table_deephit_tuned_secondary_metrics_w8
[Stage 5.15.4 table_deephit_tuned_td_auc_support_audit - Neural-DeepHit IPCW support audit]
table_name=table_deephit_tuned_td_auc_support_audit_w8
rows=3, cols=6
 horizon_week  max_ipcw_time  n_total_test_enrollments  n_supported_test_enrollments  mean_auc                                                            notes
           10           38.0                      9778                          6742  0.837873 IPCW-supported subset used for Neural-DeepHit time-dependent AUC
           20           38.0                      9778                          6742  0.730259 IPCW-supported subset used for Neural-DeepHit time-dependent AUC
           30           38.0                      9778                          6742  0.680998 IPCW-supported subset used for Neural-DeepHit time-dependent AUC
ARTIFACT | Stage 5.15.4 table_deephit_tuned_td_auc_support_audit - Neural-DeepHit IPCW support audit | duckdb://table_deephit_tuned_td_auc_support_audit_w8
[Stage 5.15.4 table_deephit_tuned_row_diagnostics - Neural-DeepHit row-level diagnostics]
table_name=table_deephit_tuned_row_diagnostics_w8
rows=1, cols=6
   model_name  row_level_roc_auc  row_level_pr_auc  row_level_log_loss  row_level_brier                                                                    diagnostic_note
deephit_tuned           0.237911          0.148667            1.139822          0.21987 auxiliary enrollment-level proxy only; not a primary cross-family benchmark metric
ARTIFACT | Stage 5.15.4 table_deephit_tuned_row_diagnostics - Neural-DeepHit row-level diagnostics | duckdb://table_deephit_tuned_row_diagnostics_w8
[Stage 5.15.4 table_deephit_tuned_support_by_horizon - Neural-DeepHit support by horizon]
table_name=table_deephit_tuned_support_by_horizon_w8
rows=3, cols=4
 horizon_week  n_evaluable_enrollments  n_events_by_horizon  event_rate_by_horizon
           10                     9778                 1215               0.124259
           20                     9778                 1736               0.177541
           30                     9778                 2129               0.217734
ARTIFACT | Stage 5.15.4 table_deephit_tuned_support_by_horizon - Neural-DeepHit support by horizon | duckdb://table_deephit_tuned_support_by_horizon_w8
[Stage 5.15.4 table_deephit_tuned_calibration_summary - Neural-DeepHit calibration summary]
table_name=table_deephit_tuned_calibration_summary_w8
rows=3, cols=5
 horizon_week            metric_name metric_category  metric_value                                         notes
           10 calibration_at_horizon         primary      0.034561 Weighted absolute calibration gap across bins
           20 calibration_at_horizon         primary      0.037315 Weighted absolute calibration gap across bins
           30 calibration_at_horizon         primary      0.022606 Weighted absolute calibration gap across bins
ARTIFACT | Stage 5.15.4 table_deephit_tuned_calibration_summary - Neural-DeepHit calibration summary | duckdb://table_deephit_tuned_calibration_summary_w8
[Stage 5.15.4 table_deephit_tuned_calibration_bins_by_horizon - Neural-DeepHit calibration bins]
table_name=table_deephit_tuned_calibration_bins_by_horizon_w8
rows=30, cols=6
 calibration_bin   n  mean_predicted_risk  observed_event_rate  horizon_week  abs_calibration_gap
               0 978             0.012684             0.010225            10             0.002459
               1 978             0.021347             0.017382            10             0.003965
               2 978             0.028826             0.019427            10             0.009398
               3 977             0.037956             0.030706            10             0.007250
               4 978             0.050123             0.033742            10             0.016381
               5 978             0.070293             0.052147            10             0.018146
               6 977             0.105381             0.103378            10             0.002004
               7 978             0.154925             0.192229            10             0.037304
               8 978             0.209608             0.286299            10             0.076691
               9 978             0.324982             0.496933            10             0.171951
               0 978             0.060785             0.054192            20             0.006593
               1 978             0.084711             0.070552            20             0.014159
               2 978             0.101968             0.078732            20             0.023236
               3 977             0.117950             0.085977            20             0.031972
               4 978             0.134799             0.114519            20             0.020280
               5 978             0.153182             0.121677            20             0.031505
               6 977             0.177087             0.183214            20             0.006126
               7 978             0.209627             0.246421            20             0.036794
               8 978             0.256397             0.317996            20             0.061599
               9 978             0.361196             0.502045            20             0.140849
ARTIFACT | Stage 5.15.4 table_deephit_tuned_calibration_bins_by_horizon - Neural-DeepHit calibration bins | duckdb://table_deephit_tuned_calibration_bins_by_horizon_w8
[Stage 5.15.4 table_deephit_tuned_predicted_vs_observed_survival - Neural-DeepHit predicted versus observed survival]
table_name=table_deephit_tuned_predicted_vs_observed_survival_w8
rows=3, cols=5
 horizon_week  n_evaluable_enrollments  mean_predicted_survival  mean_observed_survival  abs_gap
           10                     9778                 0.898381                0.875741 0.022640
           20                     9778                 0.834226                0.822459 0.011767
           30                     9778                 0.790876                0.782266 0.008610
ARTIFACT | Stage 5.15.4 table_deephit_tuned_predicted_vs_observed_survival - Neural-DeepHit predicted versus observed survival | duckdb://table_deephit_tuned_predicted_vs_observed_survival_w8
ARTIFACT | deephit_model | /Users/rafars/dropout_benchmark_desenv/outputs_benchmark_survival/models/deephit_tuned_w8.pt
ARTIFACT | deephit_preprocessor | /Users/rafars/dropout_benchmark_desenv/outputs_benchmark_survival/models/deephit_preprocessor_w8.joblib
ARTIFACT | deephit_tuned_model_config | /Users/rafars/dropout_benchmark_desenv/outputs_benchmark_survival/metadata/deephit_tuned_model_config_w8.json
{
  "model_name": "deephit_tuned",
  "selection_metric": "lowest_validation_ibs",
  "implementation": "pycox_deephit_single",
  "validation_split": {
    "method": "GroupShuffleSplit",
    "test_size": 0.1,
    "group_column": "enrollment_id",
    "random_seed": 42
  },
  "search_space": [
    {
      "candidate_id": 1,
      "num_durations": 20,
      "hidden_dims": [
        64,
        32
      ],
      "dropout": 0.1,
      "alpha": 0.2,
      "sigma": 0.1,
      "learning_rate": 0.005,
      "weight_decay": 1e-05,
      "batch_size": 512
    },
    {
      "candidate_id": 2,
      "num_durations": 20,
      "hidden_dims": [
        64,
        32
      ],
      "dropout": 0.1,
      "alpha": 0.2,
      "sigma": 0.1,
      "learning_rate": 0.01,
      "weight_decay": 1e-05,
      "batch_size": 512
    },
    {
      "candidate_id": 3,
      "num_durations": 20,
      "hidden_dims": [
        64,
        32
      ],
      "dropout": 0.2,
      "alpha": 0.3,
      "sigma": 0.1,
      "learning_rate": 0.005,
      "weight_decay": 0.0001,
      "batch_size": 512
    },
    {
      "candidate_id": 4,
      "num_durations": 20,
      "hidden_dims": [
        64,
        32
      ],
      "dropout": 0.2,
      "alpha": 0.3,
      "sigma": 0.2,
      "learning_rate": 0.01,
      "weight_decay": 0.0001,
      "batch_size": 512
    },
    {
      "candidate_id": 5,
      "num_durations": 20,
      "hidden_dims": [
        128,
        64
      ],
      "dropout": 0.1,
      "alpha": 0.2,
      "sigma": 0.1,
      "learning_rate": 0.005,
      "weight_decay": 1e-05,
      "batch_size": 512
    },
    {
      "candidate_id": 6,
      "num_durations": 20,
      "hidden_dims": [
        128,
        64
      ],
      "dropout": 0.1,
      "alpha": 0.2,
      "sigma": 0.2,
      "learning_rate": 0.01,
      "weight_decay": 1e-05,
      "batch_size": 512
    },
    {
      "candidate_id": 7,
      "num_durations": 20,
      "hidden_dims": [
        128,
        64
      ],
      "dropout": 0.2,
      "alpha": 0.3,
      "sigma": 0.1,
      "learning_rate": 0.005,
      "weight_decay": 0.0001,
      "batch_size": 512
    },
    {
      "candidate_id": 8,
      "num_durations": 20,
      "hidden_dims": [
        128,
        64
      ],
      "dropout": 0.2,
      "alpha": 0.3,
      "sigma": 0.2,
      "learning_rate": 0.001,
      "weight_decay": 0.0001,
      "batch_size": 1024
    },
    {
      "candidate_id": 9,
      "num_durations": 20,
      "hidden_dims": [
        256,
        128
      ],
      "dropout": 0.1,
      "alpha": 0.2,
      "sigma": 0.1,
      "learning_rate": 0.005,
      "weight_decay": 1e-05,
      "batch_size": 512
    },
    {
      "candidate_id": 10,
      "num_durations": 20,
      "hidden_dims": [
        256,
        128
      ],
      "dropout": 0.2,
      "alpha": 0.3,
      "sigma": 0.2,
      "learning_rate": 0.001,
      "weight_decay": 0.0001,
      "batch_size": 1024
    },
    {
      "candidate_id": 11,
      "num_durations": 20,
      "hidden_dims": [
        256,
        128
      ],
      "dropout": 0.2,
      "alpha": 0.3,
      "sigma": 0.1,
      "learning_rate": 0.005,
      "weight_decay": 0.0001,
      "batch_size": 512
    },
    {
      "candidate_id": 12,
      "num_durations": 20,
      "hidden_dims": [
        256,
        128
      ],
      "dropout": 0.3,
      "alpha": 0.2,
      "sigma": 0.1,
      "learning_rate": 0.001,
      "weight_decay": 0.0001,
      "batch_size": 1024
    },
    {
      "candidate_id": 13,
      "num_durations": 40,
      "hidden_dims": [
        64,
        32
      ],
      "dropout": 0.1,
      "alpha": 0.2,
      "sigma": 0.1,
      "learning_rate": 0.005,
      "weight_decay": 1e-05,
      "batch_size": 512
    },
    {
      "candidate_id": 14,
      "num_durations": 40,
      "hidden_dims": [
        64,
        32
      ],
      "dropout": 0.1,
      "alpha": 0.2,
      "sigma": 0.2,
      "learning_rate": 0.01,
      "weight_decay": 1e-05,
      "batch_size": 512
    },
    {
      "candidate_id": 15,
      "num_durations": 40,
      "hidden_dims": [
        64,
        32
      ],
      "dropout": 0.2,
      "alpha": 0.3,
      "sigma": 0.1,
      "learning_rate": 0.005,
      "weight_decay": 0.0001,
      "batch_size": 512
    },
    {
      "candidate_id": 16,
      "num_durations": 40,
      "hidden_dims": [
        64,
        32
      ],
      "dropout": 0.2,
      "alpha": 0.3,
      "sigma": 0.2,
      "learning_rate": 0.01,
      "weight_decay": 0.0001,
      "batch_size": 512
    },
    {
      "candidate_id": 17,
      "num_durations": 40,
      "hidden_dims": [
        128,
        64
      ],
      "dropout": 0.1,
      "alpha": 0.2,
      "sigma": 0.1,
      "learning_rate": 0.005,
      "weight_decay": 1e-05,
      "batch_size": 512
    },
    {
      "candidate_id": 18,
      "num_durations": 40,
      "hidden_dims": [
        128,
        64
      ],
      "dropout": 0.1,
      "alpha": 0.2,
      "sigma": 0.2,
      "learning_rate": 0.01,
      "weight_decay": 1e-05,
      "batch_size": 512
    },
    {
      "candidate_id": 19,
      "num_durations": 40,
      "hidden_dims": [
        128,
        64
      ],
      "dropout": 0.2,
      "alpha": 0.3,
      "sigma": 0.1,
      "learning_rate": 0.005,
      "weight_decay": 0.0001,
      "batch_size": 512
    },
    {
      "candidate_id": 20,
      "num_durations": 40,
      "hidden_dims": [
        128,
        64
      ],
      "dropout": 0.2,
      "alpha": 0.3,
      "sigma": 0.2,
      "learning_rate": 0.001,
      "weight_decay": 0.0001,
      "batch_size": 1024
    },
    {
      "candidate_id": 21,
      "num_durations": 40,
      "hidden_dims": [
        256,
        128
      ],
      "dropout": 0.1,
      "alpha": 0.2,
      "sigma": 0.1,
      "learning_rate": 0.005,
      "weight_decay": 1e-05,
      "batch_size": 512
    },
    {
      "candidate_id": 22,
      "num_durations": 40,
      "hidden_dims": [
        256,
        128
      ],
      "dropout": 0.2,
      "alpha": 0.3,
      "sigma": 0.1,
      "learning_rate": 0.005,
      "weight_decay": 0.0001,
      "batch_size": 512
    },
    {
      "candidate_id": 23,
      "num_durations": 40,
      "hidden_dims": [
        256,
        128
      ],
      "dropout": 0.2,
      "alpha": 0.3,
      "sigma": 0.2,
      "learning_rate": 0.01,
      "weight_decay": 0.0001,
      "batch_size": 1024
    },
    {
      "candidate_id": 24,
      "num_durations": 40,
      "hidden_dims": [
        256,
        128
      ],
      "dropout": 0.3,
      "alpha": 0.2,
      "sigma": 0.1,
      "learning_rate": 0.001,
      "weight_decay": 0.0001,
      "batch_size": 1024
    }
  ],
  "benchmark_horizons": [
    10,
    20,
    30
  ],
  "calibration_bins": 10,
  "calibration_contract_version": "v2_ipcw_km_observed_risk",
  "calibration_observed_risk_method": "ipcw_km_pseudo_event_rate",
  "variance_filter_threshold": 1e-12,
  "min_duration": 1.0,
  "max_epochs": 80,
  "early_stopping_patience": 8,
  "device": "cpu",
  "effective_window_weeks": 8,
  "input_train_table": "enrollment_cox_ready_train_w8",
  "input_test_table": "enrollment_cox_ready_test_w8",
  "best_candidate": {
    "candidate_id": 20,
    "params": {
      "num_durations": 40,
      "hidden_dims": [
        128,
        64
      ],
      "dropout": 0.2,
      "alpha": 0.3,
      "sigma": 0.2,
      "learning_rate": 0.001,
      "weight_decay": 0.0001,
      "batch_size": 1024
    },
    "best_epoch": 51,
    "best_val_loss": 0.4182809293270111,
    "val_ibs": 0.10597083833848839,
    "val_c_index": 0.605416419786985,
    "implementation": "pycox_deephit_single"
  },
  "guardrails": {
    "validation_test_size": 0.1,
    "search_row_cap": 20533,
    "final_row_cap": 22815,
    "search_rows_selected": 20533,
    "final_rows_selected": 22815,
    "subtrain_rows": 20533,
    "validation_rows": 2282,
    "full_train_rows": 22815,
    "subtrain_enrollments": 20533,
    "validation_enrollments": 2282,
    "full_train_enrollments": 22815,
    "n_features": 41,
    "subtrain_event_rate": 0.22709784249744314,
    "validation_event_rate": 0.22261174408413673,
    "full_train_event_rate": 0.22664913434144204,
    "sampled_subtrain_event_rate": 0.22709784249744314,
    "sampled_full_train_event_rate": 0.22664913434144204,
    "random_seed": 42
  },
  "duration_index": [
    0.0,
    1.615384578704834,
    3.230769157409668,
    4.846153736114502,
    6.461538314819336,
    8.076923370361328,
    9.692307472229004,
    11.30769157409668,
    12.923076629638672,
    14.538461685180664,
    16.153846740722656,
    17.769229888916016,
    19.384614944458008,
    21.0,
    22.61538314819336,
    24.23076820373535,
    25.846153259277344,
    27.461538314819336,
    29.076923370361328,
    30.692306518554688,
    32.30769348144531,
    33.92307662963867,
    35.53845977783203,
    37.153846740722656,
    38.769229888916016,
    40.384613037109375,
    42.0,
    43.61538314819336,
    45.23076629638672,
    46.846153259277344,
    48.4615364074707,
    50.07692337036133,
    51.69230651855469,
    53.30768966674805,
    54.92307662963867,
    56.53845977783203,
    58.153846740722656,
    59.769229888916016,
    61.384613037109375,
    63.0
  ],
  "out_features": 40,
  "preprocessing": {
    "categorical_features": [
      "gender",
      "region",
      "highest_education",
      "imd_band",
      "age_band",
      "disability"
    ],
    "numeric_features": [
      "num_of_prev_attempts",
      "studied_credits",
      "clicks_first_8_weeks",
      "active_weeks_first_8",
      "mean_clicks_first_8_weeks"
    ],
    "numeric_prefill_values": {
      "num_of_prev_attempts": 0.0,
      "studied_credits": 60.0,
      "clicks_first_8_weeks": 229.0,
      "active_weeks_first_8": 7.0,
      "mean_clicks_first_8_weeks": 37.857142857142854
    },
    "feature_names_before_filter": [
      "num__num_of_prev_attempts",
      "num__studied_credits",
      "num__clicks_first_8_weeks",
      "num__active_weeks_first_8",
      "num__mean_clicks_first_8_weeks",
      "cat__gender_F",
      "cat__gender_M",
      "cat__region_East Anglian Region",
      "cat__region_East Midlands Region",
      "cat__region_Ireland",
      "cat__region_London Region",
      "cat__region_North Region",
      "cat__region_North Western Region",
      "cat__region_Scotland",
      "cat__region_South East Region",
      "cat__region_South Region",
      "cat__region_South West Region",
      "cat__region_Wales",
      "cat__region_West Midlands Region",
      "cat__region_Yorkshire Region",
      "cat__highest_education_A Level or Equivalent",
      "cat__highest_education_HE Qualification",
      "cat__highest_education_Lower Than A Level",
      "cat__highest_education_No Formal quals",
      "cat__highest_education_Post Graduate Qualification",
      "cat__imd_band_0-10%",
      "cat__imd_band_10-20",
      "cat__imd_band_20-30%",
      "cat__imd_band_30-40%",
      "cat__imd_band_40-50%",
      "cat__imd_band_50-60%",
      "cat__imd_band_60-70%",
      "cat__imd_band_70-80%",
      "cat__imd_band_80-90%",
      "cat__imd_band_90-100%",
      "cat__imd_band_None",
      "cat__age_band_0-35",
      "cat__age_band_35-55",
      "cat__age_band_55<=",
      "cat__disability_N",
      "cat__disability_Y"
    ],
    "feature_names_out": [
      "num__num_of_prev_attempts",
      "num__studied_credits",
      "num__clicks_first_8_weeks",
      "num__active_weeks_first_8",
      "num__mean_clicks_first_8_weeks",
      "cat__gender_F",
      "cat__gender_M",
      "cat__region_East Anglian Region",
      "cat__region_East Midlands Region",
      "cat__region_Ireland",
      "cat__region_London Region",
      "cat__region_North Region",
      "cat__region_North Western Region",
      "cat__region_Scotland",
      "cat__region_South East Region",
      "cat__region_South Region",
      "cat__region_South West Region",
      "cat__region_Wales",
      "cat__region_West Midlands Region",
      "cat__region_Yorkshire Region",
      "cat__highest_education_A Level or Equivalent",
      "cat__highest_education_HE Qualification",
      "cat__highest_education_Lower Than A Level",
      "cat__highest_education_No Formal quals",
      "cat__highest_education_Post Graduate Qualification",
      "cat__imd_band_0-10%",
      "cat__imd_band_10-20",
      "cat__imd_band_20-30%",
      "cat__imd_band_30-40%",
      "cat__imd_band_40-50%",
      "cat__imd_band_50-60%",
      "cat__imd_band_60-70%",
      "cat__imd_band_70-80%",
      "cat__imd_band_80-90%",
      "cat__imd_band_90-100%",
      "cat__imd_band_None",
      "cat__age_band_0-35",
      "cat__age_band_35-55",
      "cat__age_band_55<=",
      "cat__disability_N",
      "cat__disability_Y"
    ],
    "dropped_low_variance_features": []
  },
  "design_note": "The comparable Neural-DeepHit arm preserves the canonical early-window contract, uses deterministic train-only preprocessing, discretizes survival times through pycox LabTransDiscreteTime, and reconstructs the full weekly survival surface from the tuned DeepHit network under validation IBS."
}

 candidate_id                                                                                                                                                          params  best_epoch  best_val_loss  val_ibs  val_c_index       implementation
           20 {'num_durations': 40, 'hidden_dims': [128, 64], 'dropout': 0.2, 'alpha': 0.3, 'sigma': 0.2, 'learning_rate': 0.001, 'weight_decay': 0.0001, 'batch_size': 1024}          51       0.418281 0.105971     0.605416 pycox_deephit_single
[END] 5.15.4 - 2026-06-19 22:43:26
[START] 5.15.5 - 2026-06-19 22:43:26
# ==============================================================
# 5.15.5 - Close runtime resources
# ==============================================================
DuckDB connection closed.
ARTIFACT | duckdb_connection | closed::/Users/rafars/dropout_benchmark_desenv/outputs_benchmark_survival/benchmark_survival.duckdb
[END] 5.15.5 - 2026-06-19 22:43:27
[RUN_PLAN] comparable_window_weeks=10
[START] 5.15.1 - 2026-06-19 22:43:27
# ==============================================================
# 5.15.1 - Lightweight runtime bootstrap
# ==============================================================
ARTIFACT | benchmark_shared_config | /Users/rafars/dropout_benchmark_desenv/benchmark_shared_config.toml
ARTIFACT | benchmark_modeling_contract | /Users/rafars/dropout_benchmark_desenv/benchmark_modeling_contract.toml
ARTIFACT | run_metadata | /Users/rafars/dropout_benchmark_desenv/outputs_benchmark_survival/metadata/run_metadata.json
ARTIFACT | duckdb_path | /Users/rafars/dropout_benchmark_desenv/outputs_benchmark_survival/benchmark_survival.duckdb
{
  "run_id": "f3766e75053447a7beb7a1c4936d231f",
  "random_seed": 42,
  "test_size": 0.3,
  "early_window_weeks": 4,
  "main_enrollment_window_weeks": 4,
  "effective_window_weeks": 10,
  "input_train_table": "enrollment_cox_ready_train_w10",
  "input_test_table": "enrollment_cox_ready_test_w10"
}
[END] 5.15.1 - 2026-06-19 22:43:27
[START] 5.15.2 - 2026-06-19 22:43:27
# ==============================================================
# 5.15.2 - Build comparable Neural-DeepHit treatment
# ==============================================================
[Stage 5.15.2 table_deephit_preprocessing_summary - Neural-DeepHit preprocessing summary]
table_name=table_deephit_preprocessing_summary_w10
rows=1, cols=21
  model_family  train_rows  test_rows  n_input_features_raw  n_numeric_features  n_categorical_features  n_features_after_encoding_before_filter  n_features_after_variance_filter  n_features_dropped_by_variance_filter  n_events_train  n_events_test  mean_duration_train  mean_duration_test                              numeric_prefill_policy categorical_imputation          categorical_encoding                   numeric_scaling  variance_filter_threshold output_dtype                           model_positioning_note  window_weeks
neural_deephit       22815       9778                    11                   5                       6                                       41                                41                                      0            5171           2216            30.536182           30.539476 deterministic_train_median_or_zero_when_all_missing       constant_missing one_hot_handle_unknown_ignore standard_scaler_fit_on_train_only               1.000000e-12      float32 early-window comparable Neural-DeepHit benchmark            10
ARTIFACT | Stage 5.15.2 table_deephit_preprocessing_summary - Neural-DeepHit preprocessing summary | duckdb://table_deephit_preprocessing_summary_w10
[Stage 5.15.2 table_deephit_raw_feature_manifest - Neural-DeepHit raw feature manifest]
table_name=table_deephit_raw_feature_manifest_w10
rows=11, cols=6
  feature_name_operational feature_role  present_in_train  present_in_test  covered_by_canonical_config  numeric_prefill_value
                    gender  categorical              True             True                        False                    NaN
                    region  categorical              True             True                        False                    NaN
         highest_education  categorical              True             True                        False                    NaN
                  imd_band  categorical              True             True                        False                    NaN
                  age_band  categorical              True             True                        False                    NaN
                disability  categorical              True             True                        False                    NaN
      num_of_prev_attempts      numeric              True             True                         True                    0.0
           studied_credits      numeric              True             True                         True                   60.0
     clicks_first_10_weeks      numeric              True             True                         True                  260.0
     active_weeks_first_10      numeric              True             True                         True                    8.0
mean_clicks_first_10_weeks      numeric              True             True                         True                   36.4
ARTIFACT | Stage 5.15.2 table_deephit_raw_feature_manifest - Neural-DeepHit raw feature manifest | duckdb://table_deephit_raw_feature_manifest_w10
[Stage 5.15.2 table_deephit_feature_names_out - Neural-DeepHit output feature manifest]
table_name=table_deephit_feature_names_out_w10
rows=41, cols=2
                feature_name_out  transformed_variance_train
       num__num_of_prev_attempts                    1.000000
            num__studied_credits                    1.000000
      num__clicks_first_10_weeks                    1.000000
      num__active_weeks_first_10                    1.000000
 num__mean_clicks_first_10_weeks                    1.000000
                   cat__gender_F                    0.247988
                   cat__gender_M                    0.247988
 cat__region_East Anglian Region                    0.092080
cat__region_East Midlands Region                    0.067091
             cat__region_Ireland                    0.034283
       cat__region_London Region                    0.088295
        cat__region_North Region                    0.052060
cat__region_North Western Region                    0.082139
            cat__region_Scotland                    0.094370
   cat__region_South East Region                    0.059974
        cat__region_South Region                    0.087554
   cat__region_South West Region                    0.068848
               cat__region_Wales                    0.059707
cat__region_West Midlands Region                    0.073261
    cat__region_Yorkshire Region                    0.058136
ARTIFACT | Stage 5.15.2 table_deephit_feature_names_out - Neural-DeepHit output feature manifest | duckdb://table_deephit_feature_names_out_w10
ARTIFACT | deephit_preprocessing_config | /Users/rafars/dropout_benchmark_desenv/outputs_benchmark_survival/metadata/deephit_preprocessing_config_w10.json
{
  "model_family": "neural_deephit",
  "duration_column": "duration",
  "event_column": "event",
  "categorical_features": [
    "gender",
    "region",
    "highest_education",
    "imd_band",
    "age_band",
    "disability"
  ],
  "numeric_features": [
    "num_of_prev_attempts",
    "studied_credits",
    "clicks_first_10_weeks",
    "active_weeks_first_10",
    "mean_clicks_first_10_weeks"
  ],
  "raw_feature_columns": [
    "gender",
    "region",
    "highest_education",
    "imd_band",
    "age_band",
    "disability",
    "num_of_prev_attempts",
    "studied_credits",
    "clicks_first_10_weeks",
    "active_weeks_first_10",
    "mean_clicks_first_10_weeks"
  ],
  "expected_features_raw": [
    "studied_credits",
    "num_of_prev_attempts",
    "num_of_prev_attempts",
    "studied_credits",
    "clicks_first_10_weeks",
    "active_weeks_first_10",
    "mean_clicks_first_10_weeks"
  ],
  "expected_features_resolved": [
    "studied_credits",
    "num_of_prev_attempts",
    "clicks_first_10_weeks",
    "active_weeks_first_10",
    "mean_clicks_first_10_weeks"
  ],
  "numeric_prefill_policy": "deterministic_train_median_or_zero_when_all_missing",
  "numeric_fill_values": {
    "num_of_prev_attempts": 0.0,
    "studied_credits": 60.0,
    "clicks_first_10_weeks": 260.0,
    "active_weeks_first_10": 8.0,
    "mean_clicks_first_10_weeks": 36.4
  },
  "categorical_imputation": "constant_missing",
  "categorical_encoding": "one_hot_handle_unknown_ignore",
  "numeric_scaling": "standard_scaler_fit_on_train_only",
  "variance_filter_threshold": 1e-12,
  "feature_names_before_filter": [
    "num__num_of_prev_attempts",
    "num__studied_credits",
    "num__clicks_first_10_weeks",
    "num__active_weeks_first_10",
    "num__mean_clicks_first_10_weeks",
    "cat__gender_F",
    "cat__gender_M",
    "cat__region_East Anglian Region",
    "cat__region_East Midlands Region",
    "cat__region_Ireland",
    "cat__region_London Region",
    "cat__region_North Region",
    "cat__region_North Western Region",
    "cat__region_Scotland",
    "cat__region_South East Region",
    "cat__region_South Region",
    "cat__region_South West Region",
    "cat__region_Wales",
    "cat__region_West Midlands Region",
    "cat__region_Yorkshire Region",
    "cat__highest_education_A Level or Equivalent",
    "cat__highest_education_HE Qualification",
    "cat__highest_education_Lower Than A Level",
    "cat__highest_education_No Formal quals",
    "cat__highest_education_Post Graduate Qualification",
    "cat__imd_band_0-10%",
    "cat__imd_band_10-20",
    "cat__imd_band_20-30%",
    "cat__imd_band_30-40%",
    "cat__imd_band_40-50%",
    "cat__imd_band_50-60%",
    "cat__imd_band_60-70%",
    "cat__imd_band_70-80%",
    "cat__imd_band_80-90%",
    "cat__imd_band_90-100%",
    "cat__imd_band_None",
    "cat__age_band_0-35",
    "cat__age_band_35-55",
    "cat__age_band_55<=",
    "cat__disability_N",
    "cat__disability_Y"
  ],
  "feature_names_out": [
    "num__num_of_prev_attempts",
    "num__studied_credits",
    "num__clicks_first_10_weeks",
    "num__active_weeks_first_10",
    "num__mean_clicks_first_10_weeks",
    "cat__gender_F",
    "cat__gender_M",
    "cat__region_East Anglian Region",
    "cat__region_East Midlands Region",
    "cat__region_Ireland",
    "cat__region_London Region",
    "cat__region_North Region",
    "cat__region_North Western Region",
    "cat__region_Scotland",
    "cat__region_South East Region",
    "cat__region_South Region",
    "cat__region_South West Region",
    "cat__region_Wales",
    "cat__region_West Midlands Region",
    "cat__region_Yorkshire Region",
    "cat__highest_education_A Level or Equivalent",
    "cat__highest_education_HE Qualification",
    "cat__highest_education_Lower Than A Level",
    "cat__highest_education_No Formal quals",
    "cat__highest_education_Post Graduate Qualification",
    "cat__imd_band_0-10%",
    "cat__imd_band_10-20",
    "cat__imd_band_20-30%",
    "cat__imd_band_30-40%",
    "cat__imd_band_40-50%",
    "cat__imd_band_50-60%",
    "cat__imd_band_60-70%",
    "cat__imd_band_70-80%",
    "cat__imd_band_80-90%",
    "cat__imd_band_90-100%",
    "cat__imd_band_None",
    "cat__age_band_0-35",
    "cat__age_band_35-55",
    "cat__age_band_55<=",
    "cat__disability_N",
    "cat__disability_Y"
  ],
  "dropped_low_variance_features": [],
  "model_positioning_note": "early-window comparable Neural-DeepHit benchmark",
  "window_weeks": 10
}

[END] 5.15.2 - 2026-06-19 22:43:27
[START] 5.15.3 - 2026-06-19 22:43:27
# ==============================================================
# 5.15.3 - Compute runtime guardrails for Neural-DeepHit
# ==============================================================
[Stage 5.15.3 table_deephit_guardrails - Neural-DeepHit runtime guardrails]
table_name=table_deephit_guardrails_w10
rows=1, cols=18
 validation_test_size  search_row_cap  final_row_cap  search_rows_selected  final_rows_selected  subtrain_rows  validation_rows  full_train_rows  subtrain_enrollments  validation_enrollments  full_train_enrollments  n_features  subtrain_event_rate  validation_event_rate  full_train_event_rate  sampled_subtrain_event_rate  sampled_full_train_event_rate  random_seed
                  0.1           20533          22815                 20533                22815          20533             2282            22815                 20533                    2282                   22815          41             0.227098               0.222612               0.226649                     0.227098                       0.226649           42
ARTIFACT | Stage 5.15.3 table_deephit_guardrails - Neural-DeepHit runtime guardrails | duckdb://table_deephit_guardrails_w10
[END] 5.15.3 - 2026-06-19 22:43:28
[START] 5.15.4 - 2026-06-19 22:43:28
# ==============================================================
# 5.15.4 - Tune and evaluate the Neural-DeepHit model
# ==============================================================
[Stage 5.15.4 table_deephit_tuning_results - Neural-DeepHit tuning results]
table_name=table_deephit_tuning_results_w10
rows=24, cols=13
 candidate_id  num_durations hidden_dims  dropout  alpha  sigma  learning_rate  weight_decay  batch_size  best_epoch  best_val_loss  val_ibs  val_c_index
           20             40   [128, 64]      0.2    0.3    0.2          0.001       0.00010        1024          51       0.409729 0.103347     0.624564
           16             40    [64, 32]      0.2    0.3    0.2          0.010       0.00010         512          15       0.409998 0.104270     0.616615
           10             20  [256, 128]      0.2    0.3    0.2          0.001       0.00010        1024          32       0.363155 0.104426     0.610760
           18             40   [128, 64]      0.1    0.2    0.2          0.010       0.00001         512           9       0.328071 0.104925     0.622943
            8             20   [128, 64]      0.2    0.3    0.2          0.001       0.00010        1024          44       0.362878 0.105056     0.606489
            4             20    [64, 32]      0.2    0.3    0.2          0.010       0.00010         512          16       0.362366 0.105743     0.612930
            6             20   [128, 64]      0.1    0.2    0.2          0.010       0.00001         512           6       0.293771 0.106171     0.589332
           23             40  [256, 128]      0.2    0.3    0.2          0.010       0.00010        1024           7       0.412775 0.106374     0.616182
           14             40    [64, 32]      0.1    0.2    0.2          0.010       0.00001         512           7       0.327814 0.106385     0.607383
           19             40   [128, 64]      0.2    0.3    0.1          0.005       0.00010         512          12       0.413402 0.111988     0.606641
           21             40  [256, 128]      0.1    0.2    0.1          0.005       0.00001         512           3       0.328905 0.112455     0.648297
           15             40    [64, 32]      0.2    0.3    0.1          0.005       0.00010         512          29       0.411610 0.112471     0.620384
           22             40  [256, 128]      0.2    0.3    0.1          0.005       0.00010         512          16       0.414586 0.112714     0.601913
            9             20  [256, 128]      0.1    0.2    0.1          0.005       0.00001         512           6       0.292650 0.112917     0.589564
           24             40  [256, 128]      0.3    0.2    0.1          0.001       0.00010        1024          33       0.323634 0.113177     0.630951
           12             20  [256, 128]      0.3    0.2    0.1          0.001       0.00010        1024          63       0.289003 0.113240     0.594257
           11             20  [256, 128]      0.2    0.3    0.1          0.005       0.00010         512          14       0.365642 0.113296     0.573473
            5             20   [128, 64]      0.1    0.2    0.1          0.005       0.00001         512           9       0.290719 0.113399     0.587694
            3             20    [64, 32]      0.2    0.3    0.1          0.005       0.00010         512          18       0.364486 0.113468     0.587096
            7             20   [128, 64]      0.2    0.3    0.1          0.005       0.00010         512          19       0.364022 0.113580     0.555835
ARTIFACT | Stage 5.15.4 table_deephit_tuning_results - Neural-DeepHit tuning results | duckdb://table_deephit_tuning_results_w10
[Stage 5.15.4 table_deephit_tuned_training_history - Neural-DeepHit training history]
table_name=table_deephit_tuned_training_history_w10
rows=51, cols=5
 train_loss  val_loss  epoch  candidate_id  fit_stage
   0.524157       NaN      1            20 full_train
   0.465808       NaN      2            20 full_train
   0.449893       NaN      3            20 full_train
   0.441171       NaN      4            20 full_train
   0.435365       NaN      5            20 full_train
   0.430796       NaN      6            20 full_train
   0.426966       NaN      7            20 full_train
   0.421597       NaN      8            20 full_train
   0.421304       NaN      9            20 full_train
   0.420266       NaN     10            20 full_train
   0.419596       NaN     11            20 full_train
   0.418884       NaN     12            20 full_train
   0.418894       NaN     13            20 full_train
   0.414882       NaN     14            20 full_train
   0.414273       NaN     15            20 full_train
   0.413661       NaN     16            20 full_train
   0.413630       NaN     17            20 full_train
   0.411337       NaN     18            20 full_train
   0.412962       NaN     19            20 full_train
   0.412456       NaN     20            20 full_train
ARTIFACT | Stage 5.15.4 table_deephit_tuned_training_history - Neural-DeepHit training history | duckdb://table_deephit_tuned_training_history_w10
[Stage 5.15.4 table_deephit_tuned_test_predictions - Neural-DeepHit test predictions]
table_name=table_deephit_tuned_test_predictions_w10
rows=29334, cols=6
      enrollment_id  event  duration  horizon_week  pred_survival_h  pred_risk_h
 100561||DDD||2014J      0        37            10         0.971135     0.028865
 100621||CCC||2014B      1         6            10         0.796054     0.203946
 101187||DDD||2014J      0        37            10         0.847874     0.152126
 101279||DDD||2014J      0        37            10         0.959099     0.040901
 101414||EEE||2013J      0        38            10         0.817009     0.182991
 101700||CCC||2014J      0        38            10         0.733017     0.266983
 101781||AAA||2013J      0        38            10         0.990678     0.009322
 102209||CCC||2014J      1        15            10         0.981805     0.018195
 102343||FFF||2013J      0        38            10         0.994262     0.005738
1023623||CCC||2014J      0        38            10         0.941631     0.058369
1033968||DDD||2014B      1        13            10         0.931065     0.068935
 103891||DDD||2014B      0        34            10         0.820197     0.179803
 104316||FFF||2014B      0        34            10         0.988596     0.011404
1045203||AAA||2014J      0        38            10         0.979609     0.020391
1047645||CCC||2014B      0        34            10         0.930838     0.069162
1053702||EEE||2013J      0        38            10         0.978616     0.021384
 105629||FFF||2013J      0        38            10         0.995712     0.004288
1057883||CCC||2014B      0        34            10         0.955677     0.044323
 106383||BBB||2014J      1        21            10         0.936651     0.063349
 106553||DDD||2014J      0        37            10         0.968910     0.031090
ARTIFACT | Stage 5.15.4 table_deephit_tuned_test_predictions - Neural-DeepHit test predictions | duckdb://table_deephit_tuned_test_predictions_w10
[Stage 5.15.4 table_deephit_tuned_primary_metrics - Neural-DeepHit primary metrics]
table_name=table_deephit_tuned_primary_metrics_w10
rows=2, cols=4
metric_name metric_category  metric_value                         notes
        ibs         primary      0.105781 sksurv_integrated_brier_score
    c_index      co_primary      0.610870          pycox_concordance_td
ARTIFACT | Stage 5.15.4 table_deephit_tuned_primary_metrics - Neural-DeepHit primary metrics | duckdb://table_deephit_tuned_primary_metrics_w10
[Stage 5.15.4 table_deephit_tuned_brier_by_horizon - Neural-DeepHit Brier scores by horizon]
table_name=table_deephit_tuned_brier_by_horizon_w10
rows=3, cols=5
 horizon_week      metric_name metric_category  metric_value              notes
           10 brier_at_horizon         primary      0.085647 sksurv_brier_score
           20 brier_at_horizon         primary      0.126954 sksurv_brier_score
           30 brier_at_horizon         primary      0.153757 sksurv_brier_score
ARTIFACT | Stage 5.15.4 table_deephit_tuned_brier_by_horizon - Neural-DeepHit Brier scores by horizon | duckdb://table_deephit_tuned_brier_by_horizon_w10
[Stage 5.15.4 table_deephit_tuned_secondary_metrics - Neural-DeepHit secondary metrics]
table_name=table_deephit_tuned_secondary_metrics_w10
rows=6, cols=5
 horizon_week         metric_name metric_category  metric_value                                                                                  notes
           10 risk_auc_at_horizon       secondary      0.865784                                                            roc_auc_on_evaluable_subset
           10  time_dependent_auc       secondary      0.859319 ipcw_supported_subset(duration < 38); retained=6742/9778; auc=0.859319; local_ipcw_auc
           20 risk_auc_at_horizon       secondary      0.755411                                                            roc_auc_on_evaluable_subset
           20  time_dependent_auc       secondary      0.745436 ipcw_supported_subset(duration < 38); retained=6742/9778; auc=0.745436; local_ipcw_auc
           30 risk_auc_at_horizon       secondary      0.704867                                                            roc_auc_on_evaluable_subset
           30  time_dependent_auc       secondary      0.693593 ipcw_supported_subset(duration < 38); retained=6742/9778; auc=0.693593; local_ipcw_auc
ARTIFACT | Stage 5.15.4 table_deephit_tuned_secondary_metrics - Neural-DeepHit secondary metrics | duckdb://table_deephit_tuned_secondary_metrics_w10
[Stage 5.15.4 table_deephit_tuned_td_auc_support_audit - Neural-DeepHit IPCW support audit]
table_name=table_deephit_tuned_td_auc_support_audit_w10
rows=3, cols=6
 horizon_week  max_ipcw_time  n_total_test_enrollments  n_supported_test_enrollments  mean_auc                                                            notes
           10           38.0                      9778                          6742  0.859319 IPCW-supported subset used for Neural-DeepHit time-dependent AUC
           20           38.0                      9778                          6742  0.745436 IPCW-supported subset used for Neural-DeepHit time-dependent AUC
           30           38.0                      9778                          6742  0.693593 IPCW-supported subset used for Neural-DeepHit time-dependent AUC
ARTIFACT | Stage 5.15.4 table_deephit_tuned_td_auc_support_audit - Neural-DeepHit IPCW support audit | duckdb://table_deephit_tuned_td_auc_support_audit_w10
[Stage 5.15.4 table_deephit_tuned_row_diagnostics - Neural-DeepHit row-level diagnostics]
table_name=table_deephit_tuned_row_diagnostics_w10
rows=1, cols=6
   model_name  row_level_roc_auc  row_level_pr_auc  row_level_log_loss  row_level_brier                                                                    diagnostic_note
deephit_tuned           0.252914          0.153825            1.140131         0.218721 auxiliary enrollment-level proxy only; not a primary cross-family benchmark metric
ARTIFACT | Stage 5.15.4 table_deephit_tuned_row_diagnostics - Neural-DeepHit row-level diagnostics | duckdb://table_deephit_tuned_row_diagnostics_w10
[Stage 5.15.4 table_deephit_tuned_support_by_horizon - Neural-DeepHit support by horizon]
table_name=table_deephit_tuned_support_by_horizon_w10
rows=3, cols=4
 horizon_week  n_evaluable_enrollments  n_events_by_horizon  event_rate_by_horizon
           10                     9778                 1215               0.124259
           20                     9778                 1736               0.177541
           30                     9778                 2129               0.217734
ARTIFACT | Stage 5.15.4 table_deephit_tuned_support_by_horizon - Neural-DeepHit support by horizon | duckdb://table_deephit_tuned_support_by_horizon_w10
[Stage 5.15.4 table_deephit_tuned_calibration_summary - Neural-DeepHit calibration summary]
table_name=table_deephit_tuned_calibration_summary_w10
rows=3, cols=5
 horizon_week            metric_name metric_category  metric_value                                         notes
           10 calibration_at_horizon         primary      0.032823 Weighted absolute calibration gap across bins
           20 calibration_at_horizon         primary      0.038108 Weighted absolute calibration gap across bins
           30 calibration_at_horizon         primary      0.025423 Weighted absolute calibration gap across bins
ARTIFACT | Stage 5.15.4 table_deephit_tuned_calibration_summary - Neural-DeepHit calibration summary | duckdb://table_deephit_tuned_calibration_summary_w10
[Stage 5.15.4 table_deephit_tuned_calibration_bins_by_horizon - Neural-DeepHit calibration bins]
table_name=table_deephit_tuned_calibration_bins_by_horizon_w10
rows=30, cols=6
 calibration_bin   n  mean_predicted_risk  observed_event_rate  horizon_week  abs_calibration_gap
               0 978             0.006163             0.004090            10             0.002073
               1 978             0.011152             0.007157            10             0.003995
               2 978             0.016631             0.016360            10             0.000271
               3 977             0.023903             0.020471            10             0.003432
               4 978             0.035196             0.027607            10             0.007589
               5 978             0.058031             0.050102            10             0.007929
               6 977             0.100491             0.106448            10             0.005958
               7 978             0.154268             0.185072            10             0.030803
               8 978             0.214307             0.303681            10             0.089374
               9 978             0.344723             0.521472            10             0.176750
               0 978             0.055712             0.054192            20             0.001520
               1 978             0.078350             0.061350            20             0.017000
               2 978             0.094892             0.067485            20             0.027407
               3 977             0.111249             0.084954            20             0.026296
               4 978             0.128555             0.096115            20             0.032440
               5 978             0.147959             0.135992            20             0.011967
               6 977             0.174420             0.166837            20             0.007583
               7 978             0.210255             0.255624            20             0.045369
               8 978             0.260297             0.322086            20             0.061789
               9 978             0.381013             0.530675            20             0.149662
ARTIFACT | Stage 5.15.4 table_deephit_tuned_calibration_bins_by_horizon - Neural-DeepHit calibration bins | duckdb://table_deephit_tuned_calibration_bins_by_horizon_w10
[Stage 5.15.4 table_deephit_tuned_predicted_vs_observed_survival - Neural-DeepHit predicted versus observed survival]
table_name=table_deephit_tuned_predicted_vs_observed_survival_w10
rows=3, cols=5
 horizon_week  n_evaluable_enrollments  mean_predicted_survival  mean_observed_survival  abs_gap
           10                     9778                 0.903507                0.875741 0.027765
           20                     9778                 0.835725                0.822459 0.013267
           30                     9778                 0.791147                0.782266 0.008881
ARTIFACT | Stage 5.15.4 table_deephit_tuned_predicted_vs_observed_survival - Neural-DeepHit predicted versus observed survival | duckdb://table_deephit_tuned_predicted_vs_observed_survival_w10
ARTIFACT | deephit_model | /Users/rafars/dropout_benchmark_desenv/outputs_benchmark_survival/models/deephit_tuned_w10.pt
ARTIFACT | deephit_preprocessor | /Users/rafars/dropout_benchmark_desenv/outputs_benchmark_survival/models/deephit_preprocessor_w10.joblib
ARTIFACT | deephit_tuned_model_config | /Users/rafars/dropout_benchmark_desenv/outputs_benchmark_survival/metadata/deephit_tuned_model_config_w10.json
{
  "model_name": "deephit_tuned",
  "selection_metric": "lowest_validation_ibs",
  "implementation": "pycox_deephit_single",
  "validation_split": {
    "method": "GroupShuffleSplit",
    "test_size": 0.1,
    "group_column": "enrollment_id",
    "random_seed": 42
  },
  "search_space": [
    {
      "candidate_id": 1,
      "num_durations": 20,
      "hidden_dims": [
        64,
        32
      ],
      "dropout": 0.1,
      "alpha": 0.2,
      "sigma": 0.1,
      "learning_rate": 0.005,
      "weight_decay": 1e-05,
      "batch_size": 512
    },
    {
      "candidate_id": 2,
      "num_durations": 20,
      "hidden_dims": [
        64,
        32
      ],
      "dropout": 0.1,
      "alpha": 0.2,
      "sigma": 0.1,
      "learning_rate": 0.01,
      "weight_decay": 1e-05,
      "batch_size": 512
    },
    {
      "candidate_id": 3,
      "num_durations": 20,
      "hidden_dims": [
        64,
        32
      ],
      "dropout": 0.2,
      "alpha": 0.3,
      "sigma": 0.1,
      "learning_rate": 0.005,
      "weight_decay": 0.0001,
      "batch_size": 512
    },
    {
      "candidate_id": 4,
      "num_durations": 20,
      "hidden_dims": [
        64,
        32
      ],
      "dropout": 0.2,
      "alpha": 0.3,
      "sigma": 0.2,
      "learning_rate": 0.01,
      "weight_decay": 0.0001,
      "batch_size": 512
    },
    {
      "candidate_id": 5,
      "num_durations": 20,
      "hidden_dims": [
        128,
        64
      ],
      "dropout": 0.1,
      "alpha": 0.2,
      "sigma": 0.1,
      "learning_rate": 0.005,
      "weight_decay": 1e-05,
      "batch_size": 512
    },
    {
      "candidate_id": 6,
      "num_durations": 20,
      "hidden_dims": [
        128,
        64
      ],
      "dropout": 0.1,
      "alpha": 0.2,
      "sigma": 0.2,
      "learning_rate": 0.01,
      "weight_decay": 1e-05,
      "batch_size": 512
    },
    {
      "candidate_id": 7,
      "num_durations": 20,
      "hidden_dims": [
        128,
        64
      ],
      "dropout": 0.2,
      "alpha": 0.3,
      "sigma": 0.1,
      "learning_rate": 0.005,
      "weight_decay": 0.0001,
      "batch_size": 512
    },
    {
      "candidate_id": 8,
      "num_durations": 20,
      "hidden_dims": [
        128,
        64
      ],
      "dropout": 0.2,
      "alpha": 0.3,
      "sigma": 0.2,
      "learning_rate": 0.001,
      "weight_decay": 0.0001,
      "batch_size": 1024
    },
    {
      "candidate_id": 9,
      "num_durations": 20,
      "hidden_dims": [
        256,
        128
      ],
      "dropout": 0.1,
      "alpha": 0.2,
      "sigma": 0.1,
      "learning_rate": 0.005,
      "weight_decay": 1e-05,
      "batch_size": 512
    },
    {
      "candidate_id": 10,
      "num_durations": 20,
      "hidden_dims": [
        256,
        128
      ],
      "dropout": 0.2,
      "alpha": 0.3,
      "sigma": 0.2,
      "learning_rate": 0.001,
      "weight_decay": 0.0001,
      "batch_size": 1024
    },
    {
      "candidate_id": 11,
      "num_durations": 20,
      "hidden_dims": [
        256,
        128
      ],
      "dropout": 0.2,
      "alpha": 0.3,
      "sigma": 0.1,
      "learning_rate": 0.005,
      "weight_decay": 0.0001,
      "batch_size": 512
    },
    {
      "candidate_id": 12,
      "num_durations": 20,
      "hidden_dims": [
        256,
        128
      ],
      "dropout": 0.3,
      "alpha": 0.2,
      "sigma": 0.1,
      "learning_rate": 0.001,
      "weight_decay": 0.0001,
      "batch_size": 1024
    },
    {
      "candidate_id": 13,
      "num_durations": 40,
      "hidden_dims": [
        64,
        32
      ],
      "dropout": 0.1,
      "alpha": 0.2,
      "sigma": 0.1,
      "learning_rate": 0.005,
      "weight_decay": 1e-05,
      "batch_size": 512
    },
    {
      "candidate_id": 14,
      "num_durations": 40,
      "hidden_dims": [
        64,
        32
      ],
      "dropout": 0.1,
      "alpha": 0.2,
      "sigma": 0.2,
      "learning_rate": 0.01,
      "weight_decay": 1e-05,
      "batch_size": 512
    },
    {
      "candidate_id": 15,
      "num_durations": 40,
      "hidden_dims": [
        64,
        32
      ],
      "dropout": 0.2,
      "alpha": 0.3,
      "sigma": 0.1,
      "learning_rate": 0.005,
      "weight_decay": 0.0001,
      "batch_size": 512
    },
    {
      "candidate_id": 16,
      "num_durations": 40,
      "hidden_dims": [
        64,
        32
      ],
      "dropout": 0.2,
      "alpha": 0.3,
      "sigma": 0.2,
      "learning_rate": 0.01,
      "weight_decay": 0.0001,
      "batch_size": 512
    },
    {
      "candidate_id": 17,
      "num_durations": 40,
      "hidden_dims": [
        128,
        64
      ],
      "dropout": 0.1,
      "alpha": 0.2,
      "sigma": 0.1,
      "learning_rate": 0.005,
      "weight_decay": 1e-05,
      "batch_size": 512
    },
    {
      "candidate_id": 18,
      "num_durations": 40,
      "hidden_dims": [
        128,
        64
      ],
      "dropout": 0.1,
      "alpha": 0.2,
      "sigma": 0.2,
      "learning_rate": 0.01,
      "weight_decay": 1e-05,
      "batch_size": 512
    },
    {
      "candidate_id": 19,
      "num_durations": 40,
      "hidden_dims": [
        128,
        64
      ],
      "dropout": 0.2,
      "alpha": 0.3,
      "sigma": 0.1,
      "learning_rate": 0.005,
      "weight_decay": 0.0001,
      "batch_size": 512
    },
    {
      "candidate_id": 20,
      "num_durations": 40,
      "hidden_dims": [
        128,
        64
      ],
      "dropout": 0.2,
      "alpha": 0.3,
      "sigma": 0.2,
      "learning_rate": 0.001,
      "weight_decay": 0.0001,
      "batch_size": 1024
    },
    {
      "candidate_id": 21,
      "num_durations": 40,
      "hidden_dims": [
        256,
        128
      ],
      "dropout": 0.1,
      "alpha": 0.2,
      "sigma": 0.1,
      "learning_rate": 0.005,
      "weight_decay": 1e-05,
      "batch_size": 512
    },
    {
      "candidate_id": 22,
      "num_durations": 40,
      "hidden_dims": [
        256,
        128
      ],
      "dropout": 0.2,
      "alpha": 0.3,
      "sigma": 0.1,
      "learning_rate": 0.005,
      "weight_decay": 0.0001,
      "batch_size": 512
    },
    {
      "candidate_id": 23,
      "num_durations": 40,
      "hidden_dims": [
        256,
        128
      ],
      "dropout": 0.2,
      "alpha": 0.3,
      "sigma": 0.2,
      "learning_rate": 0.01,
      "weight_decay": 0.0001,
      "batch_size": 1024
    },
    {
      "candidate_id": 24,
      "num_durations": 40,
      "hidden_dims": [
        256,
        128
      ],
      "dropout": 0.3,
      "alpha": 0.2,
      "sigma": 0.1,
      "learning_rate": 0.001,
      "weight_decay": 0.0001,
      "batch_size": 1024
    }
  ],
  "benchmark_horizons": [
    10,
    20,
    30
  ],
  "calibration_bins": 10,
  "calibration_contract_version": "v2_ipcw_km_observed_risk",
  "calibration_observed_risk_method": "ipcw_km_pseudo_event_rate",
  "variance_filter_threshold": 1e-12,
  "min_duration": 1.0,
  "max_epochs": 80,
  "early_stopping_patience": 8,
  "device": "cpu",
  "effective_window_weeks": 10,
  "input_train_table": "enrollment_cox_ready_train_w10",
  "input_test_table": "enrollment_cox_ready_test_w10",
  "best_candidate": {
    "candidate_id": 20,
    "params": {
      "num_durations": 40,
      "hidden_dims": [
        128,
        64
      ],
      "dropout": 0.2,
      "alpha": 0.3,
      "sigma": 0.2,
      "learning_rate": 0.001,
      "weight_decay": 0.0001,
      "batch_size": 1024
    },
    "best_epoch": 51,
    "best_val_loss": 0.4097290337085724,
    "val_ibs": 0.1033473914370296,
    "val_c_index": 0.6245636853235449,
    "implementation": "pycox_deephit_single"
  },
  "guardrails": {
    "validation_test_size": 0.1,
    "search_row_cap": 20533,
    "final_row_cap": 22815,
    "search_rows_selected": 20533,
    "final_rows_selected": 22815,
    "subtrain_rows": 20533,
    "validation_rows": 2282,
    "full_train_rows": 22815,
    "subtrain_enrollments": 20533,
    "validation_enrollments": 2282,
    "full_train_enrollments": 22815,
    "n_features": 41,
    "subtrain_event_rate": 0.22709784249744314,
    "validation_event_rate": 0.22261174408413673,
    "full_train_event_rate": 0.22664913434144204,
    "sampled_subtrain_event_rate": 0.22709784249744314,
    "sampled_full_train_event_rate": 0.22664913434144204,
    "random_seed": 42
  },
  "duration_index": [
    0.0,
    1.615384578704834,
    3.230769157409668,
    4.846153736114502,
    6.461538314819336,
    8.076923370361328,
    9.692307472229004,
    11.30769157409668,
    12.923076629638672,
    14.538461685180664,
    16.153846740722656,
    17.769229888916016,
    19.384614944458008,
    21.0,
    22.61538314819336,
    24.23076820373535,
    25.846153259277344,
    27.461538314819336,
    29.076923370361328,
    30.692306518554688,
    32.30769348144531,
    33.92307662963867,
    35.53845977783203,
    37.153846740722656,
    38.769229888916016,
    40.384613037109375,
    42.0,
    43.61538314819336,
    45.23076629638672,
    46.846153259277344,
    48.4615364074707,
    50.07692337036133,
    51.69230651855469,
    53.30768966674805,
    54.92307662963867,
    56.53845977783203,
    58.153846740722656,
    59.769229888916016,
    61.384613037109375,
    63.0
  ],
  "out_features": 40,
  "preprocessing": {
    "categorical_features": [
      "gender",
      "region",
      "highest_education",
      "imd_band",
      "age_band",
      "disability"
    ],
    "numeric_features": [
      "num_of_prev_attempts",
      "studied_credits",
      "clicks_first_10_weeks",
      "active_weeks_first_10",
      "mean_clicks_first_10_weeks"
    ],
    "numeric_prefill_values": {
      "num_of_prev_attempts": 0.0,
      "studied_credits": 60.0,
      "clicks_first_10_weeks": 260.0,
      "active_weeks_first_10": 8.0,
      "mean_clicks_first_10_weeks": 36.4
    },
    "feature_names_before_filter": [
      "num__num_of_prev_attempts",
      "num__studied_credits",
      "num__clicks_first_10_weeks",
      "num__active_weeks_first_10",
      "num__mean_clicks_first_10_weeks",
      "cat__gender_F",
      "cat__gender_M",
      "cat__region_East Anglian Region",
      "cat__region_East Midlands Region",
      "cat__region_Ireland",
      "cat__region_London Region",
      "cat__region_North Region",
      "cat__region_North Western Region",
      "cat__region_Scotland",
      "cat__region_South East Region",
      "cat__region_South Region",
      "cat__region_South West Region",
      "cat__region_Wales",
      "cat__region_West Midlands Region",
      "cat__region_Yorkshire Region",
      "cat__highest_education_A Level or Equivalent",
      "cat__highest_education_HE Qualification",
      "cat__highest_education_Lower Than A Level",
      "cat__highest_education_No Formal quals",
      "cat__highest_education_Post Graduate Qualification",
      "cat__imd_band_0-10%",
      "cat__imd_band_10-20",
      "cat__imd_band_20-30%",
      "cat__imd_band_30-40%",
      "cat__imd_band_40-50%",
      "cat__imd_band_50-60%",
      "cat__imd_band_60-70%",
      "cat__imd_band_70-80%",
      "cat__imd_band_80-90%",
      "cat__imd_band_90-100%",
      "cat__imd_band_None",
      "cat__age_band_0-35",
      "cat__age_band_35-55",
      "cat__age_band_55<=",
      "cat__disability_N",
      "cat__disability_Y"
    ],
    "feature_names_out": [
      "num__num_of_prev_attempts",
      "num__studied_credits",
      "num__clicks_first_10_weeks",
      "num__active_weeks_first_10",
      "num__mean_clicks_first_10_weeks",
      "cat__gender_F",
      "cat__gender_M",
      "cat__region_East Anglian Region",
      "cat__region_East Midlands Region",
      "cat__region_Ireland",
      "cat__region_London Region",
      "cat__region_North Region",
      "cat__region_North Western Region",
      "cat__region_Scotland",
      "cat__region_South East Region",
      "cat__region_South Region",
      "cat__region_South West Region",
      "cat__region_Wales",
      "cat__region_West Midlands Region",
      "cat__region_Yorkshire Region",
      "cat__highest_education_A Level or Equivalent",
      "cat__highest_education_HE Qualification",
      "cat__highest_education_Lower Than A Level",
      "cat__highest_education_No Formal quals",
      "cat__highest_education_Post Graduate Qualification",
      "cat__imd_band_0-10%",
      "cat__imd_band_10-20",
      "cat__imd_band_20-30%",
      "cat__imd_band_30-40%",
      "cat__imd_band_40-50%",
      "cat__imd_band_50-60%",
      "cat__imd_band_60-70%",
      "cat__imd_band_70-80%",
      "cat__imd_band_80-90%",
      "cat__imd_band_90-100%",
      "cat__imd_band_None",
      "cat__age_band_0-35",
      "cat__age_band_35-55",
      "cat__age_band_55<=",
      "cat__disability_N",
      "cat__disability_Y"
    ],
    "dropped_low_variance_features": []
  },
  "design_note": "The comparable Neural-DeepHit arm preserves the canonical early-window contract, uses deterministic train-only preprocessing, discretizes survival times through pycox LabTransDiscreteTime, and reconstructs the full weekly survival surface from the tuned DeepHit network under validation IBS."
}

 candidate_id                                                                                                                                                          params  best_epoch  best_val_loss  val_ibs  val_c_index       implementation
           20 {'num_durations': 40, 'hidden_dims': [128, 64], 'dropout': 0.2, 'alpha': 0.3, 'sigma': 0.2, 'learning_rate': 0.001, 'weight_decay': 0.0001, 'batch_size': 1024}          51       0.409729 0.103347     0.624564 pycox_deephit_single
[END] 5.15.4 - 2026-06-19 22:45:23
[START] 5.15.5 - 2026-06-19 22:45:23
# ==============================================================
# 5.15.5 - Close runtime resources
# ==============================================================
DuckDB connection closed.
ARTIFACT | duckdb_connection | closed::/Users/rafars/dropout_benchmark_desenv/outputs_benchmark_survival/benchmark_survival.duckdb
[END] 5.15.5 - 2026-06-19 22:45:24
