[START] F0 - 2026-06-19 22:45:47
Runtime context ready.
- SCRIPT_NAME   : dropout_bench_v3_F_ablation_stability_refatorado_v30.py
- STAGE_PREFIX  : F
- LINEAGE LABEL : dropout_bench_v3_F_ablation_stability_refatorado_v30.ipynb
- RUN_ID        : f3766e75053447a7beb7a1c4936d231f
- DUCKDB_PATH   : /Users/rafars/dropout_benchmark_desenv/outputs_benchmark_survival/benchmark_survival.duckdb
[END] F0 - 2026-06-19 22:45:49
Runtime contract validated.
[END] F0.1 - 2026-06-19 22:45:49
[START] F1 - 2026-06-19 22:45:49

======================================================================
F1 — Define Ablation Study Design and Protocol
======================================================================
Methodological note: this step defines the ablation study only.
No model is trained here.
F1: materialized DuckDB table -> table_ablation_model_registry
F1: materialized DuckDB table -> table_ablation_feature_blocks
F1: materialized DuckDB table -> table_ablation_scenarios

Ablation model registry:
stage_id           model_id          canonical_model_name                          display_name                   family   operational_family_group                paper_methodological_arm    input_representation                       training_contract base_data_level         selection_scope                                                                                                                 selection_rationale  uses_dynamic_temporal_features  uses_static_features  uses_early_window_features                                             ablation_positioning_note
    D5.6 poisson_pexp_tuned poisson_piecewise_exponential Poisson Piecewise-Exponential (Tuned)    discrete_time_poisson             dynamic_weekly            dynamic_weekly_person_period    weekly_person_period            dynamic_weekly_person_period   person_period manuscript_audit_subset                                                    Best IBS in the dynamic arm; GLM parametric paradigm; coefficient-interpretable.                            True                  True                       False     Tuned representative of the Poisson piecewise-exponential family.
    D5.2       linear_tuned   linear_discrete_time_hazard   Linear Discrete-Time Hazard (Tuned)     discrete_time_linear             dynamic_weekly            dynamic_weekly_person_period    weekly_person_period            dynamic_weekly_person_period   person_period manuscript_audit_subset                                                   Classical linear logistic baseline for the dynamic arm; maximum interpretability.                            True                  True                       False       Tuned representative of the linear discrete-time hazard family.
    D5.7    gb_weekly_tuned              gb_weekly_hazard              GB Weekly Hazard (Tuned)         discrete_time_gb             dynamic_weekly            dynamic_weekly_person_period    weekly_person_period            dynamic_weekly_person_period   person_period manuscript_audit_subset                                                                  Gradient-boosted tree paradigm representative for the dynamic arm.                            True                  True                       False                  Tuned representative of the GB weekly hazard family.
    D5.3       neural_tuned neural_discrete_time_survival Neural Discrete-Time Survival (Tuned)     discrete_time_neural             dynamic_neural            dynamic_weekly_person_period    weekly_person_period            dynamic_weekly_person_period   person_period manuscript_audit_subset                                                                                     Only neural representative for the dynamic arm.                            True                  True                       False     Tuned representative of the neural discrete-time survival family.
    D5.4          cox_tuned                cox_comparable                Cox Comparable (Tuned)      continuous_time_cox comparable_continuous_time comparable_continuous_time_early_window early_window_enrollment comparable_continuous_time_early_window      enrollment manuscript_audit_subset                                     Interpretable comparable-arm baseline retained as the reference continuous-time representative.                           False                  True                        True                    Tuned representative of the Cox comparable family.
    D5.5     deepsurv_tuned                      deepsurv                      DeepSurv (Tuned) continuous_time_deepsurv          comparable_neural comparable_continuous_time_early_window early_window_enrollment comparable_continuous_time_early_window      enrollment manuscript_audit_subset                          Flexible comparable-arm representative retained to contrast with Cox under the same early-window contract.                           False                  True                        True                          Tuned representative of the DeepSurv family.
    D5.9          rsf_tuned        random_survival_forest        Random Survival Forest (Tuned)        tree_survival_rsf   comparable_tree_survival comparable_continuous_time_early_window early_window_enrollment comparable_continuous_time_early_window      enrollment manuscript_audit_subset                      Best-performing comparable-arm tree-survival representative retained as the principal nonparametric benchmark.                           False                  True                        True Tuned representative of the comparable random survival forest family.
   D5.14         mtlr_tuned                   neural_mtlr                   Neural-MTLR (Tuned)     continuous_time_mtlr          comparable_neural comparable_continuous_time_early_window early_window_enrollment comparable_continuous_time_early_window      enrollment manuscript_audit_subset Competitive comparable-arm neural discrete-duration representative retained to contrast with DeepSurv and the tree-survival winner.                           False                  True                        True                       Tuned representative of the Neural-MTLR family.

Ablation feature blocks:
                   block_id                         block_label applies_to_data_level                                           conceptual_role                                                                                                         examples
          static_structural        Static structural covariates            enrollment         student background and enrollment-level structure         gender, region, highest_education, imd_band, age_band, num_of_prev_attempts, studied_credits, disability
      early_window_behavior     Early-window behavior summaries            enrollment                  compressed early-course activity profile                                            clicks_first_4_weeks, active_weeks_first_4, mean_clicks_first_4_weeks
dynamic_temporal_behavioral Weekly temporal-behavioral features         person_period                  week-by-week real-time behavioral signal total_clicks_week, active_this_week, n_vle_rows_week, n_distinct_sites_week, cum_clicks_until_t, recency, streak
        discrete_time_index          Discrete time index (week)         person_period explicit week index encoding time-varying hazard baseline                                                                                                             week

Ablation scenarios:
           scenario_id                    scenario_label       scenario_type                                                                      interpretation_goal
         full_features            Full tuned feature set           reference                                               Reference tuned benchmark for each family.
drop_static_structural Drop static structural covariates leave_one_block_out               Estimate how much performance depends on background/structural covariates.
  drop_temporal_signal  Drop early-window behavior block leave_one_block_out Estimate how much performance depends on compressed early-window behavioral information.
only_static_structural Only static structural covariates   single_block_only                                       Assess how far structural covariates alone can go.
  only_temporal_signal  Only early-window behavior block   single_block_only                           Assess how far early-window behavioral summaries alone can go.

Ablation protocol summary:
         ablation_scope                                                                                                   included_models  canonical_predictive_roster_size  subset_model_count  reuse_existing_train_test_split reuse_existing_horizons                                                                                              main_question                                                                                                             secondary_question
manuscript_audit_subset poisson_pexp_tuned, linear_tuned, gb_weekly_tuned, neural_tuned, cox_tuned, deepsurv_tuned, rsf_tuned, mtlr_tuned                                14                   8                             True              10, 20, 30 How much of model performance is driven by structural covariates versus early-window behavioral summaries? Does the relative importance of structural versus early-window information vary across the retained comparable model families?

Saved:
- DuckDB table: table_ablation_model_registry
- DuckDB table: table_ablation_feature_blocks
- DuckDB table: table_ablation_scenarios
- /Users/rafars/dropout_benchmark_desenv/outputs_benchmark_survival/metadata/ablation_config.json
[END] F1 - 2026-06-19 22:45:49
[START] F2 - 2026-06-19 22:45:49

======================================================================
F2 — Materialize Ablation Variants (Revised v2)
======================================================================
Methodological note: this step materializes ablation-ready
feature subsets only. No model is trained here.
Revised behavior: ready datasets are loaded from DuckDB.
Current retained subset: comparable early-window models only.
F2: materialized DuckDB table -> poisson_pexp_tuned__full_features__train
F2: materialized DuckDB table -> poisson_pexp_tuned__full_features__test
F2: materialized DuckDB table -> poisson_pexp_tuned__drop_static_structural__train
F2: materialized DuckDB table -> poisson_pexp_tuned__drop_static_structural__test
F2: materialized DuckDB table -> poisson_pexp_tuned__drop_temporal_signal__train
F2: materialized DuckDB table -> poisson_pexp_tuned__drop_temporal_signal__test
F2: materialized DuckDB table -> poisson_pexp_tuned__only_static_structural__train
F2: materialized DuckDB table -> poisson_pexp_tuned__only_static_structural__test
F2: materialized DuckDB table -> poisson_pexp_tuned__only_temporal_signal__train
F2: materialized DuckDB table -> poisson_pexp_tuned__only_temporal_signal__test
F2: materialized DuckDB table -> linear_tuned__full_features__train
F2: materialized DuckDB table -> linear_tuned__full_features__test
F2: materialized DuckDB table -> linear_tuned__drop_static_structural__train
F2: materialized DuckDB table -> linear_tuned__drop_static_structural__test
F2: materialized DuckDB table -> linear_tuned__drop_temporal_signal__train
F2: materialized DuckDB table -> linear_tuned__drop_temporal_signal__test
F2: materialized DuckDB table -> linear_tuned__only_static_structural__train
F2: materialized DuckDB table -> linear_tuned__only_static_structural__test
F2: materialized DuckDB table -> linear_tuned__only_temporal_signal__train
F2: materialized DuckDB table -> linear_tuned__only_temporal_signal__test
F2: materialized DuckDB table -> gb_weekly_tuned__full_features__train
F2: materialized DuckDB table -> gb_weekly_tuned__full_features__test
F2: materialized DuckDB table -> gb_weekly_tuned__drop_static_structural__train
F2: materialized DuckDB table -> gb_weekly_tuned__drop_static_structural__test
F2: materialized DuckDB table -> gb_weekly_tuned__drop_temporal_signal__train
F2: materialized DuckDB table -> gb_weekly_tuned__drop_temporal_signal__test
F2: materialized DuckDB table -> gb_weekly_tuned__only_static_structural__train
F2: materialized DuckDB table -> gb_weekly_tuned__only_static_structural__test
F2: materialized DuckDB table -> gb_weekly_tuned__only_temporal_signal__train
F2: materialized DuckDB table -> gb_weekly_tuned__only_temporal_signal__test
F2: materialized DuckDB table -> neural_tuned__full_features__train
F2: materialized DuckDB table -> neural_tuned__full_features__test
F2: materialized DuckDB table -> neural_tuned__drop_static_structural__train
F2: materialized DuckDB table -> neural_tuned__drop_static_structural__test
F2: materialized DuckDB table -> neural_tuned__drop_temporal_signal__train
F2: materialized DuckDB table -> neural_tuned__drop_temporal_signal__test
F2: materialized DuckDB table -> neural_tuned__only_static_structural__train
F2: materialized DuckDB table -> neural_tuned__only_static_structural__test
F2: materialized DuckDB table -> neural_tuned__only_temporal_signal__train
F2: materialized DuckDB table -> neural_tuned__only_temporal_signal__test
F2: materialized DuckDB table -> cox_tuned__full_features__train
F2: materialized DuckDB table -> cox_tuned__full_features__test
F2: materialized DuckDB table -> cox_tuned__drop_static_structural__train
F2: materialized DuckDB table -> cox_tuned__drop_static_structural__test
F2: materialized DuckDB table -> cox_tuned__drop_temporal_signal__train
F2: materialized DuckDB table -> cox_tuned__drop_temporal_signal__test
F2: materialized DuckDB table -> cox_tuned__only_static_structural__train
F2: materialized DuckDB table -> cox_tuned__only_static_structural__test
F2: materialized DuckDB table -> cox_tuned__only_temporal_signal__train
F2: materialized DuckDB table -> cox_tuned__only_temporal_signal__test
F2: materialized DuckDB table -> deepsurv_tuned__full_features__train
F2: materialized DuckDB table -> deepsurv_tuned__full_features__test
F2: materialized DuckDB table -> deepsurv_tuned__drop_static_structural__train
F2: materialized DuckDB table -> deepsurv_tuned__drop_static_structural__test
F2: materialized DuckDB table -> deepsurv_tuned__drop_temporal_signal__train
F2: materialized DuckDB table -> deepsurv_tuned__drop_temporal_signal__test
F2: materialized DuckDB table -> deepsurv_tuned__only_static_structural__train
F2: materialized DuckDB table -> deepsurv_tuned__only_static_structural__test
F2: materialized DuckDB table -> deepsurv_tuned__only_temporal_signal__train
F2: materialized DuckDB table -> deepsurv_tuned__only_temporal_signal__test
F2: materialized DuckDB table -> rsf_tuned__full_features__train
F2: materialized DuckDB table -> rsf_tuned__full_features__test
F2: materialized DuckDB table -> rsf_tuned__drop_static_structural__train
F2: materialized DuckDB table -> rsf_tuned__drop_static_structural__test
F2: materialized DuckDB table -> rsf_tuned__drop_temporal_signal__train
F2: materialized DuckDB table -> rsf_tuned__drop_temporal_signal__test
F2: materialized DuckDB table -> rsf_tuned__only_static_structural__train
F2: materialized DuckDB table -> rsf_tuned__only_static_structural__test
F2: materialized DuckDB table -> rsf_tuned__only_temporal_signal__train
F2: materialized DuckDB table -> rsf_tuned__only_temporal_signal__test
F2: materialized DuckDB table -> mtlr_tuned__full_features__train
F2: materialized DuckDB table -> mtlr_tuned__full_features__test
F2: materialized DuckDB table -> mtlr_tuned__drop_static_structural__train
F2: materialized DuckDB table -> mtlr_tuned__drop_static_structural__test
F2: materialized DuckDB table -> mtlr_tuned__drop_temporal_signal__train
F2: materialized DuckDB table -> mtlr_tuned__drop_temporal_signal__test
F2: materialized DuckDB table -> mtlr_tuned__only_static_structural__train
F2: materialized DuckDB table -> mtlr_tuned__only_static_structural__test
F2: materialized DuckDB table -> mtlr_tuned__only_temporal_signal__train
F2: materialized DuckDB table -> mtlr_tuned__only_temporal_signal__test
F2: materialized DuckDB table -> table_ablation_variant_registry
F2: materialized DuckDB table -> table_ablation_variant_feature_manifest

Ablation variant registry:
          model_id                   family    data_level            scenario_id                    scenario_label                                  train_table_name                                  test_table_name storage_contract  n_train_rows  n_test_rows  n_columns_total  n_aux_columns  n_target_columns  n_feature_columns
poisson_pexp_tuned    discrete_time_poisson person_period          full_features            Full tuned feature set          poisson_pexp_tuned__full_features__train          poisson_pexp_tuned__full_features__test      duckdb_only        719498       308393               26              9                 1                 16
poisson_pexp_tuned    discrete_time_poisson person_period drop_static_structural Drop static structural covariates poisson_pexp_tuned__drop_static_structural__train poisson_pexp_tuned__drop_static_structural__test      duckdb_only        719498       308393               18              9                 1                  8
poisson_pexp_tuned    discrete_time_poisson person_period   drop_temporal_signal        Drop temporal signal block   poisson_pexp_tuned__drop_temporal_signal__train   poisson_pexp_tuned__drop_temporal_signal__test      duckdb_only        719498       308393               19              9                 1                  9
poisson_pexp_tuned    discrete_time_poisson person_period only_static_structural Only static structural covariates poisson_pexp_tuned__only_static_structural__train poisson_pexp_tuned__only_static_structural__test      duckdb_only        719498       308393               19              9                 1                  9
poisson_pexp_tuned    discrete_time_poisson person_period   only_temporal_signal        Only temporal signal block   poisson_pexp_tuned__only_temporal_signal__train   poisson_pexp_tuned__only_temporal_signal__test      duckdb_only        719498       308393               18              9                 1                  8
      linear_tuned     discrete_time_linear person_period          full_features            Full tuned feature set                linear_tuned__full_features__train                linear_tuned__full_features__test      duckdb_only        719498       308393               26              9                 1                 16
      linear_tuned     discrete_time_linear person_period drop_static_structural Drop static structural covariates       linear_tuned__drop_static_structural__train       linear_tuned__drop_static_structural__test      duckdb_only        719498       308393               18              9                 1                  8
      linear_tuned     discrete_time_linear person_period   drop_temporal_signal        Drop temporal signal block         linear_tuned__drop_temporal_signal__train         linear_tuned__drop_temporal_signal__test      duckdb_only        719498       308393               19              9                 1                  9
      linear_tuned     discrete_time_linear person_period only_static_structural Only static structural covariates       linear_tuned__only_static_structural__train       linear_tuned__only_static_structural__test      duckdb_only        719498       308393               19              9                 1                  9
      linear_tuned     discrete_time_linear person_period   only_temporal_signal        Only temporal signal block         linear_tuned__only_temporal_signal__train         linear_tuned__only_temporal_signal__test      duckdb_only        719498       308393               18              9                 1                  8
   gb_weekly_tuned         discrete_time_gb person_period          full_features            Full tuned feature set             gb_weekly_tuned__full_features__train             gb_weekly_tuned__full_features__test      duckdb_only        719498       308393               26              9                 1                 16
   gb_weekly_tuned         discrete_time_gb person_period drop_static_structural Drop static structural covariates    gb_weekly_tuned__drop_static_structural__train    gb_weekly_tuned__drop_static_structural__test      duckdb_only        719498       308393               18              9                 1                  8
   gb_weekly_tuned         discrete_time_gb person_period   drop_temporal_signal        Drop temporal signal block      gb_weekly_tuned__drop_temporal_signal__train      gb_weekly_tuned__drop_temporal_signal__test      duckdb_only        719498       308393               19              9                 1                  9
   gb_weekly_tuned         discrete_time_gb person_period only_static_structural Only static structural covariates    gb_weekly_tuned__only_static_structural__train    gb_weekly_tuned__only_static_structural__test      duckdb_only        719498       308393               19              9                 1                  9
   gb_weekly_tuned         discrete_time_gb person_period   only_temporal_signal        Only temporal signal block      gb_weekly_tuned__only_temporal_signal__train      gb_weekly_tuned__only_temporal_signal__test      duckdb_only        719498       308393               18              9                 1                  8
      neural_tuned     discrete_time_neural person_period          full_features            Full tuned feature set                neural_tuned__full_features__train                neural_tuned__full_features__test      duckdb_only        715824       312067               25              8                 1                 16
      neural_tuned     discrete_time_neural person_period drop_static_structural Drop static structural covariates       neural_tuned__drop_static_structural__train       neural_tuned__drop_static_structural__test      duckdb_only        715824       312067               17              8                 1                  8
      neural_tuned     discrete_time_neural person_period   drop_temporal_signal        Drop temporal signal block         neural_tuned__drop_temporal_signal__train         neural_tuned__drop_temporal_signal__test      duckdb_only        715824       312067               18              8                 1                  9
      neural_tuned     discrete_time_neural person_period only_static_structural Only static structural covariates       neural_tuned__only_static_structural__train       neural_tuned__only_static_structural__test      duckdb_only        715824       312067               18              8                 1                  9
      neural_tuned     discrete_time_neural person_period   only_temporal_signal        Only temporal signal block         neural_tuned__only_temporal_signal__train         neural_tuned__only_temporal_signal__test      duckdb_only        715824       312067               17              8                 1                  8
         cox_tuned      continuous_time_cox    enrollment          full_features            Full tuned feature set                   cox_tuned__full_features__train                   cox_tuned__full_features__test      duckdb_only         22815         9778               20              8                 1                 11
         cox_tuned      continuous_time_cox    enrollment drop_static_structural Drop static structural covariates          cox_tuned__drop_static_structural__train          cox_tuned__drop_static_structural__test      duckdb_only         22815         9778               12              8                 1                  3
         cox_tuned      continuous_time_cox    enrollment   drop_temporal_signal        Drop temporal signal block            cox_tuned__drop_temporal_signal__train            cox_tuned__drop_temporal_signal__test      duckdb_only         22815         9778               17              8                 1                  8
         cox_tuned      continuous_time_cox    enrollment only_static_structural Only static structural covariates          cox_tuned__only_static_structural__train          cox_tuned__only_static_structural__test      duckdb_only         22815         9778               17              8                 1                  8
         cox_tuned      continuous_time_cox    enrollment   only_temporal_signal        Only temporal signal block            cox_tuned__only_temporal_signal__train            cox_tuned__only_temporal_signal__test      duckdb_only         22815         9778               12              8                 1                  3
    deepsurv_tuned continuous_time_deepsurv    enrollment          full_features            Full tuned feature set              deepsurv_tuned__full_features__train              deepsurv_tuned__full_features__test      duckdb_only         22815         9778               20              8                 1                 11
    deepsurv_tuned continuous_time_deepsurv    enrollment drop_static_structural Drop static structural covariates     deepsurv_tuned__drop_static_structural__train     deepsurv_tuned__drop_static_structural__test      duckdb_only         22815         9778               12              8                 1                  3
    deepsurv_tuned continuous_time_deepsurv    enrollment   drop_temporal_signal        Drop temporal signal block       deepsurv_tuned__drop_temporal_signal__train       deepsurv_tuned__drop_temporal_signal__test      duckdb_only         22815         9778               17              8                 1                  8
    deepsurv_tuned continuous_time_deepsurv    enrollment only_static_structural Only static structural covariates     deepsurv_tuned__only_static_structural__train     deepsurv_tuned__only_static_structural__test      duckdb_only         22815         9778               17              8                 1                  8
    deepsurv_tuned continuous_time_deepsurv    enrollment   only_temporal_signal        Only temporal signal block       deepsurv_tuned__only_temporal_signal__train       deepsurv_tuned__only_temporal_signal__test      duckdb_only         22815         9778               12              8                 1                  3
         rsf_tuned        tree_survival_rsf    enrollment          full_features            Full tuned feature set                   rsf_tuned__full_features__train                   rsf_tuned__full_features__test      duckdb_only         22815         9778               20              8                 1                 11
         rsf_tuned        tree_survival_rsf    enrollment drop_static_structural Drop static structural covariates          rsf_tuned__drop_static_structural__train          rsf_tuned__drop_static_structural__test      duckdb_only         22815         9778               12              8                 1                  3
         rsf_tuned        tree_survival_rsf    enrollment   drop_temporal_signal        Drop temporal signal block            rsf_tuned__drop_temporal_signal__train            rsf_tuned__drop_temporal_signal__test      duckdb_only         22815         9778               17              8                 1                  8
         rsf_tuned        tree_survival_rsf    enrollment only_static_structural Only static structural covariates          rsf_tuned__only_static_structural__train          rsf_tuned__only_static_structural__test      duckdb_only         22815         9778               17              8                 1                  8
         rsf_tuned        tree_survival_rsf    enrollment   only_temporal_signal        Only temporal signal block            rsf_tuned__only_temporal_signal__train            rsf_tuned__only_temporal_signal__test      duckdb_only         22815         9778               12              8                 1                  3
        mtlr_tuned     continuous_time_mtlr    enrollment          full_features            Full tuned feature set                  mtlr_tuned__full_features__train                  mtlr_tuned__full_features__test      duckdb_only         22815         9778               20              8                 1                 11
        mtlr_tuned     continuous_time_mtlr    enrollment drop_static_structural Drop static structural covariates         mtlr_tuned__drop_static_structural__train         mtlr_tuned__drop_static_structural__test      duckdb_only         22815         9778               12              8                 1                  3
        mtlr_tuned     continuous_time_mtlr    enrollment   drop_temporal_signal        Drop temporal signal block           mtlr_tuned__drop_temporal_signal__train           mtlr_tuned__drop_temporal_signal__test      duckdb_only         22815         9778               17              8                 1                  8
        mtlr_tuned     continuous_time_mtlr    enrollment only_static_structural Only static structural covariates         mtlr_tuned__only_static_structural__train         mtlr_tuned__only_static_structural__test      duckdb_only         22815         9778               17              8                 1                  8
        mtlr_tuned     continuous_time_mtlr    enrollment   only_temporal_signal        Only temporal signal block           mtlr_tuned__only_temporal_signal__train           mtlr_tuned__only_temporal_signal__test      duckdb_only         22815         9778               12              8                 1                  3

Ablation variant feature manifest (first rows):
          model_id                family    data_level            scenario_id                    scenario_label                           column_name      role               feature_block
poisson_pexp_tuned discrete_time_poisson person_period          full_features            Full tuned feature set                         enrollment_id auxiliary               aux_or_target
poisson_pexp_tuned discrete_time_poisson person_period          full_features            Full tuned feature set                            id_student auxiliary               aux_or_target
poisson_pexp_tuned discrete_time_poisson person_period          full_features            Full tuned feature set                           code_module auxiliary               aux_or_target
poisson_pexp_tuned discrete_time_poisson person_period          full_features            Full tuned feature set                     code_presentation auxiliary               aux_or_target
poisson_pexp_tuned discrete_time_poisson person_period          full_features            Full tuned feature set                        event_observed auxiliary               aux_or_target
poisson_pexp_tuned discrete_time_poisson person_period          full_features            Full tuned feature set                          t_event_week auxiliary               aux_or_target
poisson_pexp_tuned discrete_time_poisson person_period          full_features            Full tuned feature set                          t_final_week auxiliary               aux_or_target
poisson_pexp_tuned discrete_time_poisson person_period          full_features            Full tuned feature set used_zero_week_fallback_for_censoring auxiliary               aux_or_target
poisson_pexp_tuned discrete_time_poisson person_period          full_features            Full tuned feature set                                 split auxiliary               aux_or_target
poisson_pexp_tuned discrete_time_poisson person_period          full_features            Full tuned feature set                               event_t    target               aux_or_target
poisson_pexp_tuned discrete_time_poisson person_period          full_features            Full tuned feature set                                gender   feature           static_structural
poisson_pexp_tuned discrete_time_poisson person_period          full_features            Full tuned feature set                                region   feature           static_structural
poisson_pexp_tuned discrete_time_poisson person_period          full_features            Full tuned feature set                     highest_education   feature           static_structural
poisson_pexp_tuned discrete_time_poisson person_period          full_features            Full tuned feature set                              imd_band   feature           static_structural
poisson_pexp_tuned discrete_time_poisson person_period          full_features            Full tuned feature set                              age_band   feature           static_structural
poisson_pexp_tuned discrete_time_poisson person_period          full_features            Full tuned feature set                  num_of_prev_attempts   feature           static_structural
poisson_pexp_tuned discrete_time_poisson person_period          full_features            Full tuned feature set                       studied_credits   feature           static_structural
poisson_pexp_tuned discrete_time_poisson person_period          full_features            Full tuned feature set                            disability   feature           static_structural
poisson_pexp_tuned discrete_time_poisson person_period          full_features            Full tuned feature set                     total_clicks_week   feature dynamic_temporal_behavioral
poisson_pexp_tuned discrete_time_poisson person_period          full_features            Full tuned feature set                      active_this_week   feature dynamic_temporal_behavioral
poisson_pexp_tuned discrete_time_poisson person_period          full_features            Full tuned feature set                       n_vle_rows_week   feature dynamic_temporal_behavioral
poisson_pexp_tuned discrete_time_poisson person_period          full_features            Full tuned feature set                 n_distinct_sites_week   feature dynamic_temporal_behavioral
poisson_pexp_tuned discrete_time_poisson person_period          full_features            Full tuned feature set                    cum_clicks_until_t   feature dynamic_temporal_behavioral
poisson_pexp_tuned discrete_time_poisson person_period          full_features            Full tuned feature set                               recency   feature dynamic_temporal_behavioral
poisson_pexp_tuned discrete_time_poisson person_period          full_features            Full tuned feature set                                streak   feature dynamic_temporal_behavioral
poisson_pexp_tuned discrete_time_poisson person_period          full_features            Full tuned feature set                                  week   feature         discrete_time_index
poisson_pexp_tuned discrete_time_poisson person_period drop_static_structural Drop static structural covariates                         enrollment_id auxiliary               aux_or_target
poisson_pexp_tuned discrete_time_poisson person_period drop_static_structural Drop static structural covariates                            id_student auxiliary               aux_or_target
poisson_pexp_tuned discrete_time_poisson person_period drop_static_structural Drop static structural covariates                           code_module auxiliary               aux_or_target
poisson_pexp_tuned discrete_time_poisson person_period drop_static_structural Drop static structural covariates                     code_presentation auxiliary               aux_or_target
poisson_pexp_tuned discrete_time_poisson person_period drop_static_structural Drop static structural covariates                        event_observed auxiliary               aux_or_target
poisson_pexp_tuned discrete_time_poisson person_period drop_static_structural Drop static structural covariates                          t_event_week auxiliary               aux_or_target
poisson_pexp_tuned discrete_time_poisson person_period drop_static_structural Drop static structural covariates                          t_final_week auxiliary               aux_or_target
poisson_pexp_tuned discrete_time_poisson person_period drop_static_structural Drop static structural covariates used_zero_week_fallback_for_censoring auxiliary               aux_or_target
poisson_pexp_tuned discrete_time_poisson person_period drop_static_structural Drop static structural covariates                                 split auxiliary               aux_or_target
poisson_pexp_tuned discrete_time_poisson person_period drop_static_structural Drop static structural covariates                               event_t    target               aux_or_target
poisson_pexp_tuned discrete_time_poisson person_period drop_static_structural Drop static structural covariates                     total_clicks_week   feature dynamic_temporal_behavioral
poisson_pexp_tuned discrete_time_poisson person_period drop_static_structural Drop static structural covariates                      active_this_week   feature dynamic_temporal_behavioral
poisson_pexp_tuned discrete_time_poisson person_period drop_static_structural Drop static structural covariates                       n_vle_rows_week   feature dynamic_temporal_behavioral
poisson_pexp_tuned discrete_time_poisson person_period drop_static_structural Drop static structural covariates                 n_distinct_sites_week   feature dynamic_temporal_behavioral
poisson_pexp_tuned discrete_time_poisson person_period drop_static_structural Drop static structural covariates                    cum_clicks_until_t   feature dynamic_temporal_behavioral
poisson_pexp_tuned discrete_time_poisson person_period drop_static_structural Drop static structural covariates                               recency   feature dynamic_temporal_behavioral
poisson_pexp_tuned discrete_time_poisson person_period drop_static_structural Drop static structural covariates                                streak   feature dynamic_temporal_behavioral
poisson_pexp_tuned discrete_time_poisson person_period drop_static_structural Drop static structural covariates                                  week   feature         discrete_time_index
poisson_pexp_tuned discrete_time_poisson person_period   drop_temporal_signal        Drop temporal signal block                         enrollment_id auxiliary               aux_or_target
poisson_pexp_tuned discrete_time_poisson person_period   drop_temporal_signal        Drop temporal signal block                            id_student auxiliary               aux_or_target
poisson_pexp_tuned discrete_time_poisson person_period   drop_temporal_signal        Drop temporal signal block                           code_module auxiliary               aux_or_target
poisson_pexp_tuned discrete_time_poisson person_period   drop_temporal_signal        Drop temporal signal block                     code_presentation auxiliary               aux_or_target
poisson_pexp_tuned discrete_time_poisson person_period   drop_temporal_signal        Drop temporal signal block                        event_observed auxiliary               aux_or_target
poisson_pexp_tuned discrete_time_poisson person_period   drop_temporal_signal        Drop temporal signal block                          t_event_week auxiliary               aux_or_target
poisson_pexp_tuned discrete_time_poisson person_period   drop_temporal_signal        Drop temporal signal block                          t_final_week auxiliary               aux_or_target
poisson_pexp_tuned discrete_time_poisson person_period   drop_temporal_signal        Drop temporal signal block used_zero_week_fallback_for_censoring auxiliary               aux_or_target
poisson_pexp_tuned discrete_time_poisson person_period   drop_temporal_signal        Drop temporal signal block                                 split auxiliary               aux_or_target
poisson_pexp_tuned discrete_time_poisson person_period   drop_temporal_signal        Drop temporal signal block                               event_t    target               aux_or_target
poisson_pexp_tuned discrete_time_poisson person_period   drop_temporal_signal        Drop temporal signal block                                gender   feature           static_structural
poisson_pexp_tuned discrete_time_poisson person_period   drop_temporal_signal        Drop temporal signal block                                region   feature           static_structural
poisson_pexp_tuned discrete_time_poisson person_period   drop_temporal_signal        Drop temporal signal block                     highest_education   feature           static_structural
poisson_pexp_tuned discrete_time_poisson person_period   drop_temporal_signal        Drop temporal signal block                              imd_band   feature           static_structural
poisson_pexp_tuned discrete_time_poisson person_period   drop_temporal_signal        Drop temporal signal block                              age_band   feature           static_structural
poisson_pexp_tuned discrete_time_poisson person_period   drop_temporal_signal        Drop temporal signal block                  num_of_prev_attempts   feature           static_structural/Users/rafars/.pyenv/versions/3.9.13/lib/python3.9/site-packages/sklearn/linear_model/_linear_loss.py:165: RuntimeWarning: divide by zero encountered in matmul
  raw_prediction = X @ weights + intercept
/Users/rafars/.pyenv/versions/3.9.13/lib/python3.9/site-packages/sklearn/linear_model/_linear_loss.py:165: RuntimeWarning: overflow encountered in matmul
  raw_prediction = X @ weights + intercept
/Users/rafars/.pyenv/versions/3.9.13/lib/python3.9/site-packages/sklearn/linear_model/_linear_loss.py:165: RuntimeWarning: invalid value encountered in matmul
  raw_prediction = X @ weights + intercept
/Users/rafars/.pyenv/versions/3.9.13/lib/python3.9/site-packages/sklearn/linear_model/_linear_loss.py:295: RuntimeWarning: divide by zero encountered in matmul
  grad[:n_features] = X.T @ grad_pointwise + l2_reg_strength * weights
/Users/rafars/.pyenv/versions/3.9.13/lib/python3.9/site-packages/sklearn/linear_model/_linear_loss.py:295: RuntimeWarning: overflow encountered in matmul
  grad[:n_features] = X.T @ grad_pointwise + l2_reg_strength * weights
/Users/rafars/.pyenv/versions/3.9.13/lib/python3.9/site-packages/sklearn/linear_model/_linear_loss.py:295: RuntimeWarning: invalid value encountered in matmul
  grad[:n_features] = X.T @ grad_pointwise + l2_reg_strength * weights
/Users/rafars/.pyenv/versions/3.9.13/lib/python3.9/site-packages/sklearn/linear_model/_glm/glm.py:345: RuntimeWarning: divide by zero encountered in matmul
  return X @ self.coef_ + self.intercept_
/Users/rafars/.pyenv/versions/3.9.13/lib/python3.9/site-packages/sklearn/linear_model/_glm/glm.py:345: RuntimeWarning: overflow encountered in matmul
  return X @ self.coef_ + self.intercept_
/Users/rafars/.pyenv/versions/3.9.13/lib/python3.9/site-packages/sklearn/linear_model/_glm/glm.py:345: RuntimeWarning: invalid value encountered in matmul
  return X @ self.coef_ + self.intercept_
/Users/rafars/.pyenv/versions/3.9.13/lib/python3.9/site-packages/sklearn/linear_model/_linear_loss.py:165: RuntimeWarning: divide by zero encountered in matmul
  raw_prediction = X @ weights + intercept
/Users/rafars/.pyenv/versions/3.9.13/lib/python3.9/site-packages/sklearn/linear_model/_linear_loss.py:165: RuntimeWarning: overflow encountered in matmul
  raw_prediction = X @ weights + intercept
/Users/rafars/.pyenv/versions/3.9.13/lib/python3.9/site-packages/sklearn/linear_model/_linear_loss.py:165: RuntimeWarning: invalid value encountered in matmul
  raw_prediction = X @ weights + intercept
/Users/rafars/.pyenv/versions/3.9.13/lib/python3.9/site-packages/sklearn/linear_model/_linear_loss.py:295: RuntimeWarning: divide by zero encountered in matmul
  grad[:n_features] = X.T @ grad_pointwise + l2_reg_strength * weights
/Users/rafars/.pyenv/versions/3.9.13/lib/python3.9/site-packages/sklearn/linear_model/_linear_loss.py:295: RuntimeWarning: overflow encountered in matmul
  grad[:n_features] = X.T @ grad_pointwise + l2_reg_strength * weights
/Users/rafars/.pyenv/versions/3.9.13/lib/python3.9/site-packages/sklearn/linear_model/_linear_loss.py:295: RuntimeWarning: invalid value encountered in matmul
  grad[:n_features] = X.T @ grad_pointwise + l2_reg_strength * weights
/Users/rafars/.pyenv/versions/3.9.13/lib/python3.9/site-packages/sklearn/linear_model/_glm/glm.py:345: RuntimeWarning: divide by zero encountered in matmul
  return X @ self.coef_ + self.intercept_
/Users/rafars/.pyenv/versions/3.9.13/lib/python3.9/site-packages/sklearn/linear_model/_glm/glm.py:345: RuntimeWarning: overflow encountered in matmul
  return X @ self.coef_ + self.intercept_
/Users/rafars/.pyenv/versions/3.9.13/lib/python3.9/site-packages/sklearn/linear_model/_glm/glm.py:345: RuntimeWarning: invalid value encountered in matmul
  return X @ self.coef_ + self.intercept_
/Users/rafars/.pyenv/versions/3.9.13/lib/python3.9/site-packages/sklearn/linear_model/_linear_loss.py:165: RuntimeWarning: divide by zero encountered in matmul
  raw_prediction = X @ weights + intercept
/Users/rafars/.pyenv/versions/3.9.13/lib/python3.9/site-packages/sklearn/linear_model/_linear_loss.py:165: RuntimeWarning: overflow encountered in matmul
  raw_prediction = X @ weights + intercept
/Users/rafars/.pyenv/versions/3.9.13/lib/python3.9/site-packages/sklearn/linear_model/_linear_loss.py:165: RuntimeWarning: invalid value encountered in matmul
  raw_prediction = X @ weights + intercept
/Users/rafars/.pyenv/versions/3.9.13/lib/python3.9/site-packages/sklearn/linear_model/_linear_loss.py:295: RuntimeWarning: divide by zero encountered in matmul
  grad[:n_features] = X.T @ grad_pointwise + l2_reg_strength * weights
/Users/rafars/.pyenv/versions/3.9.13/lib/python3.9/site-packages/sklearn/linear_model/_linear_loss.py:295: RuntimeWarning: overflow encountered in matmul
  grad[:n_features] = X.T @ grad_pointwise + l2_reg_strength * weights
/Users/rafars/.pyenv/versions/3.9.13/lib/python3.9/site-packages/sklearn/linear_model/_linear_loss.py:295: RuntimeWarning: invalid value encountered in matmul
  grad[:n_features] = X.T @ grad_pointwise + l2_reg_strength * weights
/Users/rafars/.pyenv/versions/3.9.13/lib/python3.9/site-packages/sklearn/linear_model/_glm/glm.py:345: RuntimeWarning: divide by zero encountered in matmul
  return X @ self.coef_ + self.intercept_
/Users/rafars/.pyenv/versions/3.9.13/lib/python3.9/site-packages/sklearn/linear_model/_glm/glm.py:345: RuntimeWarning: overflow encountered in matmul
  return X @ self.coef_ + self.intercept_
/Users/rafars/.pyenv/versions/3.9.13/lib/python3.9/site-packages/sklearn/linear_model/_glm/glm.py:345: RuntimeWarning: invalid value encountered in matmul
  return X @ self.coef_ + self.intercept_
/Users/rafars/.pyenv/versions/3.9.13/lib/python3.9/site-packages/sklearn/linear_model/_linear_loss.py:165: RuntimeWarning: divide by zero encountered in matmul
  raw_prediction = X @ weights + intercept
/Users/rafars/.pyenv/versions/3.9.13/lib/python3.9/site-packages/sklearn/linear_model/_linear_loss.py:165: RuntimeWarning: overflow encountered in matmul
  raw_prediction = X @ weights + intercept
/Users/rafars/.pyenv/versions/3.9.13/lib/python3.9/site-packages/sklearn/linear_model/_linear_loss.py:165: RuntimeWarning: invalid value encountered in matmul
  raw_prediction = X @ weights + intercept
/Users/rafars/.pyenv/versions/3.9.13/lib/python3.9/site-packages/sklearn/linear_model/_linear_loss.py:295: RuntimeWarning: divide by zero encountered in matmul
  grad[:n_features] = X.T @ grad_pointwise + l2_reg_strength * weights
/Users/rafars/.pyenv/versions/3.9.13/lib/python3.9/site-packages/sklearn/linear_model/_linear_loss.py:295: RuntimeWarning: overflow encountered in matmul
  grad[:n_features] = X.T @ grad_pointwise + l2_reg_strength * weights
/Users/rafars/.pyenv/versions/3.9.13/lib/python3.9/site-packages/sklearn/linear_model/_linear_loss.py:295: RuntimeWarning: invalid value encountered in matmul
  grad[:n_features] = X.T @ grad_pointwise + l2_reg_strength * weights
/Users/rafars/.pyenv/versions/3.9.13/lib/python3.9/site-packages/sklearn/linear_model/_glm/glm.py:345: RuntimeWarning: divide by zero encountered in matmul
  return X @ self.coef_ + self.intercept_
/Users/rafars/.pyenv/versions/3.9.13/lib/python3.9/site-packages/sklearn/linear_model/_glm/glm.py:345: RuntimeWarning: overflow encountered in matmul
  return X @ self.coef_ + self.intercept_
/Users/rafars/.pyenv/versions/3.9.13/lib/python3.9/site-packages/sklearn/linear_model/_glm/glm.py:345: RuntimeWarning: invalid value encountered in matmul
  return X @ self.coef_ + self.intercept_
/Users/rafars/.pyenv/versions/3.9.13/lib/python3.9/site-packages/sklearn/linear_model/_linear_loss.py:165: RuntimeWarning: divide by zero encountered in matmul
  raw_prediction = X @ weights + intercept
/Users/rafars/.pyenv/versions/3.9.13/lib/python3.9/site-packages/sklearn/linear_model/_linear_loss.py:165: RuntimeWarning: overflow encountered in matmul
  raw_prediction = X @ weights + intercept
/Users/rafars/.pyenv/versions/3.9.13/lib/python3.9/site-packages/sklearn/linear_model/_linear_loss.py:165: RuntimeWarning: invalid value encountered in matmul
  raw_prediction = X @ weights + intercept
/Users/rafars/.pyenv/versions/3.9.13/lib/python3.9/site-packages/sklearn/linear_model/_linear_loss.py:295: RuntimeWarning: divide by zero encountered in matmul
  grad[:n_features] = X.T @ grad_pointwise + l2_reg_strength * weights
/Users/rafars/.pyenv/versions/3.9.13/lib/python3.9/site-packages/sklearn/linear_model/_linear_loss.py:295: RuntimeWarning: overflow encountered in matmul
  grad[:n_features] = X.T @ grad_pointwise + l2_reg_strength * weights
/Users/rafars/.pyenv/versions/3.9.13/lib/python3.9/site-packages/sklearn/linear_model/_linear_loss.py:295: RuntimeWarning: invalid value encountered in matmul
  grad[:n_features] = X.T @ grad_pointwise + l2_reg_strength * weights
/Users/rafars/.pyenv/versions/3.9.13/lib/python3.9/site-packages/sklearn/linear_model/_glm/glm.py:345: RuntimeWarning: divide by zero encountered in matmul
  return X @ self.coef_ + self.intercept_
/Users/rafars/.pyenv/versions/3.9.13/lib/python3.9/site-packages/sklearn/linear_model/_glm/glm.py:345: RuntimeWarning: overflow encountered in matmul
  return X @ self.coef_ + self.intercept_
/Users/rafars/.pyenv/versions/3.9.13/lib/python3.9/site-packages/sklearn/linear_model/_glm/glm.py:345: RuntimeWarning: invalid value encountered in matmul
  return X @ self.coef_ + self.intercept_
/Users/rafars/.pyenv/versions/3.9.13/lib/python3.9/site-packages/sklearn/linear_model/_linear_loss.py:165: RuntimeWarning: divide by zero encountered in matmul
  raw_prediction = X @ weights + intercept
/Users/rafars/.pyenv/versions/3.9.13/lib/python3.9/site-packages/sklearn/linear_model/_linear_loss.py:165: RuntimeWarning: overflow encountered in matmul
  raw_prediction = X @ weights + intercept
/Users/rafars/.pyenv/versions/3.9.13/lib/python3.9/site-packages/sklearn/linear_model/_linear_loss.py:165: RuntimeWarning: invalid value encountered in matmul
  raw_prediction = X @ weights + intercept
/Users/rafars/.pyenv/versions/3.9.13/lib/python3.9/site-packages/sklearn/linear_model/_linear_loss.py:295: RuntimeWarning: divide by zero encountered in matmul
  grad[:n_features] = X.T @ grad_pointwise + l2_reg_strength * weights
/Users/rafars/.pyenv/versions/3.9.13/lib/python3.9/site-packages/sklearn/linear_model/_linear_loss.py:295: RuntimeWarning: overflow encountered in matmul
  grad[:n_features] = X.T @ grad_pointwise + l2_reg_strength * weights
/Users/rafars/.pyenv/versions/3.9.13/lib/python3.9/site-packages/sklearn/linear_model/_linear_loss.py:295: RuntimeWarning: invalid value encountered in matmul
  grad[:n_features] = X.T @ grad_pointwise + l2_reg_strength * weights
/Users/rafars/.pyenv/versions/3.9.13/lib/python3.9/site-packages/sklearn/utils/extmath.py:205: RuntimeWarning: divide by zero encountered in matmul
  ret = a @ b
/Users/rafars/.pyenv/versions/3.9.13/lib/python3.9/site-packages/sklearn/utils/extmath.py:205: RuntimeWarning: overflow encountered in matmul
  ret = a @ b
/Users/rafars/.pyenv/versions/3.9.13/lib/python3.9/site-packages/sklearn/utils/extmath.py:205: RuntimeWarning: invalid value encountered in matmul
  ret = a @ b
/Users/rafars/.pyenv/versions/3.9.13/lib/python3.9/site-packages/sklearn/linear_model/_linear_loss.py:165: RuntimeWarning: divide by zero encountered in matmul
  raw_prediction = X @ weights + intercept
/Users/rafars/.pyenv/versions/3.9.13/lib/python3.9/site-packages/sklearn/linear_model/_linear_loss.py:165: RuntimeWarning: overflow encountered in matmul
  raw_prediction = X @ weights + intercept
/Users/rafars/.pyenv/versions/3.9.13/lib/python3.9/site-packages/sklearn/linear_model/_linear_loss.py:165: RuntimeWarning: invalid value encountered in matmul
  raw_prediction = X @ weights + intercept
/Users/rafars/.pyenv/versions/3.9.13/lib/python3.9/site-packages/sklearn/linear_model/_linear_loss.py:295: RuntimeWarning: divide by zero encountered in matmul
  grad[:n_features] = X.T @ grad_pointwise + l2_reg_strength * weights
/Users/rafars/.pyenv/versions/3.9.13/lib/python3.9/site-packages/sklearn/linear_model/_linear_loss.py:295: RuntimeWarning: overflow encountered in matmul
  grad[:n_features] = X.T @ grad_pointwise + l2_reg_strength * weights
/Users/rafars/.pyenv/versions/3.9.13/lib/python3.9/site-packages/sklearn/linear_model/_linear_loss.py:295: RuntimeWarning: invalid value encountered in matmul
  grad[:n_features] = X.T @ grad_pointwise + l2_reg_strength * weights
/Users/rafars/.pyenv/versions/3.9.13/lib/python3.9/site-packages/sklearn/utils/extmath.py:205: RuntimeWarning: divide by zero encountered in matmul
  ret = a @ b
/Users/rafars/.pyenv/versions/3.9.13/lib/python3.9/site-packages/sklearn/utils/extmath.py:205: RuntimeWarning: overflow encountered in matmul
  ret = a @ b
/Users/rafars/.pyenv/versions/3.9.13/lib/python3.9/site-packages/sklearn/utils/extmath.py:205: RuntimeWarning: invalid value encountered in matmul
  ret = a @ b
/Users/rafars/.pyenv/versions/3.9.13/lib/python3.9/site-packages/sklearn/linear_model/_linear_loss.py:165: RuntimeWarning: divide by zero encountered in matmul
  raw_prediction = X @ weights + intercept
/Users/rafars/.pyenv/versions/3.9.13/lib/python3.9/site-packages/sklearn/linear_model/_linear_loss.py:165: RuntimeWarning: overflow encountered in matmul
  raw_prediction = X @ weights + intercept
/Users/rafars/.pyenv/versions/3.9.13/lib/python3.9/site-packages/sklearn/linear_model/_linear_loss.py:165: RuntimeWarning: invalid value encountered in matmul
  raw_prediction = X @ weights + intercept
/Users/rafars/.pyenv/versions/3.9.13/lib/python3.9/site-packages/sklearn/linear_model/_linear_loss.py:295: RuntimeWarning: divide by zero encountered in matmul
  grad[:n_features] = X.T @ grad_pointwise + l2_reg_strength * weights
/Users/rafars/.pyenv/versions/3.9.13/lib/python3.9/site-packages/sklearn/linear_model/_linear_loss.py:295: RuntimeWarning: overflow encountered in matmul
  grad[:n_features] = X.T @ grad_pointwise + l2_reg_strength * weights
/Users/rafars/.pyenv/versions/3.9.13/lib/python3.9/site-packages/sklearn/linear_model/_linear_loss.py:295: RuntimeWarning: invalid value encountered in matmul
  grad[:n_features] = X.T @ grad_pointwise + l2_reg_strength * weights
/Users/rafars/.pyenv/versions/3.9.13/lib/python3.9/site-packages/sklearn/utils/extmath.py:205: RuntimeWarning: divide by zero encountered in matmul
  ret = a @ b
/Users/rafars/.pyenv/versions/3.9.13/lib/python3.9/site-packages/sklearn/utils/extmath.py:205: RuntimeWarning: overflow encountered in matmul
  ret = a @ b
/Users/rafars/.pyenv/versions/3.9.13/lib/python3.9/site-packages/sklearn/utils/extmath.py:205: RuntimeWarning: invalid value encountered in matmul
  ret = a @ b
/Users/rafars/.pyenv/versions/3.9.13/lib/python3.9/site-packages/sklearn/linear_model/_linear_loss.py:165: RuntimeWarning: divide by zero encountered in matmul
  raw_prediction = X @ weights + intercept
/Users/rafars/.pyenv/versions/3.9.13/lib/python3.9/site-packages/sklearn/linear_model/_linear_loss.py:165: RuntimeWarning: overflow encountered in matmul
  raw_prediction = X @ weights + intercept
/Users/rafars/.pyenv/versions/3.9.13/lib/python3.9/site-packages/sklearn/linear_model/_linear_loss.py:165: RuntimeWarning: invalid value encountered in matmul
  raw_prediction = X @ weights + intercept
/Users/rafars/.pyenv/versions/3.9.13/lib/python3.9/site-packages/sklearn/linear_model/_linear_loss.py:295: RuntimeWarning: divide by zero encountered in matmul
  grad[:n_features] = X.T @ grad_pointwise + l2_reg_strength * weights
/Users/rafars/.pyenv/versions/3.9.13/lib/python3.9/site-packages/sklearn/linear_model/_linear_loss.py:295: RuntimeWarning: overflow encountered in matmul
  grad[:n_features] = X.T @ grad_pointwise + l2_reg_strength * weights
/Users/rafars/.pyenv/versions/3.9.13/lib/python3.9/site-packages/sklearn/linear_model/_linear_loss.py:295: RuntimeWarning: invalid value encountered in matmul
  grad[:n_features] = X.T @ grad_pointwise + l2_reg_strength * weights
/Users/rafars/.pyenv/versions/3.9.13/lib/python3.9/site-packages/sklearn/utils/extmath.py:205: RuntimeWarning: divide by zero encountered in matmul
  ret = a @ b
/Users/rafars/.pyenv/versions/3.9.13/lib/python3.9/site-packages/sklearn/utils/extmath.py:205: RuntimeWarning: overflow encountered in matmul
  ret = a @ b
/Users/rafars/.pyenv/versions/3.9.13/lib/python3.9/site-packages/sklearn/utils/extmath.py:205: RuntimeWarning: invalid value encountered in matmul
  ret = a @ b
/Users/rafars/.pyenv/versions/3.9.13/lib/python3.9/site-packages/sklearn/linear_model/_linear_loss.py:165: RuntimeWarning: divide by zero encountered in matmul
  raw_prediction = X @ weights + intercept
/Users/rafars/.pyenv/versions/3.9.13/lib/python3.9/site-packages/sklearn/linear_model/_linear_loss.py:165: RuntimeWarning: overflow encountered in matmul
  raw_prediction = X @ weights + intercept
/Users/rafars/.pyenv/versions/3.9.13/lib/python3.9/site-packages/sklearn/linear_model/_linear_loss.py:165: RuntimeWarning: invalid value encountered in matmul
  raw_prediction = X @ weights + intercept
/Users/rafars/.pyenv/versions/3.9.13/lib/python3.9/site-packages/sklearn/linear_model/_linear_loss.py:295: RuntimeWarning: divide by zero encountered in matmul
  grad[:n_features] = X.T @ grad_pointwise + l2_reg_strength * weights
/Users/rafars/.pyenv/versions/3.9.13/lib/python3.9/site-packages/sklearn/linear_model/_linear_loss.py:295: RuntimeWarning: overflow encountered in matmul
  grad[:n_features] = X.T @ grad_pointwise + l2_reg_strength * weights
/Users/rafars/.pyenv/versions/3.9.13/lib/python3.9/site-packages/sklearn/linear_model/_linear_loss.py:295: RuntimeWarning: invalid value encountered in matmul
  grad[:n_features] = X.T @ grad_pointwise + l2_reg_strength * weights
/Users/rafars/.pyenv/versions/3.9.13/lib/python3.9/site-packages/sklearn/utils/extmath.py:205: RuntimeWarning: divide by zero encountered in matmul
  ret = a @ b
/Users/rafars/.pyenv/versions/3.9.13/lib/python3.9/site-packages/sklearn/utils/extmath.py:205: RuntimeWarning: overflow encountered in matmul
  ret = a @ b
/Users/rafars/.pyenv/versions/3.9.13/lib/python3.9/site-packages/sklearn/utils/extmath.py:205: RuntimeWarning: invalid value encountered in matmul
  ret = a @ b
/Users/rafars/.pyenv/versions/3.9.13/lib/python3.9/site-packages/sklearn/utils/extmath.py:205: RuntimeWarning: divide by zero encountered in matmul
  ret = a @ b
/Users/rafars/.pyenv/versions/3.9.13/lib/python3.9/site-packages/sklearn/utils/extmath.py:205: RuntimeWarning: overflow encountered in matmul
  ret = a @ b
/Users/rafars/.pyenv/versions/3.9.13/lib/python3.9/site-packages/sklearn/utils/extmath.py:205: RuntimeWarning: invalid value encountered in matmul
  ret = a @ b
/Users/rafars/.pyenv/versions/3.9.13/lib/python3.9/site-packages/sklearn/neural_network/_multilayer_perceptron.py:690: ConvergenceWarning: Stochastic Optimizer: Maximum iterations (125) reached and the optimization hasn't converged yet.
  warnings.warn(
/Users/rafars/.pyenv/versions/3.9.13/lib/python3.9/site-packages/sklearn/utils/extmath.py:205: RuntimeWarning: divide by zero encountered in matmul
  ret = a @ b
/Users/rafars/.pyenv/versions/3.9.13/lib/python3.9/site-packages/sklearn/utils/extmath.py:205: RuntimeWarning: overflow encountered in matmul
  ret = a @ b
/Users/rafars/.pyenv/versions/3.9.13/lib/python3.9/site-packages/sklearn/utils/extmath.py:205: RuntimeWarning: invalid value encountered in matmul
  ret = a @ b
/Users/rafars/.pyenv/versions/3.9.13/lib/python3.9/site-packages/sklearn/utils/extmath.py:205: RuntimeWarning: divide by zero encountered in matmul
  ret = a @ b
/Users/rafars/.pyenv/versions/3.9.13/lib/python3.9/site-packages/sklearn/utils/extmath.py:205: RuntimeWarning: overflow encountered in matmul
  ret = a @ b
/Users/rafars/.pyenv/versions/3.9.13/lib/python3.9/site-packages/sklearn/utils/extmath.py:205: RuntimeWarning: invalid value encountered in matmul
  ret = a @ b
/Users/rafars/.pyenv/versions/3.9.13/lib/python3.9/site-packages/sklearn/utils/extmath.py:205: RuntimeWarning: divide by zero encountered in matmul
  ret = a @ b
/Users/rafars/.pyenv/versions/3.9.13/lib/python3.9/site-packages/sklearn/utils/extmath.py:205: RuntimeWarning: overflow encountered in matmul
  ret = a @ b
/Users/rafars/.pyenv/versions/3.9.13/lib/python3.9/site-packages/sklearn/utils/extmath.py:205: RuntimeWarning: invalid value encountered in matmul
  ret = a @ b
/Users/rafars/.pyenv/versions/3.9.13/lib/python3.9/site-packages/sklearn/utils/extmath.py:205: RuntimeWarning: divide by zero encountered in matmul
  ret = a @ b
/Users/rafars/.pyenv/versions/3.9.13/lib/python3.9/site-packages/sklearn/utils/extmath.py:205: RuntimeWarning: overflow encountered in matmul
  ret = a @ b
/Users/rafars/.pyenv/versions/3.9.13/lib/python3.9/site-packages/sklearn/utils/extmath.py:205: RuntimeWarning: invalid value encountered in matmul
  ret = a @ b
/Users/rafars/.pyenv/versions/3.9.13/lib/python3.9/site-packages/sklearn/utils/extmath.py:205: RuntimeWarning: divide by zero encountered in matmul
  ret = a @ b
/Users/rafars/.pyenv/versions/3.9.13/lib/python3.9/site-packages/sklearn/utils/extmath.py:205: RuntimeWarning: overflow encountered in matmul
  ret = a @ b
/Users/rafars/.pyenv/versions/3.9.13/lib/python3.9/site-packages/sklearn/utils/extmath.py:205: RuntimeWarning: invalid value encountered in matmul
  ret = a @ b
/Users/rafars/.pyenv/versions/3.9.13/lib/python3.9/site-packages/sklearn/utils/extmath.py:205: RuntimeWarning: divide by zero encountered in matmul
  ret = a @ b
/Users/rafars/.pyenv/versions/3.9.13/lib/python3.9/site-packages/sklearn/utils/extmath.py:205: RuntimeWarning: overflow encountered in matmul
  ret = a @ b
/Users/rafars/.pyenv/versions/3.9.13/lib/python3.9/site-packages/sklearn/utils/extmath.py:205: RuntimeWarning: invalid value encountered in matmul
  ret = a @ b
/Users/rafars/.pyenv/versions/3.9.13/lib/python3.9/site-packages/sklearn/utils/extmath.py:205: RuntimeWarning: divide by zero encountered in matmul
  ret = a @ b
/Users/rafars/.pyenv/versions/3.9.13/lib/python3.9/site-packages/sklearn/utils/extmath.py:205: RuntimeWarning: overflow encountered in matmul
  ret = a @ b
/Users/rafars/.pyenv/versions/3.9.13/lib/python3.9/site-packages/sklearn/utils/extmath.py:205: RuntimeWarning: invalid value encountered in matmul
  ret = a @ b
/Users/rafars/.pyenv/versions/3.9.13/lib/python3.9/site-packages/sklearn/utils/extmath.py:205: RuntimeWarning: divide by zero encountered in matmul
  ret = a @ b
/Users/rafars/.pyenv/versions/3.9.13/lib/python3.9/site-packages/sklearn/utils/extmath.py:205: RuntimeWarning: overflow encountered in matmul
  ret = a @ b
/Users/rafars/.pyenv/versions/3.9.13/lib/python3.9/site-packages/sklearn/utils/extmath.py:205: RuntimeWarning: invalid value encountered in matmul
  ret = a @ b
/Users/rafars/.pyenv/versions/3.9.13/lib/python3.9/site-packages/sklearn/utils/extmath.py:205: RuntimeWarning: divide by zero encountered in matmul
  ret = a @ b
/Users/rafars/.pyenv/versions/3.9.13/lib/python3.9/site-packages/sklearn/utils/extmath.py:205: RuntimeWarning: overflow encountered in matmul
  ret = a @ b
/Users/rafars/.pyenv/versions/3.9.13/lib/python3.9/site-packages/sklearn/utils/extmath.py:205: RuntimeWarning: invalid value encountered in matmul
  ret = a @ b


Saved:
- DuckDB table: table_ablation_variant_registry
- DuckDB table: table_ablation_variant_feature_manifest
- /Users/rafars/dropout_benchmark_desenv/outputs_benchmark_survival/metadata/ablation_variant_registry.json
[END] F2 - 2026-06-19 22:48:21
[START] F3 - 2026-06-19 22:48:21

======================================================================
F3 — Dynamic Arm Ablation (Poisson / Linear / GB / Neural)
======================================================================
F3: materialized DuckDB table -> table_ablation_discrete_primary_metrics
F3: materialized DuckDB table -> table_ablation_discrete_brier_by_horizon
F3: materialized DuckDB table -> table_ablation_discrete_calibration_by_horizon
F3: materialized DuckDB table -> table_ablation_discrete_secondary_metrics
F3: materialized DuckDB table -> table_ablation_discrete_support_by_horizon
F3: materialized DuckDB table -> table_ablation_discrete_predicted_vs_observed_survival
F3: materialized DuckDB table -> table_ablation_discrete_training_audit
F3: materialized DuckDB table -> table_ablation_discrete_leaderboard
F3: materialized DuckDB table -> table_ablation_discrete_delta_vs_full

F3 dynamic arm ablation complete.
Models: ['gb_weekly_tuned', 'linear_tuned', 'neural_tuned', 'poisson_pexp_tuned']
Scenarios: ['drop_static_structural', 'drop_temporal_signal', 'full_features', 'only_static_structural', 'only_temporal_signal']
          model_id            scenario_id                    scenario_label      ibs  c_index  brier_h10  calibration_h10  risk_auc_h10  brier_h20  calibration_h20  risk_auc_h20  brier_h30  calibration_h30  risk_auc_h30
   gb_weekly_tuned          full_features            Full tuned feature set 0.139363 0.672250   0.116034         0.065990      0.513524   0.165816         0.117073      0.411097   0.200229         0.150452      0.377896
   gb_weekly_tuned   drop_temporal_signal        Drop temporal signal block 0.142897 0.569958   0.118985         0.085936      0.325321   0.169688         0.157790      0.231532   0.206213         0.206604      0.196168
   gb_weekly_tuned only_static_structural Only static structural covariates 0.142897 0.569958   0.118985         0.085936      0.325321   0.169688         0.157790      0.231532   0.206213         0.206604      0.196168
   gb_weekly_tuned drop_static_structural Drop static structural covariates 0.143335 0.620989   0.119900         0.102768      0.390977   0.170170         0.163869      0.318083   0.204742         0.189400      0.305994
   gb_weekly_tuned   only_temporal_signal        Only temporal signal block 0.143335 0.620989   0.119900         0.102768      0.390977   0.170170         0.163869      0.318083   0.204742         0.189400      0.305994
      linear_tuned          full_features            Full tuned feature set 0.145461 0.632068   0.122861         0.116868      0.328304   0.173773         0.166584      0.298128   0.205209         0.183796      0.307022
      linear_tuned drop_static_structural Drop static structural covariates 0.146070 0.588673   0.123292         0.125359      0.266446   0.174425         0.183869      0.244592   0.206372         0.206090      0.253497
      linear_tuned   only_temporal_signal        Only temporal signal block 0.146070 0.588673   0.123292         0.125359      0.266446   0.174425         0.183869      0.244592   0.206372         0.206090      0.253497
      linear_tuned   drop_temporal_signal        Drop temporal signal block 0.146812 0.534498   0.123698         0.147158      0.154281   0.175038         0.195750      0.163632   0.208763         0.212619      0.171470
      linear_tuned only_static_structural Only static structural covariates 0.146812 0.534498   0.123698         0.147158      0.154281   0.175038         0.195750      0.163632   0.208763         0.212619      0.171470
      neural_tuned drop_static_structural Drop static structural covariates 0.137723 0.594780   0.112616         0.097637      0.365581   0.165715         0.156183      0.319403   0.201261         0.192953      0.312764
      neural_tuned   only_temporal_signal        Only temporal signal block 0.137723 0.594780   0.112616         0.097637      0.365581   0.165715         0.156183      0.319403   0.201261         0.192953      0.312764
      neural_tuned   drop_temporal_signal        Drop temporal signal block 0.154224 0.531303   0.125654         0.122476      0.391669   0.186728         0.171685      0.332592   0.225046         0.210375      0.315034
      neural_tuned only_static_structural Only static structural covariates 0.154224 0.531303   0.125654         0.122476      0.391669   0.186728         0.171685      0.332592   0.225046         0.210375      0.315034
      neural_tuned          full_features            Full tuned feature set 0.166809 0.612547   0.136633         0.126354      0.502955   0.200580         0.178048      0.444607   0.242535         0.213319      0.423966
poisson_pexp_tuned          full_features            Full tuned feature set 0.145639 0.625834   0.122373         0.115173      0.257570   0.173999         0.174032      0.233099   0.207064         0.195405      0.243569
poisson_pexp_tuned   drop_temporal_signal        Drop temporal signal block 0.146699 0.526092   0.123170         0.155301      0.119831   0.174839         0.217890      0.121654   0.209664         0.245751      0.124468
poisson_pexp_tuned only_static_structural Only static structural covariates 0.146699 0.526092   0.123170         0.155301      0.119831   0.174839         0.217890      0.121654   0.209664         0.245751      0.124468
poisson_pexp_tuned drop_static_structural Drop static structural covariates 0.146761 0.586982   0.123184         0.123525      0.214616   0.175406         0.185134      0.197127   0.208972         0.208342      0.207038
poisson_pexp_tuned   only_temporal_signal        Only temporal signal block 0.146761 0.586982   0.123184         0.123525      0.214616   0.175406         0.185134      0.197127   0.208972         0.208342      0.207038
          model_id            scenario_id                    scenario_label  delta_ibs_vs_full  delta_c_index_vs_full  delta_brier_h10_vs_full  delta_calibration_h10_vs_full  delta_risk_auc_h10_vs_full  delta_brier_h20_vs_full  delta_calibration_h20_vs_full  delta_risk_auc_h20_vs_full  delta_brier_h30_vs_full  delta_calibration_h30_vs_full  delta_risk_auc_h30_vs_full
   gb_weekly_tuned drop_static_structural Drop static structural covariates           0.003972              -0.051262                 0.003866                       0.036778                   -0.122547                 0.004354                       0.046796                   -0.093013                 0.004513                       0.038948                   -0.071902
   gb_weekly_tuned   drop_temporal_signal        Drop temporal signal block           0.003533              -0.102293                 0.002950                       0.019946                   -0.188203                 0.003872                       0.040717                   -0.179565                 0.005984                       0.056152                   -0.181728
   gb_weekly_tuned          full_features            Full tuned feature set           0.000000               0.000000                 0.000000                       0.000000                    0.000000                 0.000000                       0.000000                    0.000000                 0.000000                       0.000000                    0.000000
   gb_weekly_tuned only_static_structural Only static structural covariates           0.003533              -0.102293                 0.002950                       0.019946                   -0.188203                 0.003872                       0.040717                   -0.179565                 0.005984                       0.056152                   -0.181728
   gb_weekly_tuned   only_temporal_signal        Only temporal signal block           0.003972              -0.051262                 0.003866                       0.036778                   -0.122547                 0.004354                       0.046796                   -0.093013                 0.004513                       0.038948                   -0.071902
      linear_tuned drop_static_structural Drop static structural covariates           0.000610              -0.043395                 0.000431                       0.008491                   -0.061858                 0.000652                       0.017285                   -0.053535                 0.001162                       0.022293                   -0.053525
      linear_tuned   drop_temporal_signal        Drop temporal signal block           0.001351              -0.097570                 0.000838                       0.030290                   -0.174023                 0.001265                       0.029165                   -0.134496                 0.003554                       0.028822                   -0.135551
      linear_tuned          full_features            Full tuned feature set           0.000000               0.000000                 0.000000                       0.000000                    0.000000                 0.000000                       0.000000                    0.000000                 0.000000                       0.000000                    0.000000
      linear_tuned only_static_structural Only static structural covariates           0.001351              -0.097570                 0.000838                       0.030290                   -0.174023                 0.001265                       0.029165                   -0.134496                 0.003554                       0.028822                   -0.135551
      linear_tuned   only_temporal_signal        Only temporal signal block           0.000610              -0.043395                 0.000431                       0.008491                   -0.061858                 0.000652                       0.017285                   -0.053535                 0.001162                       0.022293                   -0.053525
      neural_tuned drop_static_structural Drop static structural covariates          -0.029086              -0.017767                -0.024017                      -0.028718                   -0.137374                -0.034865                      -0.021864                   -0.125204                -0.041274                      -0.020366                   -0.111202
      neural_tuned   drop_temporal_signal        Drop temporal signal block          -0.012585              -0.081243                -0.010979                      -0.003878                   -0.111286                -0.013852                      -0.006363                   -0.112015                -0.017489                      -0.002943                   -0.108932
      neural_tuned          full_features            Full tuned feature set           0.000000               0.000000                 0.000000                       0.000000                    0.000000                 0.000000                       0.000000                    0.000000                 0.000000                       0.000000                    0.000000
      neural_tuned only_static_structural Only static structural covariates          -0.012585              -0.081243                -0.010979                      -0.003878                   -0.111286                -0.013852                      -0.006363                   -0.112015                -0.017489                      -0.002943                   -0.108932
      neural_tuned   only_temporal_signal        Only temporal signal block          -0.029086              -0.017767                -0.024017                      -0.028718                   -0.137374                -0.034865                      -0.021864                   -0.125204                -0.041274                      -0.020366                   -0.111202
poisson_pexp_tuned drop_static_structural Drop static structural covariates           0.001122              -0.038852                 0.000811                       0.008352                   -0.042954                 0.001407                       0.011102                   -0.035971                 0.001908                       0.012937                   -0.036531
poisson_pexp_tuned   drop_temporal_signal        Drop temporal signal block           0.001060              -0.099743                 0.000797                       0.040128                   -0.137739                 0.000840                       0.043858                   -0.111444                 0.002600                       0.050346                   -0.119101
poisson_pexp_tuned          full_features            Full tuned feature set           0.000000               0.000000                 0.000000                       0.000000                    0.000000                 0.000000                       0.000000                    0.000000                 0.000000                       0.000000                    0.000000
poisson_pexp_tuned only_static_structural Only static structural covariates           0.001060              -0.099743                 0.000797                       0.040128                   -0.137739                 0.000840                       0.043858                   -0.111444                 0.002600                       0.050346                   -0.119101
poisson_pexp_tuned   only_temporal_signal        Only temporal signal block           0.001122              -0.038852                 0.000811                       0.008352                   -0.042954                 0.001407                       0.011102                   -0.035971                 0.001908                       0.012937                   -0.036531
[END] F3.7 - 2026-06-19 23:17:59
[START] F4 - 2026-06-19 23:17:59

======================================================================
F4 — Train and Evaluate Ablation Variants for Retained Comparable Models
======================================================================
Methodological note: this step trains and evaluates ablation
variants for the retained comparable-model subset only.
/Users/rafars/.pyenv/versions/3.9.13/lib/python3.9/site-packages/torchtuples/callbacks.py:607: UserWarning: This overload of add is deprecated:
	add(Number alpha, Tensor other)
Consider using one of the following signatures instead:
	add(Tensor other, *, Number alpha = 1) (Triggered internally at /Users/runner/work/pytorch/pytorch/pytorch/torch/csrc/utils/python_arg_parser.cpp:1691.)
  p.data = p.data.add(-weight_decay * eta, p.data)
[END] F4 - 2026-06-19 23:18:00
[START] F4.1 - 2026-06-19 23:18:00
[END] F4.1 - 2026-06-19 23:18:00
[START] F4.2 - 2026-06-19 23:18:00
[END] F4.2 - 2026-06-19 23:18:00
[START] F4.3 - 2026-06-19 23:18:00
[END] F4.3 - 2026-06-19 23:18:00
[START] F4.4 - 2026-06-19 23:18:00
[END] F4.4 - 2026-06-19 23:18:00
[START] F4.5 - 2026-06-19 23:18:00
[END] F4.5 - 2026-06-19 23:18:00
[START] F4.6 - 2026-06-19 23:18:00
[END] F4.6 - 2026-06-19 23:18:00
[START] F4.7 - 2026-06-19 23:18:00
F4: materialized DuckDB table -> table_ablation_continuous_primary_metrics
F4: materialized DuckDB table -> table_ablation_continuous_brier_by_horizon
F4: materialized DuckDB table -> table_ablation_continuous_calibration_by_horizon
F4: materialized DuckDB table -> table_ablation_continuous_secondary_metrics
F4: materialized DuckDB table -> table_ablation_continuous_support_by_horizon
F4: materialized DuckDB table -> table_ablation_continuous_predicted_vs_observed_survival
F4: materialized DuckDB table -> table_ablation_continuous_training_audit
F4: materialized DuckDB table -> table_ablation_continuous_leaderboard
F4: materialized DuckDB table -> table_ablation_continuous_delta_vs_full

Ablation continuous training audit:
      model_id            scenario_id                    scenario_label  n_train_rows  n_test_rows  n_feature_columns_raw  n_numeric_features_raw  n_categorical_features_raw  n_features_after_transform
     cox_tuned          full_features            Full tuned feature set         22815         9778                     11                       5                           6                          41
     cox_tuned drop_static_structural Drop static structural covariates         22815         9778                      3                       3                           0                           3
     cox_tuned   drop_temporal_signal        Drop temporal signal block         22815         9778                      8                       2                           6                          38
     cox_tuned only_static_structural Only static structural covariates         22815         9778                      8                       2                           6                          38
     cox_tuned   only_temporal_signal        Only temporal signal block         22815         9778                      3                       3                           0                           3
deepsurv_tuned          full_features            Full tuned feature set         22815         9778                     11                       5                           6                          41
deepsurv_tuned drop_static_structural Drop static structural covariates         22815         9778                      3                       3                           0                           3
deepsurv_tuned   drop_temporal_signal        Drop temporal signal block         22815         9778                      8                       2                           6                          38
deepsurv_tuned only_static_structural Only static structural covariates         22815         9778                      8                       2                           6                          38
deepsurv_tuned   only_temporal_signal        Only temporal signal block         22815         9778                      3                       3                           0                           3
     rsf_tuned          full_features            Full tuned feature set         22815         9778                     11                       5                           6                          41
     rsf_tuned drop_static_structural Drop static structural covariates         22815         9778                      3                       3                           0                           3
     rsf_tuned   drop_temporal_signal        Drop temporal signal block         22815         9778                      8                       2                           6                          38
     rsf_tuned only_static_structural Only static structural covariates         22815         9778                      8                       2                           6                          38
     rsf_tuned   only_temporal_signal        Only temporal signal block         22815         9778                      3                       3                           0                           3
    mtlr_tuned          full_features            Full tuned feature set         22815         9778                     11                       5                           6                          41
    mtlr_tuned drop_static_structural Drop static structural covariates         22815         9778                      3                       3                           0                           3
    mtlr_tuned   drop_temporal_signal        Drop temporal signal block         22815         9778                      8                       2                           6                          38
    mtlr_tuned only_static_structural Only static structural covariates         22815         9778                      8                       2                           6                          38
    mtlr_tuned   only_temporal_signal        Only temporal signal block         22815         9778                      3                       3                           0                           3

Ablation continuous leaderboard:
      model_id            scenario_id                    scenario_label      ibs  c_index  brier_h10  calibration_h10  risk_auc_h10  brier_h20  calibration_h20  risk_auc_h20  brier_h30  calibration_h30  risk_auc_h30
     cox_tuned          full_features            Full tuned feature set 0.117608 0.650619   0.101105         0.037383      0.741888   0.137808         0.017056      0.678228   0.162372         0.010705      0.652548
     cox_tuned drop_static_structural Drop static structural covariates 0.119612 0.621838   0.102914         0.043534      0.719426   0.140168         0.023472      0.644511   0.165123         0.021005      0.616826
     cox_tuned   only_temporal_signal        Only temporal signal block 0.119612 0.621838   0.102914         0.043534      0.719426   0.140168         0.023472      0.644511   0.165123         0.021005      0.616826
     cox_tuned   drop_temporal_signal        Drop temporal signal block 0.122535 0.590868   0.106583         0.011891      0.622996   0.143047         0.011053      0.606312   0.166909         0.010446      0.596572
     cox_tuned only_static_structural Only static structural covariates 0.122535 0.590868   0.106583         0.011891      0.622996   0.143047         0.011053      0.606312   0.166909         0.010446      0.596572
deepsurv_tuned          full_features            Full tuned feature set 0.114349 0.664076   0.097769         0.028700      0.754962   0.134008         0.011665      0.690650   0.158547         0.010724      0.667334
deepsurv_tuned drop_static_structural Drop static structural covariates 0.118742 0.627951   0.102189         0.040077      0.724949   0.139065         0.019694      0.653873   0.163784         0.015809      0.627077
deepsurv_tuned   only_temporal_signal        Only temporal signal block 0.118742 0.627951   0.102189         0.040077      0.724949   0.139065         0.019694      0.653873   0.163784         0.015809      0.627077
deepsurv_tuned   drop_temporal_signal        Drop temporal signal block 0.122508 0.592936   0.106293         0.009105      0.631143   0.143146         0.011294      0.606458   0.167150         0.016190      0.597399
deepsurv_tuned only_static_structural Only static structural covariates 0.122508 0.592936   0.106293         0.009105      0.631143   0.143146         0.011294      0.606458   0.167150         0.016190      0.597399
    mtlr_tuned          full_features            Full tuned feature set 0.112906 0.652650   0.095224         0.015058      0.770107   0.134101         0.020576      0.697876   0.159274         0.028090      0.671565
    mtlr_tuned drop_static_structural Drop static structural covariates 0.117909 0.614131   0.100334         0.010515      0.726722   0.139284         0.012636      0.652390   0.164796         0.019848      0.626023
    mtlr_tuned   only_temporal_signal        Only temporal signal block 0.117909 0.614131   0.100334         0.010515      0.726722   0.139284         0.012636      0.652390   0.164796         0.019848      0.626023
    mtlr_tuned   drop_temporal_signal        Drop temporal signal block 0.122434 0.577948   0.105885         0.011557      0.641082   0.143242         0.018519      0.608294   0.167561         0.024587      0.597593
    mtlr_tuned only_static_structural Only static structural covariates 0.122434 0.577948   0.105885         0.011557      0.641082   0.143242         0.018519      0.608294   0.167561         0.024587      0.597593
     rsf_tuned          full_features            Full tuned feature set 0.111869 0.673287   0.094692         0.011710      0.768129   0.132974         0.012031      0.696806   0.157383         0.009317      0.674307
     rsf_tuned   only_temporal_signal        Only temporal signal block 0.120727 0.622274   0.103334         0.023659      0.695601   0.142817         0.031855      0.632075   0.168408         0.035992      0.603751
     rsf_tuned drop_static_structural Drop static structural covariates 0.120727 0.622274   0.103334         0.023659      0.695601   0.142817         0.031855      0.632075   0.168408         0.035992      0.603751
     rsf_tuned   drop_temporal_signal        Drop temporal signal block 0.122507 0.596899   0.106198         0.007094      0.630842   0.143248         0.015062      0.607097   0.167266         0.013090      0.597377
     rsf_tuned only_static_structural Only static structural covariates 0.122507 0.596899   0.106198         0.007094      0.630842   0.143248         0.015062      0.607097   0.167266         0.013090      0.597377

Ablation continuous delta vs full:
      model_id            scenario_id                    scenario_label  delta_ibs_vs_full  delta_c_index_vs_full  delta_brier_h10_vs_full  delta_calibration_h10_vs_full  delta_risk_auc_h10_vs_full  delta_brier_h20_vs_full  delta_calibration_h20_vs_full  delta_risk_auc_h20_vs_full  delta_brier_h30_vs_full  delta_calibration_h30_vs_full  delta_risk_auc_h30_vs_full
     cox_tuned drop_static_structural Drop static structural covariates           0.002004              -0.028781                 0.001810                       0.006151                   -0.022462                 0.002360                       0.006416                   -0.033718                 0.002751                       0.010300                   -0.035722
     cox_tuned   drop_temporal_signal        Drop temporal signal block           0.004926              -0.059751                 0.005478                      -0.025492                   -0.118893                 0.005239                      -0.006003                   -0.071916                 0.004537                      -0.000259                   -0.055976
     cox_tuned          full_features            Full tuned feature set           0.000000               0.000000                 0.000000                       0.000000                    0.000000                 0.000000                       0.000000                    0.000000                 0.000000                       0.000000                    0.000000
     cox_tuned only_static_structural Only static structural covariates           0.004926              -0.059751                 0.005478                      -0.025492                   -0.118893                 0.005239                      -0.006003                   -0.071916                 0.004537                      -0.000259                   -0.055976
     cox_tuned   only_temporal_signal        Only temporal signal block           0.002004              -0.028781                 0.001810                       0.006151                   -0.022462                 0.002360                       0.006416                   -0.033718                 0.002751                       0.010300                   -0.035722
deepsurv_tuned drop_static_structural Drop static structural covariates           0.004393              -0.036126                 0.004420                       0.011377                   -0.030014                 0.005057                       0.008030                   -0.036778                 0.005237                       0.005085                   -0.040258
deepsurv_tuned   drop_temporal_signal        Drop temporal signal block           0.008159              -0.071140                 0.008524                      -0.019595                   -0.123820                 0.009138                      -0.000370                   -0.084192                 0.008603                       0.005466                   -0.069935
deepsurv_tuned          full_features            Full tuned feature set           0.000000               0.000000                 0.000000                       0.000000                    0.000000                 0.000000                       0.000000                    0.000000                 0.000000                       0.000000                    0.000000
deepsurv_tuned only_static_structural Only static structural covariates           0.008159              -0.071140                 0.008524                      -0.019595                   -0.123820                 0.009138                      -0.000370                   -0.084192                 0.008603                       0.005466                   -0.069935
deepsurv_tuned   only_temporal_signal        Only temporal signal block           0.004393              -0.036126                 0.004420                       0.011377                   -0.030014                 0.005057                       0.008030                   -0.036778                 0.005237                       0.005085                   -0.040258
    mtlr_tuned drop_static_structural Drop static structural covariates           0.005003              -0.038519                 0.005110                      -0.004544                   -0.043385                 0.005184                      -0.007940                   -0.045485                 0.005522                      -0.008242                   -0.045542
    mtlr_tuned   drop_temporal_signal        Drop temporal signal block           0.009528              -0.074702                 0.010661                      -0.003501                   -0.129026                 0.009142                      -0.002057                   -0.089581                 0.008286                      -0.003502                   -0.073972
    mtlr_tuned          full_features            Full tuned feature set           0.000000               0.000000                 0.000000                       0.000000                    0.000000                 0.000000                       0.000000                    0.000000                 0.000000                       0.000000                    0.000000
    mtlr_tuned only_static_structural Only static structural covariates           0.009528              -0.074702                 0.010661                      -0.003501                   -0.129026                 0.009142                      -0.002057                   -0.089581                 0.008286                      -0.003502                   -0.073972
    mtlr_tuned   only_temporal_signal        Only temporal signal block           0.005003              -0.038519                 0.005110                      -0.004544                   -0.043385                 0.005184                      -0.007940                   -0.045485                 0.005522                      -0.008242                   -0.045542
     rsf_tuned drop_static_structural Drop static structural covariates           0.008858              -0.051013                 0.008642                       0.011949                   -0.072528                 0.009842                       0.019824                   -0.064732                 0.011025                       0.026675                   -0.070556
     rsf_tuned   drop_temporal_signal        Drop temporal signal block           0.010638              -0.076388                 0.011506                      -0.004617                   -0.137287                 0.010274                       0.003031                   -0.089709                 0.009883                       0.003773                   -0.076930
     rsf_tuned          full_features            Full tuned feature set           0.000000               0.000000                 0.000000                       0.000000                    0.000000                 0.000000                       0.000000                    0.000000                 0.000000                       0.000000                    0.000000
     rsf_tuned only_static_structural Only static structural covariates           0.010638              -0.076388                 0.011506                      -0.004617                   -0.137287                 0.010274                       0.003031                   -0.089709                 0.009883                       0.003773                   -0.076930
     rsf_tuned   only_temporal_signal        Only temporal signal block           0.008858              -0.051013                 0.008642                       0.011949                   -0.072528                 0.009842                       0.019824                   -0.064732                 0.011025                       0.026675                   -0.070556

Saved:
- DuckDB table: table_ablation_continuous_primary_metrics
- DuckDB table: table_ablation_continuous_brier_by_horizon
- DuckDB table: table_ablation_continuous_calibration_by_horizon
- DuckDB table: table_ablation_continuous_secondary_metrics
- DuckDB table: table_ablation_continuous_support_by_horizon
- DuckDB table: table_ablation_continuous_predicted_vs_observed_survival
- DuckDB table: table_ablation_continuous_training_audit
- DuckDB table: table_ablation_continuous_leaderboard
- DuckDB table: table_ablation_continuous_delta_vs_full
- /Users/rafars/dropout_benchmark_desenv/outputs_benchmark_survival/metadata/ablation_continuous_run_summary.json
[END] F4.7 - 2026-06-19 23:20:13
[START] F5 - 2026-06-19 23:20:13

======================================================================
F5 — Consolidate Ablation Results Across the Manuscript Audit Subset
======================================================================
Methodological note: this step consolidates ablation outputs only.
No model is trained here.
F5: materialized DuckDB table -> table_ablation_leaderboard_manuscript_subset
F5: materialized DuckDB table -> table_ablation_delta_manuscript_subset
F5: materialized DuckDB table -> table_ablation_summary_by_model
F5: materialized DuckDB table -> table_ablation_scenario_comparison

Ablation leaderboard — manuscript audit subset:
          model_id                          display_name                   family                paper_methodological_arm            scenario_id                    scenario_label      ibs  c_index  brier_h10  calibration_h10  risk_auc_h10  brier_h20  calibration_h20  risk_auc_h20  brier_h30  calibration_h30  risk_auc_h30
         cox_tuned                Cox Comparable (Tuned)      continuous_time_cox comparable_continuous_time_early_window          full_features            Full tuned feature set 0.117608 0.650619   0.101105         0.037383      0.741888   0.137808         0.017056      0.678228   0.162372         0.010705      0.652548
         cox_tuned                Cox Comparable (Tuned)      continuous_time_cox comparable_continuous_time_early_window drop_static_structural Drop static structural covariates 0.119612 0.621838   0.102914         0.043534      0.719426   0.140168         0.023472      0.644511   0.165123         0.021005      0.616826
         cox_tuned                Cox Comparable (Tuned)      continuous_time_cox comparable_continuous_time_early_window   only_temporal_signal        Only temporal signal block 0.119612 0.621838   0.102914         0.043534      0.719426   0.140168         0.023472      0.644511   0.165123         0.021005      0.616826
         cox_tuned                Cox Comparable (Tuned)      continuous_time_cox comparable_continuous_time_early_window   drop_temporal_signal        Drop temporal signal block 0.122535 0.590868   0.106583         0.011891      0.622996   0.143047         0.011053      0.606312   0.166909         0.010446      0.596572
         cox_tuned                Cox Comparable (Tuned)      continuous_time_cox comparable_continuous_time_early_window only_static_structural Only static structural covariates 0.122535 0.590868   0.106583         0.011891      0.622996   0.143047         0.011053      0.606312   0.166909         0.010446      0.596572
    deepsurv_tuned                      DeepSurv (Tuned) continuous_time_deepsurv comparable_continuous_time_early_window          full_features            Full tuned feature set 0.114349 0.664076   0.097769         0.028700      0.754962   0.134008         0.011665      0.690650   0.158547         0.010724      0.667334
    deepsurv_tuned                      DeepSurv (Tuned) continuous_time_deepsurv comparable_continuous_time_early_window drop_static_structural Drop static structural covariates 0.118742 0.627951   0.102189         0.040077      0.724949   0.139065         0.019694      0.653873   0.163784         0.015809      0.627077
    deepsurv_tuned                      DeepSurv (Tuned) continuous_time_deepsurv comparable_continuous_time_early_window   only_temporal_signal        Only temporal signal block 0.118742 0.627951   0.102189         0.040077      0.724949   0.139065         0.019694      0.653873   0.163784         0.015809      0.627077
    deepsurv_tuned                      DeepSurv (Tuned) continuous_time_deepsurv comparable_continuous_time_early_window   drop_temporal_signal        Drop temporal signal block 0.122508 0.592936   0.106293         0.009105      0.631143   0.143146         0.011294      0.606458   0.167150         0.016190      0.597399
    deepsurv_tuned                      DeepSurv (Tuned) continuous_time_deepsurv comparable_continuous_time_early_window only_static_structural Only static structural covariates 0.122508 0.592936   0.106293         0.009105      0.631143   0.143146         0.011294      0.606458   0.167150         0.016190      0.597399
   gb_weekly_tuned              GB Weekly Hazard (Tuned)         discrete_time_gb            dynamic_weekly_person_period          full_features            Full tuned feature set 0.139363 0.672250   0.116034         0.065990      0.513524   0.165816         0.117073      0.411097   0.200229         0.150452      0.377896
   gb_weekly_tuned              GB Weekly Hazard (Tuned)         discrete_time_gb            dynamic_weekly_person_period   drop_temporal_signal        Drop temporal signal block 0.142897 0.569958   0.118985         0.085936      0.325321   0.169688         0.157790      0.231532   0.206213         0.206604      0.196168
   gb_weekly_tuned              GB Weekly Hazard (Tuned)         discrete_time_gb            dynamic_weekly_person_period only_static_structural Only static structural covariates 0.142897 0.569958   0.118985         0.085936      0.325321   0.169688         0.157790      0.231532   0.206213         0.206604      0.196168
   gb_weekly_tuned              GB Weekly Hazard (Tuned)         discrete_time_gb            dynamic_weekly_person_period drop_static_structural Drop static structural covariates 0.143335 0.620989   0.119900         0.102768      0.390977   0.170170         0.163869      0.318083   0.204742         0.189400      0.305994
   gb_weekly_tuned              GB Weekly Hazard (Tuned)         discrete_time_gb            dynamic_weekly_person_period   only_temporal_signal        Only temporal signal block 0.143335 0.620989   0.119900         0.102768      0.390977   0.170170         0.163869      0.318083   0.204742         0.189400      0.305994
      linear_tuned   Linear Discrete-Time Hazard (Tuned)     discrete_time_linear            dynamic_weekly_person_period          full_features            Full tuned feature set 0.145461 0.632068   0.122861         0.116868      0.328304   0.173773         0.166584      0.298128   0.205209         0.183796      0.307022
      linear_tuned   Linear Discrete-Time Hazard (Tuned)     discrete_time_linear            dynamic_weekly_person_period drop_static_structural Drop static structural covariates 0.146070 0.588673   0.123292         0.125359      0.266446   0.174425         0.183869      0.244592   0.206372         0.206090      0.253497
      linear_tuned   Linear Discrete-Time Hazard (Tuned)     discrete_time_linear            dynamic_weekly_person_period   only_temporal_signal        Only temporal signal block 0.146070 0.588673   0.123292         0.125359      0.266446   0.174425         0.183869      0.244592   0.206372         0.206090      0.253497
      linear_tuned   Linear Discrete-Time Hazard (Tuned)     discrete_time_linear            dynamic_weekly_person_period   drop_temporal_signal        Drop temporal signal block 0.146812 0.534498   0.123698         0.147158      0.154281   0.175038         0.195750      0.163632   0.208763         0.212619      0.171470
      linear_tuned   Linear Discrete-Time Hazard (Tuned)     discrete_time_linear            dynamic_weekly_person_period only_static_structural Only static structural covariates 0.146812 0.534498   0.123698         0.147158      0.154281   0.175038         0.195750      0.163632   0.208763         0.212619      0.171470
        mtlr_tuned                   Neural-MTLR (Tuned)     continuous_time_mtlr comparable_continuous_time_early_window          full_features            Full tuned feature set 0.112906 0.652650   0.095224         0.015058      0.770107   0.134101         0.020576      0.697876   0.159274         0.028090      0.671565
        mtlr_tuned                   Neural-MTLR (Tuned)     continuous_time_mtlr comparable_continuous_time_early_window drop_static_structural Drop static structural covariates 0.117909 0.614131   0.100334         0.010515      0.726722   0.139284         0.012636      0.652390   0.164796         0.019848      0.626023
        mtlr_tuned                   Neural-MTLR (Tuned)     continuous_time_mtlr comparable_continuous_time_early_window   only_temporal_signal        Only temporal signal block 0.117909 0.614131   0.100334         0.010515      0.726722   0.139284         0.012636      0.652390   0.164796         0.019848      0.626023
        mtlr_tuned                   Neural-MTLR (Tuned)     continuous_time_mtlr comparable_continuous_time_early_window   drop_temporal_signal        Drop temporal signal block 0.122434 0.577948   0.105885         0.011557      0.641082   0.143242         0.018519      0.608294   0.167561         0.024587      0.597593
        mtlr_tuned                   Neural-MTLR (Tuned)     continuous_time_mtlr comparable_continuous_time_early_window only_static_structural Only static structural covariates 0.122434 0.577948   0.105885         0.011557      0.641082   0.143242         0.018519      0.608294   0.167561         0.024587      0.597593
      neural_tuned Neural Discrete-Time Survival (Tuned)     discrete_time_neural            dynamic_weekly_person_period drop_static_structural Drop static structural covariates 0.137723 0.594780   0.112616         0.097637      0.365581   0.165715         0.156183      0.319403   0.201261         0.192953      0.312764
      neural_tuned Neural Discrete-Time Survival (Tuned)     discrete_time_neural            dynamic_weekly_person_period   only_temporal_signal        Only temporal signal block 0.137723 0.594780   0.112616         0.097637      0.365581   0.165715         0.156183      0.319403   0.201261         0.192953      0.312764
      neural_tuned Neural Discrete-Time Survival (Tuned)     discrete_time_neural            dynamic_weekly_person_period   drop_temporal_signal        Drop temporal signal block 0.154224 0.531303   0.125654         0.122476      0.391669   0.186728         0.171685      0.332592   0.225046         0.210375      0.315034
      neural_tuned Neural Discrete-Time Survival (Tuned)     discrete_time_neural            dynamic_weekly_person_period only_static_structural Only static structural covariates 0.154224 0.531303   0.125654         0.122476      0.391669   0.186728         0.171685      0.332592   0.225046         0.210375      0.315034
      neural_tuned Neural Discrete-Time Survival (Tuned)     discrete_time_neural            dynamic_weekly_person_period          full_features            Full tuned feature set 0.166809 0.612547   0.136633         0.126354      0.502955   0.200580         0.178048      0.444607   0.242535         0.213319      0.423966
poisson_pexp_tuned Poisson Piecewise-Exponential (Tuned)    discrete_time_poisson            dynamic_weekly_person_period          full_features            Full tuned feature set 0.145639 0.625834   0.122373         0.115173      0.257570   0.173999         0.174032      0.233099   0.207064         0.195405      0.243569
poisson_pexp_tuned Poisson Piecewise-Exponential (Tuned)    discrete_time_poisson            dynamic_weekly_person_period   drop_temporal_signal        Drop temporal signal block 0.146699 0.526092   0.123170         0.155301      0.119831   0.174839         0.217890      0.121654   0.209664         0.245751      0.124468
poisson_pexp_tuned Poisson Piecewise-Exponential (Tuned)    discrete_time_poisson            dynamic_weekly_person_period only_static_structural Only static structural covariates 0.146699 0.526092   0.123170         0.155301      0.119831   0.174839         0.217890      0.121654   0.209664         0.245751      0.124468
poisson_pexp_tuned Poisson Piecewise-Exponential (Tuned)    discrete_time_poisson            dynamic_weekly_person_period drop_static_structural Drop static structural covariates 0.146761 0.586982   0.123184         0.123525      0.214616   0.175406         0.185134      0.197127   0.208972         0.208342      0.207038
poisson_pexp_tuned Poisson Piecewise-Exponential (Tuned)    discrete_time_poisson            dynamic_weekly_person_period   only_temporal_signal        Only temporal signal block 0.146761 0.586982   0.123184         0.123525      0.214616   0.175406         0.185134      0.197127   0.208972         0.208342      0.207038
         rsf_tuned        Random Survival Forest (Tuned)        tree_survival_rsf comparable_continuous_time_early_window          full_features            Full tuned feature set 0.111869 0.673287   0.094692         0.011710      0.768129   0.132974         0.012031      0.696806   0.157383         0.009317      0.674307
         rsf_tuned        Random Survival Forest (Tuned)        tree_survival_rsf comparable_continuous_time_early_window   only_temporal_signal        Only temporal signal block 0.120727 0.622274   0.103334         0.023659      0.695601   0.142817         0.031855      0.632075   0.168408         0.035992      0.603751
         rsf_tuned        Random Survival Forest (Tuned)        tree_survival_rsf comparable_continuous_time_early_window drop_static_structural Drop static structural covariates 0.120727 0.622274   0.103334         0.023659      0.695601   0.142817         0.031855      0.632075   0.168408         0.035992      0.603751
         rsf_tuned        Random Survival Forest (Tuned)        tree_survival_rsf comparable_continuous_time_early_window   drop_temporal_signal        Drop temporal signal block 0.122507 0.596899   0.106198         0.007094      0.630842   0.143248         0.015062      0.607097   0.167266         0.013090      0.597377
         rsf_tuned        Random Survival Forest (Tuned)        tree_survival_rsf comparable_continuous_time_early_window only_static_structural Only static structural covariates 0.122507 0.596899   0.106198         0.007094      0.630842   0.143248         0.015062      0.607097   0.167266         0.013090      0.597377

Ablation delta — manuscript audit subset:
          model_id                          display_name                   family                paper_methodological_arm            scenario_id                    scenario_label  delta_ibs_vs_full  delta_c_index_vs_full  delta_brier_h10_vs_full  delta_calibration_h10_vs_full  delta_risk_auc_h10_vs_full  delta_brier_h20_vs_full  delta_calibration_h20_vs_full  delta_risk_auc_h20_vs_full  delta_brier_h30_vs_full  delta_calibration_h30_vs_full  delta_risk_auc_h30_vs_full
         cox_tuned                Cox Comparable (Tuned)      continuous_time_cox comparable_continuous_time_early_window drop_static_structural Drop static structural covariates           0.002004              -0.028781                 0.001810                       0.006151                   -0.022462                 0.002360                       0.006416                   -0.033718                 0.002751                       0.010300                   -0.035722
         cox_tuned                Cox Comparable (Tuned)      continuous_time_cox comparable_continuous_time_early_window   drop_temporal_signal        Drop temporal signal block           0.004926              -0.059751                 0.005478                      -0.025492                   -0.118893                 0.005239                      -0.006003                   -0.071916                 0.004537                      -0.000259                   -0.055976
         cox_tuned                Cox Comparable (Tuned)      continuous_time_cox comparable_continuous_time_early_window          full_features            Full tuned feature set           0.000000               0.000000                 0.000000                       0.000000                    0.000000                 0.000000                       0.000000                    0.000000                 0.000000                       0.000000                    0.000000
         cox_tuned                Cox Comparable (Tuned)      continuous_time_cox comparable_continuous_time_early_window only_static_structural Only static structural covariates           0.004926              -0.059751                 0.005478                      -0.025492                   -0.118893                 0.005239                      -0.006003                   -0.071916                 0.004537                      -0.000259                   -0.055976
         cox_tuned                Cox Comparable (Tuned)      continuous_time_cox comparable_continuous_time_early_window   only_temporal_signal        Only temporal signal block           0.002004              -0.028781                 0.001810                       0.006151                   -0.022462                 0.002360                       0.006416                   -0.033718                 0.002751                       0.010300                   -0.035722
    deepsurv_tuned                      DeepSurv (Tuned) continuous_time_deepsurv comparable_continuous_time_early_window drop_static_structural Drop static structural covariates           0.004393              -0.036126                 0.004420                       0.011377                   -0.030014                 0.005057                       0.008030                   -0.036778                 0.005237                       0.005085                   -0.040258
    deepsurv_tuned                      DeepSurv (Tuned) continuous_time_deepsurv comparable_continuous_time_early_window   drop_temporal_signal        Drop temporal signal block           0.008159              -0.071140                 0.008524                      -0.019595                   -0.123820                 0.009138                      -0.000370                   -0.084192                 0.008603                       0.005466                   -0.069935
    deepsurv_tuned                      DeepSurv (Tuned) continuous_time_deepsurv comparable_continuous_time_early_window          full_features            Full tuned feature set           0.000000               0.000000                 0.000000                       0.000000                    0.000000                 0.000000                       0.000000                    0.000000                 0.000000                       0.000000                    0.000000
    deepsurv_tuned                      DeepSurv (Tuned) continuous_time_deepsurv comparable_continuous_time_early_window only_static_structural Only static structural covariates           0.008159              -0.071140                 0.008524                      -0.019595                   -0.123820                 0.009138                      -0.000370                   -0.084192                 0.008603                       0.005466                   -0.069935
    deepsurv_tuned                      DeepSurv (Tuned) continuous_time_deepsurv comparable_continuous_time_early_window   only_temporal_signal        Only temporal signal block           0.004393              -0.036126                 0.004420                       0.011377                   -0.030014                 0.005057                       0.008030                   -0.036778                 0.005237                       0.005085                   -0.040258
   gb_weekly_tuned              GB Weekly Hazard (Tuned)         discrete_time_gb            dynamic_weekly_person_period drop_static_structural Drop static structural covariates           0.003972              -0.051262                 0.003866                       0.036778                   -0.122547                 0.004354                       0.046796                   -0.093013                 0.004513                       0.038948                   -0.071902
   gb_weekly_tuned              GB Weekly Hazard (Tuned)         discrete_time_gb            dynamic_weekly_person_period   drop_temporal_signal        Drop temporal signal block           0.003533              -0.102293                 0.002950                       0.019946                   -0.188203                 0.003872                       0.040717                   -0.179565                 0.005984                       0.056152                   -0.181728
   gb_weekly_tuned              GB Weekly Hazard (Tuned)         discrete_time_gb            dynamic_weekly_person_period          full_features            Full tuned feature set           0.000000               0.000000                 0.000000                       0.000000                    0.000000                 0.000000                       0.000000                    0.000000                 0.000000                       0.000000                    0.000000
   gb_weekly_tuned              GB Weekly Hazard (Tuned)         discrete_time_gb            dynamic_weekly_person_period only_static_structural Only static structural covariates           0.003533              -0.102293                 0.002950                       0.019946                   -0.188203                 0.003872                       0.040717                   -0.179565                 0.005984                       0.056152                   -0.181728
   gb_weekly_tuned              GB Weekly Hazard (Tuned)         discrete_time_gb            dynamic_weekly_person_period   only_temporal_signal        Only temporal signal block           0.003972              -0.051262                 0.003866                       0.036778                   -0.122547                 0.004354                       0.046796                   -0.093013                 0.004513                       0.038948                   -0.071902
      linear_tuned   Linear Discrete-Time Hazard (Tuned)     discrete_time_linear            dynamic_weekly_person_period drop_static_structural Drop static structural covariates           0.000610              -0.043395                 0.000431                       0.008491                   -0.061858                 0.000652                       0.017285                   -0.053535                 0.001162                       0.022293                   -0.053525
      linear_tuned   Linear Discrete-Time Hazard (Tuned)     discrete_time_linear            dynamic_weekly_person_period   drop_temporal_signal        Drop temporal signal block           0.001351              -0.097570                 0.000838                       0.030290                   -0.174023                 0.001265                       0.029165                   -0.134496                 0.003554                       0.028822                   -0.135551
      linear_tuned   Linear Discrete-Time Hazard (Tuned)     discrete_time_linear            dynamic_weekly_person_period          full_features            Full tuned feature set           0.000000               0.000000                 0.000000                       0.000000                    0.000000                 0.000000                       0.000000                    0.000000                 0.000000                       0.000000                    0.000000
      linear_tuned   Linear Discrete-Time Hazard (Tuned)     discrete_time_linear            dynamic_weekly_person_period only_static_structural Only static structural covariates           0.001351              -0.097570                 0.000838                       0.030290                   -0.174023                 0.001265                       0.029165                   -0.134496                 0.003554                       0.028822                   -0.135551
      linear_tuned   Linear Discrete-Time Hazard (Tuned)     discrete_time_linear            dynamic_weekly_person_period   only_temporal_signal        Only temporal signal block           0.000610              -0.043395                 0.000431                       0.008491                   -0.061858                 0.000652                       0.017285                   -0.053535                 0.001162                       0.022293                   -0.053525
        mtlr_tuned                   Neural-MTLR (Tuned)     continuous_time_mtlr comparable_continuous_time_early_window drop_static_structural Drop static structural covariates           0.005003              -0.038519                 0.005110                      -0.004544                   -0.043385                 0.005184                      -0.007940                   -0.045485                 0.005522                      -0.008242                   -0.045542
        mtlr_tuned                   Neural-MTLR (Tuned)     continuous_time_mtlr comparable_continuous_time_early_window   drop_temporal_signal        Drop temporal signal block           0.009528              -0.074702                 0.010661                      -0.003501                   -0.129026                 0.009142                      -0.002057                   -0.089581                 0.008286                      -0.003502                   -0.073972
        mtlr_tuned                   Neural-MTLR (Tuned)     continuous_time_mtlr comparable_continuous_time_early_window          full_features            Full tuned feature set           0.000000               0.000000                 0.000000                       0.000000                    0.000000                 0.000000                       0.000000                    0.000000                 0.000000                       0.000000                    0.000000
        mtlr_tuned                   Neural-MTLR (Tuned)     continuous_time_mtlr comparable_continuous_time_early_window only_static_structural Only static structural covariates           0.009528              -0.074702                 0.010661                      -0.003501                   -0.129026                 0.009142                      -0.002057                   -0.089581                 0.008286                      -0.003502                   -0.073972
        mtlr_tuned                   Neural-MTLR (Tuned)     continuous_time_mtlr comparable_continuous_time_early_window   only_temporal_signal        Only temporal signal block           0.005003              -0.038519                 0.005110                      -0.004544                   -0.043385                 0.005184                      -0.007940                   -0.045485                 0.005522                      -0.008242                   -0.045542
      neural_tuned Neural Discrete-Time Survival (Tuned)     discrete_time_neural            dynamic_weekly_person_period drop_static_structural Drop static structural covariates          -0.029086              -0.017767                -0.024017                      -0.028718                   -0.137374                -0.034865                      -0.021864                   -0.125204                -0.041274                      -0.020366                   -0.111202
      neural_tuned Neural Discrete-Time Survival (Tuned)     discrete_time_neural            dynamic_weekly_person_period   drop_temporal_signal        Drop temporal signal block          -0.012585              -0.081243                -0.010979                      -0.003878                   -0.111286                -0.013852                      -0.006363                   -0.112015                -0.017489                      -0.002943                   -0.108932
      neural_tuned Neural Discrete-Time Survival (Tuned)     discrete_time_neural            dynamic_weekly_person_period          full_features            Full tuned feature set           0.000000               0.000000                 0.000000                       0.000000                    0.000000                 0.000000                       0.000000                    0.000000                 0.000000                       0.000000                    0.000000
      neural_tuned Neural Discrete-Time Survival (Tuned)     discrete_time_neural            dynamic_weekly_person_period only_static_structural Only static structural covariates          -0.012585              -0.081243                -0.010979                      -0.003878                   -0.111286                -0.013852                      -0.006363                   -0.112015                -0.017489                      -0.002943                   -0.108932
      neural_tuned Neural Discrete-Time Survival (Tuned)     discrete_time_neural            dynamic_weekly_person_period   only_temporal_signal        Only temporal signal block          -0.029086              -0.017767                -0.024017                      -0.028718                   -0.137374                -0.034865                      -0.021864                   -0.125204                -0.041274                      -0.020366                   -0.111202
poisson_pexp_tuned Poisson Piecewise-Exponential (Tuned)    discrete_time_poisson            dynamic_weekly_person_period drop_static_structural Drop static structural covariates           0.001122              -0.038852                 0.000811                       0.008352                   -0.042954                 0.001407                       0.011102                   -0.035971                 0.001908                       0.012937                   -0.036531
poisson_pexp_tuned Poisson Piecewise-Exponential (Tuned)    discrete_time_poisson            dynamic_weekly_person_period   drop_temporal_signal        Drop temporal signal block           0.001060              -0.099743                 0.000797                       0.040128                   -0.137739                 0.000840                       0.043858                   -0.111444                 0.002600                       0.050346                   -0.119101
poisson_pexp_tuned Poisson Piecewise-Exponential (Tuned)    discrete_time_poisson            dynamic_weekly_person_period          full_features            Full tuned feature set           0.000000               0.000000                 0.000000                       0.000000                    0.000000                 0.000000                       0.000000                    0.000000                 0.000000                       0.000000                    0.000000
poisson_pexp_tuned Poisson Piecewise-Exponential (Tuned)    discrete_time_poisson            dynamic_weekly_person_period only_static_structural Only static structural covariates           0.001060              -0.099743                 0.000797                       0.040128                   -0.137739                 0.000840                       0.043858                   -0.111444                 0.002600                       0.050346                   -0.119101
poisson_pexp_tuned Poisson Piecewise-Exponential (Tuned)    discrete_time_poisson            dynamic_weekly_person_period   only_temporal_signal        Only temporal signal block           0.001122              -0.038852                 0.000811                       0.008352                   -0.042954                 0.001407                       0.011102                   -0.035971                 0.001908                       0.012937                   -0.036531
         rsf_tuned        Random Survival Forest (Tuned)        tree_survival_rsf comparable_continuous_time_early_window drop_static_structural Drop static structural covariates           0.008858              -0.051013                 0.008642                       0.011949                   -0.072528                 0.009842                       0.019824                   -0.064732                 0.011025                       0.026675                   -0.070556
         rsf_tuned        Random Survival Forest (Tuned)        tree_survival_rsf comparable_continuous_time_early_window   drop_temporal_signal        Drop temporal signal block           0.010638              -0.076388                 0.011506                      -0.004617                   -0.137287                 0.010274                       0.003031                   -0.089709                 0.009883                       0.003773                   -0.076930
         rsf_tuned        Random Survival Forest (Tuned)        tree_survival_rsf comparable_continuous_time_early_window          full_features            Full tuned feature set           0.000000               0.000000                 0.000000                       0.000000                    0.000000                 0.000000                       0.000000                    0.000000                 0.000000                       0.000000                    0.000000
         rsf_tuned        Random Survival Forest (Tuned)        tree_survival_rsf comparable_continuous_time_early_window only_static_structural Only static structural covariates           0.010638              -0.076388                 0.011506                      -0.004617                   -0.137287                 0.010274                       0.003031                   -0.089709                 0.009883                       0.003773                   -0.076930
         rsf_tuned        Random Survival Forest (Tuned)        tree_survival_rsf comparable_continuous_time_early_window   only_temporal_signal        Only temporal signal block           0.008858              -0.051013                 0.008642                       0.011949                   -0.072528                 0.009842                       0.019824                   -0.064732                 0.011025                       0.026675                   -0.070556

Ablation summary by model:
          model_id                          display_name                   family                paper_methodological_arm  delta_ibs_drop_static  delta_ibs_drop_temporal  delta_c_index_drop_static  delta_c_index_drop_temporal  delta_risk_auc_h10_drop_static  delta_risk_auc_h10_drop_temporal  delta_risk_auc_h20_drop_static  delta_risk_auc_h20_drop_temporal  delta_risk_auc_h30_drop_static  delta_risk_auc_h30_drop_temporal  ibs_temporal_vs_static_ratio  abs_cindex_temporal_vs_static_ratio
         cox_tuned                Cox Comparable (Tuned)      continuous_time_cox comparable_continuous_time_early_window               0.002004                 0.004926                  -0.028781                    -0.059751                       -0.022462                         -0.118893                       -0.033718                         -0.071916                       -0.035722                         -0.055976                      2.458449                             2.076008
    deepsurv_tuned                      DeepSurv (Tuned) continuous_time_deepsurv comparable_continuous_time_early_window               0.004393                 0.008159                  -0.036126                    -0.071140                       -0.030014                         -0.123820                       -0.036778                         -0.084192                       -0.040258                         -0.069935                      1.857441                             1.969241
   gb_weekly_tuned              GB Weekly Hazard (Tuned)         discrete_time_gb            dynamic_weekly_person_period               0.003972                 0.003533                  -0.051262                    -0.102293                       -0.122547                         -0.188203                       -0.093013                         -0.179565                       -0.071902                         -0.181728                      0.889568                             1.995504
      linear_tuned   Linear Discrete-Time Hazard (Tuned)     discrete_time_linear            dynamic_weekly_person_period               0.000610                 0.001351                  -0.043395                    -0.097570                       -0.061858                         -0.174023                       -0.053535                         -0.134496                       -0.053525                         -0.135551                      2.216212                             2.248400
        mtlr_tuned                   Neural-MTLR (Tuned)     continuous_time_mtlr comparable_continuous_time_early_window               0.005003                 0.009528                  -0.038519                    -0.074702                       -0.043385                         -0.129026                       -0.045485                         -0.089581                       -0.045542                         -0.073972                      1.904372                             1.939366
      neural_tuned Neural Discrete-Time Survival (Tuned)     discrete_time_neural            dynamic_weekly_person_period              -0.029086                -0.012585                  -0.017767                    -0.081243                       -0.137374                         -0.111286                       -0.125204                         -0.112015                       -0.111202                         -0.108932                      0.432702                             4.572787
poisson_pexp_tuned Poisson Piecewise-Exponential (Tuned)    discrete_time_poisson            dynamic_weekly_person_period               0.001122                 0.001060                  -0.038852                    -0.099743                       -0.042954                         -0.137739                       -0.035971                         -0.111444                       -0.036531                         -0.119101                      0.944521                             2.567231
         rsf_tuned        Random Survival Forest (Tuned)        tree_survival_rsf comparable_continuous_time_early_window               0.008858                 0.010638                  -0.051013                    -0.076388                       -0.072528                         -0.137287                       -0.064732                         -0.089709                       -0.070556                         -0.076930                      1.200969                             1.497415

Ablation scenario comparison:
          model_id                          display_name                   family                paper_methodological_arm            scenario_id                    scenario_label      ibs  c_index  brier_h10  calibration_h10  risk_auc_h10  brier_h20  calibration_h20  risk_auc_h20  brier_h30  calibration_h30  risk_auc_h30  rank_ibs  rank_c_index
         rsf_tuned        Random Survival Forest (Tuned)        tree_survival_rsf comparable_continuous_time_early_window          full_features            Full tuned feature set 0.111869 0.673287   0.094692         0.011710      0.768129   0.132974         0.012031      0.696806   0.157383         0.009317      0.674307       1.0           1.0
        mtlr_tuned                   Neural-MTLR (Tuned)     continuous_time_mtlr comparable_continuous_time_early_window          full_features            Full tuned feature set 0.112906 0.652650   0.095224         0.015058      0.770107   0.134101         0.020576      0.697876   0.159274         0.028090      0.671565       2.0           4.0
    deepsurv_tuned                      DeepSurv (Tuned) continuous_time_deepsurv comparable_continuous_time_early_window          full_features            Full tuned feature set 0.114349 0.664076   0.097769         0.028700      0.754962   0.134008         0.011665      0.690650   0.158547         0.010724      0.667334       3.0           3.0
         cox_tuned                Cox Comparable (Tuned)      continuous_time_cox comparable_continuous_time_early_window          full_features            Full tuned feature set 0.117608 0.650619   0.101105         0.037383      0.741888   0.137808         0.017056      0.678228   0.162372         0.010705      0.652548       4.0           5.0
   gb_weekly_tuned              GB Weekly Hazard (Tuned)         discrete_time_gb            dynamic_weekly_person_period          full_features            Full tuned feature set 0.139363 0.672250   0.116034         0.065990      0.513524   0.165816         0.117073      0.411097   0.200229         0.150452      0.377896       5.0           2.0
      linear_tuned   Linear Discrete-Time Hazard (Tuned)     discrete_time_linear            dynamic_weekly_person_period          full_features            Full tuned feature set 0.145461 0.632068   0.122861         0.116868      0.328304   0.173773         0.166584      0.298128   0.205209         0.183796      0.307022       6.0           6.0
poisson_pexp_tuned Poisson Piecewise-Exponential (Tuned)    discrete_time_poisson            dynamic_weekly_person_period          full_features            Full tuned feature set 0.145639 0.625834   0.122373         0.115173      0.257570   0.173999         0.174032      0.233099   0.207064         0.195405      0.243569       7.0           7.0
      neural_tuned Neural Discrete-Time Survival (Tuned)     discrete_time_neural            dynamic_weekly_person_period          full_features            Full tuned feature set 0.166809 0.612547   0.136633         0.126354      0.502955   0.200580         0.178048      0.444607   0.242535         0.213319      0.423966       8.0           8.0
        mtlr_tuned                   Neural-MTLR (Tuned)     continuous_time_mtlr comparable_continuous_time_early_window drop_static_structural Drop static structural covariates 0.117909 0.614131   0.100334         0.010515      0.726722   0.139284         0.012636      0.652390   0.164796         0.019848      0.626023       1.0           5.0
    deepsurv_tuned                      DeepSurv (Tuned) continuous_time_deepsurv comparable_continuous_time_early_window drop_static_structural Drop static structural covariates 0.118742 0.627951   0.102189         0.040077      0.724949   0.139065         0.019694      0.653873   0.163784         0.015809      0.627077       2.0           1.0
         cox_tuned                Cox Comparable (Tuned)      continuous_time_cox comparable_continuous_time_early_window drop_static_structural Drop static structural covariates 0.119612 0.621838   0.102914         0.043534      0.719426   0.140168         0.023472      0.644511   0.165123         0.021005      0.616826       3.0           3.0
         rsf_tuned        Random Survival Forest (Tuned)        tree_survival_rsf comparable_continuous_time_early_window drop_static_structural Drop static structural covariates 0.120727 0.622274   0.103334         0.023659      0.695601   0.142817         0.031855      0.632075   0.168408         0.035992      0.603751       4.0           2.0
      neural_tuned Neural Discrete-Time Survival (Tuned)     discrete_time_neural            dynamic_weekly_person_period drop_static_structural Drop static structural covariates 0.137723 0.594780   0.112616         0.097637      0.365581   0.165715         0.156183      0.319403   0.201261         0.192953      0.312764       5.0           6.0
   gb_weekly_tuned              GB Weekly Hazard (Tuned)         discrete_time_gb            dynamic_weekly_person_period drop_static_structural Drop static structural covariates 0.143335 0.620989   0.119900         0.102768      0.390977   0.170170         0.163869      0.318083   0.204742         0.189400      0.305994       6.0           4.0
      linear_tuned   Linear Discrete-Time Hazard (Tuned)     discrete_time_linear            dynamic_weekly_person_period drop_static_structural Drop static structural covariates 0.146070 0.588673   0.123292         0.125359      0.266446   0.174425         0.183869      0.244592   0.206372         0.206090      0.253497       7.0           7.0
poisson_pexp_tuned Poisson Piecewise-Exponential (Tuned)    discrete_time_poisson            dynamic_weekly_person_period drop_static_structural Drop static structural covariates 0.146761 0.586982   0.123184         0.123525      0.214616   0.175406         0.185134      0.197127   0.208972         0.208342      0.207038       8.0           8.0
        mtlr_tuned                   Neural-MTLR (Tuned)     continuous_time_mtlr comparable_continuous_time_early_window   drop_temporal_signal        Drop temporal signal block 0.122434 0.577948   0.105885         0.011557      0.641082   0.143242         0.018519      0.608294   0.167561         0.024587      0.597593       1.0           4.0
         rsf_tuned        Random Survival Forest (Tuned)        tree_survival_rsf comparable_continuous_time_early_window   drop_temporal_signal        Drop temporal signal block 0.122507 0.596899   0.106198         0.007094      0.630842   0.143248         0.015062      0.607097   0.167266         0.013090      0.597377       2.0           1.0
    deepsurv_tuned                      DeepSurv (Tuned) continuous_time_deepsurv comparable_continuous_time_early_window   drop_temporal_signal        Drop temporal signal block 0.122508 0.592936   0.106293         0.009105      0.631143   0.143146         0.011294      0.606458   0.167150         0.016190      0.597399       3.0           2.0
         cox_tuned                Cox Comparable (Tuned)      continuous_time_cox comparable_continuous_time_early_window   drop_temporal_signal        Drop temporal signal block 0.122535 0.590868   0.106583         0.011891      0.622996   0.143047         0.011053      0.606312   0.166909         0.010446      0.596572       4.0           3.0
   gb_weekly_tuned              GB Weekly Hazard (Tuned)         discrete_time_gb            dynamic_weekly_person_period   drop_temporal_signal        Drop temporal signal block 0.142897 0.569958   0.118985         0.085936      0.325321   0.169688         0.157790      0.231532   0.206213         0.206604      0.196168       5.0           5.0
poisson_pexp_tuned Poisson Piecewise-Exponential (Tuned)    discrete_time_poisson            dynamic_weekly_person_period   drop_temporal_signal        Drop temporal signal block 0.146699 0.526092   0.123170         0.155301      0.119831   0.174839         0.217890      0.121654   0.209664         0.245751      0.124468       6.0           8.0
      linear_tuned   Linear Discrete-Time Hazard (Tuned)     discrete_time_linear            dynamic_weekly_person_period   drop_temporal_signal        Drop temporal signal block 0.146812 0.534498   0.123698         0.147158      0.154281   0.175038         0.195750      0.163632   0.208763         0.212619      0.171470       7.0           6.0
      neural_tuned Neural Discrete-Time Survival (Tuned)     discrete_time_neural            dynamic_weekly_person_period   drop_temporal_signal        Drop temporal signal block 0.154224 0.531303   0.125654         0.122476      0.391669   0.186728         0.171685      0.332592   0.225046         0.210375      0.315034       8.0           7.0

Saved:
- DuckDB table: table_ablation_leaderboard_manuscript_subset
- DuckDB table: table_ablation_delta_manuscript_subset
- DuckDB table: table_ablation_summary_by_model
- DuckDB table: table_ablation_scenario_comparison
- /Users/rafars/dropout_benchmark_desenv/outputs_benchmark_survival/metadata/ablation_consolidated_summary.json
[END] F5 - 2026-06-19 23:20:13
F5.CONV: materialized DuckDB table -> table_ablation_convergence_paradigm

F5.CONV — Cross-paradigm ablation convergence:
  Models in subset       : 8
  Temporal dominant (IBS): 6/8 (75.0%)
  Unanimous (IBS)        : False
          model_id                paper_methodological_arm  delta_ibs_drop_temporal  delta_ibs_drop_static  ibs_temporal_vs_static_ratio      convergence_verdict
         cox_tuned comparable_continuous_time_early_window                 0.004926               0.002004                      2.458449      TEMPORALLY_DOMINANT
    deepsurv_tuned comparable_continuous_time_early_window                 0.008159               0.004393                      1.857441      TEMPORALLY_DOMINANT
   gb_weekly_tuned            dynamic_weekly_person_period                 0.003533               0.003972                      0.889568 MIXED_OR_STATIC_DOMINANT
      linear_tuned            dynamic_weekly_person_period                 0.001351               0.000610                      2.216212      TEMPORALLY_DOMINANT
        mtlr_tuned comparable_continuous_time_early_window                 0.009528               0.005003                      1.904372      TEMPORALLY_DOMINANT
      neural_tuned            dynamic_weekly_person_period                -0.012585              -0.029086                      0.432702      TEMPORALLY_DOMINANT
poisson_pexp_tuned            dynamic_weekly_person_period                 0.001060               0.001122                      0.944521 MIXED_OR_STATIC_DOMINANT
         rsf_tuned comparable_continuous_time_early_window                 0.010638               0.008858                      1.200969      TEMPORALLY_DOMINANT
Saved: table_ablation_convergence_paradigm → /Users/rafars/dropout_benchmark_desenv/outputs_benchmark_survival/tables/table_ablation_convergence_paradigm.csv
[START] F6 - 2026-06-19 23:20:13

======================================================================
F6 — Consolidated Preprocessing and Tuning Audit
======================================================================
Methodological note: this step consolidates preprocessing and
tuning documentation across the selected manuscript-facing audit subset.
No model is retrained and no benchmark metric is recomputed here.
[END] F6 - 2026-06-19 23:20:13
[START] F6.1 - 2026-06-19 23:20:13
[END] F6.1 - 2026-06-19 23:20:13
[START] F6.2 - 2026-06-19 23:20:13
[END] F6.2 - 2026-06-19 23:20:13
[START] F6.3 - 2026-06-19 23:20:13
[END] F6.3 - 2026-06-19 23:20:13
[START] F6.4 - 2026-06-19 23:20:13
[END] F6.4 - 2026-06-19 23:20:13
[START] F6.5 - 2026-06-19 23:20:13
[END] F6.5 - 2026-06-19 23:20:13
[START] F6.6 - 2026-06-19 23:20:13
F6: materialized DuckDB table -> table_preprocessing_and_tuning_audit
F6: materialized DuckDB table -> table_appendix_preprocessing_and_tuning_audit_compact

Full preprocessing and tuning audit:
      model_id                   display_name                        family              data_level                                     raw_input_design  numeric_imputation categorical_imputation          categorical_encoding                   numeric_scaling fit_on_train_only class_imbalance_handling  n_input_features_raw  n_features_after_transform         validation_unit                                                                     validation_strategy  validation_fraction           selection_metric                                                                                                                                                                                                                                                                                                                                                                                                                                                                                                                                                                                                                                                                                                                                                                                                                                                                                                                                                                                                                                                                                                                                                                                                                                                                                                                                                                                                                                                                                                                                                                                                                                                                                                                                                                                                                                                                                                                                                                                                                                                                                                                                                                                                                                                                                                                                                                                                                                                                                                                                                                                                                                                                                                                                                                                                                                                                                                                                                                                                                                                                                                                                                                                                                                                                                                                                                                                                                                                                                                                                                                                                                                                                                                                                                                search_space                                                                                                                                                                                                                                                                              best_candidate_summary                                           preprocessing_note  tuning_note  n_tuning_candidates early_stopping_used early_stopping_patience                                                                     complexity_control
     cox_tuned         Cox Comparable (Tuned)           continuous_time_cox enrollment_early_window static covariates + early-window summaries (4 weeks)                 NaN       constant_missing one_hot_handle_unknown_ignore standard_scaler_fit_on_train_only               yes                     none                    11                         NaN              enrollment         train/validation split on enrollment_id with event stratification when possible                  0.2 highest_validation_c_index                                                                                                                                                                                                                                                                                                                                                                                                                                                                                                                                                                                                                                                                                                                                                                                                                                                                                                                                                                                                                                                                                                                                                                                                                                                                                                                                                                                                                                                                                                                                                                                                                                                                                                                                                                                                                                                                                                                                                                                                                                                                                                                                                                                                                                                                                                                                                                                                                                                                                                                                                                                                                                                                                                                                                                                                                                                                                                                                                                                                                                                                                                                                                                                                                                                                                                                                                                                                                                                                                                                                                                                                                                                                                                                                     penalizer_grid=None; l1_ratio_grid=None                                                                                                                                                                                                                       candidate_id=4; penalizer=0.001; l1_ratio=0.75; val_cindex=0.6351577740202069                        early-window comparable Cox benchmark not_reported                  NaN                 NaN                     NaN                                                                                    NaN
deepsurv_tuned               DeepSurv (Tuned)      continuous_time_deepsurv enrollment_early_window static covariates + early-window summaries (4 weeks)                 NaN       constant_missing one_hot_handle_unknown_ignore standard_scaler_fit_on_train_only               yes                     none                    11                        41.0 row_within_training_set                                    random internal validation fraction on training rows                  0.2     lowest_validation_loss                                                                                                                                                                                                                                                                                                                                                                                                                                                                                                                                                                                                                                                                                                                                                                                                                                                                                                                                                                                                                                                                                                                                                                                                                                                                                                                                                                                                                                                                                                                                                                                                                                                                                                                                                                                                                                                                                                                                                                                                                                                                                                                                                                                                                                                                                                                                                                                                                                                                                                                                                                                                                                                                                                                                                                                                                                                                                                                                                                                                                                                                                                                                                                                                                                                                                                                                                                                                                                                                                                                                                                                                                                                      hidden_dims_grid=None; dropout_grid=None; learning_rate_grid=None; weight_decay_grid=None; batch_norm=True; epochs=100                                                                                                                                                        candidate_id=6; hidden_dims=[32, 16]; dropout=0.3; learning_rate=0.0005; weight_decay=0.0001; best_val_loss=8.135422706604004; best_epoch=98 same conceptual input design as the comparable Cox benchmark not_reported                 24.0                 yes                      10 network architecture grid + dropout + weight decay + early stopping + best epoch refit
     rsf_tuned Random Survival Forest (Tuned) continuous_time_tree_ensemble enrollment_early_window static covariates + early-window summaries (4 weeks)                 NaN       constant_missing one_hot_handle_unknown_ignore standard_scaler_fit_on_train_only               yes                     none                    11                         NaN              enrollment         train/validation split on enrollment_id with event stratification when possible                  0.2      lowest_validation_ibs                                                                                                                                                                                                                                                                                                                                                                                                                                                                                                                                                                                                                                                                                                                                                                                                                                                                                                                                                                                                                                                                                                                                   [{'candidate_id': 1, 'n_estimators': 200, 'min_samples_leaf': 3, 'max_depth': None, 'max_features': 'sqrt'}, {'candidate_id': 2, 'n_estimators': 300, 'min_samples_leaf': 5, 'max_depth': None, 'max_features': 'sqrt'}, {'candidate_id': 3, 'n_estimators': 400, 'min_samples_leaf': 3, 'max_depth': None, 'max_features': 'sqrt'}, {'candidate_id': 4, 'n_estimators': 200, 'min_samples_leaf': 10, 'max_depth': None, 'max_features': 'sqrt'}, {'candidate_id': 5, 'n_estimators': 300, 'min_samples_leaf': 20, 'max_depth': None, 'max_features': 'sqrt'}, {'candidate_id': 6, 'n_estimators': 400, 'min_samples_leaf': 5, 'max_depth': None, 'max_features': 0.8}, {'candidate_id': 7, 'n_estimators': 200, 'min_samples_leaf': 3, 'max_depth': None, 'max_features': 0.7}, {'candidate_id': 8, 'n_estimators': 300, 'min_samples_leaf': 10, 'max_depth': None, 'max_features': 0.8}, {'candidate_id': 9, 'n_estimators': 200, 'min_samples_leaf': 3, 'max_depth': 8, 'max_features': 'sqrt'}, {'candidate_id': 10, 'n_estimators': 300, 'min_samples_leaf': 5, 'max_depth': 8, 'max_features': 'sqrt'}, {'candidate_id': 11, 'n_estimators': 400, 'min_samples_leaf': 3, 'max_depth': 8, 'max_features': 'sqrt'}, {'candidate_id': 12, 'n_estimators': 200, 'min_samples_leaf': 10, 'max_depth': 8, 'max_features': 0.8}, {'candidate_id': 13, 'n_estimators': 300, 'min_samples_leaf': 20, 'max_depth': 8, 'max_features': 0.8}, {'candidate_id': 14, 'n_estimators': 400, 'min_samples_leaf': 5, 'max_depth': 8, 'max_features': 0.7}, {'candidate_id': 15, 'n_estimators': 200, 'min_samples_leaf': 3, 'max_depth': 8, 'max_features': 0.7}, {'candidate_id': 16, 'n_estimators': 300, 'min_samples_leaf': 10, 'max_depth': 8, 'max_features': 0.7}, {'candidate_id': 17, 'n_estimators': 200, 'min_samples_leaf': 3, 'max_depth': 15, 'max_features': 'sqrt'}, {'candidate_id': 18, 'n_estimators': 300, 'min_samples_leaf': 5, 'max_depth': 15, 'max_features': 'sqrt'}, {'candidate_id': 19, 'n_estimators': 400, 'min_samples_leaf': 3, 'max_depth': 15, 'max_features': 'sqrt'}, {'candidate_id': 20, 'n_estimators': 200, 'min_samples_leaf': 10, 'max_depth': 15, 'max_features': 0.8}, {'candidate_id': 21, 'n_estimators': 300, 'min_samples_leaf': 20, 'max_depth': 15, 'max_features': 0.8}, {'candidate_id': 22, 'n_estimators': 400, 'min_samples_leaf': 5, 'max_depth': 15, 'max_features': 0.7}, {'candidate_id': 23, 'n_estimators': 200, 'min_samples_leaf': 3, 'max_depth': 15, 'max_features': 0.7}, {'candidate_id': 24, 'n_estimators': 300, 'min_samples_leaf': 10, 'max_depth': 15, 'max_features': 0.7}]                                                                                                                          candidate_id=19; params={'n_estimators': 400, 'min_samples_leaf': 3, 'max_depth': 15, 'max_features': 'sqrt'}; val_ibs=0.11137515188185966; val_c_index=0.6526944809746087                                                 not_reported not_reported                 24.0                  no          not_applicable                                  forest size + leaf size + depth + feature subsampling
    mtlr_tuned            Neural-MTLR (Tuned)   continuous_time_neural_mtlr enrollment_early_window static covariates + early-window summaries (4 weeks)                 NaN       constant_missing one_hot_handle_unknown_ignore standard_scaler_fit_on_train_only               yes                     none                    11                         NaN              enrollment train/validation split on enrollment_id with deterministic survival-time discretization                  0.1      lowest_validation_ibs [{'candidate_id': 1, 'num_durations': 20, 'hidden_dims': [64, 32], 'dropout': 0.1, 'learning_rate': 0.005, 'weight_decay': 1e-05, 'batch_size': 512}, {'candidate_id': 2, 'num_durations': 20, 'hidden_dims': [64, 32], 'dropout': 0.1, 'learning_rate': 0.01, 'weight_decay': 1e-05, 'batch_size': 512}, {'candidate_id': 3, 'num_durations': 20, 'hidden_dims': [64, 32], 'dropout': 0.2, 'learning_rate': 0.005, 'weight_decay': 0.0001, 'batch_size': 512}, {'candidate_id': 4, 'num_durations': 20, 'hidden_dims': [64, 32], 'dropout': 0.2, 'learning_rate': 0.01, 'weight_decay': 0.0001, 'batch_size': 512}, {'candidate_id': 5, 'num_durations': 20, 'hidden_dims': [128, 64], 'dropout': 0.1, 'learning_rate': 0.005, 'weight_decay': 1e-05, 'batch_size': 512}, {'candidate_id': 6, 'num_durations': 20, 'hidden_dims': [128, 64], 'dropout': 0.1, 'learning_rate': 0.01, 'weight_decay': 1e-05, 'batch_size': 512}, {'candidate_id': 7, 'num_durations': 20, 'hidden_dims': [128, 64], 'dropout': 0.2, 'learning_rate': 0.005, 'weight_decay': 0.0001, 'batch_size': 512}, {'candidate_id': 8, 'num_durations': 20, 'hidden_dims': [128, 64], 'dropout': 0.2, 'learning_rate': 0.01, 'weight_decay': 0.0001, 'batch_size': 512}, {'candidate_id': 9, 'num_durations': 20, 'hidden_dims': [256, 128], 'dropout': 0.1, 'learning_rate': 0.005, 'weight_decay': 1e-05, 'batch_size': 512}, {'candidate_id': 10, 'num_durations': 20, 'hidden_dims': [256, 128], 'dropout': 0.2, 'learning_rate': 0.005, 'weight_decay': 0.0001, 'batch_size': 512}, {'candidate_id': 11, 'num_durations': 20, 'hidden_dims': [256, 128], 'dropout': 0.2, 'learning_rate': 0.01, 'weight_decay': 0.0001, 'batch_size': 1024}, {'candidate_id': 12, 'num_durations': 20, 'hidden_dims': [256, 128], 'dropout': 0.3, 'learning_rate': 0.001, 'weight_decay': 0.0001, 'batch_size': 1024}, {'candidate_id': 13, 'num_durations': 40, 'hidden_dims': [64, 32], 'dropout': 0.1, 'learning_rate': 0.005, 'weight_decay': 1e-05, 'batch_size': 512}, {'candidate_id': 14, 'num_durations': 40, 'hidden_dims': [64, 32], 'dropout': 0.2, 'learning_rate': 0.005, 'weight_decay': 0.0001, 'batch_size': 512}, {'candidate_id': 15, 'num_durations': 40, 'hidden_dims': [64, 32], 'dropout': 0.2, 'learning_rate': 0.01, 'weight_decay': 0.0001, 'batch_size': 512}, {'candidate_id': 16, 'num_durations': 40, 'hidden_dims': [64, 32], 'dropout': 0.3, 'learning_rate': 0.001, 'weight_decay': 0.0001, 'batch_size': 512}, {'candidate_id': 17, 'num_durations': 40, 'hidden_dims': [128, 64], 'dropout': 0.1, 'learning_rate': 0.005, 'weight_decay': 1e-05, 'batch_size': 512}, {'candidate_id': 18, 'num_durations': 40, 'hidden_dims': [128, 64], 'dropout': 0.1, 'learning_rate': 0.01, 'weight_decay': 1e-05, 'batch_size': 512}, {'candidate_id': 19, 'num_durations': 40, 'hidden_dims': [128, 64], 'dropout': 0.2, 'learning_rate': 0.005, 'weight_decay': 0.0001, 'batch_size': 512}, {'candidate_id': 20, 'num_durations': 40, 'hidden_dims': [128, 64], 'dropout': 0.2, 'learning_rate': 0.001, 'weight_decay': 0.0001, 'batch_size': 1024}, {'candidate_id': 21, 'num_durations': 40, 'hidden_dims': [256, 128], 'dropout': 0.1, 'learning_rate': 0.005, 'weight_decay': 1e-05, 'batch_size': 512}, {'candidate_id': 22, 'num_durations': 40, 'hidden_dims': [256, 128], 'dropout': 0.2, 'learning_rate': 0.005, 'weight_decay': 0.0001, 'batch_size': 512}, {'candidate_id': 23, 'num_durations': 40, 'hidden_dims': [256, 128], 'dropout': 0.2, 'learning_rate': 0.01, 'weight_decay': 0.0001, 'batch_size': 1024}, {'candidate_id': 24, 'num_durations': 40, 'hidden_dims': [256, 128], 'dropout': 0.3, 'learning_rate': 0.001, 'weight_decay': 0.0001, 'batch_size': 1024}] candidate_id=20; params={'num_durations': 40, 'hidden_dims': [128, 64], 'dropout': 0.2, 'learning_rate': 0.001, 'weight_decay': 0.0001, 'batch_size': 1024}; best_epoch=47; best_val_loss=1.0506232976913452; val_ibs=0.1113095019823411; val_c_index=0.6461103805078254; implementation=pycox_mtlr                                                 not_reported not_reported                 24.0                 yes                       8   discretization grid + network architecture + dropout + weight decay + early stopping

Appendix-oriented compact audit:
                         model                        family             input_level  num_impute       cat_impute                  cat_encoding                       num_scaling fit_train_only imbalance                val_unit                                                                            val_strategy  val_frac              select_metric  n_candidates early_stop       patience                                                                     complexity_control
        Cox Comparable (Tuned)           continuous_time_cox enrollment_early_window         NaN constant_missing one_hot_handle_unknown_ignore standard_scaler_fit_on_train_only            yes      none              enrollment         train/validation split on enrollment_id with event stratification when possible       0.2 highest_validation_c_index           NaN        NaN            NaN                                                                                    NaN
              DeepSurv (Tuned)      continuous_time_deepsurv enrollment_early_window         NaN constant_missing one_hot_handle_unknown_ignore standard_scaler_fit_on_train_only            yes      none row_within_training_set                                    random internal validation fraction on training rows       0.2     lowest_validation_loss          24.0        yes             10 network architecture grid + dropout + weight decay + early stopping + best epoch refit
Random Survival Forest (Tuned) continuous_time_tree_ensemble enrollment_early_window         NaN constant_missing one_hot_handle_unknown_ignore standard_scaler_fit_on_train_only            yes      none              enrollment         train/validation split on enrollment_id with event stratification when possible       0.2      lowest_validation_ibs          24.0         no not_applicable                                  forest size + leaf size + depth + feature subsampling
           Neural-MTLR (Tuned)   continuous_time_neural_mtlr enrollment_early_window         NaN constant_missing one_hot_handle_unknown_ignore standard_scaler_fit_on_train_only            yes      none              enrollment train/validation split on enrollment_id with deterministic survival-time discretization       0.1      lowest_validation_ibs          24.0        yes              8   discretization grid + network architecture + dropout + weight decay + early stopping

Saved:
- DuckDB table: table_preprocessing_and_tuning_audit
- DuckDB table: table_appendix_preprocessing_and_tuning_audit_compact
- /Users/rafars/dropout_benchmark_desenv/outputs_benchmark_survival/metadata/preprocessing_and_tuning_audit_summary.json
[END] F6.6 - 2026-06-19 23:20:13
[START] F7 - 2026-06-19 23:20:13

======================================================================
F7 — Bootstrap Uncertainty Audit for Tuned Benchmark Models (Revised v4)
======================================================================
Methodological note: this step rebuilds tuned-model survival predictions
on the held-out test set and performs enrollment-level bootstrap
resampling to quantify uncertainty in the selected manuscript audit subset.
No model is retrained inside bootstrap iterations.
[END] F7 - 2026-06-19 23:20:13
[START] F7.1 - 2026-06-19 23:20:13
[END] F7.1 - 2026-06-19 23:20:13
[START] F7.2 - 2026-06-19 23:20:13
[END] F7.2 - 2026-06-19 23:20:13
[START] F7.3 - 2026-06-19 23:20:13
[END] F7.3 - 2026-06-19 23:20:13
[START] F7.4 - 2026-06-19 23:20:13
[END] F7.4 - 2026-06-19 23:20:13
[START] F7.5 - 2026-06-19 23:20:13
[END] F7.5 - 2026-06-19 23:20:13
[START] F7.6 - 2026-06-19 23:20:13
[END] F7.6 - 2026-06-19 23:20:13
[START] F7.7 - 2026-06-19 23:20:13
[END] F7.7 - 2026-06-19 23:20:13
[START] F7.8 - 2026-06-19 23:20:13
[END] F7.8 - 2026-06-19 23:20:13
[START] F7.9 - 2026-06-19 23:20:13
[END] F7.9 - 2026-06-19 23:20:13
[START] F7.10 - 2026-06-19 23:20:13
[END] F7.10 - 2026-06-19 23:20:13
[START] F7.11 - 2026-06-19 23:20:13
[END] F7.11 - 2026-06-19 23:20:13
[START] F7.12 - 2026-06-19 23:20:13
[END] F7.12 - 2026-06-19 23:20:13
[START] F7.13 - 2026-06-19 23:20:13
[END] F7.13 - 2026-06-19 23:20:13
[START] F7.14 - 2026-06-19 23:20:13
[END] F7.14 - 2026-06-19 23:20:13
[START] F7.15 - 2026-06-19 23:20:13
[END] F7.15 - 2026-06-19 23:20:13
[START] F7.16 - 2026-06-19 23:20:13
[END] F7.16 - 2026-06-19 23:20:13
[START] F7.17 - 2026-06-19 23:20:13
[END] F7.17 - 2026-06-19 23:20:13
[START] F7.18 - 2026-06-19 23:20:13
[END] F7.18 - 2026-06-19 23:20:13
[START] F7.19 - 2026-06-19 23:20:13

Rebuilding tuned-model survival objects on the held-out test set...
Done.

Point estimates recomputed from rebuilt survival objects:
                         model  c_index_td  brier_h10  brier_h20  brier_h30      ibs
        Cox Comparable (Tuned)    0.651160   0.101157   0.137813   0.162328 0.117621
              DeepSurv (Tuned)    0.661949   0.097804   0.134316   0.158921 0.114515
Random Survival Forest (Tuned)    0.673506   0.094668   0.132948   0.157386 0.111840
           Neural-MTLR (Tuned)    0.656942   0.095433   0.134048   0.158837 0.113132

Sanity audit against frozen tuned-model metrics:
                         model     metric  rebuilt_value  frozen_value     abs_diff  within_tolerance
        Cox Comparable (Tuned)        ibs       0.117621      0.117621 1.630772e-11              True
        Cox Comparable (Tuned) c_index_td       0.651160      0.651160 2.583105e-08              True
        Cox Comparable (Tuned)  brier_h10       0.101157      0.101157 6.755503e-11              True
        Cox Comparable (Tuned)  brier_h20       0.137813      0.137813 6.800821e-11              True
        Cox Comparable (Tuned)  brier_h30       0.162328      0.162328 2.042671e-10              True
              DeepSurv (Tuned)        ibs       0.114515      0.114515 0.000000e+00              True
              DeepSurv (Tuned) c_index_td       0.661949      0.661949 0.000000e+00              True
              DeepSurv (Tuned)  brier_h10       0.097804      0.097804 0.000000e+00              True
              DeepSurv (Tuned)  brier_h20       0.134316      0.134316 0.000000e+00              True
              DeepSurv (Tuned)  brier_h30       0.158921      0.158921 0.000000e+00              True
Random Survival Forest (Tuned)        ibs       0.111840      0.111840 2.775558e-17              True
Random Survival Forest (Tuned) c_index_td       0.673506      0.673506 0.000000e+00              True
Random Survival Forest (Tuned)  brier_h10       0.094668      0.094668 1.387779e-17              True
Random Survival Forest (Tuned)  brier_h20       0.132948      0.132948 5.551115e-17              True
Random Survival Forest (Tuned)  brier_h30       0.157386      0.157386 2.775558e-17              True
           Neural-MTLR (Tuned)        ibs       0.113132      0.113132 1.387779e-17              True
           Neural-MTLR (Tuned) c_index_td       0.656942      0.656942 0.000000e+00              True
           Neural-MTLR (Tuned)  brier_h10       0.095433      0.095433 1.387779e-17              True
           Neural-MTLR (Tuned)  brier_h20       0.134048      0.134048 0.000000e+00              True
           Neural-MTLR (Tuned)  brier_h30       0.158837      0.158837 0.000000e+00              True
Bootstrapping: Cox Comparable (Tuned)
Bootstrapping: DeepSurv (Tuned)
Bootstrapping: Random Survival Forest (Tuned)
Bootstrapping: Neural-MTLR (Tuned)
F7: materialized DuckDB table -> table_bootstrap_point_estimates_tuned_models
F7: materialized DuckDB table -> table_bootstrap_metrics_long_tuned_models
F7: materialized DuckDB table -> table_bootstrap_uncertainty_summary_tuned_models
F7: materialized DuckDB table -> table_appendix_bootstrap_uncertainty_compact
F7: materialized DuckDB table -> table_bootstrap_rank_stability_tuned_models
F7: materialized DuckDB table -> table_bootstrap_pairwise_stability_tuned_models
F7: materialized DuckDB table -> table_bootstrap_rebuild_sanity_audit
                         model     metric  point_estimate  bootstrap_mean  ci_lower  ci_upper  n_successful_bootstrap
        Cox Comparable (Tuned)        ibs        0.117621        0.117391  0.113767  0.120765                     200
        Cox Comparable (Tuned) c_index_td        0.651160        0.651507  0.640233  0.663379                     200
        Cox Comparable (Tuned)  brier_h10        0.101157        0.100958  0.096860  0.104927                     200
        Cox Comparable (Tuned)  brier_h20        0.137813        0.137594  0.133435  0.141642                     200
        Cox Comparable (Tuned)  brier_h30        0.162328        0.162061  0.157689  0.165588                     200
              DeepSurv (Tuned)        ibs        0.114515        0.114457  0.111425  0.117731                     200
              DeepSurv (Tuned) c_index_td        0.661949        0.661333  0.650590  0.672866                     200
              DeepSurv (Tuned)  brier_h10        0.097804        0.097608  0.093514  0.101967                     200
              DeepSurv (Tuned)  brier_h20        0.134316        0.134340  0.130798  0.138403                     200
              DeepSurv (Tuned)  brier_h30        0.158921        0.159023  0.154908  0.163174                     200
Random Survival Forest (Tuned)        ibs        0.111840        0.111926  0.108903  0.115079                     200
Random Survival Forest (Tuned) c_index_td        0.673506        0.673579  0.662972  0.683985                     200
Random Survival Forest (Tuned)  brier_h10        0.094668        0.094794  0.091419  0.098898                     200
Random Survival Forest (Tuned)  brier_h20        0.132948        0.133088  0.128977  0.137025                     200
Random Survival Forest (Tuned)  brier_h30        0.157386        0.157416  0.153204  0.161071                     200
           Neural-MTLR (Tuned)        ibs        0.113132        0.113117  0.109224  0.117230                     200
           Neural-MTLR (Tuned) c_index_td        0.656942        0.656896  0.646913  0.667571                     200
           Neural-MTLR (Tuned)  brier_h10        0.095433        0.095456  0.091453  0.099930                     200
           Neural-MTLR (Tuned)  brier_h20        0.134048        0.134076  0.129126  0.139066                     200
           Neural-MTLR (Tuned)  brier_h30        0.158837        0.158739  0.153640  0.163205                     200

Appendix-oriented compact bootstrap summary:
                         model     metric  point_estimate          ci_95  n_successful_bootstrap
        Cox Comparable (Tuned)        ibs        0.117621 [0.114, 0.121]                     200
        Cox Comparable (Tuned) c_index_td        0.651160 [0.640, 0.663]                     200
        Cox Comparable (Tuned)  brier_h10        0.101157 [0.097, 0.105]                     200
        Cox Comparable (Tuned)  brier_h20        0.137813 [0.133, 0.142]                     200
        Cox Comparable (Tuned)  brier_h30        0.162328 [0.158, 0.166]                     200
              DeepSurv (Tuned)        ibs        0.114515 [0.111, 0.118]                     200
              DeepSurv (Tuned) c_index_td        0.661949 [0.651, 0.673]                     200
              DeepSurv (Tuned)  brier_h10        0.097804 [0.094, 0.102]                     200
              DeepSurv (Tuned)  brier_h20        0.134316 [0.131, 0.138]                     200
              DeepSurv (Tuned)  brier_h30        0.158921 [0.155, 0.163]                     200
Random Survival Forest (Tuned)        ibs        0.111840 [0.109, 0.115]                     200
Random Survival Forest (Tuned) c_index_td        0.673506 [0.663, 0.684]                     200
Random Survival Forest (Tuned)  brier_h10        0.094668 [0.091, 0.099]                     200
Random Survival Forest (Tuned)  brier_h20        0.132948 [0.129, 0.137]                     200
Random Survival Forest (Tuned)  brier_h30        0.157386 [0.153, 0.161]                     200
           Neural-MTLR (Tuned)        ibs        0.113132 [0.109, 0.117]                     200
           Neural-MTLR (Tuned) c_index_td        0.656942 [0.647, 0.668]                     200
           Neural-MTLR (Tuned)  brier_h10        0.095433 [0.091, 0.100]                     200
           Neural-MTLR (Tuned)  brier_h20        0.134048 [0.129, 0.139]                     200
           Neural-MTLR (Tuned)  brier_h30        0.158837 [0.154, 0.163]                     200

Rank stability:
                         model     metric  rank  frequency  proportion
              DeepSurv (Tuned)        ibs     1         18       0.090
           Neural-MTLR (Tuned)        ibs     1         54       0.270
Random Survival Forest (Tuned)        ibs     1        128       0.640
        Cox Comparable (Tuned)        ibs     2         10       0.050
              DeepSurv (Tuned)        ibs     2         50       0.250
           Neural-MTLR (Tuned)        ibs     2         89       0.445
Random Survival Forest (Tuned)        ibs     2         51       0.255
        Cox Comparable (Tuned)        ibs     3         25       0.125
              DeepSurv (Tuned)        ibs     3        108       0.540
           Neural-MTLR (Tuned)        ibs     3         51       0.255
Random Survival Forest (Tuned)        ibs     3         16       0.080
        Cox Comparable (Tuned)        ibs     4        165       0.825
              DeepSurv (Tuned)        ibs     4         24       0.120
           Neural-MTLR (Tuned)        ibs     4          6       0.030
Random Survival Forest (Tuned)        ibs     4          5       0.025
              DeepSurv (Tuned) c_index_td     1         18       0.090
           Neural-MTLR (Tuned) c_index_td     1          2       0.010
Random Survival Forest (Tuned) c_index_td     1        180       0.900
        Cox Comparable (Tuned) c_index_td     2         13       0.065
              DeepSurv (Tuned) c_index_td     2        108       0.540
           Neural-MTLR (Tuned) c_index_td     2         60       0.300
Random Survival Forest (Tuned) c_index_td     2         19       0.095
        Cox Comparable (Tuned) c_index_td     3         53       0.265
              DeepSurv (Tuned) c_index_td     3         58       0.290
           Neural-MTLR (Tuned) c_index_td     3         88       0.440
Random Survival Forest (Tuned) c_index_td     3          1       0.005
        Cox Comparable (Tuned) c_index_td     4        134       0.670
              DeepSurv (Tuned) c_index_td     4         16       0.080
           Neural-MTLR (Tuned) c_index_td     4         50       0.250

Pairwise stability:
    metric                model_a                        model_b  prob_a_better_than_b  prob_b_better_than_a  n_bootstrap_pairs
       ibs Cox Comparable (Tuned)               DeepSurv (Tuned)                 0.135                 0.865                200
       ibs Cox Comparable (Tuned)            Neural-MTLR (Tuned)                 0.055                 0.945                200
       ibs Cox Comparable (Tuned) Random Survival Forest (Tuned)                 0.035                 0.965                200
       ibs       DeepSurv (Tuned)            Neural-MTLR (Tuned)                 0.275                 0.725                200
       ibs       DeepSurv (Tuned) Random Survival Forest (Tuned)                 0.170                 0.830                200
       ibs    Neural-MTLR (Tuned) Random Survival Forest (Tuned)                 0.285                 0.715                200
c_index_td Cox Comparable (Tuned)               DeepSurv (Tuned)                 0.125                 0.875                200
c_index_td Cox Comparable (Tuned)            Neural-MTLR (Tuned)                 0.270                 0.730                200
c_index_td Cox Comparable (Tuned) Random Survival Forest (Tuned)                 0.000                 1.000                200
c_index_td       DeepSurv (Tuned)            Neural-MTLR (Tuned)                 0.675                 0.325                200
c_index_td       DeepSurv (Tuned) Random Survival Forest (Tuned)                 0.090                 0.910                200
c_index_td    Neural-MTLR (Tuned) Random Survival Forest (Tuned)                 0.015                 0.985                200

Saved:
- /Users/rafars/dropout_benchmark_desenv/outputs_benchmark_survival/tables/table_bootstrap_point_estimates_tuned_models.csv
- /Users/rafars/dropout_benchmark_desenv/outputs_benchmark_survival/tables/table_bootstrap_metrics_long_tuned_models.csv
- /Users/rafars/dropout_benchmark_desenv/outputs_benchmark_survival/tables/table_bootstrap_uncertainty_summary_tuned_models.csv
- /Users/rafars/dropout_benchmark_desenv/outputs_benchmark_survival/tables/table_appendix_bootstrap_uncertainty_compact.csv
- /Users/rafars/dropout_benchmark_desenv/outputs_benchmark_survival/tables/table_bootstrap_rank_stability_tuned_models.csv
- /Users/rafars/dropout_benchmark_desenv/outputs_benchmark_survival/tables/table_bootstrap_pairwise_stability_tuned_models.csv
- /Users/rafars/dropout_benchmark_desenv/outputs_benchmark_survival/tables/table_bootstrap_rebuild_sanity_audit.csv
- /Users/rafars/dropout_benchmark_desenv/outputs_benchmark_survival/metadata/bootstrap_uncertainty_audit_config.json
[END] F7.19 - 2026-06-19 23:22:03
[START] F8 - 2026-06-19 23:22:03

======================================================================
F8 — Proportional Hazards Audit for the Comparable Cox Model (Revised v2)
======================================================================
Resolved Cox base dataframe from SQL query: SELECT * FROM enrollment_cox_ready_train
Resolved Cox preprocessor from file: /Users/rafars/dropout_benchmark_desenv/outputs_benchmark_survival/models/cox_preprocessor.joblib
Rebuilt transformed Cox matrix using the resolved Cox preprocessor.
Recovered transformed feature names from preprocessor.get_feature_names_out().
Rows before cleaning: 22,815
Rows after cleaning:  22,815
Covariates tested:    41
Audit Cox refit with penalizer=0.001, l1_ratio=0.75
F8: materialized DuckDB table -> table_appendix_cox_ph_audit
F8: materialized DuckDB table -> table_appendix_cox_ph_global_summary

Global PH audit summary:
                 model duration_col event_col  n_rows_used  n_covariates_tested  alpha  n_covariates_flagged  share_covariates_flagged                                                                                                        top_flagged_covariates global_classification                                                                                                                                                                                                   global_interpretation                                                                                                                                                                     audit_note
Cox Comparable (Tuned)     duration     event        22815                   41   0.05                    10                  0.243902 num__active_weeks_first_4; cat__region_Scotland; num__num_of_prev_attempts; num__mean_clicks_first_4_weeks; cat__region_Wales     C_broad_departure The comparable Cox benchmark showed broad evidence of proportional-hazards departure and should therefore be interpreted as an approximate comparable benchmark rather than a fully assumption-clean Cox specification. Formal proportional-hazards audit for the comparable Cox branch. DeepSurv shares the Cox-type ranking structure but was not subjected to an identical classical PH diagnostic.

PH audit by covariate:
                                         covariate  test_statistic       p_value              ph_flag ph_flag_binary
                         num__active_weeks_first_4    9.426092e+02 5.362079e-207   possible_violation            yes
                              cat__region_Scotland    4.585407e+01  1.273981e-11   possible_violation            yes
                         num__num_of_prev_attempts    2.508835e+01  5.476268e-07   possible_violation            yes
                    num__mean_clicks_first_4_weeks    8.838020e+00  2.950190e-03   possible_violation            yes
                                 cat__region_Wales    8.662708e+00  3.247882e-03   possible_violation            yes
                         num__clicks_first_4_weeks    7.862958e+00  5.045779e-03   possible_violation            yes
                               cat__region_Ireland    6.819551e+00  9.016525e-03   possible_violation            yes
                      cat__region_Yorkshire Region    5.441192e+00  1.966724e-02   possible_violation            yes
                              cat__imd_band_80-90%    4.252055e+00  3.920287e-02   possible_violation            yes
                                cat__imd_band_None    4.238419e+00  3.951894e-02   possible_violation            yes
                              num__studied_credits    3.514851e+00  6.082112e-02 no_material_evidence             no
                     cat__region_South West Region    2.814340e+00  9.342531e-02 no_material_evidence             no
                              cat__imd_band_70-80%    2.129047e+00  1.445306e-01 no_material_evidence             no
            cat__highest_education_No Formal quals    2.119961e+00  1.453902e-01 no_material_evidence             no
                                cat__age_band_0-35    1.889553e+00  1.692524e-01 no_material_evidence             no
                               cat__imd_band_10-20    7.399624e-01  3.896729e-01 no_material_evidence             no
                             cat__imd_band_90-100%    6.542519e-01  4.185966e-01 no_material_evidence             no
                   cat__region_East Anglian Region    5.954250e-01  4.403290e-01 no_material_evidence             no
                               cat__imd_band_0-10%    5.077497e-01  4.761146e-01 no_material_evidence             no
                  cat__region_East Midlands Region    3.898150e-01  5.323967e-01 no_material_evidence             no
                          cat__region_North Region    3.834525e-01  5.357613e-01 no_material_evidence             no
                              cat__imd_band_20-30%    3.803579e-01  5.374118e-01 no_material_evidence             no
                               cat__age_band_35-55    3.342151e-01  5.631876e-01 no_material_evidence             no
                              cat__imd_band_50-60%    2.996772e-01  5.840849e-01 no_material_evidence             no
                  cat__region_West Midlands Region    2.603595e-01  6.098733e-01 no_material_evidence             no
                         cat__region_London Region    1.095414e-01  7.406669e-01 no_material_evidence             no
cat__highest_education_Post Graduate Qualification    7.546179e-02  7.835444e-01 no_material_evidence             no
                              cat__imd_band_60-70%    6.825627e-02  7.938928e-01 no_material_evidence             no
                                 cat__disability_N    4.582575e-03  9.460287e-01 no_material_evidence             no
                                 cat__disability_Y    4.582575e-03  9.460287e-01 no_material_evidence             no
                              cat__imd_band_30-40%    4.298747e-03  9.477243e-01 no_material_evidence             no
                                     cat__gender_M    3.461202e-03  9.530859e-01 no_material_evidence             no
                                     cat__gender_F    3.461202e-03  9.530859e-01 no_material_evidence             no
      cat__highest_education_A Level or Equivalent    1.868539e-03  9.655209e-01 no_material_evidence             no
         cat__highest_education_Lower Than A Level    1.442362e-03  9.697049e-01 no_material_evidence             no
                          cat__region_South Region    3.582689e-05  9.952242e-01 no_material_evidence             no
                                cat__age_band_55<=    4.588924e-06  9.982908e-01 no_material_evidence             no
                     cat__region_South East Region    8.109262e-07  9.992815e-01 no_material_evidence             no
                              cat__imd_band_40-50%    2.341173e-07  9.996139e-01 no_material_evidence             no
                  cat__region_North Western Region    1.945515e-07  9.996481e-01 no_material_evidence             no
           cat__highest_education_HE Qualification    2.352768e-10  9.999878e-01 no_material_evidence             no

PH diagnostic figure created:
- /Users/rafars/dropout_benchmark_desenv/outputs_benchmark_survival/figures/diagnostics/fig_cox_ph_diagnostics.png
- /Users/rafars/dropout_benchmark_desenv/outputs_benchmark_survival/figures/diagnostics/fig_cox_ph_diagnostics.pdf

Saved artifacts:
- /Users/rafars/dropout_benchmark_desenv/outputs_benchmark_survival/tables/table_appendix_cox_ph_audit.csv
- /Users/rafars/dropout_benchmark_desenv/outputs_benchmark_survival/tables/table_appendix_cox_ph_global_summary.csv
- /Users/rafars/dropout_benchmark_desenv/outputs_benchmark_survival/metadata/cox_ph_audit_summary.json
[END] F8 - 2026-06-19 23:22:10
[START] F9 - 2026-06-19 23:22:10
F9: materialized DuckDB table -> table_appendix_bootstrap_inferential_scope_summary
F9: materialized DuckDB table -> table_appendix_ph_scope_boundary

Bootstrap inferential-scope summary:
    metric               metric_label        direction         benchmark_scope                                      bootstrap_design                                                                                                   inferential_scope              model_retraining_policy                           alternative_refit_status                  leading_model  leading_model_point_estimate  leading_model_ci_lower  leading_model_ci_upper  leading_model_rank1_share     runner_up_model  runner_up_rank1_share  weakest_pairwise_win_probability_among_challengers  n_successful_bootstrap                        claim_status                                                                                                                                what_is_supported                                                                                                                                                                               what_is_not_supported                                                                                                  recommended_manuscript_use                                                                                        recommended_manuscript_non_use
       ibs     Integrated Brier Score  lower_is_better manuscript_audit_subset enrollment_level_resampling_on_fixed_test_predictions Quantifies held-out test-set sampling variability conditional on fixed tuned models and fixed survival predictions. no_refit_within_bootstrap_iterations not_materialized_in_current_stage_due_compute_cost Random Survival Forest (Tuned)                      0.111840                0.108903                0.115079                       0.64 Neural-MTLR (Tuned)                   0.27                                               0.715                     200             directional_signal_only            Bootstrap preserves directional signal for Integrated Brier Score, but the ranking is not stable enough for a strong hierarchy claim. These artifacts do not constitute a formal null-hypothesis test, do not prove a universally fixed hierarchy across samples, and should not be narrated as strict superiority without qualification. Use for uncertainty intervals and cautious directional rank-stability language inside the selected manuscript audit subset. Do not use as a retraining-based generalization claim, null-hypothesis test, or proof of universally fixed hierarchy.
c_index_td Time-dependent concordance higher_is_better manuscript_audit_subset enrollment_level_resampling_on_fixed_test_predictions Quantifies held-out test-set sampling variability conditional on fixed tuned models and fixed survival predictions. no_refit_within_bootstrap_iterations not_materialized_in_current_stage_due_compute_cost Random Survival Forest (Tuned)                      0.673506                0.662972                0.683985                       0.90    DeepSurv (Tuned)                   0.09                                               0.910                     200 largely_stable_bootstrap_leadership Bootstrap supports a largely stable, but not absolute, leadership pattern for Time-dependent concordance, led by Random Survival Forest (Tuned). These artifacts do not constitute a formal null-hypothesis test, do not prove a universally fixed hierarchy across samples, and should not be narrated as strict superiority without qualification. Use for uncertainty intervals and cautious directional rank-stability language inside the selected manuscript audit subset. Do not use as a retraining-based generalization claim, null-hypothesis test, or proof of universally fixed hierarchy.

PH scope-boundary summary:
                 model                     model_family_role formal_ph_diagnostic_executed                                            formal_test_basis               coverage_status                                                                                                                                                                                                        summary_evidence                                                                                                                                                          manuscript_claim_boundary
Cox Comparable (Tuned)                continuous_time_anchor                           yes  lifelines proportional_hazard_test with rank time transform             C_broad_departure The comparable Cox benchmark showed broad evidence of proportional-hazards departure and should therefore be interpreted as an approximate comparable benchmark rather than a fully assumption-clean Cox specification. This stage supports a formal PH audit only for the comparable Cox anchor; any departures should be narrated with the audit classification rather than as assumption-free validity.
      DeepSurv (Tuned) continuous_time_neural_cox_type_model                            no no identical classical PH diagnostic was executed in stage F incomplete_formal_ph_coverage                                                     DeepSurv is covered here by predictive metrics, calibration, and bootstrap uncertainty artifacts, but not by a classical PH diagnostic equivalent to the Cox audit.                                     DeepSurv can be benchmarked on predictive performance, but this stage does not claim a formal PH pass equivalent to the comparable Cox branch.

Saved artifacts:
- /Users/rafars/dropout_benchmark_desenv/outputs_benchmark_survival/tables/table_appendix_bootstrap_inferential_scope_summary.csv
- /Users/rafars/dropout_benchmark_desenv/outputs_benchmark_survival/tables/table_appendix_ph_scope_boundary.csv
- /Users/rafars/dropout_benchmark_desenv/outputs_benchmark_survival/metadata/metadata_bootstrap_inferential_scope_summary.json
- /Users/rafars/dropout_benchmark_desenv/outputs_benchmark_survival/metadata/metadata_ph_scope_boundary.json
DuckDB connection closed.
[END] F9 - 2026-06-19 23:22:11
