[RUN_PLAN] comparable_window_weeks=2
[START] 5.14.1 - 2026-06-19 22:31:22
# ==============================================================
# 5.14.1 - Lightweight runtime bootstrap
# ==============================================================
ARTIFACT | benchmark_shared_config | /Users/rafars/dropout_benchmark_desenv/benchmark_shared_config.toml
ARTIFACT | benchmark_modeling_contract | /Users/rafars/dropout_benchmark_desenv/benchmark_modeling_contract.toml
ARTIFACT | run_metadata | /Users/rafars/dropout_benchmark_desenv/outputs_benchmark_survival/metadata/run_metadata.json
ARTIFACT | duckdb_path | /Users/rafars/dropout_benchmark_desenv/outputs_benchmark_survival/benchmark_survival.duckdb
{
  "run_id": "f3766e75053447a7beb7a1c4936d231f",
  "random_seed": 42,
  "test_size": 0.3,
  "early_window_weeks": 4,
  "main_enrollment_window_weeks": 4,
  "effective_window_weeks": 2,
  "input_train_table": "enrollment_cox_ready_train_w2",
  "input_test_table": "enrollment_cox_ready_test_w2"
}
[END] 5.14.1 - 2026-06-19 22:31:22
[START] 5.14.2 - 2026-06-19 22:31:22
# ==============================================================
# 5.14.2 - Build comparable Neural-MTLR treatment
# ==============================================================
[Stage 5.14.2 table_mtlr_preprocessing_summary - Neural-MTLR preprocessing summary]
table_name=table_mtlr_preprocessing_summary_w2
rows=1, cols=21
model_family  train_rows  test_rows  n_input_features_raw  n_numeric_features  n_categorical_features  n_features_after_encoding_before_filter  n_features_after_variance_filter  n_features_dropped_by_variance_filter  n_events_train  n_events_test  mean_duration_train  mean_duration_test                              numeric_prefill_policy categorical_imputation          categorical_encoding                   numeric_scaling  variance_filter_threshold output_dtype                        model_positioning_note  window_weeks
 neural_mtlr       22815       9778                    11                   5                       6                                       41                                41                                      0            5171           2216            30.536182           30.539476 deterministic_train_median_or_zero_when_all_missing       constant_missing one_hot_handle_unknown_ignore standard_scaler_fit_on_train_only               1.000000e-12      float32 early-window comparable Neural-MTLR benchmark             2
ARTIFACT | Stage 5.14.2 table_mtlr_preprocessing_summary - Neural-MTLR preprocessing summary | duckdb://table_mtlr_preprocessing_summary_w2
[Stage 5.14.2 table_mtlr_raw_feature_manifest - Neural-MTLR raw feature manifest]
table_name=table_mtlr_raw_feature_manifest_w2
rows=11, cols=6
 feature_name_operational feature_role  present_in_train  present_in_test  covered_by_canonical_config  numeric_prefill_value
                   gender  categorical              True             True                        False                    NaN
                   region  categorical              True             True                        False                    NaN
        highest_education  categorical              True             True                        False                    NaN
                 imd_band  categorical              True             True                        False                    NaN
                 age_band  categorical              True             True                        False                    NaN
               disability  categorical              True             True                        False                    NaN
     num_of_prev_attempts      numeric              True             True                         True                    0.0
          studied_credits      numeric              True             True                         True                   60.0
     clicks_first_2_weeks      numeric              True             True                         True                   56.0
     active_weeks_first_2      numeric              True             True                         True                    2.0
mean_clicks_first_2_weeks      numeric              True             True                         True                   33.0
ARTIFACT | Stage 5.14.2 table_mtlr_raw_feature_manifest - Neural-MTLR raw feature manifest | duckdb://table_mtlr_raw_feature_manifest_w2
[Stage 5.14.2 table_mtlr_feature_names_out - Neural-MTLR output feature manifest]
table_name=table_mtlr_feature_names_out_w2
rows=41, cols=2
                feature_name_out  transformed_variance_train
       num__num_of_prev_attempts                    1.000000
            num__studied_credits                    1.000000
       num__clicks_first_2_weeks                    1.000000
       num__active_weeks_first_2                    1.000000
  num__mean_clicks_first_2_weeks                    1.000000
                   cat__gender_F                    0.247988
                   cat__gender_M                    0.247988
 cat__region_East Anglian Region                    0.092080
cat__region_East Midlands Region                    0.067091
             cat__region_Ireland                    0.034283
       cat__region_London Region                    0.088295
        cat__region_North Region                    0.052060
cat__region_North Western Region                    0.082139
            cat__region_Scotland                    0.094370
   cat__region_South East Region                    0.059974
        cat__region_South Region                    0.087554
   cat__region_South West Region                    0.068848
               cat__region_Wales                    0.059707
cat__region_West Midlands Region                    0.073261
    cat__region_Yorkshire Region                    0.058136
ARTIFACT | Stage 5.14.2 table_mtlr_feature_names_out - Neural-MTLR output feature manifest | duckdb://table_mtlr_feature_names_out_w2
ARTIFACT | mtlr_preprocessing_config | /Users/rafars/dropout_benchmark_desenv/outputs_benchmark_survival/metadata/mtlr_preprocessing_config_w2.json
{
  "model_family": "neural_mtlr",
  "duration_column": "duration",
  "event_column": "event",
  "categorical_features": [
    "gender",
    "region",
    "highest_education",
    "imd_band",
    "age_band",
    "disability"
  ],
  "numeric_features": [
    "num_of_prev_attempts",
    "studied_credits",
    "clicks_first_2_weeks",
    "active_weeks_first_2",
    "mean_clicks_first_2_weeks"
  ],
  "raw_feature_columns": [
    "gender",
    "region",
    "highest_education",
    "imd_band",
    "age_band",
    "disability",
    "num_of_prev_attempts",
    "studied_credits",
    "clicks_first_2_weeks",
    "active_weeks_first_2",
    "mean_clicks_first_2_weeks"
  ],
  "expected_features_raw": [
    "studied_credits",
    "num_of_prev_attempts",
    "num_of_prev_attempts",
    "studied_credits",
    "clicks_first_2_weeks",
    "active_weeks_first_2",
    "mean_clicks_first_2_weeks"
  ],
  "expected_features_resolved": [
    "studied_credits",
    "num_of_prev_attempts",
    "clicks_first_2_weeks",
    "active_weeks_first_2",
    "mean_clicks_first_2_weeks"
  ],
  "numeric_prefill_policy": "deterministic_train_median_or_zero_when_all_missing",
  "numeric_fill_values": {
    "num_of_prev_attempts": 0.0,
    "studied_credits": 60.0,
    "clicks_first_2_weeks": 56.0,
    "active_weeks_first_2": 2.0,
    "mean_clicks_first_2_weeks": 33.0
  },
  "categorical_imputation": "constant_missing",
  "categorical_encoding": "one_hot_handle_unknown_ignore",
  "numeric_scaling": "standard_scaler_fit_on_train_only",
  "variance_filter_threshold": 1e-12,
  "feature_names_before_filter": [
    "num__num_of_prev_attempts",
    "num__studied_credits",
    "num__clicks_first_2_weeks",
    "num__active_weeks_first_2",
    "num__mean_clicks_first_2_weeks",
    "cat__gender_F",
    "cat__gender_M",
    "cat__region_East Anglian Region",
    "cat__region_East Midlands Region",
    "cat__region_Ireland",
    "cat__region_London Region",
    "cat__region_North Region",
    "cat__region_North Western Region",
    "cat__region_Scotland",
    "cat__region_South East Region",
    "cat__region_South Region",
    "cat__region_South West Region",
    "cat__region_Wales",
    "cat__region_West Midlands Region",
    "cat__region_Yorkshire Region",
    "cat__highest_education_A Level or Equivalent",
    "cat__highest_education_HE Qualification",
    "cat__highest_education_Lower Than A Level",
    "cat__highest_education_No Formal quals",
    "cat__highest_education_Post Graduate Qualification",
    "cat__imd_band_0-10%",
    "cat__imd_band_10-20",
    "cat__imd_band_20-30%",
    "cat__imd_band_30-40%",
    "cat__imd_band_40-50%",
    "cat__imd_band_50-60%",
    "cat__imd_band_60-70%",
    "cat__imd_band_70-80%",
    "cat__imd_band_80-90%",
    "cat__imd_band_90-100%",
    "cat__imd_band_None",
    "cat__age_band_0-35",
    "cat__age_band_35-55",
    "cat__age_band_55<=",
    "cat__disability_N",
    "cat__disability_Y"
  ],
  "feature_names_out": [
    "num__num_of_prev_attempts",
    "num__studied_credits",
    "num__clicks_first_2_weeks",
    "num__active_weeks_first_2",
    "num__mean_clicks_first_2_weeks",
    "cat__gender_F",
    "cat__gender_M",
    "cat__region_East Anglian Region",
    "cat__region_East Midlands Region",
    "cat__region_Ireland",
    "cat__region_London Region",
    "cat__region_North Region",
    "cat__region_North Western Region",
    "cat__region_Scotland",
    "cat__region_South East Region",
    "cat__region_South Region",
    "cat__region_South West Region",
    "cat__region_Wales",
    "cat__region_West Midlands Region",
    "cat__region_Yorkshire Region",
    "cat__highest_education_A Level or Equivalent",
    "cat__highest_education_HE Qualification",
    "cat__highest_education_Lower Than A Level",
    "cat__highest_education_No Formal quals",
    "cat__highest_education_Post Graduate Qualification",
    "cat__imd_band_0-10%",
    "cat__imd_band_10-20",
    "cat__imd_band_20-30%",
    "cat__imd_band_30-40%",
    "cat__imd_band_40-50%",
    "cat__imd_band_50-60%",
    "cat__imd_band_60-70%",
    "cat__imd_band_70-80%",
    "cat__imd_band_80-90%",
    "cat__imd_band_90-100%",
    "cat__imd_band_None",
    "cat__age_band_0-35",
    "cat__age_band_35-55",
    "cat__age_band_55<=",
    "cat__disability_N",
    "cat__disability_Y"
  ],
  "dropped_low_variance_features": [],
  "model_positioning_note": "early-window comparable Neural-MTLR benchmark",
  "window_weeks": 2
}

[END] 5.14.2 - 2026-06-19 22:31:22
[START] 5.14.3 - 2026-06-19 22:31:22
# ==============================================================
# 5.14.3 - Compute runtime guardrails for Neural-MTLR
# ==============================================================
[Stage 5.14.3 table_mtlr_guardrails - Neural-MTLR runtime guardrails]
table_name=table_mtlr_guardrails_w2
rows=1, cols=18
 validation_test_size  search_row_cap  final_row_cap  search_rows_selected  final_rows_selected  subtrain_rows  validation_rows  full_train_rows  subtrain_enrollments  validation_enrollments  full_train_enrollments  n_features  subtrain_event_rate  validation_event_rate  full_train_event_rate  sampled_subtrain_event_rate  sampled_full_train_event_rate  random_seed
                  0.1           20533          22815                 20533                22815          20533             2282            22815                 20533                    2282                   22815          41             0.227098               0.222612               0.226649                     0.227098                       0.226649           42
ARTIFACT | Stage 5.14.3 table_mtlr_guardrails - Neural-MTLR runtime guardrails | duckdb://table_mtlr_guardrails_w2
[END] 5.14.3 - 2026-06-19 22:31:22
[START] 5.14.4 - 2026-06-19 22:31:22
# ==============================================================
# 5.14.4 - Tune and evaluate the Neural-MTLR model
# ==============================================================
[Stage 5.14.4 table_mtlr_tuning_results - Neural-MTLR tuning results]
table_name=table_mtlr_tuning_results_w2
rows=24, cols=11
 candidate_id  num_durations hidden_dims  dropout  learning_rate  weight_decay  batch_size  best_epoch  best_val_loss  val_ibs  val_c_index
           19             40   [128, 64]      0.2          0.005       0.00010         512          17       1.104814 0.117226     0.574769
           20             40   [128, 64]      0.2          0.001       0.00010        1024          29       1.103599 0.117236     0.603247
           24             40  [256, 128]      0.3          0.001       0.00010        1024          29       1.107342 0.117341     0.604048
           15             40    [64, 32]      0.2          0.010       0.00010         512          10       1.108640 0.117432     0.585776
           18             40   [128, 64]      0.1          0.010       0.00001         512           7       1.109486 0.117693     0.556927
           22             40  [256, 128]      0.2          0.005       0.00010         512          15       1.107914 0.117701     0.568800
           23             40  [256, 128]      0.2          0.010       0.00010        1024          34       1.110694 0.117727     0.536597
           21             40  [256, 128]      0.1          0.005       0.00001         512           7       1.108619 0.117755     0.597963
           14             40    [64, 32]      0.2          0.005       0.00010         512          25       1.109929 0.117931     0.589041
           16             40    [64, 32]      0.3          0.001       0.00010         512          31       1.111360 0.118030     0.545339
           17             40   [128, 64]      0.1          0.005       0.00001         512           7       1.110212 0.118072     0.579662
           12             20  [256, 128]      0.3          0.001       0.00010        1024          26       0.957867 0.118115     0.581996
            5             20   [128, 64]      0.1          0.005       0.00001         512           6       0.959964 0.118254     0.565621
            9             20  [256, 128]      0.1          0.005       0.00001         512           4       0.960465 0.118263     0.575539
            7             20   [128, 64]      0.2          0.005       0.00010         512          11       0.958503 0.118300     0.563968
            8             20   [128, 64]      0.2          0.010       0.00010         512          11       0.958977 0.118347     0.564156
            3             20    [64, 32]      0.2          0.005       0.00010         512          15       0.960366 0.118433     0.561465
            4             20    [64, 32]      0.2          0.010       0.00010         512          19       0.959647 0.118457     0.575071
            6             20   [128, 64]      0.1          0.010       0.00001         512           6       0.962557 0.118526     0.542443
            2             20    [64, 32]      0.1          0.010       0.00001         512          15       0.962277 0.118600     0.559386
ARTIFACT | Stage 5.14.4 table_mtlr_tuning_results - Neural-MTLR tuning results | duckdb://table_mtlr_tuning_results_w2
[Stage 5.14.4 table_mtlr_tuned_training_history - Neural-MTLR training history]
table_name=table_mtlr_tuned_training_history_w2
rows=17, cols=5
 train_loss  val_loss  epoch  candidate_id  fit_stage
   1.227173       NaN      1            19 full_train
   1.142927       NaN      2            19 full_train
   1.129487       NaN      3            19 full_train
   1.126863       NaN      4            19 full_train
   1.117731       NaN      5            19 full_train
   1.113347       NaN      6            19 full_train
   1.110608       NaN      7            19 full_train
   1.103768       NaN      8            19 full_train
   1.110316       NaN      9            19 full_train
   1.108654       NaN     10            19 full_train
   1.100746       NaN     11            19 full_train
   1.098926       NaN     12            19 full_train
   1.100153       NaN     13            19 full_train
   1.094206       NaN     14            19 full_train
   1.093864       NaN     15            19 full_train
   1.091494       NaN     16            19 full_train
   1.094756       NaN     17            19 full_train
ARTIFACT | Stage 5.14.4 table_mtlr_tuned_training_history - Neural-MTLR training history | duckdb://table_mtlr_tuned_training_history_w2
[Stage 5.14.4 table_mtlr_tuned_test_predictions - Neural-MTLR test predictions]
table_name=table_mtlr_tuned_test_predictions_w2
rows=29334, cols=6
      enrollment_id  event  duration  horizon_week  pred_survival_h  pred_risk_h
 100561||DDD||2014J      0        37            10         0.824453     0.175547
 100621||CCC||2014B      1         6            10         0.847972     0.152028
 101187||DDD||2014J      0        37            10         0.714823     0.285177
 101279||DDD||2014J      0        37            10         0.975054     0.024946
 101414||EEE||2013J      0        38            10         0.773083     0.226917
 101700||CCC||2014J      0        38            10         0.625604     0.374396
 101781||AAA||2013J      0        38            10         0.935217     0.064783
 102209||CCC||2014J      1        15            10         0.956922     0.043078
 102343||FFF||2013J      0        38            10         0.968562     0.031438
1023623||CCC||2014J      0        38            10         0.827000     0.173000
1033968||DDD||2014B      1        13            10         0.812606     0.187394
 103891||DDD||2014B      0        34            10         0.718539     0.281461
 104316||FFF||2014B      0        34            10         0.923177     0.076823
1045203||AAA||2014J      0        38            10         0.944769     0.055231
1047645||CCC||2014B      0        34            10         0.863576     0.136424
1053702||EEE||2013J      0        38            10         0.888792     0.111208
 105629||FFF||2013J      0        38            10         0.917540     0.082460
1057883||CCC||2014B      0        34            10         0.750898     0.249102
 106383||BBB||2014J      1        21            10         0.956095     0.043905
 106553||DDD||2014J      0        37            10         0.789744     0.210256
ARTIFACT | Stage 5.14.4 table_mtlr_tuned_test_predictions - Neural-MTLR test predictions | duckdb://table_mtlr_tuned_test_predictions_w2
[Stage 5.14.4 table_mtlr_tuned_primary_metrics - Neural-MTLR primary metrics]
table_name=table_mtlr_tuned_primary_metrics_w2
rows=2, cols=4
metric_name metric_category  metric_value                         notes
        ibs         primary      0.118579 sksurv_integrated_brier_score
    c_index      co_primary      0.597799          pycox_concordance_td
ARTIFACT | Stage 5.14.4 table_mtlr_tuned_primary_metrics - Neural-MTLR primary metrics | duckdb://table_mtlr_tuned_primary_metrics_w2
[Stage 5.14.4 table_mtlr_tuned_brier_by_horizon - Neural-MTLR Brier scores by horizon]
table_name=table_mtlr_tuned_brier_by_horizon_w2
rows=3, cols=5
 horizon_week      metric_name metric_category  metric_value              notes
           10 brier_at_horizon         primary      0.101825 sksurv_brier_score
           20 brier_at_horizon         primary      0.139424 sksurv_brier_score
           30 brier_at_horizon         primary      0.163689 sksurv_brier_score
ARTIFACT | Stage 5.14.4 table_mtlr_tuned_brier_by_horizon - Neural-MTLR Brier scores by horizon | duckdb://table_mtlr_tuned_brier_by_horizon_w2
[Stage 5.14.4 table_mtlr_tuned_secondary_metrics - Neural-MTLR secondary metrics]
table_name=table_mtlr_tuned_secondary_metrics_w2
rows=6, cols=5
 horizon_week         metric_name metric_category  metric_value                                                                                  notes
           10 risk_auc_at_horizon       secondary      0.707380                                                            roc_auc_on_evaluable_subset
           10  time_dependent_auc       secondary      0.698244 ipcw_supported_subset(duration < 38); retained=6742/9778; auc=0.698244; local_ipcw_auc
           20 risk_auc_at_horizon       secondary      0.657219                                                            roc_auc_on_evaluable_subset
           20  time_dependent_auc       secondary      0.645641 ipcw_supported_subset(duration < 38); retained=6742/9778; auc=0.645641; local_ipcw_auc
           30 risk_auc_at_horizon       secondary      0.639940                                                            roc_auc_on_evaluable_subset
           30  time_dependent_auc       secondary      0.627377 ipcw_supported_subset(duration < 38); retained=6742/9778; auc=0.627377; local_ipcw_auc
ARTIFACT | Stage 5.14.4 table_mtlr_tuned_secondary_metrics - Neural-MTLR secondary metrics | duckdb://table_mtlr_tuned_secondary_metrics_w2
[Stage 5.14.4 table_mtlr_tuned_td_auc_support_audit - Neural-MTLR IPCW support audit]
table_name=table_mtlr_tuned_td_auc_support_audit_w2
rows=3, cols=6
 horizon_week  max_ipcw_time  n_total_test_enrollments  n_supported_test_enrollments  mean_auc                                                         notes
           10           38.0                      9778                          6742  0.698244 IPCW-supported subset used for Neural-MTLR time-dependent AUC
           20           38.0                      9778                          6742  0.645641 IPCW-supported subset used for Neural-MTLR time-dependent AUC
           30           38.0                      9778                          6742  0.627377 IPCW-supported subset used for Neural-MTLR time-dependent AUC
ARTIFACT | Stage 5.14.4 table_mtlr_tuned_td_auc_support_audit - Neural-MTLR IPCW support audit | duckdb://table_mtlr_tuned_td_auc_support_audit_w2
[Stage 5.14.4 table_mtlr_tuned_row_diagnostics - Neural-MTLR row-level diagnostics]
table_name=table_mtlr_tuned_row_diagnostics_w2
rows=1, cols=6
model_name  row_level_roc_auc  row_level_pr_auc  row_level_log_loss  row_level_brier                                                                    diagnostic_note
mtlr_tuned           0.220602          0.143302            1.046115         0.229656 auxiliary enrollment-level proxy only; not a primary cross-family benchmark metric
ARTIFACT | Stage 5.14.4 table_mtlr_tuned_row_diagnostics - Neural-MTLR row-level diagnostics | duckdb://table_mtlr_tuned_row_diagnostics_w2
[Stage 5.14.4 table_mtlr_tuned_support_by_horizon - Neural-MTLR support by horizon]
table_name=table_mtlr_tuned_support_by_horizon_w2
rows=3, cols=4
 horizon_week  n_evaluable_enrollments  n_events_by_horizon  event_rate_by_horizon
           10                     9778                 1215               0.124259
           20                     9778                 1736               0.177541
           30                     9778                 2129               0.217734
ARTIFACT | Stage 5.14.4 table_mtlr_tuned_support_by_horizon - Neural-MTLR support by horizon | duckdb://table_mtlr_tuned_support_by_horizon_w2
[Stage 5.14.4 table_mtlr_tuned_calibration_summary - Neural-MTLR calibration summary]
table_name=table_mtlr_tuned_calibration_summary_w2
rows=3, cols=5
 horizon_week            metric_name metric_category  metric_value                                         notes
           10 calibration_at_horizon         primary      0.015741 Weighted absolute calibration gap across bins
           20 calibration_at_horizon         primary      0.026023 Weighted absolute calibration gap across bins
           30 calibration_at_horizon         primary      0.029134 Weighted absolute calibration gap across bins
ARTIFACT | Stage 5.14.4 table_mtlr_tuned_calibration_summary - Neural-MTLR calibration summary | duckdb://table_mtlr_tuned_calibration_summary_w2
[Stage 5.14.4 table_mtlr_tuned_calibration_bins_by_horizon - Neural-MTLR calibration bins]
table_name=table_mtlr_tuned_calibration_bins_by_horizon_w2
rows=30, cols=6
 calibration_bin   n  mean_predicted_risk  observed_event_rate  horizon_week  abs_calibration_gap
               0 978             0.019876             0.034765            10             0.014889
               1 978             0.038295             0.062372            10             0.024077
               2 978             0.055952             0.055215            10             0.000737
               3 977             0.075240             0.063460            10             0.011781
               4 978             0.095546             0.084867            10             0.010679
               5 978             0.119468             0.105317            10             0.014151
               6 977             0.150726             0.128966            10             0.021760
               7 978             0.193940             0.175869            10             0.018071
               8 978             0.247505             0.216769            10             0.030736
               9 978             0.325457             0.314928            10             0.010529
               0 978             0.054539             0.085890            20             0.031350
               1 978             0.086390             0.100204            20             0.013815
               2 978             0.113218             0.109407            20             0.003811
               3 977             0.139855             0.115660            20             0.024195
               4 978             0.167220             0.135992            20             0.031228
               5 978             0.195770             0.164622            20             0.031148
               6 977             0.229949             0.207779            20             0.022170
               7 978             0.266058             0.226994            20             0.039064
               8 978             0.308533             0.280164            20             0.028369
               9 978             0.383747             0.348671            20             0.035076
ARTIFACT | Stage 5.14.4 table_mtlr_tuned_calibration_bins_by_horizon - Neural-MTLR calibration bins | duckdb://table_mtlr_tuned_calibration_bins_by_horizon_w2
[Stage 5.14.4 table_mtlr_tuned_predicted_vs_observed_survival - Neural-MTLR predicted versus observed survival]
table_name=table_mtlr_tuned_predicted_vs_observed_survival_w2
rows=3, cols=5
 horizon_week  n_evaluable_enrollments  mean_predicted_survival  mean_observed_survival  abs_gap
           10                     9778                 0.867796                0.875741 0.007946
           20                     9778                 0.805470                0.822459 0.016988
           30                     9778                 0.761004                0.782266 0.021263
ARTIFACT | Stage 5.14.4 table_mtlr_tuned_predicted_vs_observed_survival - Neural-MTLR predicted versus observed survival | duckdb://table_mtlr_tuned_predicted_vs_observed_survival_w2
ARTIFACT | mtlr_model | /Users/rafars/dropout_benchmark_desenv/outputs_benchmark_survival/models/mtlr_tuned_w2.pt
ARTIFACT | mtlr_preprocessor | /Users/rafars/dropout_benchmark_desenv/outputs_benchmark_survival/models/mtlr_preprocessor_w2.joblib
ARTIFACT | mtlr_tuned_model_config | /Users/rafars/dropout_benchmark_desenv/outputs_benchmark_survival/metadata/mtlr_tuned_model_config_w2.json
{
  "model_name": "mtlr_tuned",
  "selection_metric": "lowest_validation_ibs",
  "implementation": "pycox_mtlr",
  "validation_split": {
    "method": "GroupShuffleSplit",
    "test_size": 0.1,
    "group_column": "enrollment_id",
    "random_seed": 42
  },
  "search_space": [
    {
      "candidate_id": 1,
      "num_durations": 20,
      "hidden_dims": [
        64,
        32
      ],
      "dropout": 0.1,
      "learning_rate": 0.005,
      "weight_decay": 1e-05,
      "batch_size": 512
    },
    {
      "candidate_id": 2,
      "num_durations": 20,
      "hidden_dims": [
        64,
        32
      ],
      "dropout": 0.1,
      "learning_rate": 0.01,
      "weight_decay": 1e-05,
      "batch_size": 512
    },
    {
      "candidate_id": 3,
      "num_durations": 20,
      "hidden_dims": [
        64,
        32
      ],
      "dropout": 0.2,
      "learning_rate": 0.005,
      "weight_decay": 0.0001,
      "batch_size": 512
    },
    {
      "candidate_id": 4,
      "num_durations": 20,
      "hidden_dims": [
        64,
        32
      ],
      "dropout": 0.2,
      "learning_rate": 0.01,
      "weight_decay": 0.0001,
      "batch_size": 512
    },
    {
      "candidate_id": 5,
      "num_durations": 20,
      "hidden_dims": [
        128,
        64
      ],
      "dropout": 0.1,
      "learning_rate": 0.005,
      "weight_decay": 1e-05,
      "batch_size": 512
    },
    {
      "candidate_id": 6,
      "num_durations": 20,
      "hidden_dims": [
        128,
        64
      ],
      "dropout": 0.1,
      "learning_rate": 0.01,
      "weight_decay": 1e-05,
      "batch_size": 512
    },
    {
      "candidate_id": 7,
      "num_durations": 20,
      "hidden_dims": [
        128,
        64
      ],
      "dropout": 0.2,
      "learning_rate": 0.005,
      "weight_decay": 0.0001,
      "batch_size": 512
    },
    {
      "candidate_id": 8,
      "num_durations": 20,
      "hidden_dims": [
        128,
        64
      ],
      "dropout": 0.2,
      "learning_rate": 0.01,
      "weight_decay": 0.0001,
      "batch_size": 512
    },
    {
      "candidate_id": 9,
      "num_durations": 20,
      "hidden_dims": [
        256,
        128
      ],
      "dropout": 0.1,
      "learning_rate": 0.005,
      "weight_decay": 1e-05,
      "batch_size": 512
    },
    {
      "candidate_id": 10,
      "num_durations": 20,
      "hidden_dims": [
        256,
        128
      ],
      "dropout": 0.2,
      "learning_rate": 0.005,
      "weight_decay": 0.0001,
      "batch_size": 512
    },
    {
      "candidate_id": 11,
      "num_durations": 20,
      "hidden_dims": [
        256,
        128
      ],
      "dropout": 0.2,
      "learning_rate": 0.01,
      "weight_decay": 0.0001,
      "batch_size": 1024
    },
    {
      "candidate_id": 12,
      "num_durations": 20,
      "hidden_dims": [
        256,
        128
      ],
      "dropout": 0.3,
      "learning_rate": 0.001,
      "weight_decay": 0.0001,
      "batch_size": 1024
    },
    {
      "candidate_id": 13,
      "num_durations": 40,
      "hidden_dims": [
        64,
        32
      ],
      "dropout": 0.1,
      "learning_rate": 0.005,
      "weight_decay": 1e-05,
      "batch_size": 512
    },
    {
      "candidate_id": 14,
      "num_durations": 40,
      "hidden_dims": [
        64,
        32
      ],
      "dropout": 0.2,
      "learning_rate": 0.005,
      "weight_decay": 0.0001,
      "batch_size": 512
    },
    {
      "candidate_id": 15,
      "num_durations": 40,
      "hidden_dims": [
        64,
        32
      ],
      "dropout": 0.2,
      "learning_rate": 0.01,
      "weight_decay": 0.0001,
      "batch_size": 512
    },
    {
      "candidate_id": 16,
      "num_durations": 40,
      "hidden_dims": [
        64,
        32
      ],
      "dropout": 0.3,
      "learning_rate": 0.001,
      "weight_decay": 0.0001,
      "batch_size": 512
    },
    {
      "candidate_id": 17,
      "num_durations": 40,
      "hidden_dims": [
        128,
        64
      ],
      "dropout": 0.1,
      "learning_rate": 0.005,
      "weight_decay": 1e-05,
      "batch_size": 512
    },
    {
      "candidate_id": 18,
      "num_durations": 40,
      "hidden_dims": [
        128,
        64
      ],
      "dropout": 0.1,
      "learning_rate": 0.01,
      "weight_decay": 1e-05,
      "batch_size": 512
    },
    {
      "candidate_id": 19,
      "num_durations": 40,
      "hidden_dims": [
        128,
        64
      ],
      "dropout": 0.2,
      "learning_rate": 0.005,
      "weight_decay": 0.0001,
      "batch_size": 512
    },
    {
      "candidate_id": 20,
      "num_durations": 40,
      "hidden_dims": [
        128,
        64
      ],
      "dropout": 0.2,
      "learning_rate": 0.001,
      "weight_decay": 0.0001,
      "batch_size": 1024
    },
    {
      "candidate_id": 21,
      "num_durations": 40,
      "hidden_dims": [
        256,
        128
      ],
      "dropout": 0.1,
      "learning_rate": 0.005,
      "weight_decay": 1e-05,
      "batch_size": 512
    },
    {
      "candidate_id": 22,
      "num_durations": 40,
      "hidden_dims": [
        256,
        128
      ],
      "dropout": 0.2,
      "learning_rate": 0.005,
      "weight_decay": 0.0001,
      "batch_size": 512
    },
    {
      "candidate_id": 23,
      "num_durations": 40,
      "hidden_dims": [
        256,
        128
      ],
      "dropout": 0.2,
      "learning_rate": 0.01,
      "weight_decay": 0.0001,
      "batch_size": 1024
    },
    {
      "candidate_id": 24,
      "num_durations": 40,
      "hidden_dims": [
        256,
        128
      ],
      "dropout": 0.3,
      "learning_rate": 0.001,
      "weight_decay": 0.0001,
      "batch_size": 1024
    }
  ],
  "benchmark_horizons": [
    10,
    20,
    30
  ],
  "calibration_bins": 10,
  "calibration_contract_version": "v2_ipcw_km_observed_risk",
  "calibration_observed_risk_method": "ipcw_km_pseudo_event_rate",
  "variance_filter_threshold": 1e-12,
  "min_duration": 1.0,
  "max_epochs": 80,
  "early_stopping_patience": 8,
  "device": "cpu",
  "effective_window_weeks": 2,
  "input_train_table": "enrollment_cox_ready_train_w2",
  "input_test_table": "enrollment_cox_ready_test_w2",
  "best_candidate": {
    "candidate_id": 19,
    "params": {
      "num_durations": 40,
      "hidden_dims": [
        128,
        64
      ],
      "dropout": 0.2,
      "learning_rate": 0.005,
      "weight_decay": 0.0001,
      "batch_size": 512
    },
    "best_epoch": 17,
    "best_val_loss": 1.104814052581787,
    "val_ibs": 0.11722633275291429,
    "val_c_index": 0.5747691373903493,
    "implementation": "pycox_mtlr"
  },
  "guardrails": {
    "validation_test_size": 0.1,
    "search_row_cap": 20533,
    "final_row_cap": 22815,
    "search_rows_selected": 20533,
    "final_rows_selected": 22815,
    "subtrain_rows": 20533,
    "validation_rows": 2282,
    "full_train_rows": 22815,
    "subtrain_enrollments": 20533,
    "validation_enrollments": 2282,
    "full_train_enrollments": 22815,
    "n_features": 41,
    "subtrain_event_rate": 0.22709784249744314,
    "validation_event_rate": 0.22261174408413673,
    "full_train_event_rate": 0.22664913434144204,
    "sampled_subtrain_event_rate": 0.22709784249744314,
    "sampled_full_train_event_rate": 0.22664913434144204,
    "random_seed": 42
  },
  "duration_index": [
    0.0,
    1.615384578704834,
    3.230769157409668,
    4.846153736114502,
    6.461538314819336,
    8.076923370361328,
    9.692307472229004,
    11.30769157409668,
    12.923076629638672,
    14.538461685180664,
    16.153846740722656,
    17.769229888916016,
    19.384614944458008,
    21.0,
    22.61538314819336,
    24.23076820373535,
    25.846153259277344,
    27.461538314819336,
    29.076923370361328,
    30.692306518554688,
    32.30769348144531,
    33.92307662963867,
    35.53845977783203,
    37.153846740722656,
    38.769229888916016,
    40.384613037109375,
    42.0,
    43.61538314819336,
    45.23076629638672,
    46.846153259277344,
    48.4615364074707,
    50.07692337036133,
    51.69230651855469,
    53.30768966674805,
    54.92307662963867,
    56.53845977783203,
    58.153846740722656,
    59.769229888916016,
    61.384613037109375,
    63.0
  ],
  "out_features": 40,
  "preprocessing": {
    "categorical_features": [
      "gender",
      "region",
      "highest_education",
      "imd_band",
      "age_band",
      "disability"
    ],
    "numeric_features": [
      "num_of_prev_attempts",
      "studied_credits",
      "clicks_first_2_weeks",
      "active_weeks_first_2",
      "mean_clicks_first_2_weeks"
    ],
    "numeric_prefill_values": {
      "num_of_prev_attempts": 0.0,
      "studied_credits": 60.0,
      "clicks_first_2_weeks": 56.0,
      "active_weeks_first_2": 2.0,
      "mean_clicks_first_2_weeks": 33.0
    },
    "feature_names_before_filter": [
      "num__num_of_prev_attempts",
      "num__studied_credits",
      "num__clicks_first_2_weeks",
      "num__active_weeks_first_2",
      "num__mean_clicks_first_2_weeks",
      "cat__gender_F",
      "cat__gender_M",
      "cat__region_East Anglian Region",
      "cat__region_East Midlands Region",
      "cat__region_Ireland",
      "cat__region_London Region",
      "cat__region_North Region",
      "cat__region_North Western Region",
      "cat__region_Scotland",
      "cat__region_South East Region",
      "cat__region_South Region",
      "cat__region_South West Region",
      "cat__region_Wales",
      "cat__region_West Midlands Region",
      "cat__region_Yorkshire Region",
      "cat__highest_education_A Level or Equivalent",
      "cat__highest_education_HE Qualification",
      "cat__highest_education_Lower Than A Level",
      "cat__highest_education_No Formal quals",
      "cat__highest_education_Post Graduate Qualification",
      "cat__imd_band_0-10%",
      "cat__imd_band_10-20",
      "cat__imd_band_20-30%",
      "cat__imd_band_30-40%",
      "cat__imd_band_40-50%",
      "cat__imd_band_50-60%",
      "cat__imd_band_60-70%",
      "cat__imd_band_70-80%",
      "cat__imd_band_80-90%",
      "cat__imd_band_90-100%",
      "cat__imd_band_None",
      "cat__age_band_0-35",
      "cat__age_band_35-55",
      "cat__age_band_55<=",
      "cat__disability_N",
      "cat__disability_Y"
    ],
    "feature_names_out": [
      "num__num_of_prev_attempts",
      "num__studied_credits",
      "num__clicks_first_2_weeks",
      "num__active_weeks_first_2",
      "num__mean_clicks_first_2_weeks",
      "cat__gender_F",
      "cat__gender_M",
      "cat__region_East Anglian Region",
      "cat__region_East Midlands Region",
      "cat__region_Ireland",
      "cat__region_London Region",
      "cat__region_North Region",
      "cat__region_North Western Region",
      "cat__region_Scotland",
      "cat__region_South East Region",
      "cat__region_South Region",
      "cat__region_South West Region",
      "cat__region_Wales",
      "cat__region_West Midlands Region",
      "cat__region_Yorkshire Region",
      "cat__highest_education_A Level or Equivalent",
      "cat__highest_education_HE Qualification",
      "cat__highest_education_Lower Than A Level",
      "cat__highest_education_No Formal quals",
      "cat__highest_education_Post Graduate Qualification",
      "cat__imd_band_0-10%",
      "cat__imd_band_10-20",
      "cat__imd_band_20-30%",
      "cat__imd_band_30-40%",
      "cat__imd_band_40-50%",
      "cat__imd_band_50-60%",
      "cat__imd_band_60-70%",
      "cat__imd_band_70-80%",
      "cat__imd_band_80-90%",
      "cat__imd_band_90-100%",
      "cat__imd_band_None",
      "cat__age_band_0-35",
      "cat__age_band_35-55",
      "cat__age_band_55<=",
      "cat__disability_N",
      "cat__disability_Y"
    ],
    "dropped_low_variance_features": []
  },
  "design_note": "The comparable Neural-MTLR arm preserves the canonical early-window contract, uses deterministic train-only preprocessing, discretizes survival times through pycox LabTransDiscreteTime, and reconstructs the full weekly survival surface from the tuned MTLR network under validation IBS."
}

 candidate_id                                                                                                                             params  best_epoch  best_val_loss  val_ibs  val_c_index implementation
           19 {'num_durations': 40, 'hidden_dims': [128, 64], 'dropout': 0.2, 'learning_rate': 0.005, 'weight_decay': 0.0001, 'batch_size': 512}          17       1.104814 0.117226     0.574769     pycox_mtlr
[END] 5.14.4 - 2026-06-19 22:32:18
[START] 5.14.5 - 2026-06-19 22:32:18
# ==============================================================
# 5.14.5 - Close runtime resources
# ==============================================================
DuckDB connection closed.
ARTIFACT | duckdb_connection | closed::/Users/rafars/dropout_benchmark_desenv/outputs_benchmark_survival/benchmark_survival.duckdb
[END] 5.14.5 - 2026-06-19 22:32:19
[RUN_PLAN] comparable_window_weeks=4
[START] 5.14.1 - 2026-06-19 22:32:19
# ==============================================================
# 5.14.1 - Lightweight runtime bootstrap
# ==============================================================
ARTIFACT | benchmark_shared_config | /Users/rafars/dropout_benchmark_desenv/benchmark_shared_config.toml
ARTIFACT | benchmark_modeling_contract | /Users/rafars/dropout_benchmark_desenv/benchmark_modeling_contract.toml
ARTIFACT | run_metadata | /Users/rafars/dropout_benchmark_desenv/outputs_benchmark_survival/metadata/run_metadata.json
ARTIFACT | duckdb_path | /Users/rafars/dropout_benchmark_desenv/outputs_benchmark_survival/benchmark_survival.duckdb
{
  "run_id": "f3766e75053447a7beb7a1c4936d231f",
  "random_seed": 42,
  "test_size": 0.3,
  "early_window_weeks": 4,
  "main_enrollment_window_weeks": 4,
  "effective_window_weeks": 4,
  "input_train_table": "enrollment_cox_ready_train",
  "input_test_table": "enrollment_cox_ready_test"
}
[END] 5.14.1 - 2026-06-19 22:32:19
[START] 5.14.2 - 2026-06-19 22:32:19
# ==============================================================
# 5.14.2 - Build comparable Neural-MTLR treatment
# ==============================================================
[Stage 5.14.2 table_mtlr_preprocessing_summary - Neural-MTLR preprocessing summary]
table_name=table_mtlr_preprocessing_summary
rows=1, cols=21
model_family  train_rows  test_rows  n_input_features_raw  n_numeric_features  n_categorical_features  n_features_after_encoding_before_filter  n_features_after_variance_filter  n_features_dropped_by_variance_filter  n_events_train  n_events_test  mean_duration_train  mean_duration_test                              numeric_prefill_policy categorical_imputation          categorical_encoding                   numeric_scaling  variance_filter_threshold output_dtype                        model_positioning_note  window_weeks
 neural_mtlr       22815       9778                    11                   5                       6                                       41                                41                                      0            5171           2216            30.536182           30.539476 deterministic_train_median_or_zero_when_all_missing       constant_missing one_hot_handle_unknown_ignore standard_scaler_fit_on_train_only               1.000000e-12      float32 early-window comparable Neural-MTLR benchmark             4
ARTIFACT | Stage 5.14.2 table_mtlr_preprocessing_summary - Neural-MTLR preprocessing summary | duckdb://table_mtlr_preprocessing_summary
[Stage 5.14.2 table_mtlr_raw_feature_manifest - Neural-MTLR raw feature manifest]
table_name=table_mtlr_raw_feature_manifest
rows=11, cols=6
 feature_name_operational feature_role  present_in_train  present_in_test  covered_by_canonical_config  numeric_prefill_value
                   gender  categorical              True             True                        False                    NaN
                   region  categorical              True             True                        False                    NaN
        highest_education  categorical              True             True                        False                    NaN
                 imd_band  categorical              True             True                        False                    NaN
                 age_band  categorical              True             True                        False                    NaN
               disability  categorical              True             True                        False                    NaN
     num_of_prev_attempts      numeric              True             True                         True                   0.00
          studied_credits      numeric              True             True                         True                  60.00
     clicks_first_4_weeks      numeric              True             True                         True                 136.00
     active_weeks_first_4      numeric              True             True                         True                   4.00
mean_clicks_first_4_weeks      numeric              True             True                         True                  41.25
ARTIFACT | Stage 5.14.2 table_mtlr_raw_feature_manifest - Neural-MTLR raw feature manifest | duckdb://table_mtlr_raw_feature_manifest
[Stage 5.14.2 table_mtlr_feature_names_out - Neural-MTLR output feature manifest]
table_name=table_mtlr_feature_names_out
rows=41, cols=2
                feature_name_out  transformed_variance_train
       num__num_of_prev_attempts                    1.000000
            num__studied_credits                    1.000000
       num__clicks_first_4_weeks                    1.000000
       num__active_weeks_first_4                    1.000000
  num__mean_clicks_first_4_weeks                    1.000000
                   cat__gender_F                    0.247988
                   cat__gender_M                    0.247988
 cat__region_East Anglian Region                    0.092080
cat__region_East Midlands Region                    0.067091
             cat__region_Ireland                    0.034283
       cat__region_London Region                    0.088295
        cat__region_North Region                    0.052060
cat__region_North Western Region                    0.082139
            cat__region_Scotland                    0.094370
   cat__region_South East Region                    0.059974
        cat__region_South Region                    0.087554
   cat__region_South West Region                    0.068848
               cat__region_Wales                    0.059707
cat__region_West Midlands Region                    0.073261
    cat__region_Yorkshire Region                    0.058136
ARTIFACT | Stage 5.14.2 table_mtlr_feature_names_out - Neural-MTLR output feature manifest | duckdb://table_mtlr_feature_names_out
ARTIFACT | mtlr_preprocessing_config | /Users/rafars/dropout_benchmark_desenv/outputs_benchmark_survival/metadata/mtlr_preprocessing_config.json
{
  "model_family": "neural_mtlr",
  "duration_column": "duration",
  "event_column": "event",
  "categorical_features": [
    "gender",
    "region",
    "highest_education",
    "imd_band",
    "age_band",
    "disability"
  ],
  "numeric_features": [
    "num_of_prev_attempts",
    "studied_credits",
    "clicks_first_4_weeks",
    "active_weeks_first_4",
    "mean_clicks_first_4_weeks"
  ],
  "raw_feature_columns": [
    "gender",
    "region",
    "highest_education",
    "imd_band",
    "age_band",
    "disability",
    "num_of_prev_attempts",
    "studied_credits",
    "clicks_first_4_weeks",
    "active_weeks_first_4",
    "mean_clicks_first_4_weeks"
  ],
  "expected_features_raw": [
    "studied_credits",
    "num_of_prev_attempts",
    "studied_credits",
    "num_of_prev_attempts",
    "clicks_first_4_weeks",
    "active_weeks_first_4",
    "mean_clicks_first_4_weeks"
  ],
  "expected_features_resolved": [
    "studied_credits",
    "num_of_prev_attempts",
    "clicks_first_4_weeks",
    "active_weeks_first_4",
    "mean_clicks_first_4_weeks"
  ],
  "numeric_prefill_policy": "deterministic_train_median_or_zero_when_all_missing",
  "numeric_fill_values": {
    "num_of_prev_attempts": 0.0,
    "studied_credits": 60.0,
    "clicks_first_4_weeks": 136.0,
    "active_weeks_first_4": 4.0,
    "mean_clicks_first_4_weeks": 41.25
  },
  "categorical_imputation": "constant_missing",
  "categorical_encoding": "one_hot_handle_unknown_ignore",
  "numeric_scaling": "standard_scaler_fit_on_train_only",
  "variance_filter_threshold": 1e-12,
  "feature_names_before_filter": [
    "num__num_of_prev_attempts",
    "num__studied_credits",
    "num__clicks_first_4_weeks",
    "num__active_weeks_first_4",
    "num__mean_clicks_first_4_weeks",
    "cat__gender_F",
    "cat__gender_M",
    "cat__region_East Anglian Region",
    "cat__region_East Midlands Region",
    "cat__region_Ireland",
    "cat__region_London Region",
    "cat__region_North Region",
    "cat__region_North Western Region",
    "cat__region_Scotland",
    "cat__region_South East Region",
    "cat__region_South Region",
    "cat__region_South West Region",
    "cat__region_Wales",
    "cat__region_West Midlands Region",
    "cat__region_Yorkshire Region",
    "cat__highest_education_A Level or Equivalent",
    "cat__highest_education_HE Qualification",
    "cat__highest_education_Lower Than A Level",
    "cat__highest_education_No Formal quals",
    "cat__highest_education_Post Graduate Qualification",
    "cat__imd_band_0-10%",
    "cat__imd_band_10-20",
    "cat__imd_band_20-30%",
    "cat__imd_band_30-40%",
    "cat__imd_band_40-50%",
    "cat__imd_band_50-60%",
    "cat__imd_band_60-70%",
    "cat__imd_band_70-80%",
    "cat__imd_band_80-90%",
    "cat__imd_band_90-100%",
    "cat__imd_band_None",
    "cat__age_band_0-35",
    "cat__age_band_35-55",
    "cat__age_band_55<=",
    "cat__disability_N",
    "cat__disability_Y"
  ],
  "feature_names_out": [
    "num__num_of_prev_attempts",
    "num__studied_credits",
    "num__clicks_first_4_weeks",
    "num__active_weeks_first_4",
    "num__mean_clicks_first_4_weeks",
    "cat__gender_F",
    "cat__gender_M",
    "cat__region_East Anglian Region",
    "cat__region_East Midlands Region",
    "cat__region_Ireland",
    "cat__region_London Region",
    "cat__region_North Region",
    "cat__region_North Western Region",
    "cat__region_Scotland",
    "cat__region_South East Region",
    "cat__region_South Region",
    "cat__region_South West Region",
    "cat__region_Wales",
    "cat__region_West Midlands Region",
    "cat__region_Yorkshire Region",
    "cat__highest_education_A Level or Equivalent",
    "cat__highest_education_HE Qualification",
    "cat__highest_education_Lower Than A Level",
    "cat__highest_education_No Formal quals",
    "cat__highest_education_Post Graduate Qualification",
    "cat__imd_band_0-10%",
    "cat__imd_band_10-20",
    "cat__imd_band_20-30%",
    "cat__imd_band_30-40%",
    "cat__imd_band_40-50%",
    "cat__imd_band_50-60%",
    "cat__imd_band_60-70%",
    "cat__imd_band_70-80%",
    "cat__imd_band_80-90%",
    "cat__imd_band_90-100%",
    "cat__imd_band_None",
    "cat__age_band_0-35",
    "cat__age_band_35-55",
    "cat__age_band_55<=",
    "cat__disability_N",
    "cat__disability_Y"
  ],
  "dropped_low_variance_features": [],
  "model_positioning_note": "early-window comparable Neural-MTLR benchmark",
  "window_weeks": 4
}

[END] 5.14.2 - 2026-06-19 22:32:20
[START] 5.14.3 - 2026-06-19 22:32:20
# ==============================================================
# 5.14.3 - Compute runtime guardrails for Neural-MTLR
# ==============================================================
[Stage 5.14.3 table_mtlr_guardrails - Neural-MTLR runtime guardrails]
table_name=table_mtlr_guardrails
rows=1, cols=18
 validation_test_size  search_row_cap  final_row_cap  search_rows_selected  final_rows_selected  subtrain_rows  validation_rows  full_train_rows  subtrain_enrollments  validation_enrollments  full_train_enrollments  n_features  subtrain_event_rate  validation_event_rate  full_train_event_rate  sampled_subtrain_event_rate  sampled_full_train_event_rate  random_seed
                  0.1           20533          22815                 20533                22815          20533             2282            22815                 20533                    2282                   22815          41             0.227098               0.222612               0.226649                     0.227098                       0.226649           42
ARTIFACT | Stage 5.14.3 table_mtlr_guardrails - Neural-MTLR runtime guardrails | duckdb://table_mtlr_guardrails
[END] 5.14.3 - 2026-06-19 22:32:20
[START] 5.14.4 - 2026-06-19 22:32:20
# ==============================================================
# 5.14.4 - Tune and evaluate the Neural-MTLR model
# ==============================================================
[Stage 5.14.4 table_mtlr_tuning_results - Neural-MTLR tuning results]
table_name=table_mtlr_tuning_results
rows=24, cols=11
 candidate_id  num_durations hidden_dims  dropout  learning_rate  weight_decay  batch_size  best_epoch  best_val_loss  val_ibs  val_c_index
           20             40   [128, 64]      0.2          0.001       0.00010        1024          47       1.050623 0.111310     0.646110
           14             40    [64, 32]      0.2          0.005       0.00010         512          19       1.058748 0.111696     0.636964
           24             40  [256, 128]      0.3          0.001       0.00010        1024          38       1.056080 0.111811     0.642447
           23             40  [256, 128]      0.2          0.010       0.00010        1024          26       1.067700 0.112482     0.456484
           16             40    [64, 32]      0.3          0.001       0.00010         512          51       1.059368 0.112519     0.625653
           21             40  [256, 128]      0.1          0.005       0.00001         512          10       1.060305 0.112722     0.641630
           17             40   [128, 64]      0.1          0.005       0.00001         512           4       1.062168 0.112919     0.638449
           22             40  [256, 128]      0.2          0.005       0.00010         512          11       1.058960 0.112924     0.623946
           19             40   [128, 64]      0.2          0.005       0.00010         512          10       1.057066 0.113006     0.628783
           18             40   [128, 64]      0.1          0.010       0.00001         512           9       1.061851 0.113053     0.626258
            7             20   [128, 64]      0.2          0.005       0.00010         512          11       0.912904 0.113091     0.620064
            3             20    [64, 32]      0.2          0.005       0.00010         512          15       0.918229 0.113293     0.607743
            8             20   [128, 64]      0.2          0.010       0.00010         512          11       0.913783 0.113344     0.608373
           12             20  [256, 128]      0.3          0.001       0.00010        1024          26       0.915299 0.113424     0.616809
           13             40    [64, 32]      0.1          0.005       0.00001         512           9       1.068558 0.113433     0.629230
            5             20   [128, 64]      0.1          0.005       0.00001         512           6       0.916171 0.113696     0.627863
           15             40    [64, 32]      0.2          0.010       0.00010         512          25       1.061304 0.113723     0.635254
           10             20  [256, 128]      0.2          0.005       0.00010         512          19       0.917370 0.113841     0.609867
            9             20  [256, 128]      0.1          0.005       0.00001         512           4       0.919961 0.113902     0.622469
            4             20    [64, 32]      0.2          0.010       0.00010         512          16       0.917262 0.113979     0.604939
ARTIFACT | Stage 5.14.4 table_mtlr_tuning_results - Neural-MTLR tuning results | duckdb://table_mtlr_tuning_results
[Stage 5.14.4 table_mtlr_tuned_training_history - Neural-MTLR training history]
table_name=table_mtlr_tuned_training_history
rows=47, cols=5
 train_loss  val_loss  epoch  candidate_id  fit_stage
   1.242821       NaN      1            20 full_train
   1.158809       NaN      2            20 full_train
   1.127346       NaN      3            20 full_train
   1.110658       NaN      4            20 full_train
   1.103031       NaN      5            20 full_train
   1.098977       NaN      6            20 full_train
   1.090587       NaN      7            20 full_train
   1.077066       NaN      8            20 full_train
   1.081141       NaN      9            20 full_train
   1.078283       NaN     10            20 full_train
   1.074682       NaN     11            20 full_train
   1.073348       NaN     12            20 full_train
   1.073194       NaN     13            20 full_train
   1.065824       NaN     14            20 full_train
   1.065898       NaN     15            20 full_train
   1.060345       NaN     16            20 full_train
   1.065759       NaN     17            20 full_train
   1.057118       NaN     18            20 full_train
   1.063935       NaN     19            20 full_train
   1.063202       NaN     20            20 full_train
ARTIFACT | Stage 5.14.4 table_mtlr_tuned_training_history - Neural-MTLR training history | duckdb://table_mtlr_tuned_training_history
[Stage 5.14.4 table_mtlr_tuned_test_predictions - Neural-MTLR test predictions]
table_name=table_mtlr_tuned_test_predictions
rows=29334, cols=6
      enrollment_id  event  duration  horizon_week  pred_survival_h  pred_risk_h
 100561||DDD||2014J      0        37            10         0.915347     0.084653
 100621||CCC||2014B      1         6            10         0.926466     0.073534
 101187||DDD||2014J      0        37            10         0.786871     0.213129
 101279||DDD||2014J      0        37            10         0.966717     0.033283
 101414||EEE||2013J      0        38            10         0.757759     0.242241
 101700||CCC||2014J      0        38            10         0.668913     0.331087
 101781||AAA||2013J      0        38            10         0.973946     0.026054
 102209||CCC||2014J      1        15            10         0.959175     0.040825
 102343||FFF||2013J      0        38            10         0.970139     0.029861
1023623||CCC||2014J      0        38            10         0.943493     0.056507
1033968||DDD||2014B      1        13            10         0.831198     0.168802
 103891||DDD||2014B      0        34            10         0.816935     0.183065
 104316||FFF||2014B      0        34            10         0.966049     0.033951
1045203||AAA||2014J      0        38            10         0.968078     0.031922
1047645||CCC||2014B      0        34            10         0.918644     0.081356
1053702||EEE||2013J      0        38            10         0.935875     0.064125
 105629||FFF||2013J      0        38            10         0.961404     0.038596
1057883||CCC||2014B      0        34            10         0.786937     0.213063
 106383||BBB||2014J      1        21            10         0.939115     0.060885
 106553||DDD||2014J      0        37            10         0.935855     0.064145
ARTIFACT | Stage 5.14.4 table_mtlr_tuned_test_predictions - Neural-MTLR test predictions | duckdb://table_mtlr_tuned_test_predictions
[Stage 5.14.4 table_mtlr_tuned_primary_metrics - Neural-MTLR primary metrics]
table_name=table_mtlr_tuned_primary_metrics
rows=2, cols=4
metric_name metric_category  metric_value                         notes
        ibs         primary      0.113132 sksurv_integrated_brier_score
    c_index      co_primary      0.656942          pycox_concordance_td
ARTIFACT | Stage 5.14.4 table_mtlr_tuned_primary_metrics - Neural-MTLR primary metrics | duckdb://table_mtlr_tuned_primary_metrics
[Stage 5.14.4 table_mtlr_tuned_brier_by_horizon - Neural-MTLR Brier scores by horizon]
table_name=table_mtlr_tuned_brier_by_horizon
rows=3, cols=5
 horizon_week      metric_name metric_category  metric_value              notes
           10 brier_at_horizon         primary      0.095433 sksurv_brier_score
           20 brier_at_horizon         primary      0.134048 sksurv_brier_score
           30 brier_at_horizon         primary      0.158837 sksurv_brier_score
ARTIFACT | Stage 5.14.4 table_mtlr_tuned_brier_by_horizon - Neural-MTLR Brier scores by horizon | duckdb://table_mtlr_tuned_brier_by_horizon
[Stage 5.14.4 table_mtlr_tuned_secondary_metrics - Neural-MTLR secondary metrics]
table_name=table_mtlr_tuned_secondary_metrics
rows=6, cols=5
 horizon_week         metric_name metric_category  metric_value                                                                                  notes
           10 risk_auc_at_horizon       secondary      0.769439                                                            roc_auc_on_evaluable_subset
           10  time_dependent_auc       secondary      0.763546 ipcw_supported_subset(duration < 38); retained=6742/9778; auc=0.763546; local_ipcw_auc
           20 risk_auc_at_horizon       secondary      0.693389                                                            roc_auc_on_evaluable_subset
           20  time_dependent_auc       secondary      0.683913 ipcw_supported_subset(duration < 38); retained=6742/9778; auc=0.683913; local_ipcw_auc
           30 risk_auc_at_horizon       secondary      0.667033                                                            roc_auc_on_evaluable_subset
           30  time_dependent_auc       secondary      0.656054 ipcw_supported_subset(duration < 38); retained=6742/9778; auc=0.656054; local_ipcw_auc
ARTIFACT | Stage 5.14.4 table_mtlr_tuned_secondary_metrics - Neural-MTLR secondary metrics | duckdb://table_mtlr_tuned_secondary_metrics
[Stage 5.14.4 table_mtlr_tuned_td_auc_support_audit - Neural-MTLR IPCW support audit]
table_name=table_mtlr_tuned_td_auc_support_audit
rows=3, cols=6
 horizon_week  max_ipcw_time  n_total_test_enrollments  n_supported_test_enrollments  mean_auc                                                         notes
           10           38.0                      9778                          6742  0.763546 IPCW-supported subset used for Neural-MTLR time-dependent AUC
           20           38.0                      9778                          6742  0.683913 IPCW-supported subset used for Neural-MTLR time-dependent AUC
           30           38.0                      9778                          6742  0.656054 IPCW-supported subset used for Neural-MTLR time-dependent AUC
ARTIFACT | Stage 5.14.4 table_mtlr_tuned_td_auc_support_audit - Neural-MTLR IPCW support audit | duckdb://table_mtlr_tuned_td_auc_support_audit
[Stage 5.14.4 table_mtlr_tuned_row_diagnostics - Neural-MTLR row-level diagnostics]
table_name=table_mtlr_tuned_row_diagnostics
rows=1, cols=6
model_name  row_level_roc_auc  row_level_pr_auc  row_level_log_loss  row_level_brier                                                                    diagnostic_note
mtlr_tuned           0.195206          0.142493            1.054626         0.226696 auxiliary enrollment-level proxy only; not a primary cross-family benchmark metric
ARTIFACT | Stage 5.14.4 table_mtlr_tuned_row_diagnostics - Neural-MTLR row-level diagnostics | duckdb://table_mtlr_tuned_row_diagnostics
[Stage 5.14.4 table_mtlr_tuned_support_by_horizon - Neural-MTLR support by horizon]
table_name=table_mtlr_tuned_support_by_horizon
rows=3, cols=4
 horizon_week  n_evaluable_enrollments  n_events_by_horizon  event_rate_by_horizon
           10                     9778                 1215               0.124259
           20                     9778                 1736               0.177541
           30                     9778                 2129               0.217734
ARTIFACT | Stage 5.14.4 table_mtlr_tuned_support_by_horizon - Neural-MTLR support by horizon | duckdb://table_mtlr_tuned_support_by_horizon
[Stage 5.14.4 table_mtlr_tuned_calibration_summary - Neural-MTLR calibration summary]
table_name=table_mtlr_tuned_calibration_summary
rows=3, cols=5
 horizon_week            metric_name metric_category  metric_value                                         notes
           10 calibration_at_horizon         primary      0.022537 Weighted absolute calibration gap across bins
           20 calibration_at_horizon         primary      0.018384 Weighted absolute calibration gap across bins
           30 calibration_at_horizon         primary      0.015090 Weighted absolute calibration gap across bins
ARTIFACT | Stage 5.14.4 table_mtlr_tuned_calibration_summary - Neural-MTLR calibration summary | duckdb://table_mtlr_tuned_calibration_summary
[Stage 5.14.4 table_mtlr_tuned_calibration_bins_by_horizon - Neural-MTLR calibration bins]
table_name=table_mtlr_tuned_calibration_bins_by_horizon
rows=30, cols=6
 calibration_bin   n  mean_predicted_risk  observed_event_rate  horizon_week  abs_calibration_gap
               0 978             0.017461             0.024540            10             0.007078
               1 978             0.027635             0.031697            10             0.004062
               2 978             0.035419             0.051125            10             0.015706
               3 977             0.042690             0.050154            10             0.007463
               4 978             0.051137             0.064417            10             0.013280
               5 978             0.065100             0.074642            10             0.009543
               6 977             0.087669             0.123849            10             0.036180
               7 978             0.134559             0.169734            10             0.035175
               8 978             0.211052             0.256646            10             0.045594
               9 978             0.344421             0.395706            10             0.051284
               0 978             0.050779             0.076687            20             0.025908
               1 978             0.074595             0.082822            20             0.008227
               2 978             0.090610             0.099182            20             0.008572
               3 977             0.104220             0.119754            20             0.015535
               4 978             0.118185             0.117587            20             0.000598
               5 978             0.136618             0.137014            20             0.000396
               6 977             0.161521             0.190379            20             0.028857
               7 978             0.202411             0.226994            20             0.024583
               8 978             0.260842             0.291411            20             0.030569
               9 978             0.392939             0.433538            20             0.040598
ARTIFACT | Stage 5.14.4 table_mtlr_tuned_calibration_bins_by_horizon - Neural-MTLR calibration bins | duckdb://table_mtlr_tuned_calibration_bins_by_horizon
[Stage 5.14.4 table_mtlr_tuned_predicted_vs_observed_survival - Neural-MTLR predicted versus observed survival]
table_name=table_mtlr_tuned_predicted_vs_observed_survival
rows=3, cols=5
 horizon_week  n_evaluable_enrollments  mean_predicted_survival  mean_observed_survival  abs_gap
           10                     9778                 0.898278                0.875741 0.022537
           20                     9778                 0.840723                0.822459 0.018264
           30                     9778                 0.794541                0.782266 0.012274
ARTIFACT | Stage 5.14.4 table_mtlr_tuned_predicted_vs_observed_survival - Neural-MTLR predicted versus observed survival | duckdb://table_mtlr_tuned_predicted_vs_observed_survival
ARTIFACT | mtlr_model | /Users/rafars/dropout_benchmark_desenv/outputs_benchmark_survival/models/mtlr_tuned.pt
ARTIFACT | mtlr_preprocessor | /Users/rafars/dropout_benchmark_desenv/outputs_benchmark_survival/models/mtlr_preprocessor.joblib
ARTIFACT | mtlr_tuned_model_config | /Users/rafars/dropout_benchmark_desenv/outputs_benchmark_survival/metadata/mtlr_tuned_model_config.json
{
  "model_name": "mtlr_tuned",
  "selection_metric": "lowest_validation_ibs",
  "implementation": "pycox_mtlr",
  "validation_split": {
    "method": "GroupShuffleSplit",
    "test_size": 0.1,
    "group_column": "enrollment_id",
    "random_seed": 42
  },
  "search_space": [
    {
      "candidate_id": 1,
      "num_durations": 20,
      "hidden_dims": [
        64,
        32
      ],
      "dropout": 0.1,
      "learning_rate": 0.005,
      "weight_decay": 1e-05,
      "batch_size": 512
    },
    {
      "candidate_id": 2,
      "num_durations": 20,
      "hidden_dims": [
        64,
        32
      ],
      "dropout": 0.1,
      "learning_rate": 0.01,
      "weight_decay": 1e-05,
      "batch_size": 512
    },
    {
      "candidate_id": 3,
      "num_durations": 20,
      "hidden_dims": [
        64,
        32
      ],
      "dropout": 0.2,
      "learning_rate": 0.005,
      "weight_decay": 0.0001,
      "batch_size": 512
    },
    {
      "candidate_id": 4,
      "num_durations": 20,
      "hidden_dims": [
        64,
        32
      ],
      "dropout": 0.2,
      "learning_rate": 0.01,
      "weight_decay": 0.0001,
      "batch_size": 512
    },
    {
      "candidate_id": 5,
      "num_durations": 20,
      "hidden_dims": [
        128,
        64
      ],
      "dropout": 0.1,
      "learning_rate": 0.005,
      "weight_decay": 1e-05,
      "batch_size": 512
    },
    {
      "candidate_id": 6,
      "num_durations": 20,
      "hidden_dims": [
        128,
        64
      ],
      "dropout": 0.1,
      "learning_rate": 0.01,
      "weight_decay": 1e-05,
      "batch_size": 512
    },
    {
      "candidate_id": 7,
      "num_durations": 20,
      "hidden_dims": [
        128,
        64
      ],
      "dropout": 0.2,
      "learning_rate": 0.005,
      "weight_decay": 0.0001,
      "batch_size": 512
    },
    {
      "candidate_id": 8,
      "num_durations": 20,
      "hidden_dims": [
        128,
        64
      ],
      "dropout": 0.2,
      "learning_rate": 0.01,
      "weight_decay": 0.0001,
      "batch_size": 512
    },
    {
      "candidate_id": 9,
      "num_durations": 20,
      "hidden_dims": [
        256,
        128
      ],
      "dropout": 0.1,
      "learning_rate": 0.005,
      "weight_decay": 1e-05,
      "batch_size": 512
    },
    {
      "candidate_id": 10,
      "num_durations": 20,
      "hidden_dims": [
        256,
        128
      ],
      "dropout": 0.2,
      "learning_rate": 0.005,
      "weight_decay": 0.0001,
      "batch_size": 512
    },
    {
      "candidate_id": 11,
      "num_durations": 20,
      "hidden_dims": [
        256,
        128
      ],
      "dropout": 0.2,
      "learning_rate": 0.01,
      "weight_decay": 0.0001,
      "batch_size": 1024
    },
    {
      "candidate_id": 12,
      "num_durations": 20,
      "hidden_dims": [
        256,
        128
      ],
      "dropout": 0.3,
      "learning_rate": 0.001,
      "weight_decay": 0.0001,
      "batch_size": 1024
    },
    {
      "candidate_id": 13,
      "num_durations": 40,
      "hidden_dims": [
        64,
        32
      ],
      "dropout": 0.1,
      "learning_rate": 0.005,
      "weight_decay": 1e-05,
      "batch_size": 512
    },
    {
      "candidate_id": 14,
      "num_durations": 40,
      "hidden_dims": [
        64,
        32
      ],
      "dropout": 0.2,
      "learning_rate": 0.005,
      "weight_decay": 0.0001,
      "batch_size": 512
    },
    {
      "candidate_id": 15,
      "num_durations": 40,
      "hidden_dims": [
        64,
        32
      ],
      "dropout": 0.2,
      "learning_rate": 0.01,
      "weight_decay": 0.0001,
      "batch_size": 512
    },
    {
      "candidate_id": 16,
      "num_durations": 40,
      "hidden_dims": [
        64,
        32
      ],
      "dropout": 0.3,
      "learning_rate": 0.001,
      "weight_decay": 0.0001,
      "batch_size": 512
    },
    {
      "candidate_id": 17,
      "num_durations": 40,
      "hidden_dims": [
        128,
        64
      ],
      "dropout": 0.1,
      "learning_rate": 0.005,
      "weight_decay": 1e-05,
      "batch_size": 512
    },
    {
      "candidate_id": 18,
      "num_durations": 40,
      "hidden_dims": [
        128,
        64
      ],
      "dropout": 0.1,
      "learning_rate": 0.01,
      "weight_decay": 1e-05,
      "batch_size": 512
    },
    {
      "candidate_id": 19,
      "num_durations": 40,
      "hidden_dims": [
        128,
        64
      ],
      "dropout": 0.2,
      "learning_rate": 0.005,
      "weight_decay": 0.0001,
      "batch_size": 512
    },
    {
      "candidate_id": 20,
      "num_durations": 40,
      "hidden_dims": [
        128,
        64
      ],
      "dropout": 0.2,
      "learning_rate": 0.001,
      "weight_decay": 0.0001,
      "batch_size": 1024
    },
    {
      "candidate_id": 21,
      "num_durations": 40,
      "hidden_dims": [
        256,
        128
      ],
      "dropout": 0.1,
      "learning_rate": 0.005,
      "weight_decay": 1e-05,
      "batch_size": 512
    },
    {
      "candidate_id": 22,
      "num_durations": 40,
      "hidden_dims": [
        256,
        128
      ],
      "dropout": 0.2,
      "learning_rate": 0.005,
      "weight_decay": 0.0001,
      "batch_size": 512
    },
    {
      "candidate_id": 23,
      "num_durations": 40,
      "hidden_dims": [
        256,
        128
      ],
      "dropout": 0.2,
      "learning_rate": 0.01,
      "weight_decay": 0.0001,
      "batch_size": 1024
    },
    {
      "candidate_id": 24,
      "num_durations": 40,
      "hidden_dims": [
        256,
        128
      ],
      "dropout": 0.3,
      "learning_rate": 0.001,
      "weight_decay": 0.0001,
      "batch_size": 1024
    }
  ],
  "benchmark_horizons": [
    10,
    20,
    30
  ],
  "calibration_bins": 10,
  "calibration_contract_version": "v2_ipcw_km_observed_risk",
  "calibration_observed_risk_method": "ipcw_km_pseudo_event_rate",
  "variance_filter_threshold": 1e-12,
  "min_duration": 1.0,
  "max_epochs": 80,
  "early_stopping_patience": 8,
  "device": "cpu",
  "effective_window_weeks": 4,
  "input_train_table": "enrollment_cox_ready_train",
  "input_test_table": "enrollment_cox_ready_test",
  "best_candidate": {
    "candidate_id": 20,
    "params": {
      "num_durations": 40,
      "hidden_dims": [
        128,
        64
      ],
      "dropout": 0.2,
      "learning_rate": 0.001,
      "weight_decay": 0.0001,
      "batch_size": 1024
    },
    "best_epoch": 47,
    "best_val_loss": 1.0506232976913452,
    "val_ibs": 0.1113095019823411,
    "val_c_index": 0.6461103805078254,
    "implementation": "pycox_mtlr"
  },
  "guardrails": {
    "validation_test_size": 0.1,
    "search_row_cap": 20533,
    "final_row_cap": 22815,
    "search_rows_selected": 20533,
    "final_rows_selected": 22815,
    "subtrain_rows": 20533,
    "validation_rows": 2282,
    "full_train_rows": 22815,
    "subtrain_enrollments": 20533,
    "validation_enrollments": 2282,
    "full_train_enrollments": 22815,
    "n_features": 41,
    "subtrain_event_rate": 0.22709784249744314,
    "validation_event_rate": 0.22261174408413673,
    "full_train_event_rate": 0.22664913434144204,
    "sampled_subtrain_event_rate": 0.22709784249744314,
    "sampled_full_train_event_rate": 0.22664913434144204,
    "random_seed": 42
  },
  "duration_index": [
    0.0,
    1.615384578704834,
    3.230769157409668,
    4.846153736114502,
    6.461538314819336,
    8.076923370361328,
    9.692307472229004,
    11.30769157409668,
    12.923076629638672,
    14.538461685180664,
    16.153846740722656,
    17.769229888916016,
    19.384614944458008,
    21.0,
    22.61538314819336,
    24.23076820373535,
    25.846153259277344,
    27.461538314819336,
    29.076923370361328,
    30.692306518554688,
    32.30769348144531,
    33.92307662963867,
    35.53845977783203,
    37.153846740722656,
    38.769229888916016,
    40.384613037109375,
    42.0,
    43.61538314819336,
    45.23076629638672,
    46.846153259277344,
    48.4615364074707,
    50.07692337036133,
    51.69230651855469,
    53.30768966674805,
    54.92307662963867,
    56.53845977783203,
    58.153846740722656,
    59.769229888916016,
    61.384613037109375,
    63.0
  ],
  "out_features": 40,
  "preprocessing": {
    "categorical_features": [
      "gender",
      "region",
      "highest_education",
      "imd_band",
      "age_band",
      "disability"
    ],
    "numeric_features": [
      "num_of_prev_attempts",
      "studied_credits",
      "clicks_first_4_weeks",
      "active_weeks_first_4",
      "mean_clicks_first_4_weeks"
    ],
    "numeric_prefill_values": {
      "num_of_prev_attempts": 0.0,
      "studied_credits": 60.0,
      "clicks_first_4_weeks": 136.0,
      "active_weeks_first_4": 4.0,
      "mean_clicks_first_4_weeks": 41.25
    },
    "feature_names_before_filter": [
      "num__num_of_prev_attempts",
      "num__studied_credits",
      "num__clicks_first_4_weeks",
      "num__active_weeks_first_4",
      "num__mean_clicks_first_4_weeks",
      "cat__gender_F",
      "cat__gender_M",
      "cat__region_East Anglian Region",
      "cat__region_East Midlands Region",
      "cat__region_Ireland",
      "cat__region_London Region",
      "cat__region_North Region",
      "cat__region_North Western Region",
      "cat__region_Scotland",
      "cat__region_South East Region",
      "cat__region_South Region",
      "cat__region_South West Region",
      "cat__region_Wales",
      "cat__region_West Midlands Region",
      "cat__region_Yorkshire Region",
      "cat__highest_education_A Level or Equivalent",
      "cat__highest_education_HE Qualification",
      "cat__highest_education_Lower Than A Level",
      "cat__highest_education_No Formal quals",
      "cat__highest_education_Post Graduate Qualification",
      "cat__imd_band_0-10%",
      "cat__imd_band_10-20",
      "cat__imd_band_20-30%",
      "cat__imd_band_30-40%",
      "cat__imd_band_40-50%",
      "cat__imd_band_50-60%",
      "cat__imd_band_60-70%",
      "cat__imd_band_70-80%",
      "cat__imd_band_80-90%",
      "cat__imd_band_90-100%",
      "cat__imd_band_None",
      "cat__age_band_0-35",
      "cat__age_band_35-55",
      "cat__age_band_55<=",
      "cat__disability_N",
      "cat__disability_Y"
    ],
    "feature_names_out": [
      "num__num_of_prev_attempts",
      "num__studied_credits",
      "num__clicks_first_4_weeks",
      "num__active_weeks_first_4",
      "num__mean_clicks_first_4_weeks",
      "cat__gender_F",
      "cat__gender_M",
      "cat__region_East Anglian Region",
      "cat__region_East Midlands Region",
      "cat__region_Ireland",
      "cat__region_London Region",
      "cat__region_North Region",
      "cat__region_North Western Region",
      "cat__region_Scotland",
      "cat__region_South East Region",
      "cat__region_South Region",
      "cat__region_South West Region",
      "cat__region_Wales",
      "cat__region_West Midlands Region",
      "cat__region_Yorkshire Region",
      "cat__highest_education_A Level or Equivalent",
      "cat__highest_education_HE Qualification",
      "cat__highest_education_Lower Than A Level",
      "cat__highest_education_No Formal quals",
      "cat__highest_education_Post Graduate Qualification",
      "cat__imd_band_0-10%",
      "cat__imd_band_10-20",
      "cat__imd_band_20-30%",
      "cat__imd_band_30-40%",
      "cat__imd_band_40-50%",
      "cat__imd_band_50-60%",
      "cat__imd_band_60-70%",
      "cat__imd_band_70-80%",
      "cat__imd_band_80-90%",
      "cat__imd_band_90-100%",
      "cat__imd_band_None",
      "cat__age_band_0-35",
      "cat__age_band_35-55",
      "cat__age_band_55<=",
      "cat__disability_N",
      "cat__disability_Y"
    ],
    "dropped_low_variance_features": []
  },
  "design_note": "The comparable Neural-MTLR arm preserves the canonical early-window contract, uses deterministic train-only preprocessing, discretizes survival times through pycox LabTransDiscreteTime, and reconstructs the full weekly survival surface from the tuned MTLR network under validation IBS."
}

 candidate_id                                                                                                                              params  best_epoch  best_val_loss  val_ibs  val_c_index implementation
           20 {'num_durations': 40, 'hidden_dims': [128, 64], 'dropout': 0.2, 'learning_rate': 0.001, 'weight_decay': 0.0001, 'batch_size': 1024}          47       1.050623  0.11131      0.64611     pycox_mtlr
[END] 5.14.4 - 2026-06-19 22:33:17
[START] 5.14.5 - 2026-06-19 22:33:17
# ==============================================================
# 5.14.5 - Close runtime resources
# ==============================================================
DuckDB connection closed.
ARTIFACT | duckdb_connection | closed::/Users/rafars/dropout_benchmark_desenv/outputs_benchmark_survival/benchmark_survival.duckdb
[END] 5.14.5 - 2026-06-19 22:33:18
[RUN_PLAN] comparable_window_weeks=6
[START] 5.14.1 - 2026-06-19 22:33:18
# ==============================================================
# 5.14.1 - Lightweight runtime bootstrap
# ==============================================================
ARTIFACT | benchmark_shared_config | /Users/rafars/dropout_benchmark_desenv/benchmark_shared_config.toml
ARTIFACT | benchmark_modeling_contract | /Users/rafars/dropout_benchmark_desenv/benchmark_modeling_contract.toml
ARTIFACT | run_metadata | /Users/rafars/dropout_benchmark_desenv/outputs_benchmark_survival/metadata/run_metadata.json
ARTIFACT | duckdb_path | /Users/rafars/dropout_benchmark_desenv/outputs_benchmark_survival/benchmark_survival.duckdb
{
  "run_id": "f3766e75053447a7beb7a1c4936d231f",
  "random_seed": 42,
  "test_size": 0.3,
  "early_window_weeks": 4,
  "main_enrollment_window_weeks": 4,
  "effective_window_weeks": 6,
  "input_train_table": "enrollment_cox_ready_train_w6",
  "input_test_table": "enrollment_cox_ready_test_w6"
}
[END] 5.14.1 - 2026-06-19 22:33:19
[START] 5.14.2 - 2026-06-19 22:33:19
# ==============================================================
# 5.14.2 - Build comparable Neural-MTLR treatment
# ==============================================================
[Stage 5.14.2 table_mtlr_preprocessing_summary - Neural-MTLR preprocessing summary]
table_name=table_mtlr_preprocessing_summary_w6
rows=1, cols=21
model_family  train_rows  test_rows  n_input_features_raw  n_numeric_features  n_categorical_features  n_features_after_encoding_before_filter  n_features_after_variance_filter  n_features_dropped_by_variance_filter  n_events_train  n_events_test  mean_duration_train  mean_duration_test                              numeric_prefill_policy categorical_imputation          categorical_encoding                   numeric_scaling  variance_filter_threshold output_dtype                        model_positioning_note  window_weeks
 neural_mtlr       22815       9778                    11                   5                       6                                       41                                41                                      0            5171           2216            30.536182           30.539476 deterministic_train_median_or_zero_when_all_missing       constant_missing one_hot_handle_unknown_ignore standard_scaler_fit_on_train_only               1.000000e-12      float32 early-window comparable Neural-MTLR benchmark             6
ARTIFACT | Stage 5.14.2 table_mtlr_preprocessing_summary - Neural-MTLR preprocessing summary | duckdb://table_mtlr_preprocessing_summary_w6
[Stage 5.14.2 table_mtlr_raw_feature_manifest - Neural-MTLR raw feature manifest]
table_name=table_mtlr_raw_feature_manifest_w6
rows=11, cols=6
 feature_name_operational feature_role  present_in_train  present_in_test  covered_by_canonical_config  numeric_prefill_value
                   gender  categorical              True             True                        False                    NaN
                   region  categorical              True             True                        False                    NaN
        highest_education  categorical              True             True                        False                    NaN
                 imd_band  categorical              True             True                        False                    NaN
                 age_band  categorical              True             True                        False                    NaN
               disability  categorical              True             True                        False                    NaN
     num_of_prev_attempts      numeric              True             True                         True                    0.0
          studied_credits      numeric              True             True                         True                   60.0
     clicks_first_6_weeks      numeric              True             True                         True                  182.0
     active_weeks_first_6      numeric              True             True                         True                    5.0
mean_clicks_first_6_weeks      numeric              True             True                         True                   39.0
ARTIFACT | Stage 5.14.2 table_mtlr_raw_feature_manifest - Neural-MTLR raw feature manifest | duckdb://table_mtlr_raw_feature_manifest_w6
[Stage 5.14.2 table_mtlr_feature_names_out - Neural-MTLR output feature manifest]
table_name=table_mtlr_feature_names_out_w6
rows=41, cols=2
                feature_name_out  transformed_variance_train
       num__num_of_prev_attempts                    1.000000
            num__studied_credits                    1.000000
       num__clicks_first_6_weeks                    1.000000
       num__active_weeks_first_6                    1.000000
  num__mean_clicks_first_6_weeks                    1.000000
                   cat__gender_F                    0.247988
                   cat__gender_M                    0.247988
 cat__region_East Anglian Region                    0.092080
cat__region_East Midlands Region                    0.067091
             cat__region_Ireland                    0.034283
       cat__region_London Region                    0.088295
        cat__region_North Region                    0.052060
cat__region_North Western Region                    0.082139
            cat__region_Scotland                    0.094370
   cat__region_South East Region                    0.059974
        cat__region_South Region                    0.087554
   cat__region_South West Region                    0.068848
               cat__region_Wales                    0.059707
cat__region_West Midlands Region                    0.073261
    cat__region_Yorkshire Region                    0.058136
ARTIFACT | Stage 5.14.2 table_mtlr_feature_names_out - Neural-MTLR output feature manifest | duckdb://table_mtlr_feature_names_out_w6
ARTIFACT | mtlr_preprocessing_config | /Users/rafars/dropout_benchmark_desenv/outputs_benchmark_survival/metadata/mtlr_preprocessing_config_w6.json
{
  "model_family": "neural_mtlr",
  "duration_column": "duration",
  "event_column": "event",
  "categorical_features": [
    "gender",
    "region",
    "highest_education",
    "imd_band",
    "age_band",
    "disability"
  ],
  "numeric_features": [
    "num_of_prev_attempts",
    "studied_credits",
    "clicks_first_6_weeks",
    "active_weeks_first_6",
    "mean_clicks_first_6_weeks"
  ],
  "raw_feature_columns": [
    "gender",
    "region",
    "highest_education",
    "imd_band",
    "age_band",
    "disability",
    "num_of_prev_attempts",
    "studied_credits",
    "clicks_first_6_weeks",
    "active_weeks_first_6",
    "mean_clicks_first_6_weeks"
  ],
  "expected_features_raw": [
    "studied_credits",
    "num_of_prev_attempts",
    "num_of_prev_attempts",
    "studied_credits",
    "clicks_first_6_weeks",
    "active_weeks_first_6",
    "mean_clicks_first_6_weeks"
  ],
  "expected_features_resolved": [
    "studied_credits",
    "num_of_prev_attempts",
    "clicks_first_6_weeks",
    "active_weeks_first_6",
    "mean_clicks_first_6_weeks"
  ],
  "numeric_prefill_policy": "deterministic_train_median_or_zero_when_all_missing",
  "numeric_fill_values": {
    "num_of_prev_attempts": 0.0,
    "studied_credits": 60.0,
    "clicks_first_6_weeks": 182.0,
    "active_weeks_first_6": 5.0,
    "mean_clicks_first_6_weeks": 39.0
  },
  "categorical_imputation": "constant_missing",
  "categorical_encoding": "one_hot_handle_unknown_ignore",
  "numeric_scaling": "standard_scaler_fit_on_train_only",
  "variance_filter_threshold": 1e-12,
  "feature_names_before_filter": [
    "num__num_of_prev_attempts",
    "num__studied_credits",
    "num__clicks_first_6_weeks",
    "num__active_weeks_first_6",
    "num__mean_clicks_first_6_weeks",
    "cat__gender_F",
    "cat__gender_M",
    "cat__region_East Anglian Region",
    "cat__region_East Midlands Region",
    "cat__region_Ireland",
    "cat__region_London Region",
    "cat__region_North Region",
    "cat__region_North Western Region",
    "cat__region_Scotland",
    "cat__region_South East Region",
    "cat__region_South Region",
    "cat__region_South West Region",
    "cat__region_Wales",
    "cat__region_West Midlands Region",
    "cat__region_Yorkshire Region",
    "cat__highest_education_A Level or Equivalent",
    "cat__highest_education_HE Qualification",
    "cat__highest_education_Lower Than A Level",
    "cat__highest_education_No Formal quals",
    "cat__highest_education_Post Graduate Qualification",
    "cat__imd_band_0-10%",
    "cat__imd_band_10-20",
    "cat__imd_band_20-30%",
    "cat__imd_band_30-40%",
    "cat__imd_band_40-50%",
    "cat__imd_band_50-60%",
    "cat__imd_band_60-70%",
    "cat__imd_band_70-80%",
    "cat__imd_band_80-90%",
    "cat__imd_band_90-100%",
    "cat__imd_band_None",
    "cat__age_band_0-35",
    "cat__age_band_35-55",
    "cat__age_band_55<=",
    "cat__disability_N",
    "cat__disability_Y"
  ],
  "feature_names_out": [
    "num__num_of_prev_attempts",
    "num__studied_credits",
    "num__clicks_first_6_weeks",
    "num__active_weeks_first_6",
    "num__mean_clicks_first_6_weeks",
    "cat__gender_F",
    "cat__gender_M",
    "cat__region_East Anglian Region",
    "cat__region_East Midlands Region",
    "cat__region_Ireland",
    "cat__region_London Region",
    "cat__region_North Region",
    "cat__region_North Western Region",
    "cat__region_Scotland",
    "cat__region_South East Region",
    "cat__region_South Region",
    "cat__region_South West Region",
    "cat__region_Wales",
    "cat__region_West Midlands Region",
    "cat__region_Yorkshire Region",
    "cat__highest_education_A Level or Equivalent",
    "cat__highest_education_HE Qualification",
    "cat__highest_education_Lower Than A Level",
    "cat__highest_education_No Formal quals",
    "cat__highest_education_Post Graduate Qualification",
    "cat__imd_band_0-10%",
    "cat__imd_band_10-20",
    "cat__imd_band_20-30%",
    "cat__imd_band_30-40%",
    "cat__imd_band_40-50%",
    "cat__imd_band_50-60%",
    "cat__imd_band_60-70%",
    "cat__imd_band_70-80%",
    "cat__imd_band_80-90%",
    "cat__imd_band_90-100%",
    "cat__imd_band_None",
    "cat__age_band_0-35",
    "cat__age_band_35-55",
    "cat__age_band_55<=",
    "cat__disability_N",
    "cat__disability_Y"
  ],
  "dropped_low_variance_features": [],
  "model_positioning_note": "early-window comparable Neural-MTLR benchmark",
  "window_weeks": 6
}

[END] 5.14.2 - 2026-06-19 22:33:19
[START] 5.14.3 - 2026-06-19 22:33:19
# ==============================================================
# 5.14.3 - Compute runtime guardrails for Neural-MTLR
# ==============================================================
[Stage 5.14.3 table_mtlr_guardrails - Neural-MTLR runtime guardrails]
table_name=table_mtlr_guardrails_w6
rows=1, cols=18
 validation_test_size  search_row_cap  final_row_cap  search_rows_selected  final_rows_selected  subtrain_rows  validation_rows  full_train_rows  subtrain_enrollments  validation_enrollments  full_train_enrollments  n_features  subtrain_event_rate  validation_event_rate  full_train_event_rate  sampled_subtrain_event_rate  sampled_full_train_event_rate  random_seed
                  0.1           20533          22815                 20533                22815          20533             2282            22815                 20533                    2282                   22815          41             0.227098               0.222612               0.226649                     0.227098                       0.226649           42
ARTIFACT | Stage 5.14.3 table_mtlr_guardrails - Neural-MTLR runtime guardrails | duckdb://table_mtlr_guardrails_w6
[END] 5.14.3 - 2026-06-19 22:33:19
[START] 5.14.4 - 2026-06-19 22:33:19
# ==============================================================
# 5.14.4 - Tune and evaluate the Neural-MTLR model
# ==============================================================
[Stage 5.14.4 table_mtlr_tuning_results - Neural-MTLR tuning results]
table_name=table_mtlr_tuning_results_w6
rows=24, cols=11
 candidate_id  num_durations hidden_dims  dropout  learning_rate  weight_decay  batch_size  best_epoch  best_val_loss  val_ibs  val_c_index
           20             40   [128, 64]      0.2          0.001       0.00010        1024          29       1.023178 0.107444     0.666183
           16             40    [64, 32]      0.3          0.001       0.00010         512          73       1.026206 0.107755     0.658407
           15             40    [64, 32]      0.2          0.010       0.00010         512          17       1.022054 0.107804     0.655230
           22             40  [256, 128]      0.2          0.005       0.00010         512          11       1.027908 0.108498     0.650362
           24             40  [256, 128]      0.3          0.001       0.00010        1024          38       1.029681 0.108599     0.662838
           23             40  [256, 128]      0.2          0.010       0.00010        1024          15       1.032827 0.108693     0.645468
           14             40    [64, 32]      0.2          0.005       0.00010         512          17       1.027392 0.109008     0.659738
           19             40   [128, 64]      0.2          0.005       0.00010         512          17       1.027658 0.109050     0.663357
           21             40  [256, 128]      0.1          0.005       0.00001         512          10       1.033417 0.109284     0.666706
            4             20    [64, 32]      0.2          0.010       0.00010         512          14       0.885101 0.109444     0.656238
           10             20  [256, 128]      0.2          0.005       0.00010         512           9       0.880778 0.109477     0.658334
            6             20   [128, 64]      0.1          0.010       0.00001         512           5       0.883616 0.109494     0.642401
           13             40    [64, 32]      0.1          0.005       0.00001         512          12       1.035999 0.109599     0.658100
           11             20  [256, 128]      0.2          0.010       0.00010        1024          22       0.885748 0.109835     0.659283
            5             20   [128, 64]      0.1          0.005       0.00001         512          11       0.883988 0.109854     0.658481
           17             40   [128, 64]      0.1          0.005       0.00001         512           9       1.031797 0.109860     0.662023
            7             20   [128, 64]      0.2          0.005       0.00010         512          11       0.879796 0.109861     0.652413
           18             40   [128, 64]      0.1          0.010       0.00001         512           9       1.035446 0.109901     0.648900
            3             20    [64, 32]      0.2          0.005       0.00010         512          12       0.883891 0.109922     0.643640
            8             20   [128, 64]      0.2          0.010       0.00010         512          17       0.881746 0.110091     0.641305
ARTIFACT | Stage 5.14.4 table_mtlr_tuning_results - Neural-MTLR tuning results | duckdb://table_mtlr_tuning_results_w6
[Stage 5.14.4 table_mtlr_tuned_training_history - Neural-MTLR training history]
table_name=table_mtlr_tuned_training_history_w6
rows=29, cols=5
 train_loss  val_loss  epoch  candidate_id  fit_stage
   1.230276       NaN      1            20 full_train
   1.140616       NaN      2            20 full_train
   1.105519       NaN      3            20 full_train
   1.086475       NaN      4            20 full_train
   1.077360       NaN      5            20 full_train
   1.071553       NaN      6            20 full_train
   1.061449       NaN      7            20 full_train
   1.048875       NaN      8            20 full_train
   1.050215       NaN      9            20 full_train
   1.049303       NaN     10            20 full_train
   1.044752       NaN     11            20 full_train
   1.042235       NaN     12            20 full_train
   1.041803       NaN     13            20 full_train
   1.034609       NaN     14            20 full_train
   1.034299       NaN     15            20 full_train
   1.028915       NaN     16            20 full_train
   1.033999       NaN     17            20 full_train
   1.025227       NaN     18            20 full_train
   1.031720       NaN     19            20 full_train
   1.032319       NaN     20            20 full_train
ARTIFACT | Stage 5.14.4 table_mtlr_tuned_training_history - Neural-MTLR training history | duckdb://table_mtlr_tuned_training_history_w6
[Stage 5.14.4 table_mtlr_tuned_test_predictions - Neural-MTLR test predictions]
table_name=table_mtlr_tuned_test_predictions_w6
rows=29334, cols=6
      enrollment_id  event  duration  horizon_week  pred_survival_h  pred_risk_h
 100561||DDD||2014J      0        37            10         0.933248     0.066752
 100621||CCC||2014B      1         6            10         0.826377     0.173623
 101187||DDD||2014J      0        37            10         0.770408     0.229592
 101279||DDD||2014J      0        37            10         0.966052     0.033948
 101414||EEE||2013J      0        38            10         0.736851     0.263149
 101700||CCC||2014J      0        38            10         0.617633     0.382367
 101781||AAA||2013J      0        38            10         0.976201     0.023799
 102209||CCC||2014J      1        15            10         0.963110     0.036890
 102343||FFF||2013J      0        38            10         0.976945     0.023055
1023623||CCC||2014J      0        38            10         0.896555     0.103445
1033968||DDD||2014B      1        13            10         0.841120     0.158880
 103891||DDD||2014B      0        34            10         0.755375     0.244625
 104316||FFF||2014B      0        34            10         0.972717     0.027283
1045203||AAA||2014J      0        38            10         0.964719     0.035281
1047645||CCC||2014B      0        34            10         0.859524     0.140476
1053702||EEE||2013J      0        38            10         0.952181     0.047819
 105629||FFF||2013J      0        38            10         0.976904     0.023096
1057883||CCC||2014B      0        34            10         0.912098     0.087902
 106383||BBB||2014J      1        21            10         0.892114     0.107886
 106553||DDD||2014J      0        37            10         0.942276     0.057724
ARTIFACT | Stage 5.14.4 table_mtlr_tuned_test_predictions - Neural-MTLR test predictions | duckdb://table_mtlr_tuned_test_predictions_w6
[Stage 5.14.4 table_mtlr_tuned_primary_metrics - Neural-MTLR primary metrics]
table_name=table_mtlr_tuned_primary_metrics_w6
rows=2, cols=4
metric_name metric_category  metric_value                         notes
        ibs         primary      0.109046 sksurv_integrated_brier_score
    c_index      co_primary      0.683674          pycox_concordance_td
ARTIFACT | Stage 5.14.4 table_mtlr_tuned_primary_metrics - Neural-MTLR primary metrics | duckdb://table_mtlr_tuned_primary_metrics_w6
[Stage 5.14.4 table_mtlr_tuned_brier_by_horizon - Neural-MTLR Brier scores by horizon]
table_name=table_mtlr_tuned_brier_by_horizon_w6
rows=3, cols=5
 horizon_week      metric_name metric_category  metric_value              notes
           10 brier_at_horizon         primary      0.090396 sksurv_brier_score
           20 brier_at_horizon         primary      0.130057 sksurv_brier_score
           30 brier_at_horizon         primary      0.156125 sksurv_brier_score
ARTIFACT | Stage 5.14.4 table_mtlr_tuned_brier_by_horizon - Neural-MTLR Brier scores by horizon | duckdb://table_mtlr_tuned_brier_by_horizon_w6
[Stage 5.14.4 table_mtlr_tuned_secondary_metrics - Neural-MTLR secondary metrics]
table_name=table_mtlr_tuned_secondary_metrics_w6
rows=6, cols=5
 horizon_week         metric_name metric_category  metric_value                                                                                  notes
           10 risk_auc_at_horizon       secondary      0.806585                                                            roc_auc_on_evaluable_subset
           10  time_dependent_auc       secondary      0.803655 ipcw_supported_subset(duration < 38); retained=6742/9778; auc=0.803655; local_ipcw_auc
           20 risk_auc_at_horizon       secondary      0.722474                                                            roc_auc_on_evaluable_subset
           20  time_dependent_auc       secondary      0.716016 ipcw_supported_subset(duration < 38); retained=6742/9778; auc=0.716016; local_ipcw_auc
           30 risk_auc_at_horizon       secondary      0.687434                                                            roc_auc_on_evaluable_subset
           30  time_dependent_auc       secondary      0.679128 ipcw_supported_subset(duration < 38); retained=6742/9778; auc=0.679128; local_ipcw_auc
ARTIFACT | Stage 5.14.4 table_mtlr_tuned_secondary_metrics - Neural-MTLR secondary metrics | duckdb://table_mtlr_tuned_secondary_metrics_w6
[Stage 5.14.4 table_mtlr_tuned_td_auc_support_audit - Neural-MTLR IPCW support audit]
table_name=table_mtlr_tuned_td_auc_support_audit_w6
rows=3, cols=6
 horizon_week  max_ipcw_time  n_total_test_enrollments  n_supported_test_enrollments  mean_auc                                                         notes
           10           38.0                      9778                          6742  0.803655 IPCW-supported subset used for Neural-MTLR time-dependent AUC
           20           38.0                      9778                          6742  0.716016 IPCW-supported subset used for Neural-MTLR time-dependent AUC
           30           38.0                      9778                          6742  0.679128 IPCW-supported subset used for Neural-MTLR time-dependent AUC
ARTIFACT | Stage 5.14.4 table_mtlr_tuned_td_auc_support_audit - Neural-MTLR IPCW support audit | duckdb://table_mtlr_tuned_td_auc_support_audit_w6
[Stage 5.14.4 table_mtlr_tuned_row_diagnostics - Neural-MTLR row-level diagnostics]
table_name=table_mtlr_tuned_row_diagnostics_w6
rows=1, cols=6
model_name  row_level_roc_auc  row_level_pr_auc  row_level_log_loss  row_level_brier                                                                    diagnostic_note
mtlr_tuned           0.190071          0.141282            0.997465         0.232054 auxiliary enrollment-level proxy only; not a primary cross-family benchmark metric
ARTIFACT | Stage 5.14.4 table_mtlr_tuned_row_diagnostics - Neural-MTLR row-level diagnostics | duckdb://table_mtlr_tuned_row_diagnostics_w6
[Stage 5.14.4 table_mtlr_tuned_support_by_horizon - Neural-MTLR support by horizon]
table_name=table_mtlr_tuned_support_by_horizon_w6
rows=3, cols=4
 horizon_week  n_evaluable_enrollments  n_events_by_horizon  event_rate_by_horizon
           10                     9778                 1215               0.124259
           20                     9778                 1736               0.177541
           30                     9778                 2129               0.217734
ARTIFACT | Stage 5.14.4 table_mtlr_tuned_support_by_horizon - Neural-MTLR support by horizon | duckdb://table_mtlr_tuned_support_by_horizon_w6
[Stage 5.14.4 table_mtlr_tuned_calibration_summary - Neural-MTLR calibration summary]
table_name=table_mtlr_tuned_calibration_summary_w6
rows=3, cols=5
 horizon_week            metric_name metric_category  metric_value                                         notes
           10 calibration_at_horizon         primary      0.013753 Weighted absolute calibration gap across bins
           20 calibration_at_horizon         primary      0.020360 Weighted absolute calibration gap across bins
           30 calibration_at_horizon         primary      0.025286 Weighted absolute calibration gap across bins
ARTIFACT | Stage 5.14.4 table_mtlr_tuned_calibration_summary - Neural-MTLR calibration summary | duckdb://table_mtlr_tuned_calibration_summary_w6
[Stage 5.14.4 table_mtlr_tuned_calibration_bins_by_horizon - Neural-MTLR calibration bins]
table_name=table_mtlr_tuned_calibration_bins_by_horizon_w6
rows=30, cols=6
 calibration_bin   n  mean_predicted_risk  observed_event_rate  horizon_week  abs_calibration_gap
               0 978             0.019204             0.019427            10             0.000223
               1 978             0.027789             0.026585            10             0.001204
               2 978             0.034926             0.036810            10             0.001884
               3 977             0.042616             0.025589            10             0.017027
               4 978             0.052641             0.051125            10             0.001516
               5 978             0.068873             0.075665            10             0.006792
               6 977             0.099750             0.102354            10             0.002604
               7 978             0.158688             0.175869            10             0.017181
               8 978             0.243409             0.288344            10             0.044935
               9 978             0.396538             0.440695            10             0.044157
               0 978             0.066108             0.070552            20             0.004444
               1 978             0.091286             0.069530            20             0.021756
               2 978             0.108742             0.083845            20             0.024897
               3 977             0.123916             0.088025            20             0.035892
               4 978             0.139772             0.117587            20             0.022185
               5 978             0.159883             0.143149            20             0.016734
               6 977             0.189130             0.174002            20             0.015128
               7 978             0.232035             0.238241            20             0.006207
               8 978             0.293569             0.330266            20             0.036697
               9 978             0.440447             0.460123            20             0.019676
ARTIFACT | Stage 5.14.4 table_mtlr_tuned_calibration_bins_by_horizon - Neural-MTLR calibration bins | duckdb://table_mtlr_tuned_calibration_bins_by_horizon_w6
[Stage 5.14.4 table_mtlr_tuned_predicted_vs_observed_survival - Neural-MTLR predicted versus observed survival]
table_name=table_mtlr_tuned_predicted_vs_observed_survival_w6
rows=3, cols=5
 horizon_week  n_evaluable_enrollments  mean_predicted_survival  mean_observed_survival  abs_gap
           10                     9778                 0.885548                0.875741 0.009806
           20                     9778                 0.815506                0.822459 0.006953
           30                     9778                 0.761980                0.782266 0.020286
ARTIFACT | Stage 5.14.4 table_mtlr_tuned_predicted_vs_observed_survival - Neural-MTLR predicted versus observed survival | duckdb://table_mtlr_tuned_predicted_vs_observed_survival_w6
ARTIFACT | mtlr_model | /Users/rafars/dropout_benchmark_desenv/outputs_benchmark_survival/models/mtlr_tuned_w6.pt
ARTIFACT | mtlr_preprocessor | /Users/rafars/dropout_benchmark_desenv/outputs_benchmark_survival/models/mtlr_preprocessor_w6.joblib
ARTIFACT | mtlr_tuned_model_config | /Users/rafars/dropout_benchmark_desenv/outputs_benchmark_survival/metadata/mtlr_tuned_model_config_w6.json
{
  "model_name": "mtlr_tuned",
  "selection_metric": "lowest_validation_ibs",
  "implementation": "pycox_mtlr",
  "validation_split": {
    "method": "GroupShuffleSplit",
    "test_size": 0.1,
    "group_column": "enrollment_id",
    "random_seed": 42
  },
  "search_space": [
    {
      "candidate_id": 1,
      "num_durations": 20,
      "hidden_dims": [
        64,
        32
      ],
      "dropout": 0.1,
      "learning_rate": 0.005,
      "weight_decay": 1e-05,
      "batch_size": 512
    },
    {
      "candidate_id": 2,
      "num_durations": 20,
      "hidden_dims": [
        64,
        32
      ],
      "dropout": 0.1,
      "learning_rate": 0.01,
      "weight_decay": 1e-05,
      "batch_size": 512
    },
    {
      "candidate_id": 3,
      "num_durations": 20,
      "hidden_dims": [
        64,
        32
      ],
      "dropout": 0.2,
      "learning_rate": 0.005,
      "weight_decay": 0.0001,
      "batch_size": 512
    },
    {
      "candidate_id": 4,
      "num_durations": 20,
      "hidden_dims": [
        64,
        32
      ],
      "dropout": 0.2,
      "learning_rate": 0.01,
      "weight_decay": 0.0001,
      "batch_size": 512
    },
    {
      "candidate_id": 5,
      "num_durations": 20,
      "hidden_dims": [
        128,
        64
      ],
      "dropout": 0.1,
      "learning_rate": 0.005,
      "weight_decay": 1e-05,
      "batch_size": 512
    },
    {
      "candidate_id": 6,
      "num_durations": 20,
      "hidden_dims": [
        128,
        64
      ],
      "dropout": 0.1,
      "learning_rate": 0.01,
      "weight_decay": 1e-05,
      "batch_size": 512
    },
    {
      "candidate_id": 7,
      "num_durations": 20,
      "hidden_dims": [
        128,
        64
      ],
      "dropout": 0.2,
      "learning_rate": 0.005,
      "weight_decay": 0.0001,
      "batch_size": 512
    },
    {
      "candidate_id": 8,
      "num_durations": 20,
      "hidden_dims": [
        128,
        64
      ],
      "dropout": 0.2,
      "learning_rate": 0.01,
      "weight_decay": 0.0001,
      "batch_size": 512
    },
    {
      "candidate_id": 9,
      "num_durations": 20,
      "hidden_dims": [
        256,
        128
      ],
      "dropout": 0.1,
      "learning_rate": 0.005,
      "weight_decay": 1e-05,
      "batch_size": 512
    },
    {
      "candidate_id": 10,
      "num_durations": 20,
      "hidden_dims": [
        256,
        128
      ],
      "dropout": 0.2,
      "learning_rate": 0.005,
      "weight_decay": 0.0001,
      "batch_size": 512
    },
    {
      "candidate_id": 11,
      "num_durations": 20,
      "hidden_dims": [
        256,
        128
      ],
      "dropout": 0.2,
      "learning_rate": 0.01,
      "weight_decay": 0.0001,
      "batch_size": 1024
    },
    {
      "candidate_id": 12,
      "num_durations": 20,
      "hidden_dims": [
        256,
        128
      ],
      "dropout": 0.3,
      "learning_rate": 0.001,
      "weight_decay": 0.0001,
      "batch_size": 1024
    },
    {
      "candidate_id": 13,
      "num_durations": 40,
      "hidden_dims": [
        64,
        32
      ],
      "dropout": 0.1,
      "learning_rate": 0.005,
      "weight_decay": 1e-05,
      "batch_size": 512
    },
    {
      "candidate_id": 14,
      "num_durations": 40,
      "hidden_dims": [
        64,
        32
      ],
      "dropout": 0.2,
      "learning_rate": 0.005,
      "weight_decay": 0.0001,
      "batch_size": 512
    },
    {
      "candidate_id": 15,
      "num_durations": 40,
      "hidden_dims": [
        64,
        32
      ],
      "dropout": 0.2,
      "learning_rate": 0.01,
      "weight_decay": 0.0001,
      "batch_size": 512
    },
    {
      "candidate_id": 16,
      "num_durations": 40,
      "hidden_dims": [
        64,
        32
      ],
      "dropout": 0.3,
      "learning_rate": 0.001,
      "weight_decay": 0.0001,
      "batch_size": 512
    },
    {
      "candidate_id": 17,
      "num_durations": 40,
      "hidden_dims": [
        128,
        64
      ],
      "dropout": 0.1,
      "learning_rate": 0.005,
      "weight_decay": 1e-05,
      "batch_size": 512
    },
    {
      "candidate_id": 18,
      "num_durations": 40,
      "hidden_dims": [
        128,
        64
      ],
      "dropout": 0.1,
      "learning_rate": 0.01,
      "weight_decay": 1e-05,
      "batch_size": 512
    },
    {
      "candidate_id": 19,
      "num_durations": 40,
      "hidden_dims": [
        128,
        64
      ],
      "dropout": 0.2,
      "learning_rate": 0.005,
      "weight_decay": 0.0001,
      "batch_size": 512
    },
    {
      "candidate_id": 20,
      "num_durations": 40,
      "hidden_dims": [
        128,
        64
      ],
      "dropout": 0.2,
      "learning_rate": 0.001,
      "weight_decay": 0.0001,
      "batch_size": 1024
    },
    {
      "candidate_id": 21,
      "num_durations": 40,
      "hidden_dims": [
        256,
        128
      ],
      "dropout": 0.1,
      "learning_rate": 0.005,
      "weight_decay": 1e-05,
      "batch_size": 512
    },
    {
      "candidate_id": 22,
      "num_durations": 40,
      "hidden_dims": [
        256,
        128
      ],
      "dropout": 0.2,
      "learning_rate": 0.005,
      "weight_decay": 0.0001,
      "batch_size": 512
    },
    {
      "candidate_id": 23,
      "num_durations": 40,
      "hidden_dims": [
        256,
        128
      ],
      "dropout": 0.2,
      "learning_rate": 0.01,
      "weight_decay": 0.0001,
      "batch_size": 1024
    },
    {
      "candidate_id": 24,
      "num_durations": 40,
      "hidden_dims": [
        256,
        128
      ],
      "dropout": 0.3,
      "learning_rate": 0.001,
      "weight_decay": 0.0001,
      "batch_size": 1024
    }
  ],
  "benchmark_horizons": [
    10,
    20,
    30
  ],
  "calibration_bins": 10,
  "calibration_contract_version": "v2_ipcw_km_observed_risk",
  "calibration_observed_risk_method": "ipcw_km_pseudo_event_rate",
  "variance_filter_threshold": 1e-12,
  "min_duration": 1.0,
  "max_epochs": 80,
  "early_stopping_patience": 8,
  "device": "cpu",
  "effective_window_weeks": 6,
  "input_train_table": "enrollment_cox_ready_train_w6",
  "input_test_table": "enrollment_cox_ready_test_w6",
  "best_candidate": {
    "candidate_id": 20,
    "params": {
      "num_durations": 40,
      "hidden_dims": [
        128,
        64
      ],
      "dropout": 0.2,
      "learning_rate": 0.001,
      "weight_decay": 0.0001,
      "batch_size": 1024
    },
    "best_epoch": 29,
    "best_val_loss": 1.0231781005859375,
    "val_ibs": 0.10744376782363543,
    "val_c_index": 0.6661830233487964,
    "implementation": "pycox_mtlr"
  },
  "guardrails": {
    "validation_test_size": 0.1,
    "search_row_cap": 20533,
    "final_row_cap": 22815,
    "search_rows_selected": 20533,
    "final_rows_selected": 22815,
    "subtrain_rows": 20533,
    "validation_rows": 2282,
    "full_train_rows": 22815,
    "subtrain_enrollments": 20533,
    "validation_enrollments": 2282,
    "full_train_enrollments": 22815,
    "n_features": 41,
    "subtrain_event_rate": 0.22709784249744314,
    "validation_event_rate": 0.22261174408413673,
    "full_train_event_rate": 0.22664913434144204,
    "sampled_subtrain_event_rate": 0.22709784249744314,
    "sampled_full_train_event_rate": 0.22664913434144204,
    "random_seed": 42
  },
  "duration_index": [
    0.0,
    1.615384578704834,
    3.230769157409668,
    4.846153736114502,
    6.461538314819336,
    8.076923370361328,
    9.692307472229004,
    11.30769157409668,
    12.923076629638672,
    14.538461685180664,
    16.153846740722656,
    17.769229888916016,
    19.384614944458008,
    21.0,
    22.61538314819336,
    24.23076820373535,
    25.846153259277344,
    27.461538314819336,
    29.076923370361328,
    30.692306518554688,
    32.30769348144531,
    33.92307662963867,
    35.53845977783203,
    37.153846740722656,
    38.769229888916016,
    40.384613037109375,
    42.0,
    43.61538314819336,
    45.23076629638672,
    46.846153259277344,
    48.4615364074707,
    50.07692337036133,
    51.69230651855469,
    53.30768966674805,
    54.92307662963867,
    56.53845977783203,
    58.153846740722656,
    59.769229888916016,
    61.384613037109375,
    63.0
  ],
  "out_features": 40,
  "preprocessing": {
    "categorical_features": [
      "gender",
      "region",
      "highest_education",
      "imd_band",
      "age_band",
      "disability"
    ],
    "numeric_features": [
      "num_of_prev_attempts",
      "studied_credits",
      "clicks_first_6_weeks",
      "active_weeks_first_6",
      "mean_clicks_first_6_weeks"
    ],
    "numeric_prefill_values": {
      "num_of_prev_attempts": 0.0,
      "studied_credits": 60.0,
      "clicks_first_6_weeks": 182.0,
      "active_weeks_first_6": 5.0,
      "mean_clicks_first_6_weeks": 39.0
    },
    "feature_names_before_filter": [
      "num__num_of_prev_attempts",
      "num__studied_credits",
      "num__clicks_first_6_weeks",
      "num__active_weeks_first_6",
      "num__mean_clicks_first_6_weeks",
      "cat__gender_F",
      "cat__gender_M",
      "cat__region_East Anglian Region",
      "cat__region_East Midlands Region",
      "cat__region_Ireland",
      "cat__region_London Region",
      "cat__region_North Region",
      "cat__region_North Western Region",
      "cat__region_Scotland",
      "cat__region_South East Region",
      "cat__region_South Region",
      "cat__region_South West Region",
      "cat__region_Wales",
      "cat__region_West Midlands Region",
      "cat__region_Yorkshire Region",
      "cat__highest_education_A Level or Equivalent",
      "cat__highest_education_HE Qualification",
      "cat__highest_education_Lower Than A Level",
      "cat__highest_education_No Formal quals",
      "cat__highest_education_Post Graduate Qualification",
      "cat__imd_band_0-10%",
      "cat__imd_band_10-20",
      "cat__imd_band_20-30%",
      "cat__imd_band_30-40%",
      "cat__imd_band_40-50%",
      "cat__imd_band_50-60%",
      "cat__imd_band_60-70%",
      "cat__imd_band_70-80%",
      "cat__imd_band_80-90%",
      "cat__imd_band_90-100%",
      "cat__imd_band_None",
      "cat__age_band_0-35",
      "cat__age_band_35-55",
      "cat__age_band_55<=",
      "cat__disability_N",
      "cat__disability_Y"
    ],
    "feature_names_out": [
      "num__num_of_prev_attempts",
      "num__studied_credits",
      "num__clicks_first_6_weeks",
      "num__active_weeks_first_6",
      "num__mean_clicks_first_6_weeks",
      "cat__gender_F",
      "cat__gender_M",
      "cat__region_East Anglian Region",
      "cat__region_East Midlands Region",
      "cat__region_Ireland",
      "cat__region_London Region",
      "cat__region_North Region",
      "cat__region_North Western Region",
      "cat__region_Scotland",
      "cat__region_South East Region",
      "cat__region_South Region",
      "cat__region_South West Region",
      "cat__region_Wales",
      "cat__region_West Midlands Region",
      "cat__region_Yorkshire Region",
      "cat__highest_education_A Level or Equivalent",
      "cat__highest_education_HE Qualification",
      "cat__highest_education_Lower Than A Level",
      "cat__highest_education_No Formal quals",
      "cat__highest_education_Post Graduate Qualification",
      "cat__imd_band_0-10%",
      "cat__imd_band_10-20",
      "cat__imd_band_20-30%",
      "cat__imd_band_30-40%",
      "cat__imd_band_40-50%",
      "cat__imd_band_50-60%",
      "cat__imd_band_60-70%",
      "cat__imd_band_70-80%",
      "cat__imd_band_80-90%",
      "cat__imd_band_90-100%",
      "cat__imd_band_None",
      "cat__age_band_0-35",
      "cat__age_band_35-55",
      "cat__age_band_55<=",
      "cat__disability_N",
      "cat__disability_Y"
    ],
    "dropped_low_variance_features": []
  },
  "design_note": "The comparable Neural-MTLR arm preserves the canonical early-window contract, uses deterministic train-only preprocessing, discretizes survival times through pycox LabTransDiscreteTime, and reconstructs the full weekly survival surface from the tuned MTLR network under validation IBS."
}

 candidate_id                                                                                                                              params  best_epoch  best_val_loss  val_ibs  val_c_index implementation
           20 {'num_durations': 40, 'hidden_dims': [128, 64], 'dropout': 0.2, 'learning_rate': 0.001, 'weight_decay': 0.0001, 'batch_size': 1024}          29       1.023178 0.107444     0.666183     pycox_mtlr
[END] 5.14.4 - 2026-06-19 22:34:14
[START] 5.14.5 - 2026-06-19 22:34:14
# ==============================================================
# 5.14.5 - Close runtime resources
# ==============================================================
DuckDB connection closed.
ARTIFACT | duckdb_connection | closed::/Users/rafars/dropout_benchmark_desenv/outputs_benchmark_survival/benchmark_survival.duckdb
[END] 5.14.5 - 2026-06-19 22:34:15
[RUN_PLAN] comparable_window_weeks=8
[START] 5.14.1 - 2026-06-19 22:34:15
# ==============================================================
# 5.14.1 - Lightweight runtime bootstrap
# ==============================================================
ARTIFACT | benchmark_shared_config | /Users/rafars/dropout_benchmark_desenv/benchmark_shared_config.toml
ARTIFACT | benchmark_modeling_contract | /Users/rafars/dropout_benchmark_desenv/benchmark_modeling_contract.toml
ARTIFACT | run_metadata | /Users/rafars/dropout_benchmark_desenv/outputs_benchmark_survival/metadata/run_metadata.json
ARTIFACT | duckdb_path | /Users/rafars/dropout_benchmark_desenv/outputs_benchmark_survival/benchmark_survival.duckdb
{
  "run_id": "f3766e75053447a7beb7a1c4936d231f",
  "random_seed": 42,
  "test_size": 0.3,
  "early_window_weeks": 4,
  "main_enrollment_window_weeks": 4,
  "effective_window_weeks": 8,
  "input_train_table": "enrollment_cox_ready_train_w8",
  "input_test_table": "enrollment_cox_ready_test_w8"
}
[END] 5.14.1 - 2026-06-19 22:34:16
[START] 5.14.2 - 2026-06-19 22:34:16
# ==============================================================
# 5.14.2 - Build comparable Neural-MTLR treatment
# ==============================================================
[Stage 5.14.2 table_mtlr_preprocessing_summary - Neural-MTLR preprocessing summary]
table_name=table_mtlr_preprocessing_summary_w8
rows=1, cols=21
model_family  train_rows  test_rows  n_input_features_raw  n_numeric_features  n_categorical_features  n_features_after_encoding_before_filter  n_features_after_variance_filter  n_features_dropped_by_variance_filter  n_events_train  n_events_test  mean_duration_train  mean_duration_test                              numeric_prefill_policy categorical_imputation          categorical_encoding                   numeric_scaling  variance_filter_threshold output_dtype                        model_positioning_note  window_weeks
 neural_mtlr       22815       9778                    11                   5                       6                                       41                                41                                      0            5171           2216            30.536182           30.539476 deterministic_train_median_or_zero_when_all_missing       constant_missing one_hot_handle_unknown_ignore standard_scaler_fit_on_train_only               1.000000e-12      float32 early-window comparable Neural-MTLR benchmark             8
ARTIFACT | Stage 5.14.2 table_mtlr_preprocessing_summary - Neural-MTLR preprocessing summary | duckdb://table_mtlr_preprocessing_summary_w8
[Stage 5.14.2 table_mtlr_raw_feature_manifest - Neural-MTLR raw feature manifest]
table_name=table_mtlr_raw_feature_manifest_w8
rows=11, cols=6
 feature_name_operational feature_role  present_in_train  present_in_test  covered_by_canonical_config  numeric_prefill_value
                   gender  categorical              True             True                        False                    NaN
                   region  categorical              True             True                        False                    NaN
        highest_education  categorical              True             True                        False                    NaN
                 imd_band  categorical              True             True                        False                    NaN
                 age_band  categorical              True             True                        False                    NaN
               disability  categorical              True             True                        False                    NaN
     num_of_prev_attempts      numeric              True             True                         True               0.000000
          studied_credits      numeric              True             True                         True              60.000000
     clicks_first_8_weeks      numeric              True             True                         True             229.000000
     active_weeks_first_8      numeric              True             True                         True               7.000000
mean_clicks_first_8_weeks      numeric              True             True                         True              37.857143
ARTIFACT | Stage 5.14.2 table_mtlr_raw_feature_manifest - Neural-MTLR raw feature manifest | duckdb://table_mtlr_raw_feature_manifest_w8
[Stage 5.14.2 table_mtlr_feature_names_out - Neural-MTLR output feature manifest]
table_name=table_mtlr_feature_names_out_w8
rows=41, cols=2
                feature_name_out  transformed_variance_train
       num__num_of_prev_attempts                    1.000000
            num__studied_credits                    1.000000
       num__clicks_first_8_weeks                    1.000000
       num__active_weeks_first_8                    1.000000
  num__mean_clicks_first_8_weeks                    1.000000
                   cat__gender_F                    0.247988
                   cat__gender_M                    0.247988
 cat__region_East Anglian Region                    0.092080
cat__region_East Midlands Region                    0.067091
             cat__region_Ireland                    0.034283
       cat__region_London Region                    0.088295
        cat__region_North Region                    0.052060
cat__region_North Western Region                    0.082139
            cat__region_Scotland                    0.094370
   cat__region_South East Region                    0.059974
        cat__region_South Region                    0.087554
   cat__region_South West Region                    0.068848
               cat__region_Wales                    0.059707
cat__region_West Midlands Region                    0.073261
    cat__region_Yorkshire Region                    0.058136
ARTIFACT | Stage 5.14.2 table_mtlr_feature_names_out - Neural-MTLR output feature manifest | duckdb://table_mtlr_feature_names_out_w8
ARTIFACT | mtlr_preprocessing_config | /Users/rafars/dropout_benchmark_desenv/outputs_benchmark_survival/metadata/mtlr_preprocessing_config_w8.json
{
  "model_family": "neural_mtlr",
  "duration_column": "duration",
  "event_column": "event",
  "categorical_features": [
    "gender",
    "region",
    "highest_education",
    "imd_band",
    "age_band",
    "disability"
  ],
  "numeric_features": [
    "num_of_prev_attempts",
    "studied_credits",
    "clicks_first_8_weeks",
    "active_weeks_first_8",
    "mean_clicks_first_8_weeks"
  ],
  "raw_feature_columns": [
    "gender",
    "region",
    "highest_education",
    "imd_band",
    "age_band",
    "disability",
    "num_of_prev_attempts",
    "studied_credits",
    "clicks_first_8_weeks",
    "active_weeks_first_8",
    "mean_clicks_first_8_weeks"
  ],
  "expected_features_raw": [
    "studied_credits",
    "num_of_prev_attempts",
    "num_of_prev_attempts",
    "studied_credits",
    "clicks_first_8_weeks",
    "active_weeks_first_8",
    "mean_clicks_first_8_weeks"
  ],
  "expected_features_resolved": [
    "studied_credits",
    "num_of_prev_attempts",
    "clicks_first_8_weeks",
    "active_weeks_first_8",
    "mean_clicks_first_8_weeks"
  ],
  "numeric_prefill_policy": "deterministic_train_median_or_zero_when_all_missing",
  "numeric_fill_values": {
    "num_of_prev_attempts": 0.0,
    "studied_credits": 60.0,
    "clicks_first_8_weeks": 229.0,
    "active_weeks_first_8": 7.0,
    "mean_clicks_first_8_weeks": 37.857142857142854
  },
  "categorical_imputation": "constant_missing",
  "categorical_encoding": "one_hot_handle_unknown_ignore",
  "numeric_scaling": "standard_scaler_fit_on_train_only",
  "variance_filter_threshold": 1e-12,
  "feature_names_before_filter": [
    "num__num_of_prev_attempts",
    "num__studied_credits",
    "num__clicks_first_8_weeks",
    "num__active_weeks_first_8",
    "num__mean_clicks_first_8_weeks",
    "cat__gender_F",
    "cat__gender_M",
    "cat__region_East Anglian Region",
    "cat__region_East Midlands Region",
    "cat__region_Ireland",
    "cat__region_London Region",
    "cat__region_North Region",
    "cat__region_North Western Region",
    "cat__region_Scotland",
    "cat__region_South East Region",
    "cat__region_South Region",
    "cat__region_South West Region",
    "cat__region_Wales",
    "cat__region_West Midlands Region",
    "cat__region_Yorkshire Region",
    "cat__highest_education_A Level or Equivalent",
    "cat__highest_education_HE Qualification",
    "cat__highest_education_Lower Than A Level",
    "cat__highest_education_No Formal quals",
    "cat__highest_education_Post Graduate Qualification",
    "cat__imd_band_0-10%",
    "cat__imd_band_10-20",
    "cat__imd_band_20-30%",
    "cat__imd_band_30-40%",
    "cat__imd_band_40-50%",
    "cat__imd_band_50-60%",
    "cat__imd_band_60-70%",
    "cat__imd_band_70-80%",
    "cat__imd_band_80-90%",
    "cat__imd_band_90-100%",
    "cat__imd_band_None",
    "cat__age_band_0-35",
    "cat__age_band_35-55",
    "cat__age_band_55<=",
    "cat__disability_N",
    "cat__disability_Y"
  ],
  "feature_names_out": [
    "num__num_of_prev_attempts",
    "num__studied_credits",
    "num__clicks_first_8_weeks",
    "num__active_weeks_first_8",
    "num__mean_clicks_first_8_weeks",
    "cat__gender_F",
    "cat__gender_M",
    "cat__region_East Anglian Region",
    "cat__region_East Midlands Region",
    "cat__region_Ireland",
    "cat__region_London Region",
    "cat__region_North Region",
    "cat__region_North Western Region",
    "cat__region_Scotland",
    "cat__region_South East Region",
    "cat__region_South Region",
    "cat__region_South West Region",
    "cat__region_Wales",
    "cat__region_West Midlands Region",
    "cat__region_Yorkshire Region",
    "cat__highest_education_A Level or Equivalent",
    "cat__highest_education_HE Qualification",
    "cat__highest_education_Lower Than A Level",
    "cat__highest_education_No Formal quals",
    "cat__highest_education_Post Graduate Qualification",
    "cat__imd_band_0-10%",
    "cat__imd_band_10-20",
    "cat__imd_band_20-30%",
    "cat__imd_band_30-40%",
    "cat__imd_band_40-50%",
    "cat__imd_band_50-60%",
    "cat__imd_band_60-70%",
    "cat__imd_band_70-80%",
    "cat__imd_band_80-90%",
    "cat__imd_band_90-100%",
    "cat__imd_band_None",
    "cat__age_band_0-35",
    "cat__age_band_35-55",
    "cat__age_band_55<=",
    "cat__disability_N",
    "cat__disability_Y"
  ],
  "dropped_low_variance_features": [],
  "model_positioning_note": "early-window comparable Neural-MTLR benchmark",
  "window_weeks": 8
}

[END] 5.14.2 - 2026-06-19 22:34:16
[START] 5.14.3 - 2026-06-19 22:34:16
# ==============================================================
# 5.14.3 - Compute runtime guardrails for Neural-MTLR
# ==============================================================
[Stage 5.14.3 table_mtlr_guardrails - Neural-MTLR runtime guardrails]
table_name=table_mtlr_guardrails_w8
rows=1, cols=18
 validation_test_size  search_row_cap  final_row_cap  search_rows_selected  final_rows_selected  subtrain_rows  validation_rows  full_train_rows  subtrain_enrollments  validation_enrollments  full_train_enrollments  n_features  subtrain_event_rate  validation_event_rate  full_train_event_rate  sampled_subtrain_event_rate  sampled_full_train_event_rate  random_seed
                  0.1           20533          22815                 20533                22815          20533             2282            22815                 20533                    2282                   22815          41             0.227098               0.222612               0.226649                     0.227098                       0.226649           42
ARTIFACT | Stage 5.14.3 table_mtlr_guardrails - Neural-MTLR runtime guardrails | duckdb://table_mtlr_guardrails_w8
[END] 5.14.3 - 2026-06-19 22:34:16
[START] 5.14.4 - 2026-06-19 22:34:16
# ==============================================================
# 5.14.4 - Tune and evaluate the Neural-MTLR model
# ==============================================================
[Stage 5.14.4 table_mtlr_tuning_results - Neural-MTLR tuning results]
table_name=table_mtlr_tuning_results_w8
rows=24, cols=11
 candidate_id  num_durations hidden_dims  dropout  learning_rate  weight_decay  batch_size  best_epoch  best_val_loss  val_ibs  val_c_index
           19             40   [128, 64]      0.2          0.005       0.00010         512          15       0.994003 0.102571     0.691580
           20             40   [128, 64]      0.2          0.001       0.00010        1024          29       0.996909 0.103225     0.691357
           22             40  [256, 128]      0.2          0.005       0.00010         512          16       1.000732 0.103739     0.696975
           16             40    [64, 32]      0.3          0.001       0.00010         512          63       0.999963 0.104197     0.678551
           15             40    [64, 32]      0.2          0.010       0.00010         512          17       1.000508 0.104218     0.687891
           24             40  [256, 128]      0.3          0.001       0.00010        1024          38       1.001362 0.104346     0.688227
           17             40   [128, 64]      0.1          0.005       0.00001         512           6       1.002580 0.104485     0.693360
           21             40  [256, 128]      0.1          0.005       0.00001         512           6       1.004522 0.104629     0.692930
            4             20    [64, 32]      0.2          0.010       0.00010         512          18       0.855958 0.104794     0.679963
           14             40    [64, 32]      0.2          0.005       0.00010         512          17       1.001083 0.104956     0.679858
           18             40   [128, 64]      0.1          0.010       0.00001         512          13       1.005929 0.105021     0.699248
           11             20  [256, 128]      0.2          0.010       0.00010        1024          21       0.856035 0.105065     0.679454
            7             20   [128, 64]      0.2          0.005       0.00010         512          11       0.850712 0.105285     0.678967
           13             40    [64, 32]      0.1          0.005       0.00001         512          12       1.009942 0.105369     0.685058
            5             20   [128, 64]      0.1          0.005       0.00001         512           6       0.854957 0.105373     0.675957
            6             20   [128, 64]      0.1          0.010       0.00001         512           4       0.856818 0.105589     0.659513
           23             40  [256, 128]      0.2          0.010       0.00010        1024          16       1.008536 0.105649     0.681623
            3             20    [64, 32]      0.2          0.005       0.00010         512          16       0.855550 0.105677     0.685635
           12             20  [256, 128]      0.3          0.001       0.00010        1024          32       0.854468 0.105740     0.684571
            8             20   [128, 64]      0.2          0.010       0.00010         512          11       0.856108 0.106049     0.665383
ARTIFACT | Stage 5.14.4 table_mtlr_tuning_results - Neural-MTLR tuning results | duckdb://table_mtlr_tuning_results_w8
[Stage 5.14.4 table_mtlr_tuned_training_history - Neural-MTLR training history]
table_name=table_mtlr_tuned_training_history_w8
rows=15, cols=5
 train_loss  val_loss  epoch  candidate_id  fit_stage
   1.151775       NaN      1            19 full_train
   1.047331       NaN      2            19 full_train
   1.028483       NaN      3            19 full_train
   1.023536       NaN      4            19 full_train
   1.011752       NaN      5            19 full_train
   1.001548       NaN      6            19 full_train
   1.000289       NaN      7            19 full_train
   0.993486       NaN      8            19 full_train
   0.996037       NaN      9            19 full_train
   0.993991       NaN     10            19 full_train
   0.986554       NaN     11            19 full_train
   0.986379       NaN     12            19 full_train
   0.985630       NaN     13            19 full_train
   0.978478       NaN     14            19 full_train
   0.975530       NaN     15            19 full_train
ARTIFACT | Stage 5.14.4 table_mtlr_tuned_training_history - Neural-MTLR training history | duckdb://table_mtlr_tuned_training_history_w8
[Stage 5.14.4 table_mtlr_tuned_test_predictions - Neural-MTLR test predictions]
table_name=table_mtlr_tuned_test_predictions_w8
rows=29334, cols=6
      enrollment_id  event  duration  horizon_week  pred_survival_h  pred_risk_h
 100561||DDD||2014J      0        37            10         0.979081     0.020919
 100621||CCC||2014B      1         6            10         0.699252     0.300748
 101187||DDD||2014J      0        37            10         0.677299     0.322701
 101279||DDD||2014J      0        37            10         0.984515     0.015485
 101414||EEE||2013J      0        38            10         0.579868     0.420132
 101700||CCC||2014J      0        38            10         0.501584     0.498416
 101781||AAA||2013J      0        38            10         0.991291     0.008709
 102209||CCC||2014J      1        15            10         0.979963     0.020037
 102343||FFF||2013J      0        38            10         0.996963     0.003037
1023623||CCC||2014J      0        38            10         0.918492     0.081508
1033968||DDD||2014B      1        13            10         0.901161     0.098839
 103891||DDD||2014B      0        34            10         0.647806     0.352194
 104316||FFF||2014B      0        34            10         0.992159     0.007841
1045203||AAA||2014J      0        38            10         0.987713     0.012287
1047645||CCC||2014B      0        34            10         0.801337     0.198663
1053702||EEE||2013J      0        38            10         0.978428     0.021572
 105629||FFF||2013J      0        38            10         0.996130     0.003870
1057883||CCC||2014B      0        34            10         0.948497     0.051503
 106383||BBB||2014J      1        21            10         0.910075     0.089925
 106553||DDD||2014J      0        37            10         0.983061     0.016939
ARTIFACT | Stage 5.14.4 table_mtlr_tuned_test_predictions - Neural-MTLR test predictions | duckdb://table_mtlr_tuned_test_predictions_w8
[Stage 5.14.4 table_mtlr_tuned_primary_metrics - Neural-MTLR primary metrics]
table_name=table_mtlr_tuned_primary_metrics_w8
rows=2, cols=4
metric_name metric_category  metric_value                         notes
        ibs         primary      0.105765 sksurv_integrated_brier_score
    c_index      co_primary      0.693392          pycox_concordance_td
ARTIFACT | Stage 5.14.4 table_mtlr_tuned_primary_metrics - Neural-MTLR primary metrics | duckdb://table_mtlr_tuned_primary_metrics_w8
[Stage 5.14.4 table_mtlr_tuned_brier_by_horizon - Neural-MTLR Brier scores by horizon]
table_name=table_mtlr_tuned_brier_by_horizon_w8
rows=3, cols=5
 horizon_week      metric_name metric_category  metric_value              notes
           10 brier_at_horizon         primary      0.086535 sksurv_brier_score
           20 brier_at_horizon         primary      0.126877 sksurv_brier_score
           30 brier_at_horizon         primary      0.153232 sksurv_brier_score
ARTIFACT | Stage 5.14.4 table_mtlr_tuned_brier_by_horizon - Neural-MTLR Brier scores by horizon | duckdb://table_mtlr_tuned_brier_by_horizon_w8
[Stage 5.14.4 table_mtlr_tuned_secondary_metrics - Neural-MTLR secondary metrics]
table_name=table_mtlr_tuned_secondary_metrics_w8
rows=6, cols=5
 horizon_week         metric_name metric_category  metric_value                                                                                  notes
           10 risk_auc_at_horizon       secondary      0.840785                                                            roc_auc_on_evaluable_subset
           10  time_dependent_auc       secondary      0.838339 ipcw_supported_subset(duration < 38); retained=6742/9778; auc=0.838339; local_ipcw_auc
           20 risk_auc_at_horizon       secondary      0.748973                                                            roc_auc_on_evaluable_subset
           20  time_dependent_auc       secondary      0.743295 ipcw_supported_subset(duration < 38); retained=6742/9778; auc=0.743295; local_ipcw_auc
           30 risk_auc_at_horizon       secondary      0.710897                                                            roc_auc_on_evaluable_subset
           30  time_dependent_auc       secondary      0.703323 ipcw_supported_subset(duration < 38); retained=6742/9778; auc=0.703323; local_ipcw_auc
ARTIFACT | Stage 5.14.4 table_mtlr_tuned_secondary_metrics - Neural-MTLR secondary metrics | duckdb://table_mtlr_tuned_secondary_metrics_w8
[Stage 5.14.4 table_mtlr_tuned_td_auc_support_audit - Neural-MTLR IPCW support audit]
table_name=table_mtlr_tuned_td_auc_support_audit_w8
rows=3, cols=6
 horizon_week  max_ipcw_time  n_total_test_enrollments  n_supported_test_enrollments  mean_auc                                                         notes
           10           38.0                      9778                          6742  0.838339 IPCW-supported subset used for Neural-MTLR time-dependent AUC
           20           38.0                      9778                          6742  0.743295 IPCW-supported subset used for Neural-MTLR time-dependent AUC
           30           38.0                      9778                          6742  0.703323 IPCW-supported subset used for Neural-MTLR time-dependent AUC
ARTIFACT | Stage 5.14.4 table_mtlr_tuned_td_auc_support_audit - Neural-MTLR IPCW support audit | duckdb://table_mtlr_tuned_td_auc_support_audit_w8
[Stage 5.14.4 table_mtlr_tuned_row_diagnostics - Neural-MTLR row-level diagnostics]
table_name=table_mtlr_tuned_row_diagnostics_w8
rows=1, cols=6
model_name  row_level_roc_auc  row_level_pr_auc  row_level_log_loss  row_level_brier                                                                    diagnostic_note
mtlr_tuned           0.242458          0.151915            1.016709          0.23625 auxiliary enrollment-level proxy only; not a primary cross-family benchmark metric
ARTIFACT | Stage 5.14.4 table_mtlr_tuned_row_diagnostics - Neural-MTLR row-level diagnostics | duckdb://table_mtlr_tuned_row_diagnostics_w8
[Stage 5.14.4 table_mtlr_tuned_support_by_horizon - Neural-MTLR support by horizon]
table_name=table_mtlr_tuned_support_by_horizon_w8
rows=3, cols=4
 horizon_week  n_evaluable_enrollments  n_events_by_horizon  event_rate_by_horizon
           10                     9778                 1215               0.124259
           20                     9778                 1736               0.177541
           30                     9778                 2129               0.217734
ARTIFACT | Stage 5.14.4 table_mtlr_tuned_support_by_horizon - Neural-MTLR support by horizon | duckdb://table_mtlr_tuned_support_by_horizon_w8
[Stage 5.14.4 table_mtlr_tuned_calibration_summary - Neural-MTLR calibration summary]
table_name=table_mtlr_tuned_calibration_summary_w8
rows=3, cols=5
 horizon_week            metric_name metric_category  metric_value                                         notes
           10 calibration_at_horizon         primary      0.024823 Weighted absolute calibration gap across bins
           20 calibration_at_horizon         primary      0.027588 Weighted absolute calibration gap across bins
           30 calibration_at_horizon         primary      0.027161 Weighted absolute calibration gap across bins
ARTIFACT | Stage 5.14.4 table_mtlr_tuned_calibration_summary - Neural-MTLR calibration summary | duckdb://table_mtlr_tuned_calibration_summary_w8
[Stage 5.14.4 table_mtlr_tuned_calibration_bins_by_horizon - Neural-MTLR calibration bins]
table_name=table_mtlr_tuned_calibration_bins_by_horizon_w8
rows=30, cols=6
 calibration_bin   n  mean_predicted_risk  observed_event_rate  horizon_week  abs_calibration_gap
               0 978             0.003984             0.010225            10             0.006241
               1 978             0.006909             0.011247            10             0.004339
               2 978             0.010084             0.027607            10             0.017524
               3 977             0.014635             0.029683            10             0.015047
               4 978             0.021595             0.037832            10             0.016237
               5 978             0.037157             0.060327            10             0.023170
               6 977             0.079908             0.096213            10             0.016305
               7 978             0.199005             0.189162            10             0.009844
               8 978             0.364512             0.296524            10             0.067989
               9 978             0.555153             0.483640            10             0.071513
               0 978             0.035087             0.053170            20             0.018083
               1 978             0.051739             0.058282            20             0.006544
               2 978             0.063902             0.081800            20             0.017897
               3 977             0.076639             0.092119            20             0.015479
               4 978             0.091348             0.092025            20             0.000676
               5 978             0.114954             0.123722            20             0.008768
               6 977             0.163794             0.180143            20             0.016350
               7 978             0.273695             0.252556            20             0.021139
               8 978             0.413681             0.333333            20             0.080348
               9 978             0.598751             0.508180            20             0.090571
ARTIFACT | Stage 5.14.4 table_mtlr_tuned_calibration_bins_by_horizon - Neural-MTLR calibration bins | duckdb://table_mtlr_tuned_calibration_bins_by_horizon_w8
[Stage 5.14.4 table_mtlr_tuned_predicted_vs_observed_survival - Neural-MTLR predicted versus observed survival]
table_name=table_mtlr_tuned_predicted_vs_observed_survival_w8
rows=3, cols=5
 horizon_week  n_evaluable_enrollments  mean_predicted_survival  mean_observed_survival  abs_gap
           10                     9778                 0.870689                0.875741 0.005052
           20                     9778                 0.811627                0.822459 0.010832
           30                     9778                 0.767998                0.782266 0.014268
ARTIFACT | Stage 5.14.4 table_mtlr_tuned_predicted_vs_observed_survival - Neural-MTLR predicted versus observed survival | duckdb://table_mtlr_tuned_predicted_vs_observed_survival_w8
ARTIFACT | mtlr_model | /Users/rafars/dropout_benchmark_desenv/outputs_benchmark_survival/models/mtlr_tuned_w8.pt
ARTIFACT | mtlr_preprocessor | /Users/rafars/dropout_benchmark_desenv/outputs_benchmark_survival/models/mtlr_preprocessor_w8.joblib
ARTIFACT | mtlr_tuned_model_config | /Users/rafars/dropout_benchmark_desenv/outputs_benchmark_survival/metadata/mtlr_tuned_model_config_w8.json
{
  "model_name": "mtlr_tuned",
  "selection_metric": "lowest_validation_ibs",
  "implementation": "pycox_mtlr",
  "validation_split": {
    "method": "GroupShuffleSplit",
    "test_size": 0.1,
    "group_column": "enrollment_id",
    "random_seed": 42
  },
  "search_space": [
    {
      "candidate_id": 1,
      "num_durations": 20,
      "hidden_dims": [
        64,
        32
      ],
      "dropout": 0.1,
      "learning_rate": 0.005,
      "weight_decay": 1e-05,
      "batch_size": 512
    },
    {
      "candidate_id": 2,
      "num_durations": 20,
      "hidden_dims": [
        64,
        32
      ],
      "dropout": 0.1,
      "learning_rate": 0.01,
      "weight_decay": 1e-05,
      "batch_size": 512
    },
    {
      "candidate_id": 3,
      "num_durations": 20,
      "hidden_dims": [
        64,
        32
      ],
      "dropout": 0.2,
      "learning_rate": 0.005,
      "weight_decay": 0.0001,
      "batch_size": 512
    },
    {
      "candidate_id": 4,
      "num_durations": 20,
      "hidden_dims": [
        64,
        32
      ],
      "dropout": 0.2,
      "learning_rate": 0.01,
      "weight_decay": 0.0001,
      "batch_size": 512
    },
    {
      "candidate_id": 5,
      "num_durations": 20,
      "hidden_dims": [
        128,
        64
      ],
      "dropout": 0.1,
      "learning_rate": 0.005,
      "weight_decay": 1e-05,
      "batch_size": 512
    },
    {
      "candidate_id": 6,
      "num_durations": 20,
      "hidden_dims": [
        128,
        64
      ],
      "dropout": 0.1,
      "learning_rate": 0.01,
      "weight_decay": 1e-05,
      "batch_size": 512
    },
    {
      "candidate_id": 7,
      "num_durations": 20,
      "hidden_dims": [
        128,
        64
      ],
      "dropout": 0.2,
      "learning_rate": 0.005,
      "weight_decay": 0.0001,
      "batch_size": 512
    },
    {
      "candidate_id": 8,
      "num_durations": 20,
      "hidden_dims": [
        128,
        64
      ],
      "dropout": 0.2,
      "learning_rate": 0.01,
      "weight_decay": 0.0001,
      "batch_size": 512
    },
    {
      "candidate_id": 9,
      "num_durations": 20,
      "hidden_dims": [
        256,
        128
      ],
      "dropout": 0.1,
      "learning_rate": 0.005,
      "weight_decay": 1e-05,
      "batch_size": 512
    },
    {
      "candidate_id": 10,
      "num_durations": 20,
      "hidden_dims": [
        256,
        128
      ],
      "dropout": 0.2,
      "learning_rate": 0.005,
      "weight_decay": 0.0001,
      "batch_size": 512
    },
    {
      "candidate_id": 11,
      "num_durations": 20,
      "hidden_dims": [
        256,
        128
      ],
      "dropout": 0.2,
      "learning_rate": 0.01,
      "weight_decay": 0.0001,
      "batch_size": 1024
    },
    {
      "candidate_id": 12,
      "num_durations": 20,
      "hidden_dims": [
        256,
        128
      ],
      "dropout": 0.3,
      "learning_rate": 0.001,
      "weight_decay": 0.0001,
      "batch_size": 1024
    },
    {
      "candidate_id": 13,
      "num_durations": 40,
      "hidden_dims": [
        64,
        32
      ],
      "dropout": 0.1,
      "learning_rate": 0.005,
      "weight_decay": 1e-05,
      "batch_size": 512
    },
    {
      "candidate_id": 14,
      "num_durations": 40,
      "hidden_dims": [
        64,
        32
      ],
      "dropout": 0.2,
      "learning_rate": 0.005,
      "weight_decay": 0.0001,
      "batch_size": 512
    },
    {
      "candidate_id": 15,
      "num_durations": 40,
      "hidden_dims": [
        64,
        32
      ],
      "dropout": 0.2,
      "learning_rate": 0.01,
      "weight_decay": 0.0001,
      "batch_size": 512
    },
    {
      "candidate_id": 16,
      "num_durations": 40,
      "hidden_dims": [
        64,
        32
      ],
      "dropout": 0.3,
      "learning_rate": 0.001,
      "weight_decay": 0.0001,
      "batch_size": 512
    },
    {
      "candidate_id": 17,
      "num_durations": 40,
      "hidden_dims": [
        128,
        64
      ],
      "dropout": 0.1,
      "learning_rate": 0.005,
      "weight_decay": 1e-05,
      "batch_size": 512
    },
    {
      "candidate_id": 18,
      "num_durations": 40,
      "hidden_dims": [
        128,
        64
      ],
      "dropout": 0.1,
      "learning_rate": 0.01,
      "weight_decay": 1e-05,
      "batch_size": 512
    },
    {
      "candidate_id": 19,
      "num_durations": 40,
      "hidden_dims": [
        128,
        64
      ],
      "dropout": 0.2,
      "learning_rate": 0.005,
      "weight_decay": 0.0001,
      "batch_size": 512
    },
    {
      "candidate_id": 20,
      "num_durations": 40,
      "hidden_dims": [
        128,
        64
      ],
      "dropout": 0.2,
      "learning_rate": 0.001,
      "weight_decay": 0.0001,
      "batch_size": 1024
    },
    {
      "candidate_id": 21,
      "num_durations": 40,
      "hidden_dims": [
        256,
        128
      ],
      "dropout": 0.1,
      "learning_rate": 0.005,
      "weight_decay": 1e-05,
      "batch_size": 512
    },
    {
      "candidate_id": 22,
      "num_durations": 40,
      "hidden_dims": [
        256,
        128
      ],
      "dropout": 0.2,
      "learning_rate": 0.005,
      "weight_decay": 0.0001,
      "batch_size": 512
    },
    {
      "candidate_id": 23,
      "num_durations": 40,
      "hidden_dims": [
        256,
        128
      ],
      "dropout": 0.2,
      "learning_rate": 0.01,
      "weight_decay": 0.0001,
      "batch_size": 1024
    },
    {
      "candidate_id": 24,
      "num_durations": 40,
      "hidden_dims": [
        256,
        128
      ],
      "dropout": 0.3,
      "learning_rate": 0.001,
      "weight_decay": 0.0001,
      "batch_size": 1024
    }
  ],
  "benchmark_horizons": [
    10,
    20,
    30
  ],
  "calibration_bins": 10,
  "calibration_contract_version": "v2_ipcw_km_observed_risk",
  "calibration_observed_risk_method": "ipcw_km_pseudo_event_rate",
  "variance_filter_threshold": 1e-12,
  "min_duration": 1.0,
  "max_epochs": 80,
  "early_stopping_patience": 8,
  "device": "cpu",
  "effective_window_weeks": 8,
  "input_train_table": "enrollment_cox_ready_train_w8",
  "input_test_table": "enrollment_cox_ready_test_w8",
  "best_candidate": {
    "candidate_id": 19,
    "params": {
      "num_durations": 40,
      "hidden_dims": [
        128,
        64
      ],
      "dropout": 0.2,
      "learning_rate": 0.005,
      "weight_decay": 0.0001,
      "batch_size": 512
    },
    "best_epoch": 15,
    "best_val_loss": 0.994002640247345,
    "val_ibs": 0.10257068111998645,
    "val_c_index": 0.6915800781344085,
    "implementation": "pycox_mtlr"
  },
  "guardrails": {
    "validation_test_size": 0.1,
    "search_row_cap": 20533,
    "final_row_cap": 22815,
    "search_rows_selected": 20533,
    "final_rows_selected": 22815,
    "subtrain_rows": 20533,
    "validation_rows": 2282,
    "full_train_rows": 22815,
    "subtrain_enrollments": 20533,
    "validation_enrollments": 2282,
    "full_train_enrollments": 22815,
    "n_features": 41,
    "subtrain_event_rate": 0.22709784249744314,
    "validation_event_rate": 0.22261174408413673,
    "full_train_event_rate": 0.22664913434144204,
    "sampled_subtrain_event_rate": 0.22709784249744314,
    "sampled_full_train_event_rate": 0.22664913434144204,
    "random_seed": 42
  },
  "duration_index": [
    0.0,
    1.615384578704834,
    3.230769157409668,
    4.846153736114502,
    6.461538314819336,
    8.076923370361328,
    9.692307472229004,
    11.30769157409668,
    12.923076629638672,
    14.538461685180664,
    16.153846740722656,
    17.769229888916016,
    19.384614944458008,
    21.0,
    22.61538314819336,
    24.23076820373535,
    25.846153259277344,
    27.461538314819336,
    29.076923370361328,
    30.692306518554688,
    32.30769348144531,
    33.92307662963867,
    35.53845977783203,
    37.153846740722656,
    38.769229888916016,
    40.384613037109375,
    42.0,
    43.61538314819336,
    45.23076629638672,
    46.846153259277344,
    48.4615364074707,
    50.07692337036133,
    51.69230651855469,
    53.30768966674805,
    54.92307662963867,
    56.53845977783203,
    58.153846740722656,
    59.769229888916016,
    61.384613037109375,
    63.0
  ],
  "out_features": 40,
  "preprocessing": {
    "categorical_features": [
      "gender",
      "region",
      "highest_education",
      "imd_band",
      "age_band",
      "disability"
    ],
    "numeric_features": [
      "num_of_prev_attempts",
      "studied_credits",
      "clicks_first_8_weeks",
      "active_weeks_first_8",
      "mean_clicks_first_8_weeks"
    ],
    "numeric_prefill_values": {
      "num_of_prev_attempts": 0.0,
      "studied_credits": 60.0,
      "clicks_first_8_weeks": 229.0,
      "active_weeks_first_8": 7.0,
      "mean_clicks_first_8_weeks": 37.857142857142854
    },
    "feature_names_before_filter": [
      "num__num_of_prev_attempts",
      "num__studied_credits",
      "num__clicks_first_8_weeks",
      "num__active_weeks_first_8",
      "num__mean_clicks_first_8_weeks",
      "cat__gender_F",
      "cat__gender_M",
      "cat__region_East Anglian Region",
      "cat__region_East Midlands Region",
      "cat__region_Ireland",
      "cat__region_London Region",
      "cat__region_North Region",
      "cat__region_North Western Region",
      "cat__region_Scotland",
      "cat__region_South East Region",
      "cat__region_South Region",
      "cat__region_South West Region",
      "cat__region_Wales",
      "cat__region_West Midlands Region",
      "cat__region_Yorkshire Region",
      "cat__highest_education_A Level or Equivalent",
      "cat__highest_education_HE Qualification",
      "cat__highest_education_Lower Than A Level",
      "cat__highest_education_No Formal quals",
      "cat__highest_education_Post Graduate Qualification",
      "cat__imd_band_0-10%",
      "cat__imd_band_10-20",
      "cat__imd_band_20-30%",
      "cat__imd_band_30-40%",
      "cat__imd_band_40-50%",
      "cat__imd_band_50-60%",
      "cat__imd_band_60-70%",
      "cat__imd_band_70-80%",
      "cat__imd_band_80-90%",
      "cat__imd_band_90-100%",
      "cat__imd_band_None",
      "cat__age_band_0-35",
      "cat__age_band_35-55",
      "cat__age_band_55<=",
      "cat__disability_N",
      "cat__disability_Y"
    ],
    "feature_names_out": [
      "num__num_of_prev_attempts",
      "num__studied_credits",
      "num__clicks_first_8_weeks",
      "num__active_weeks_first_8",
      "num__mean_clicks_first_8_weeks",
      "cat__gender_F",
      "cat__gender_M",
      "cat__region_East Anglian Region",
      "cat__region_East Midlands Region",
      "cat__region_Ireland",
      "cat__region_London Region",
      "cat__region_North Region",
      "cat__region_North Western Region",
      "cat__region_Scotland",
      "cat__region_South East Region",
      "cat__region_South Region",
      "cat__region_South West Region",
      "cat__region_Wales",
      "cat__region_West Midlands Region",
      "cat__region_Yorkshire Region",
      "cat__highest_education_A Level or Equivalent",
      "cat__highest_education_HE Qualification",
      "cat__highest_education_Lower Than A Level",
      "cat__highest_education_No Formal quals",
      "cat__highest_education_Post Graduate Qualification",
      "cat__imd_band_0-10%",
      "cat__imd_band_10-20",
      "cat__imd_band_20-30%",
      "cat__imd_band_30-40%",
      "cat__imd_band_40-50%",
      "cat__imd_band_50-60%",
      "cat__imd_band_60-70%",
      "cat__imd_band_70-80%",
      "cat__imd_band_80-90%",
      "cat__imd_band_90-100%",
      "cat__imd_band_None",
      "cat__age_band_0-35",
      "cat__age_band_35-55",
      "cat__age_band_55<=",
      "cat__disability_N",
      "cat__disability_Y"
    ],
    "dropped_low_variance_features": []
  },
  "design_note": "The comparable Neural-MTLR arm preserves the canonical early-window contract, uses deterministic train-only preprocessing, discretizes survival times through pycox LabTransDiscreteTime, and reconstructs the full weekly survival surface from the tuned MTLR network under validation IBS."
}

 candidate_id                                                                                                                             params  best_epoch  best_val_loss  val_ibs  val_c_index implementation
           19 {'num_durations': 40, 'hidden_dims': [128, 64], 'dropout': 0.2, 'learning_rate': 0.005, 'weight_decay': 0.0001, 'batch_size': 512}          15       0.994003 0.102571      0.69158     pycox_mtlr
[END] 5.14.4 - 2026-06-19 22:35:17
[START] 5.14.5 - 2026-06-19 22:35:17
# ==============================================================
# 5.14.5 - Close runtime resources
# ==============================================================
DuckDB connection closed.
ARTIFACT | duckdb_connection | closed::/Users/rafars/dropout_benchmark_desenv/outputs_benchmark_survival/benchmark_survival.duckdb
[END] 5.14.5 - 2026-06-19 22:35:18
[RUN_PLAN] comparable_window_weeks=10
[START] 5.14.1 - 2026-06-19 22:35:18
# ==============================================================
# 5.14.1 - Lightweight runtime bootstrap
# ==============================================================
ARTIFACT | benchmark_shared_config | /Users/rafars/dropout_benchmark_desenv/benchmark_shared_config.toml
ARTIFACT | benchmark_modeling_contract | /Users/rafars/dropout_benchmark_desenv/benchmark_modeling_contract.toml
ARTIFACT | run_metadata | /Users/rafars/dropout_benchmark_desenv/outputs_benchmark_survival/metadata/run_metadata.json
ARTIFACT | duckdb_path | /Users/rafars/dropout_benchmark_desenv/outputs_benchmark_survival/benchmark_survival.duckdb
{
  "run_id": "f3766e75053447a7beb7a1c4936d231f",
  "random_seed": 42,
  "test_size": 0.3,
  "early_window_weeks": 4,
  "main_enrollment_window_weeks": 4,
  "effective_window_weeks": 10,
  "input_train_table": "enrollment_cox_ready_train_w10",
  "input_test_table": "enrollment_cox_ready_test_w10"
}
[END] 5.14.1 - 2026-06-19 22:35:18
[START] 5.14.2 - 2026-06-19 22:35:18
# ==============================================================
# 5.14.2 - Build comparable Neural-MTLR treatment
# ==============================================================
[Stage 5.14.2 table_mtlr_preprocessing_summary - Neural-MTLR preprocessing summary]
table_name=table_mtlr_preprocessing_summary_w10
rows=1, cols=21
model_family  train_rows  test_rows  n_input_features_raw  n_numeric_features  n_categorical_features  n_features_after_encoding_before_filter  n_features_after_variance_filter  n_features_dropped_by_variance_filter  n_events_train  n_events_test  mean_duration_train  mean_duration_test                              numeric_prefill_policy categorical_imputation          categorical_encoding                   numeric_scaling  variance_filter_threshold output_dtype                        model_positioning_note  window_weeks
 neural_mtlr       22815       9778                    11                   5                       6                                       41                                41                                      0            5171           2216            30.536182           30.539476 deterministic_train_median_or_zero_when_all_missing       constant_missing one_hot_handle_unknown_ignore standard_scaler_fit_on_train_only               1.000000e-12      float32 early-window comparable Neural-MTLR benchmark            10
ARTIFACT | Stage 5.14.2 table_mtlr_preprocessing_summary - Neural-MTLR preprocessing summary | duckdb://table_mtlr_preprocessing_summary_w10
[Stage 5.14.2 table_mtlr_raw_feature_manifest - Neural-MTLR raw feature manifest]
table_name=table_mtlr_raw_feature_manifest_w10
rows=11, cols=6
  feature_name_operational feature_role  present_in_train  present_in_test  covered_by_canonical_config  numeric_prefill_value
                    gender  categorical              True             True                        False                    NaN
                    region  categorical              True             True                        False                    NaN
         highest_education  categorical              True             True                        False                    NaN
                  imd_band  categorical              True             True                        False                    NaN
                  age_band  categorical              True             True                        False                    NaN
                disability  categorical              True             True                        False                    NaN
      num_of_prev_attempts      numeric              True             True                         True                    0.0
           studied_credits      numeric              True             True                         True                   60.0
     clicks_first_10_weeks      numeric              True             True                         True                  260.0
     active_weeks_first_10      numeric              True             True                         True                    8.0
mean_clicks_first_10_weeks      numeric              True             True                         True                   36.4
ARTIFACT | Stage 5.14.2 table_mtlr_raw_feature_manifest - Neural-MTLR raw feature manifest | duckdb://table_mtlr_raw_feature_manifest_w10
[Stage 5.14.2 table_mtlr_feature_names_out - Neural-MTLR output feature manifest]
table_name=table_mtlr_feature_names_out_w10
rows=41, cols=2
                feature_name_out  transformed_variance_train
       num__num_of_prev_attempts                    1.000000
            num__studied_credits                    1.000000
      num__clicks_first_10_weeks                    1.000000
      num__active_weeks_first_10                    1.000000
 num__mean_clicks_first_10_weeks                    1.000000
                   cat__gender_F                    0.247988
                   cat__gender_M                    0.247988
 cat__region_East Anglian Region                    0.092080
cat__region_East Midlands Region                    0.067091
             cat__region_Ireland                    0.034283
       cat__region_London Region                    0.088295
        cat__region_North Region                    0.052060
cat__region_North Western Region                    0.082139
            cat__region_Scotland                    0.094370
   cat__region_South East Region                    0.059974
        cat__region_South Region                    0.087554
   cat__region_South West Region                    0.068848
               cat__region_Wales                    0.059707
cat__region_West Midlands Region                    0.073261
    cat__region_Yorkshire Region                    0.058136
ARTIFACT | Stage 5.14.2 table_mtlr_feature_names_out - Neural-MTLR output feature manifest | duckdb://table_mtlr_feature_names_out_w10
ARTIFACT | mtlr_preprocessing_config | /Users/rafars/dropout_benchmark_desenv/outputs_benchmark_survival/metadata/mtlr_preprocessing_config_w10.json
{
  "model_family": "neural_mtlr",
  "duration_column": "duration",
  "event_column": "event",
  "categorical_features": [
    "gender",
    "region",
    "highest_education",
    "imd_band",
    "age_band",
    "disability"
  ],
  "numeric_features": [
    "num_of_prev_attempts",
    "studied_credits",
    "clicks_first_10_weeks",
    "active_weeks_first_10",
    "mean_clicks_first_10_weeks"
  ],
  "raw_feature_columns": [
    "gender",
    "region",
    "highest_education",
    "imd_band",
    "age_band",
    "disability",
    "num_of_prev_attempts",
    "studied_credits",
    "clicks_first_10_weeks",
    "active_weeks_first_10",
    "mean_clicks_first_10_weeks"
  ],
  "expected_features_raw": [
    "studied_credits",
    "num_of_prev_attempts",
    "num_of_prev_attempts",
    "studied_credits",
    "clicks_first_10_weeks",
    "active_weeks_first_10",
    "mean_clicks_first_10_weeks"
  ],
  "expected_features_resolved": [
    "studied_credits",
    "num_of_prev_attempts",
    "clicks_first_10_weeks",
    "active_weeks_first_10",
    "mean_clicks_first_10_weeks"
  ],
  "numeric_prefill_policy": "deterministic_train_median_or_zero_when_all_missing",
  "numeric_fill_values": {
    "num_of_prev_attempts": 0.0,
    "studied_credits": 60.0,
    "clicks_first_10_weeks": 260.0,
    "active_weeks_first_10": 8.0,
    "mean_clicks_first_10_weeks": 36.4
  },
  "categorical_imputation": "constant_missing",
  "categorical_encoding": "one_hot_handle_unknown_ignore",
  "numeric_scaling": "standard_scaler_fit_on_train_only",
  "variance_filter_threshold": 1e-12,
  "feature_names_before_filter": [
    "num__num_of_prev_attempts",
    "num__studied_credits",
    "num__clicks_first_10_weeks",
    "num__active_weeks_first_10",
    "num__mean_clicks_first_10_weeks",
    "cat__gender_F",
    "cat__gender_M",
    "cat__region_East Anglian Region",
    "cat__region_East Midlands Region",
    "cat__region_Ireland",
    "cat__region_London Region",
    "cat__region_North Region",
    "cat__region_North Western Region",
    "cat__region_Scotland",
    "cat__region_South East Region",
    "cat__region_South Region",
    "cat__region_South West Region",
    "cat__region_Wales",
    "cat__region_West Midlands Region",
    "cat__region_Yorkshire Region",
    "cat__highest_education_A Level or Equivalent",
    "cat__highest_education_HE Qualification",
    "cat__highest_education_Lower Than A Level",
    "cat__highest_education_No Formal quals",
    "cat__highest_education_Post Graduate Qualification",
    "cat__imd_band_0-10%",
    "cat__imd_band_10-20",
    "cat__imd_band_20-30%",
    "cat__imd_band_30-40%",
    "cat__imd_band_40-50%",
    "cat__imd_band_50-60%",
    "cat__imd_band_60-70%",
    "cat__imd_band_70-80%",
    "cat__imd_band_80-90%",
    "cat__imd_band_90-100%",
    "cat__imd_band_None",
    "cat__age_band_0-35",
    "cat__age_band_35-55",
    "cat__age_band_55<=",
    "cat__disability_N",
    "cat__disability_Y"
  ],
  "feature_names_out": [
    "num__num_of_prev_attempts",
    "num__studied_credits",
    "num__clicks_first_10_weeks",
    "num__active_weeks_first_10",
    "num__mean_clicks_first_10_weeks",
    "cat__gender_F",
    "cat__gender_M",
    "cat__region_East Anglian Region",
    "cat__region_East Midlands Region",
    "cat__region_Ireland",
    "cat__region_London Region",
    "cat__region_North Region",
    "cat__region_North Western Region",
    "cat__region_Scotland",
    "cat__region_South East Region",
    "cat__region_South Region",
    "cat__region_South West Region",
    "cat__region_Wales",
    "cat__region_West Midlands Region",
    "cat__region_Yorkshire Region",
    "cat__highest_education_A Level or Equivalent",
    "cat__highest_education_HE Qualification",
    "cat__highest_education_Lower Than A Level",
    "cat__highest_education_No Formal quals",
    "cat__highest_education_Post Graduate Qualification",
    "cat__imd_band_0-10%",
    "cat__imd_band_10-20",
    "cat__imd_band_20-30%",
    "cat__imd_band_30-40%",
    "cat__imd_band_40-50%",
    "cat__imd_band_50-60%",
    "cat__imd_band_60-70%",
    "cat__imd_band_70-80%",
    "cat__imd_band_80-90%",
    "cat__imd_band_90-100%",
    "cat__imd_band_None",
    "cat__age_band_0-35",
    "cat__age_band_35-55",
    "cat__age_band_55<=",
    "cat__disability_N",
    "cat__disability_Y"
  ],
  "dropped_low_variance_features": [],
  "model_positioning_note": "early-window comparable Neural-MTLR benchmark",
  "window_weeks": 10
}

[END] 5.14.2 - 2026-06-19 22:35:19
[START] 5.14.3 - 2026-06-19 22:35:19
# ==============================================================
# 5.14.3 - Compute runtime guardrails for Neural-MTLR
# ==============================================================
[Stage 5.14.3 table_mtlr_guardrails - Neural-MTLR runtime guardrails]
table_name=table_mtlr_guardrails_w10
rows=1, cols=18
 validation_test_size  search_row_cap  final_row_cap  search_rows_selected  final_rows_selected  subtrain_rows  validation_rows  full_train_rows  subtrain_enrollments  validation_enrollments  full_train_enrollments  n_features  subtrain_event_rate  validation_event_rate  full_train_event_rate  sampled_subtrain_event_rate  sampled_full_train_event_rate  random_seed
                  0.1           20533          22815                 20533                22815          20533             2282            22815                 20533                    2282                   22815          41             0.227098               0.222612               0.226649                     0.227098                       0.226649           42
ARTIFACT | Stage 5.14.3 table_mtlr_guardrails - Neural-MTLR runtime guardrails | duckdb://table_mtlr_guardrails_w10
[END] 5.14.3 - 2026-06-19 22:35:19
[START] 5.14.4 - 2026-06-19 22:35:19
# ==============================================================
# 5.14.4 - Tune and evaluate the Neural-MTLR model
# ==============================================================
[Stage 5.14.4 table_mtlr_tuning_results - Neural-MTLR tuning results]
table_name=table_mtlr_tuning_results_w10
rows=24, cols=11
 candidate_id  num_durations hidden_dims  dropout  learning_rate  weight_decay  batch_size  best_epoch  best_val_loss  val_ibs  val_c_index
           20             40   [128, 64]      0.2          0.001       0.00010        1024          62       0.973892 0.100834     0.712664
           14             40    [64, 32]      0.2          0.005       0.00010         512          25       0.976222 0.100853     0.702911
           19             40   [128, 64]      0.2          0.005       0.00010         512          13       0.977358 0.101034     0.704487
           16             40    [64, 32]      0.3          0.001       0.00010         512          63       0.980920 0.101185     0.694580
           23             40  [256, 128]      0.2          0.010       0.00010        1024          25       0.980525 0.101201     0.694281
           17             40   [128, 64]      0.1          0.005       0.00001         512          13       0.981539 0.101279     0.714506
           22             40  [256, 128]      0.2          0.005       0.00010         512          16       0.978732 0.101598     0.715806
           18             40   [128, 64]      0.1          0.010       0.00001         512          10       0.979976 0.101827     0.697661
           24             40  [256, 128]      0.3          0.001       0.00010        1024          36       0.980736 0.101894     0.702940
            4             20    [64, 32]      0.2          0.010       0.00010         512          14       0.832389 0.102088     0.683428
           15             40    [64, 32]      0.2          0.010       0.00010         512          19       0.980594 0.102106     0.697587
           21             40  [256, 128]      0.1          0.005       0.00001         512           6       0.985832 0.102467     0.703924
           13             40    [64, 32]      0.1          0.005       0.00001         512          19       0.986136 0.102642     0.703430
            7             20   [128, 64]      0.2          0.005       0.00010         512          11       0.834816 0.102993     0.694536
            2             20    [64, 32]      0.1          0.010       0.00001         512          16       0.842137 0.103038     0.691212
            8             20   [128, 64]      0.2          0.010       0.00010         512          17       0.833340 0.103045     0.687432
           12             20  [256, 128]      0.3          0.001       0.00010        1024          32       0.834397 0.103089     0.696570
            1             20    [64, 32]      0.1          0.005       0.00001         512           9       0.837385 0.103112     0.681118
            5             20   [128, 64]      0.1          0.005       0.00001         512           6       0.833929 0.103120     0.687156
            3             20    [64, 32]      0.2          0.005       0.00010         512          17       0.835062 0.103156     0.689152
ARTIFACT | Stage 5.14.4 table_mtlr_tuning_results - Neural-MTLR tuning results | duckdb://table_mtlr_tuning_results_w10
[Stage 5.14.4 table_mtlr_tuned_training_history - Neural-MTLR training history]
table_name=table_mtlr_tuned_training_history_w10
rows=62, cols=5
 train_loss  val_loss  epoch  candidate_id  fit_stage
   1.213724       NaN      1            20 full_train
   1.115188       NaN      2            20 full_train
   1.074828       NaN      3            20 full_train
   1.052787       NaN      4            20 full_train
   1.040767       NaN      5            20 full_train
   1.034201       NaN      6            20 full_train
   1.023312       NaN      7            20 full_train
   1.009251       NaN      8            20 full_train
   1.007893       NaN      9            20 full_train
   1.009805       NaN     10            20 full_train
   1.004523       NaN     11            20 full_train
   1.001659       NaN     12            20 full_train
   1.001140       NaN     13            20 full_train
   0.992689       NaN     14            20 full_train
   0.991673       NaN     15            20 full_train
   0.988730       NaN     16            20 full_train
   0.990788       NaN     17            20 full_train
   0.981586       NaN     18            20 full_train
   0.990239       NaN     19            20 full_train
   0.987831       NaN     20            20 full_train
ARTIFACT | Stage 5.14.4 table_mtlr_tuned_training_history - Neural-MTLR training history | duckdb://table_mtlr_tuned_training_history_w10
[Stage 5.14.4 table_mtlr_tuned_test_predictions - Neural-MTLR test predictions]
table_name=table_mtlr_tuned_test_predictions_w10
rows=29334, cols=6
      enrollment_id  event  duration  horizon_week  pred_survival_h  pred_risk_h
 100561||DDD||2014J      0        37            10         0.993206     0.006794
 100621||CCC||2014B      1         6            10         0.714659     0.285341
 101187||DDD||2014J      0        37            10         0.844175     0.155825
 101279||DDD||2014J      0        37            10         0.973102     0.026898
 101414||EEE||2013J      0        38            10         0.778036     0.221964
 101700||CCC||2014J      0        38            10         0.593541     0.406459
 101781||AAA||2013J      0        38            10         0.997710     0.002290
 102209||CCC||2014J      1        15            10         0.989313     0.010687
 102343||FFF||2013J      0        38            10         0.998810     0.001190
1023623||CCC||2014J      0        38            10         0.979345     0.020655
1033968||DDD||2014B      1        13            10         0.938689     0.061311
 103891||DDD||2014B      0        34            10         0.732794     0.267206
 104316||FFF||2014B      0        34            10         0.997103     0.002897
1045203||AAA||2014J      0        38            10         0.994644     0.005356
1047645||CCC||2014B      0        34            10         0.945408     0.054592
1053702||EEE||2013J      0        38            10         0.993783     0.006217
 105629||FFF||2013J      0        38            10         0.999390     0.000610
1057883||CCC||2014B      0        34            10         0.972891     0.027109
 106383||BBB||2014J      1        21            10         0.957179     0.042821
 106553||DDD||2014J      0        37            10         0.991464     0.008536
ARTIFACT | Stage 5.14.4 table_mtlr_tuned_test_predictions - Neural-MTLR test predictions | duckdb://table_mtlr_tuned_test_predictions_w10
[Stage 5.14.4 table_mtlr_tuned_primary_metrics - Neural-MTLR primary metrics]
table_name=table_mtlr_tuned_primary_metrics_w10
rows=2, cols=4
metric_name metric_category  metric_value                         notes
        ibs         primary      0.102341 sksurv_integrated_brier_score
    c_index      co_primary      0.717204          pycox_concordance_td
ARTIFACT | Stage 5.14.4 table_mtlr_tuned_primary_metrics - Neural-MTLR primary metrics | duckdb://table_mtlr_tuned_primary_metrics_w10
[Stage 5.14.4 table_mtlr_tuned_brier_by_horizon - Neural-MTLR Brier scores by horizon]
table_name=table_mtlr_tuned_brier_by_horizon_w10
rows=3, cols=5
 horizon_week      metric_name metric_category  metric_value              notes
           10 brier_at_horizon         primary      0.082719 sksurv_brier_score
           20 brier_at_horizon         primary      0.122664 sksurv_brier_score
           30 brier_at_horizon         primary      0.148936 sksurv_brier_score
ARTIFACT | Stage 5.14.4 table_mtlr_tuned_brier_by_horizon - Neural-MTLR Brier scores by horizon | duckdb://table_mtlr_tuned_brier_by_horizon_w10
[Stage 5.14.4 table_mtlr_tuned_secondary_metrics - Neural-MTLR secondary metrics]
table_name=table_mtlr_tuned_secondary_metrics_w10
rows=6, cols=5
 horizon_week         metric_name metric_category  metric_value                                                                                  notes
           10 risk_auc_at_horizon       secondary      0.865815                                                            roc_auc_on_evaluable_subset
           10  time_dependent_auc       secondary      0.860283 ipcw_supported_subset(duration < 38); retained=6742/9778; auc=0.860283; local_ipcw_auc
           20 risk_auc_at_horizon       secondary      0.767122                                                            roc_auc_on_evaluable_subset
           20  time_dependent_auc       secondary      0.758153 ipcw_supported_subset(duration < 38); retained=6742/9778; auc=0.758153; local_ipcw_auc
           30 risk_auc_at_horizon       secondary      0.726526                                                            roc_auc_on_evaluable_subset
           30  time_dependent_auc       secondary      0.715669 ipcw_supported_subset(duration < 38); retained=6742/9778; auc=0.715669; local_ipcw_auc
ARTIFACT | Stage 5.14.4 table_mtlr_tuned_secondary_metrics - Neural-MTLR secondary metrics | duckdb://table_mtlr_tuned_secondary_metrics_w10
[Stage 5.14.4 table_mtlr_tuned_td_auc_support_audit - Neural-MTLR IPCW support audit]
table_name=table_mtlr_tuned_td_auc_support_audit_w10
rows=3, cols=6
 horizon_week  max_ipcw_time  n_total_test_enrollments  n_supported_test_enrollments  mean_auc                                                         notes
           10           38.0                      9778                          6742  0.860283 IPCW-supported subset used for Neural-MTLR time-dependent AUC
           20           38.0                      9778                          6742  0.758153 IPCW-supported subset used for Neural-MTLR time-dependent AUC
           30           38.0                      9778                          6742  0.715669 IPCW-supported subset used for Neural-MTLR time-dependent AUC
ARTIFACT | Stage 5.14.4 table_mtlr_tuned_td_auc_support_audit - Neural-MTLR IPCW support audit | duckdb://table_mtlr_tuned_td_auc_support_audit_w10
[Stage 5.14.4 table_mtlr_tuned_row_diagnostics - Neural-MTLR row-level diagnostics]
table_name=table_mtlr_tuned_row_diagnostics_w10
rows=1, cols=6
model_name  row_level_roc_auc  row_level_pr_auc  row_level_log_loss  row_level_brier                                                                    diagnostic_note
mtlr_tuned           0.261057          0.160558            1.052776         0.223605 auxiliary enrollment-level proxy only; not a primary cross-family benchmark metric
ARTIFACT | Stage 5.14.4 table_mtlr_tuned_row_diagnostics - Neural-MTLR row-level diagnostics | duckdb://table_mtlr_tuned_row_diagnostics_w10
[Stage 5.14.4 table_mtlr_tuned_support_by_horizon - Neural-MTLR support by horizon]
table_name=table_mtlr_tuned_support_by_horizon_w10
rows=3, cols=4
 horizon_week  n_evaluable_enrollments  n_events_by_horizon  event_rate_by_horizon
           10                     9778                 1215               0.124259
           20                     9778                 1736               0.177541
           30                     9778                 2129               0.217734
ARTIFACT | Stage 5.14.4 table_mtlr_tuned_support_by_horizon - Neural-MTLR support by horizon | duckdb://table_mtlr_tuned_support_by_horizon_w10
[Stage 5.14.4 table_mtlr_tuned_calibration_summary - Neural-MTLR calibration summary]
table_name=table_mtlr_tuned_calibration_summary_w10
rows=3, cols=5
 horizon_week            metric_name metric_category  metric_value                                         notes
           10 calibration_at_horizon         primary      0.022431 Weighted absolute calibration gap across bins
           20 calibration_at_horizon         primary      0.024202 Weighted absolute calibration gap across bins
           30 calibration_at_horizon         primary      0.020391 Weighted absolute calibration gap across bins
ARTIFACT | Stage 5.14.4 table_mtlr_tuned_calibration_summary - Neural-MTLR calibration summary | duckdb://table_mtlr_tuned_calibration_summary_w10
[Stage 5.14.4 table_mtlr_tuned_calibration_bins_by_horizon - Neural-MTLR calibration bins]
table_name=table_mtlr_tuned_calibration_bins_by_horizon_w10
rows=30, cols=6
 calibration_bin   n  mean_predicted_risk  observed_event_rate  horizon_week  abs_calibration_gap
               0 978             0.001378             0.004090            10             0.002712
               1 978             0.002648             0.009202            10             0.006555
               2 978             0.004170             0.011247            10             0.007077
               3 977             0.006745             0.018424            10             0.011679
               4 978             0.012254             0.036810            10             0.024556
               5 978             0.026837             0.048057            10             0.021220
               6 977             0.068081             0.098260            10             0.030179
               7 978             0.152450             0.189162            10             0.036711
               8 978             0.266561             0.328221            10             0.061660
               9 978             0.477019             0.498978            10             0.021959
               0 978             0.023550             0.050102            20             0.026553
               1 978             0.038092             0.066462            20             0.028370
               2 978             0.048948             0.047035            20             0.001913
               3 977             0.060682             0.090072            20             0.029390
               4 978             0.075939             0.089980            20             0.014041
               5 978             0.100812             0.121677            20             0.020865
               6 977             0.143653             0.183214            20             0.039561
               7 978             0.215597             0.234151            20             0.018555
               8 978             0.309288             0.357873            20             0.048585
               9 978             0.520554             0.534765            20             0.014211
ARTIFACT | Stage 5.14.4 table_mtlr_tuned_calibration_bins_by_horizon - Neural-MTLR calibration bins | duckdb://table_mtlr_tuned_calibration_bins_by_horizon_w10
[Stage 5.14.4 table_mtlr_tuned_predicted_vs_observed_survival - Neural-MTLR predicted versus observed survival]
table_name=table_mtlr_tuned_predicted_vs_observed_survival_w10
rows=3, cols=5
 horizon_week  n_evaluable_enrollments  mean_predicted_survival  mean_observed_survival  abs_gap
           10                     9778                 0.898173                0.875741 0.022431
           20                     9778                 0.846278                0.822459 0.023819
           30                     9778                 0.802657                0.782266 0.020391
ARTIFACT | Stage 5.14.4 table_mtlr_tuned_predicted_vs_observed_survival - Neural-MTLR predicted versus observed survival | duckdb://table_mtlr_tuned_predicted_vs_observed_survival_w10
ARTIFACT | mtlr_model | /Users/rafars/dropout_benchmark_desenv/outputs_benchmark_survival/models/mtlr_tuned_w10.pt
ARTIFACT | mtlr_preprocessor | /Users/rafars/dropout_benchmark_desenv/outputs_benchmark_survival/models/mtlr_preprocessor_w10.joblib
ARTIFACT | mtlr_tuned_model_config | /Users/rafars/dropout_benchmark_desenv/outputs_benchmark_survival/metadata/mtlr_tuned_model_config_w10.json
{
  "model_name": "mtlr_tuned",
  "selection_metric": "lowest_validation_ibs",
  "implementation": "pycox_mtlr",
  "validation_split": {
    "method": "GroupShuffleSplit",
    "test_size": 0.1,
    "group_column": "enrollment_id",
    "random_seed": 42
  },
  "search_space": [
    {
      "candidate_id": 1,
      "num_durations": 20,
      "hidden_dims": [
        64,
        32
      ],
      "dropout": 0.1,
      "learning_rate": 0.005,
      "weight_decay": 1e-05,
      "batch_size": 512
    },
    {
      "candidate_id": 2,
      "num_durations": 20,
      "hidden_dims": [
        64,
        32
      ],
      "dropout": 0.1,
      "learning_rate": 0.01,
      "weight_decay": 1e-05,
      "batch_size": 512
    },
    {
      "candidate_id": 3,
      "num_durations": 20,
      "hidden_dims": [
        64,
        32
      ],
      "dropout": 0.2,
      "learning_rate": 0.005,
      "weight_decay": 0.0001,
      "batch_size": 512
    },
    {
      "candidate_id": 4,
      "num_durations": 20,
      "hidden_dims": [
        64,
        32
      ],
      "dropout": 0.2,
      "learning_rate": 0.01,
      "weight_decay": 0.0001,
      "batch_size": 512
    },
    {
      "candidate_id": 5,
      "num_durations": 20,
      "hidden_dims": [
        128,
        64
      ],
      "dropout": 0.1,
      "learning_rate": 0.005,
      "weight_decay": 1e-05,
      "batch_size": 512
    },
    {
      "candidate_id": 6,
      "num_durations": 20,
      "hidden_dims": [
        128,
        64
      ],
      "dropout": 0.1,
      "learning_rate": 0.01,
      "weight_decay": 1e-05,
      "batch_size": 512
    },
    {
      "candidate_id": 7,
      "num_durations": 20,
      "hidden_dims": [
        128,
        64
      ],
      "dropout": 0.2,
      "learning_rate": 0.005,
      "weight_decay": 0.0001,
      "batch_size": 512
    },
    {
      "candidate_id": 8,
      "num_durations": 20,
      "hidden_dims": [
        128,
        64
      ],
      "dropout": 0.2,
      "learning_rate": 0.01,
      "weight_decay": 0.0001,
      "batch_size": 512
    },
    {
      "candidate_id": 9,
      "num_durations": 20,
      "hidden_dims": [
        256,
        128
      ],
      "dropout": 0.1,
      "learning_rate": 0.005,
      "weight_decay": 1e-05,
      "batch_size": 512
    },
    {
      "candidate_id": 10,
      "num_durations": 20,
      "hidden_dims": [
        256,
        128
      ],
      "dropout": 0.2,
      "learning_rate": 0.005,
      "weight_decay": 0.0001,
      "batch_size": 512
    },
    {
      "candidate_id": 11,
      "num_durations": 20,
      "hidden_dims": [
        256,
        128
      ],
      "dropout": 0.2,
      "learning_rate": 0.01,
      "weight_decay": 0.0001,
      "batch_size": 1024
    },
    {
      "candidate_id": 12,
      "num_durations": 20,
      "hidden_dims": [
        256,
        128
      ],
      "dropout": 0.3,
      "learning_rate": 0.001,
      "weight_decay": 0.0001,
      "batch_size": 1024
    },
    {
      "candidate_id": 13,
      "num_durations": 40,
      "hidden_dims": [
        64,
        32
      ],
      "dropout": 0.1,
      "learning_rate": 0.005,
      "weight_decay": 1e-05,
      "batch_size": 512
    },
    {
      "candidate_id": 14,
      "num_durations": 40,
      "hidden_dims": [
        64,
        32
      ],
      "dropout": 0.2,
      "learning_rate": 0.005,
      "weight_decay": 0.0001,
      "batch_size": 512
    },
    {
      "candidate_id": 15,
      "num_durations": 40,
      "hidden_dims": [
        64,
        32
      ],
      "dropout": 0.2,
      "learning_rate": 0.01,
      "weight_decay": 0.0001,
      "batch_size": 512
    },
    {
      "candidate_id": 16,
      "num_durations": 40,
      "hidden_dims": [
        64,
        32
      ],
      "dropout": 0.3,
      "learning_rate": 0.001,
      "weight_decay": 0.0001,
      "batch_size": 512
    },
    {
      "candidate_id": 17,
      "num_durations": 40,
      "hidden_dims": [
        128,
        64
      ],
      "dropout": 0.1,
      "learning_rate": 0.005,
      "weight_decay": 1e-05,
      "batch_size": 512
    },
    {
      "candidate_id": 18,
      "num_durations": 40,
      "hidden_dims": [
        128,
        64
      ],
      "dropout": 0.1,
      "learning_rate": 0.01,
      "weight_decay": 1e-05,
      "batch_size": 512
    },
    {
      "candidate_id": 19,
      "num_durations": 40,
      "hidden_dims": [
        128,
        64
      ],
      "dropout": 0.2,
      "learning_rate": 0.005,
      "weight_decay": 0.0001,
      "batch_size": 512
    },
    {
      "candidate_id": 20,
      "num_durations": 40,
      "hidden_dims": [
        128,
        64
      ],
      "dropout": 0.2,
      "learning_rate": 0.001,
      "weight_decay": 0.0001,
      "batch_size": 1024
    },
    {
      "candidate_id": 21,
      "num_durations": 40,
      "hidden_dims": [
        256,
        128
      ],
      "dropout": 0.1,
      "learning_rate": 0.005,
      "weight_decay": 1e-05,
      "batch_size": 512
    },
    {
      "candidate_id": 22,
      "num_durations": 40,
      "hidden_dims": [
        256,
        128
      ],
      "dropout": 0.2,
      "learning_rate": 0.005,
      "weight_decay": 0.0001,
      "batch_size": 512
    },
    {
      "candidate_id": 23,
      "num_durations": 40,
      "hidden_dims": [
        256,
        128
      ],
      "dropout": 0.2,
      "learning_rate": 0.01,
      "weight_decay": 0.0001,
      "batch_size": 1024
    },
    {
      "candidate_id": 24,
      "num_durations": 40,
      "hidden_dims": [
        256,
        128
      ],
      "dropout": 0.3,
      "learning_rate": 0.001,
      "weight_decay": 0.0001,
      "batch_size": 1024
    }
  ],
  "benchmark_horizons": [
    10,
    20,
    30
  ],
  "calibration_bins": 10,
  "calibration_contract_version": "v2_ipcw_km_observed_risk",
  "calibration_observed_risk_method": "ipcw_km_pseudo_event_rate",
  "variance_filter_threshold": 1e-12,
  "min_duration": 1.0,
  "max_epochs": 80,
  "early_stopping_patience": 8,
  "device": "cpu",
  "effective_window_weeks": 10,
  "input_train_table": "enrollment_cox_ready_train_w10",
  "input_test_table": "enrollment_cox_ready_test_w10",
  "best_candidate": {
    "candidate_id": 20,
    "params": {
      "num_durations": 40,
      "hidden_dims": [
        128,
        64
      ],
      "dropout": 0.2,
      "learning_rate": 0.001,
      "weight_decay": 0.0001,
      "batch_size": 1024
    },
    "best_epoch": 62,
    "best_val_loss": 0.9738917350769043,
    "val_ibs": 0.10083373793878937,
    "val_c_index": 0.7126638438082575,
    "implementation": "pycox_mtlr"
  },
  "guardrails": {
    "validation_test_size": 0.1,
    "search_row_cap": 20533,
    "final_row_cap": 22815,
    "search_rows_selected": 20533,
    "final_rows_selected": 22815,
    "subtrain_rows": 20533,
    "validation_rows": 2282,
    "full_train_rows": 22815,
    "subtrain_enrollments": 20533,
    "validation_enrollments": 2282,
    "full_train_enrollments": 22815,
    "n_features": 41,
    "subtrain_event_rate": 0.22709784249744314,
    "validation_event_rate": 0.22261174408413673,
    "full_train_event_rate": 0.22664913434144204,
    "sampled_subtrain_event_rate": 0.22709784249744314,
    "sampled_full_train_event_rate": 0.22664913434144204,
    "random_seed": 42
  },
  "duration_index": [
    0.0,
    1.615384578704834,
    3.230769157409668,
    4.846153736114502,
    6.461538314819336,
    8.076923370361328,
    9.692307472229004,
    11.30769157409668,
    12.923076629638672,
    14.538461685180664,
    16.153846740722656,
    17.769229888916016,
    19.384614944458008,
    21.0,
    22.61538314819336,
    24.23076820373535,
    25.846153259277344,
    27.461538314819336,
    29.076923370361328,
    30.692306518554688,
    32.30769348144531,
    33.92307662963867,
    35.53845977783203,
    37.153846740722656,
    38.769229888916016,
    40.384613037109375,
    42.0,
    43.61538314819336,
    45.23076629638672,
    46.846153259277344,
    48.4615364074707,
    50.07692337036133,
    51.69230651855469,
    53.30768966674805,
    54.92307662963867,
    56.53845977783203,
    58.153846740722656,
    59.769229888916016,
    61.384613037109375,
    63.0
  ],
  "out_features": 40,
  "preprocessing": {
    "categorical_features": [
      "gender",
      "region",
      "highest_education",
      "imd_band",
      "age_band",
      "disability"
    ],
    "numeric_features": [
      "num_of_prev_attempts",
      "studied_credits",
      "clicks_first_10_weeks",
      "active_weeks_first_10",
      "mean_clicks_first_10_weeks"
    ],
    "numeric_prefill_values": {
      "num_of_prev_attempts": 0.0,
      "studied_credits": 60.0,
      "clicks_first_10_weeks": 260.0,
      "active_weeks_first_10": 8.0,
      "mean_clicks_first_10_weeks": 36.4
    },
    "feature_names_before_filter": [
      "num__num_of_prev_attempts",
      "num__studied_credits",
      "num__clicks_first_10_weeks",
      "num__active_weeks_first_10",
      "num__mean_clicks_first_10_weeks",
      "cat__gender_F",
      "cat__gender_M",
      "cat__region_East Anglian Region",
      "cat__region_East Midlands Region",
      "cat__region_Ireland",
      "cat__region_London Region",
      "cat__region_North Region",
      "cat__region_North Western Region",
      "cat__region_Scotland",
      "cat__region_South East Region",
      "cat__region_South Region",
      "cat__region_South West Region",
      "cat__region_Wales",
      "cat__region_West Midlands Region",
      "cat__region_Yorkshire Region",
      "cat__highest_education_A Level or Equivalent",
      "cat__highest_education_HE Qualification",
      "cat__highest_education_Lower Than A Level",
      "cat__highest_education_No Formal quals",
      "cat__highest_education_Post Graduate Qualification",
      "cat__imd_band_0-10%",
      "cat__imd_band_10-20",
      "cat__imd_band_20-30%",
      "cat__imd_band_30-40%",
      "cat__imd_band_40-50%",
      "cat__imd_band_50-60%",
      "cat__imd_band_60-70%",
      "cat__imd_band_70-80%",
      "cat__imd_band_80-90%",
      "cat__imd_band_90-100%",
      "cat__imd_band_None",
      "cat__age_band_0-35",
      "cat__age_band_35-55",
      "cat__age_band_55<=",
      "cat__disability_N",
      "cat__disability_Y"
    ],
    "feature_names_out": [
      "num__num_of_prev_attempts",
      "num__studied_credits",
      "num__clicks_first_10_weeks",
      "num__active_weeks_first_10",
      "num__mean_clicks_first_10_weeks",
      "cat__gender_F",
      "cat__gender_M",
      "cat__region_East Anglian Region",
      "cat__region_East Midlands Region",
      "cat__region_Ireland",
      "cat__region_London Region",
      "cat__region_North Region",
      "cat__region_North Western Region",
      "cat__region_Scotland",
      "cat__region_South East Region",
      "cat__region_South Region",
      "cat__region_South West Region",
      "cat__region_Wales",
      "cat__region_West Midlands Region",
      "cat__region_Yorkshire Region",
      "cat__highest_education_A Level or Equivalent",
      "cat__highest_education_HE Qualification",
      "cat__highest_education_Lower Than A Level",
      "cat__highest_education_No Formal quals",
      "cat__highest_education_Post Graduate Qualification",
      "cat__imd_band_0-10%",
      "cat__imd_band_10-20",
      "cat__imd_band_20-30%",
      "cat__imd_band_30-40%",
      "cat__imd_band_40-50%",
      "cat__imd_band_50-60%",
      "cat__imd_band_60-70%",
      "cat__imd_band_70-80%",
      "cat__imd_band_80-90%",
      "cat__imd_band_90-100%",
      "cat__imd_band_None",
      "cat__age_band_0-35",
      "cat__age_band_35-55",
      "cat__age_band_55<=",
      "cat__disability_N",
      "cat__disability_Y"
    ],
    "dropped_low_variance_features": []
  },
  "design_note": "The comparable Neural-MTLR arm preserves the canonical early-window contract, uses deterministic train-only preprocessing, discretizes survival times through pycox LabTransDiscreteTime, and reconstructs the full weekly survival surface from the tuned MTLR network under validation IBS."
}

 candidate_id                                                                                                                              params  best_epoch  best_val_loss  val_ibs  val_c_index implementation
           20 {'num_durations': 40, 'hidden_dims': [128, 64], 'dropout': 0.2, 'learning_rate': 0.001, 'weight_decay': 0.0001, 'batch_size': 1024}          62       0.973892 0.100834     0.712664     pycox_mtlr
[END] 5.14.4 - 2026-06-19 22:36:23
[START] 5.14.5 - 2026-06-19 22:36:23
# ==============================================================
# 5.14.5 - Close runtime resources
# ==============================================================
DuckDB connection closed.
ARTIFACT | duckdb_connection | closed::/Users/rafars/dropout_benchmark_desenv/outputs_benchmark_survival/benchmark_survival.duckdb
[END] 5.14.5 - 2026-06-19 22:36:24
