[RUN_PLAN] comparable_window_weeks=2
[START] 5.13.1 - 2026-06-19 22:30:17
# ==============================================================
# 5.13.1 - Lightweight runtime bootstrap
# ==============================================================
ARTIFACT | benchmark_shared_config | /Users/rafars/dropout_benchmark_desenv/benchmark_shared_config.toml
ARTIFACT | benchmark_modeling_contract | /Users/rafars/dropout_benchmark_desenv/benchmark_modeling_contract.toml
ARTIFACT | run_metadata | /Users/rafars/dropout_benchmark_desenv/outputs_benchmark_survival/metadata/run_metadata.json
ARTIFACT | duckdb_path | /Users/rafars/dropout_benchmark_desenv/outputs_benchmark_survival/benchmark_survival.duckdb
{
  "run_id": "f3766e75053447a7beb7a1c4936d231f",
  "random_seed": 42,
  "test_size": 0.3,
  "early_window_weeks": 4,
  "main_enrollment_window_weeks": 4,
  "effective_window_weeks": 2,
  "input_train_table": "enrollment_cox_ready_train_w2",
  "input_test_table": "enrollment_cox_ready_test_w2"
}
[END] 5.13.1 - 2026-06-19 22:30:17
[START] 5.13.2 - 2026-06-19 22:30:17
# ==============================================================
# 5.13.2 - Build comparable XGBoost AFT treatment
# ==============================================================
[Stage 5.13.2 table_xgb_aft_preprocessing_summary - XGBoost AFT preprocessing summary]
table_name=table_xgb_aft_preprocessing_summary_w2
rows=1, cols=21
model_family  train_rows  test_rows  n_input_features_raw  n_numeric_features  n_categorical_features  n_features_after_encoding_before_filter  n_features_after_variance_filter  n_features_dropped_by_variance_filter  n_events_train  n_events_test  mean_duration_train  mean_duration_test                              numeric_prefill_policy categorical_imputation          categorical_encoding                   numeric_scaling  variance_filter_threshold output_dtype                        model_positioning_note  window_weeks
 xgboost_aft       22815       9778                    11                   5                       6                                       41                                41                                      0            5171           2216            30.536182           30.539476 deterministic_train_median_or_zero_when_all_missing       constant_missing one_hot_handle_unknown_ignore standard_scaler_fit_on_train_only               1.000000e-12      float32 early-window comparable XGBoost AFT benchmark             2
ARTIFACT | Stage 5.13.2 table_xgb_aft_preprocessing_summary - XGBoost AFT preprocessing summary | duckdb://table_xgb_aft_preprocessing_summary_w2
[Stage 5.13.2 table_xgb_aft_raw_feature_manifest - XGBoost AFT raw feature manifest]
table_name=table_xgb_aft_raw_feature_manifest_w2
rows=11, cols=6
 feature_name_operational feature_role  present_in_train  present_in_test  covered_by_canonical_config  numeric_prefill_value
                   gender  categorical              True             True                        False                    NaN
                   region  categorical              True             True                        False                    NaN
        highest_education  categorical              True             True                        False                    NaN
                 imd_band  categorical              True             True                        False                    NaN
                 age_band  categorical              True             True                        False                    NaN
               disability  categorical              True             True                        False                    NaN
     num_of_prev_attempts      numeric              True             True                         True                    0.0
          studied_credits      numeric              True             True                         True                   60.0
     clicks_first_2_weeks      numeric              True             True                         True                   56.0
     active_weeks_first_2      numeric              True             True                         True                    2.0
mean_clicks_first_2_weeks      numeric              True             True                         True                   33.0
ARTIFACT | Stage 5.13.2 table_xgb_aft_raw_feature_manifest - XGBoost AFT raw feature manifest | duckdb://table_xgb_aft_raw_feature_manifest_w2
[Stage 5.13.2 table_xgb_aft_feature_names_out - XGBoost AFT output feature manifest]
table_name=table_xgb_aft_feature_names_out_w2
rows=41, cols=2
                feature_name_out  transformed_variance_train
       num__num_of_prev_attempts                    1.000000
            num__studied_credits                    1.000000
       num__clicks_first_2_weeks                    1.000000
       num__active_weeks_first_2                    1.000000
  num__mean_clicks_first_2_weeks                    1.000000
                   cat__gender_F                    0.247988
                   cat__gender_M                    0.247988
 cat__region_East Anglian Region                    0.092080
cat__region_East Midlands Region                    0.067091
             cat__region_Ireland                    0.034283
       cat__region_London Region                    0.088295
        cat__region_North Region                    0.052060
cat__region_North Western Region                    0.082139
            cat__region_Scotland                    0.094370
   cat__region_South East Region                    0.059974
        cat__region_South Region                    0.087554
   cat__region_South West Region                    0.068848
               cat__region_Wales                    0.059707
cat__region_West Midlands Region                    0.073261
    cat__region_Yorkshire Region                    0.058136
ARTIFACT | Stage 5.13.2 table_xgb_aft_feature_names_out - XGBoost AFT output feature manifest | duckdb://table_xgb_aft_feature_names_out_w2
ARTIFACT | xgb_aft_preprocessing_config | /Users/rafars/dropout_benchmark_desenv/outputs_benchmark_survival/metadata/xgb_aft_preprocessing_config_w2.json
{
  "model_family": "xgboost_aft",
  "duration_column": "duration",
  "event_column": "event",
  "categorical_features": [
    "gender",
    "region",
    "highest_education",
    "imd_band",
    "age_band",
    "disability"
  ],
  "numeric_features": [
    "num_of_prev_attempts",
    "studied_credits",
    "clicks_first_2_weeks",
    "active_weeks_first_2",
    "mean_clicks_first_2_weeks"
  ],
  "raw_feature_columns": [
    "gender",
    "region",
    "highest_education",
    "imd_band",
    "age_band",
    "disability",
    "num_of_prev_attempts",
    "studied_credits",
    "clicks_first_2_weeks",
    "active_weeks_first_2",
    "mean_clicks_first_2_weeks"
  ],
  "expected_features_raw": [
    "studied_credits",
    "num_of_prev_attempts",
    "num_of_prev_attempts",
    "studied_credits",
    "clicks_first_2_weeks",
    "active_weeks_first_2",
    "mean_clicks_first_2_weeks"
  ],
  "expected_features_resolved": [
    "studied_credits",
    "num_of_prev_attempts",
    "clicks_first_2_weeks",
    "active_weeks_first_2",
    "mean_clicks_first_2_weeks"
  ],
  "numeric_prefill_policy": "deterministic_train_median_or_zero_when_all_missing",
  "numeric_fill_values": {
    "num_of_prev_attempts": 0.0,
    "studied_credits": 60.0,
    "clicks_first_2_weeks": 56.0,
    "active_weeks_first_2": 2.0,
    "mean_clicks_first_2_weeks": 33.0
  },
  "categorical_imputation": "constant_missing",
  "categorical_encoding": "one_hot_handle_unknown_ignore",
  "numeric_scaling": "standard_scaler_fit_on_train_only",
  "variance_filter_threshold": 1e-12,
  "feature_names_before_filter": [
    "num__num_of_prev_attempts",
    "num__studied_credits",
    "num__clicks_first_2_weeks",
    "num__active_weeks_first_2",
    "num__mean_clicks_first_2_weeks",
    "cat__gender_F",
    "cat__gender_M",
    "cat__region_East Anglian Region",
    "cat__region_East Midlands Region",
    "cat__region_Ireland",
    "cat__region_London Region",
    "cat__region_North Region",
    "cat__region_North Western Region",
    "cat__region_Scotland",
    "cat__region_South East Region",
    "cat__region_South Region",
    "cat__region_South West Region",
    "cat__region_Wales",
    "cat__region_West Midlands Region",
    "cat__region_Yorkshire Region",
    "cat__highest_education_A Level or Equivalent",
    "cat__highest_education_HE Qualification",
    "cat__highest_education_Lower Than A Level",
    "cat__highest_education_No Formal quals",
    "cat__highest_education_Post Graduate Qualification",
    "cat__imd_band_0-10%",
    "cat__imd_band_10-20",
    "cat__imd_band_20-30%",
    "cat__imd_band_30-40%",
    "cat__imd_band_40-50%",
    "cat__imd_band_50-60%",
    "cat__imd_band_60-70%",
    "cat__imd_band_70-80%",
    "cat__imd_band_80-90%",
    "cat__imd_band_90-100%",
    "cat__imd_band_None",
    "cat__age_band_0-35",
    "cat__age_band_35-55",
    "cat__age_band_55<=",
    "cat__disability_N",
    "cat__disability_Y"
  ],
  "feature_names_out": [
    "num__num_of_prev_attempts",
    "num__studied_credits",
    "num__clicks_first_2_weeks",
    "num__active_weeks_first_2",
    "num__mean_clicks_first_2_weeks",
    "cat__gender_F",
    "cat__gender_M",
    "cat__region_East Anglian Region",
    "cat__region_East Midlands Region",
    "cat__region_Ireland",
    "cat__region_London Region",
    "cat__region_North Region",
    "cat__region_North Western Region",
    "cat__region_Scotland",
    "cat__region_South East Region",
    "cat__region_South Region",
    "cat__region_South West Region",
    "cat__region_Wales",
    "cat__region_West Midlands Region",
    "cat__region_Yorkshire Region",
    "cat__highest_education_A Level or Equivalent",
    "cat__highest_education_HE Qualification",
    "cat__highest_education_Lower Than A Level",
    "cat__highest_education_No Formal quals",
    "cat__highest_education_Post Graduate Qualification",
    "cat__imd_band_0-10%",
    "cat__imd_band_10-20",
    "cat__imd_band_20-30%",
    "cat__imd_band_30-40%",
    "cat__imd_band_40-50%",
    "cat__imd_band_50-60%",
    "cat__imd_band_60-70%",
    "cat__imd_band_70-80%",
    "cat__imd_band_80-90%",
    "cat__imd_band_90-100%",
    "cat__imd_band_None",
    "cat__age_band_0-35",
    "cat__age_band_35-55",
    "cat__age_band_55<=",
    "cat__disability_N",
    "cat__disability_Y"
  ],
  "dropped_low_variance_features": [],
  "model_positioning_note": "early-window comparable XGBoost AFT benchmark",
  "window_weeks": 2
}

[END] 5.13.2 - 2026-06-19 22:30:17
[START] 5.13.3 - 2026-06-19 22:30:17
# ==============================================================
# 5.13.3 - Compute runtime guardrails for gradient boosting
# ==============================================================
[Stage 5.13.3 table_xgb_aft_guardrails - XGBoost AFT runtime guardrails]
table_name=table_xgb_aft_guardrails_w2
rows=1, cols=18
 validation_test_size  search_row_cap  final_row_cap  search_rows_selected  final_rows_selected  subtrain_rows  validation_rows  full_train_rows  subtrain_enrollments  validation_enrollments  full_train_enrollments  n_features  subtrain_event_rate  validation_event_rate  full_train_event_rate  sampled_subtrain_event_rate  sampled_full_train_event_rate  random_seed
                  0.1           14634          14634                 14634                14634          20533             2282            22815                 20533                    2282                   22815          41             0.227098               0.222612               0.226649                     0.227074                       0.226664           42
ARTIFACT | Stage 5.13.3 table_xgb_aft_guardrails - XGBoost AFT runtime guardrails | duckdb://table_xgb_aft_guardrails_w2
[END] 5.13.3 - 2026-06-19 22:30:17
[START] 5.13.4 - 2026-06-19 22:30:17
# ==============================================================
# 5.13.4 - Tune and evaluate the XGBoost AFT model
# ==============================================================
[Stage 5.13.4 table_xgb_aft_tuning_results - XGBoost AFT tuning results]
table_name=table_xgb_aft_tuning_results_w2
rows=24, cols=13
 candidate_id aft_loss_distribution  aft_loss_distribution_scale  learning_rate  num_boost_round  max_depth  min_child_weight  subsample  colsample_bytree  reg_lambda  reg_alpha  val_ibs  val_c_index
            8              logistic                          1.5           0.05              400          2               2.0        0.8               0.8         5.0        0.0  0.14594     0.522861
           12              logistic                          2.0           0.05              400          2               2.0        0.8               0.8         5.0        0.0  0.14594     0.520791
            4              logistic                          1.0           0.05              400          2               1.0        0.8               0.8         1.0        0.0  0.14594     0.524150
            7              logistic                          1.5           0.03              400          2               2.0        0.8               0.8         5.0        0.0  0.14594     0.516395
            6              logistic                          1.5           0.05              200          2               1.0        0.8               0.8         1.0        0.0  0.14594     0.514242
           11              logistic                          2.0           0.03              400          2               2.0        0.8               0.8         5.0        0.0  0.14594     0.514739
            3              logistic                          1.0           0.03              400          2               1.0        0.8               0.8         1.0        0.0  0.14594     0.516470
           10              logistic                          2.0           0.05              200          2               1.0        0.8               0.8         1.0        0.0  0.14594     0.511725
            2              logistic                          1.0           0.05              200          2               1.0        0.8               0.8         1.0        0.0  0.14594     0.513845
            1              logistic                          1.0           0.03              200          2               1.0        0.8               0.8         1.0        0.0  0.14594     0.508381
            5              logistic                          1.5           0.03              200          2               1.0        0.8               0.8         1.0        0.0  0.14594     0.505964
           20                normal                          1.5           0.05              400          2               2.0        0.8               0.8         5.0        0.0  0.14594     0.505839
            9              logistic                          2.0           0.03              200          2               1.0        0.8               0.8         1.0        0.0  0.14594     0.506452
           13                normal                          1.0           0.03              200          2               1.0        0.8               0.8         1.0        0.0  0.14594     0.505839
           14                normal                          1.0           0.05              200          2               1.0        0.8               0.8         1.0        0.0  0.14594     0.505839
           15                normal                          1.0           0.03              400          2               1.0        0.8               0.8         1.0        0.0  0.14594     0.505839
           16                normal                          1.0           0.05              400          2               1.0        0.8               0.8         1.0        0.0  0.14594     0.505839
           17                normal                          1.5           0.03              200          2               1.0        0.8               0.8         1.0        0.0  0.14594     0.505839
           18                normal                          1.5           0.05              200          2               1.0        0.8               0.8         1.0        0.0  0.14594     0.505839
           19                normal                          1.5           0.03              400          2               2.0        0.8               0.8         5.0        0.0  0.14594     0.505839
ARTIFACT | Stage 5.13.4 table_xgb_aft_tuning_results - XGBoost AFT tuning results | duckdb://table_xgb_aft_tuning_results_w2
[Stage 5.13.4 table_xgb_aft_tuned_test_predictions - XGBoost AFT test predictions]
table_name=table_xgb_aft_tuned_test_predictions_w2
rows=29334, cols=6
      enrollment_id  event  duration  horizon_week  pred_survival_h  pred_risk_h
 100561||DDD||2014J      0        37            10              1.0 0.000000e+00
 100621||CCC||2014B      1         6            10              1.0 0.000000e+00
 101187||DDD||2014J      0        37            10              1.0 0.000000e+00
 101279||DDD||2014J      0        37            10              1.0 0.000000e+00
 101414||EEE||2013J      0        38            10              1.0 0.000000e+00
 101700||CCC||2014J      0        38            10              1.0 3.330669e-16
 101781||AAA||2013J      0        38            10              1.0 0.000000e+00
 102209||CCC||2014J      1        15            10              1.0 0.000000e+00
 102343||FFF||2013J      0        38            10              1.0 0.000000e+00
1023623||CCC||2014J      0        38            10              1.0 0.000000e+00
1033968||DDD||2014B      1        13            10              1.0 0.000000e+00
 103891||DDD||2014B      0        34            10              1.0 0.000000e+00
 104316||FFF||2014B      0        34            10              1.0 0.000000e+00
1045203||AAA||2014J      0        38            10              1.0 0.000000e+00
1047645||CCC||2014B      0        34            10              1.0 0.000000e+00
1053702||EEE||2013J      0        38            10              1.0 0.000000e+00
 105629||FFF||2013J      0        38            10              1.0 0.000000e+00
1057883||CCC||2014B      0        34            10              1.0 0.000000e+00
 106383||BBB||2014J      1        21            10              1.0 0.000000e+00
 106553||DDD||2014J      0        37            10              1.0 0.000000e+00
ARTIFACT | Stage 5.13.4 table_xgb_aft_tuned_test_predictions - XGBoost AFT test predictions | duckdb://table_xgb_aft_tuned_test_predictions_w2
[Stage 5.13.4 table_xgb_aft_tuned_primary_metrics - XGBoost AFT primary metrics]
table_name=table_xgb_aft_tuned_primary_metrics_w2
rows=2, cols=4
metric_name metric_category  metric_value                         notes
        ibs         primary      0.149666 sksurv_integrated_brier_score
    c_index      co_primary      0.528094          pycox_concordance_td
ARTIFACT | Stage 5.13.4 table_xgb_aft_tuned_primary_metrics - XGBoost AFT primary metrics | duckdb://table_xgb_aft_tuned_primary_metrics_w2
[Stage 5.13.4 table_xgb_aft_tuned_brier_by_horizon - XGBoost AFT Brier scores by horizon]
table_name=table_xgb_aft_tuned_brier_by_horizon_w2
rows=3, cols=5
 horizon_week      metric_name metric_category  metric_value              notes
           10 brier_at_horizon         primary      0.124258 sksurv_brier_score
           20 brier_at_horizon         primary      0.177541 sksurv_brier_score
           30 brier_at_horizon         primary      0.217733 sksurv_brier_score
ARTIFACT | Stage 5.13.4 table_xgb_aft_tuned_brier_by_horizon - XGBoost AFT Brier scores by horizon | duckdb://table_xgb_aft_tuned_brier_by_horizon_w2
[Stage 5.13.4 table_xgb_aft_tuned_secondary_metrics - XGBoost AFT secondary metrics]
table_name=table_xgb_aft_tuned_secondary_metrics_w2
rows=6, cols=5
 horizon_week         metric_name metric_category  metric_value                                                                                  notes
           10 risk_auc_at_horizon       secondary      0.541110                                                            roc_auc_on_evaluable_subset
           10  time_dependent_auc       secondary      0.503853 ipcw_supported_subset(duration < 38); retained=6742/9778; auc=0.503853; local_ipcw_auc
           20 risk_auc_at_horizon       secondary      0.529564                                                            roc_auc_on_evaluable_subset
           20  time_dependent_auc       secondary      0.502645 ipcw_supported_subset(duration < 38); retained=6742/9778; auc=0.502645; local_ipcw_auc
           30 risk_auc_at_horizon       secondary      0.525779                                                            roc_auc_on_evaluable_subset
           30  time_dependent_auc       secondary      0.502546 ipcw_supported_subset(duration < 38); retained=6742/9778; auc=0.502546; local_ipcw_auc
ARTIFACT | Stage 5.13.4 table_xgb_aft_tuned_secondary_metrics - XGBoost AFT secondary metrics | duckdb://table_xgb_aft_tuned_secondary_metrics_w2
[Stage 5.13.4 table_xgb_aft_tuned_td_auc_support_audit - XGBoost AFT IPCW support audit]
table_name=table_xgb_aft_tuned_td_auc_support_audit_w2
rows=3, cols=6
 horizon_week  max_ipcw_time  n_total_test_enrollments  n_supported_test_enrollments  mean_auc                                                         notes
           10           38.0                      9778                          6742  0.503853 IPCW-supported subset used for XGBoost AFT time-dependent AUC
           20           38.0                      9778                          6742  0.502645 IPCW-supported subset used for XGBoost AFT time-dependent AUC
           30           38.0                      9778                          6742  0.502546 IPCW-supported subset used for XGBoost AFT time-dependent AUC
ARTIFACT | Stage 5.13.4 table_xgb_aft_tuned_td_auc_support_audit - XGBoost AFT IPCW support audit | duckdb://table_xgb_aft_tuned_td_auc_support_audit_w2
[Stage 5.13.4 table_xgb_aft_tuned_row_diagnostics - XGBoost AFT row-level diagnostics]
table_name=table_xgb_aft_tuned_row_diagnostics_w2
rows=1, cols=6
   model_name  row_level_roc_auc  row_level_pr_auc  row_level_log_loss  row_level_brier                                                                    diagnostic_note
xgb_aft_tuned           0.521379          0.243419            4.168934         0.226631 auxiliary enrollment-level proxy only; not a primary cross-family benchmark metric
ARTIFACT | Stage 5.13.4 table_xgb_aft_tuned_row_diagnostics - XGBoost AFT row-level diagnostics | duckdb://table_xgb_aft_tuned_row_diagnostics_w2
[Stage 5.13.4 table_xgb_aft_tuned_support_by_horizon - XGBoost AFT support by horizon]
table_name=table_xgb_aft_tuned_support_by_horizon_w2
rows=3, cols=4
 horizon_week  n_evaluable_enrollments  n_events_by_horizon  event_rate_by_horizon
           10                     9778                 1215               0.124259
           20                     9778                 1736               0.177541
           30                     9778                 2129               0.217734
ARTIFACT | Stage 5.13.4 table_xgb_aft_tuned_support_by_horizon - XGBoost AFT support by horizon | duckdb://table_xgb_aft_tuned_support_by_horizon_w2
[Stage 5.13.4 table_xgb_aft_tuned_calibration_summary - XGBoost AFT calibration summary]
table_name=table_xgb_aft_tuned_calibration_summary_w2
rows=3, cols=5
 horizon_week            metric_name metric_category  metric_value                                         notes
           10 calibration_at_horizon         primary      0.124258 Weighted absolute calibration gap across bins
           20 calibration_at_horizon         primary      0.177541 Weighted absolute calibration gap across bins
           30 calibration_at_horizon         primary      0.217734 Weighted absolute calibration gap across bins
ARTIFACT | Stage 5.13.4 table_xgb_aft_tuned_calibration_summary - XGBoost AFT calibration summary | duckdb://table_xgb_aft_tuned_calibration_summary_w2
[Stage 5.13.4 table_xgb_aft_tuned_calibration_bins_by_horizon - XGBoost AFT calibration bins]
table_name=table_xgb_aft_tuned_calibration_bins_by_horizon_w2
rows=30, cols=6
 calibration_bin   n  mean_predicted_risk  observed_event_rate  horizon_week  abs_calibration_gap
               0 978         0.000000e+00             0.118609            10             0.118609
               1 978         0.000000e+00             0.100204            10             0.100204
               2 978         0.000000e+00             0.097137            10             0.097137
               3 977         0.000000e+00             0.116684            10             0.116684
               4 978         0.000000e+00             0.103272            10             0.103272
               5 978         0.000000e+00             0.098160            10             0.098160
               6 977         0.000000e+00             0.123849            10             0.123849
               7 978         0.000000e+00             0.117587            10             0.117587
               8 978         0.000000e+00             0.135992            10             0.135992
               9 978         6.324749e-07             0.231084            10             0.231083
               0 978         0.000000e+00             0.160532            20             0.160532
               1 978         0.000000e+00             0.158487            20             0.158487
               2 978         0.000000e+00             0.161554            20             0.161554
               3 977         0.000000e+00             0.191402            20             0.191402
               4 978         0.000000e+00             0.163599            20             0.163599
               5 978         0.000000e+00             0.154397            20             0.154397
               6 977         0.000000e+00             0.168884            20             0.168884
               7 978         0.000000e+00             0.165644            20             0.165644
               8 978         0.000000e+00             0.178937            20             0.178937
               9 978         1.003815e-06             0.271984            20             0.271983
ARTIFACT | Stage 5.13.4 table_xgb_aft_tuned_calibration_bins_by_horizon - XGBoost AFT calibration bins | duckdb://table_xgb_aft_tuned_calibration_bins_by_horizon_w2
[Stage 5.13.4 table_xgb_aft_tuned_predicted_vs_observed_survival - XGBoost AFT predicted versus observed survival]
table_name=table_xgb_aft_tuned_predicted_vs_observed_survival_w2
rows=3, cols=5
 horizon_week  n_evaluable_enrollments  mean_predicted_survival  mean_observed_survival  abs_gap
           10                     9778                      1.0                0.875741 0.124258
           20                     9778                      1.0                0.822459 0.177541
           30                     9778                      1.0                0.782266 0.217734
ARTIFACT | Stage 5.13.4 table_xgb_aft_tuned_predicted_vs_observed_survival - XGBoost AFT predicted versus observed survival | duckdb://table_xgb_aft_tuned_predicted_vs_observed_survival_w2
ARTIFACT | xgb_aft_model | /Users/rafars/dropout_benchmark_desenv/outputs_benchmark_survival/models/xgb_aft_tuned_w2.joblib
ARTIFACT | xgb_aft_preprocessor | /Users/rafars/dropout_benchmark_desenv/outputs_benchmark_survival/models/xgb_aft_preprocessor_w2.joblib
ARTIFACT | xgb_aft_tuned_model_config | /Users/rafars/dropout_benchmark_desenv/outputs_benchmark_survival/metadata/xgb_aft_tuned_model_config_w2.json
{
  "model_name": "xgb_aft_tuned",
  "selection_metric": "lowest_validation_ibs",
  "implementation": "xgboost_survival_aft",
  "validation_split": {
    "method": "GroupShuffleSplit",
    "test_size": 0.1,
    "group_column": "enrollment_id",
    "random_seed": 42
  },
  "search_space": [
    {
      "candidate_id": 1,
      "aft_loss_distribution": "logistic",
      "aft_loss_distribution_scale": 1.0,
      "learning_rate": 0.03,
      "num_boost_round": 200,
      "max_depth": 2,
      "min_child_weight": 1.0,
      "subsample": 0.8,
      "colsample_bytree": 0.8,
      "reg_lambda": 1.0,
      "reg_alpha": 0.0
    },
    {
      "candidate_id": 2,
      "aft_loss_distribution": "logistic",
      "aft_loss_distribution_scale": 1.0,
      "learning_rate": 0.05,
      "num_boost_round": 200,
      "max_depth": 2,
      "min_child_weight": 1.0,
      "subsample": 0.8,
      "colsample_bytree": 0.8,
      "reg_lambda": 1.0,
      "reg_alpha": 0.0
    },
    {
      "candidate_id": 3,
      "aft_loss_distribution": "logistic",
      "aft_loss_distribution_scale": 1.0,
      "learning_rate": 0.03,
      "num_boost_round": 400,
      "max_depth": 2,
      "min_child_weight": 1.0,
      "subsample": 0.8,
      "colsample_bytree": 0.8,
      "reg_lambda": 1.0,
      "reg_alpha": 0.0
    },
    {
      "candidate_id": 4,
      "aft_loss_distribution": "logistic",
      "aft_loss_distribution_scale": 1.0,
      "learning_rate": 0.05,
      "num_boost_round": 400,
      "max_depth": 2,
      "min_child_weight": 1.0,
      "subsample": 0.8,
      "colsample_bytree": 0.8,
      "reg_lambda": 1.0,
      "reg_alpha": 0.0
    },
    {
      "candidate_id": 5,
      "aft_loss_distribution": "logistic",
      "aft_loss_distribution_scale": 1.5,
      "learning_rate": 0.03,
      "num_boost_round": 200,
      "max_depth": 2,
      "min_child_weight": 1.0,
      "subsample": 0.8,
      "colsample_bytree": 0.8,
      "reg_lambda": 1.0,
      "reg_alpha": 0.0
    },
    {
      "candidate_id": 6,
      "aft_loss_distribution": "logistic",
      "aft_loss_distribution_scale": 1.5,
      "learning_rate": 0.05,
      "num_boost_round": 200,
      "max_depth": 2,
      "min_child_weight": 1.0,
      "subsample": 0.8,
      "colsample_bytree": 0.8,
      "reg_lambda": 1.0,
      "reg_alpha": 0.0
    },
    {
      "candidate_id": 7,
      "aft_loss_distribution": "logistic",
      "aft_loss_distribution_scale": 1.5,
      "learning_rate": 0.03,
      "num_boost_round": 400,
      "max_depth": 2,
      "min_child_weight": 2.0,
      "subsample": 0.8,
      "colsample_bytree": 0.8,
      "reg_lambda": 5.0,
      "reg_alpha": 0.0
    },
    {
      "candidate_id": 8,
      "aft_loss_distribution": "logistic",
      "aft_loss_distribution_scale": 1.5,
      "learning_rate": 0.05,
      "num_boost_round": 400,
      "max_depth": 2,
      "min_child_weight": 2.0,
      "subsample": 0.8,
      "colsample_bytree": 0.8,
      "reg_lambda": 5.0,
      "reg_alpha": 0.0
    },
    {
      "candidate_id": 9,
      "aft_loss_distribution": "logistic",
      "aft_loss_distribution_scale": 2.0,
      "learning_rate": 0.03,
      "num_boost_round": 200,
      "max_depth": 2,
      "min_child_weight": 1.0,
      "subsample": 0.8,
      "colsample_bytree": 0.8,
      "reg_lambda": 1.0,
      "reg_alpha": 0.0
    },
    {
      "candidate_id": 10,
      "aft_loss_distribution": "logistic",
      "aft_loss_distribution_scale": 2.0,
      "learning_rate": 0.05,
      "num_boost_round": 200,
      "max_depth": 2,
      "min_child_weight": 1.0,
      "subsample": 0.8,
      "colsample_bytree": 0.8,
      "reg_lambda": 1.0,
      "reg_alpha": 0.0
    },
    {
      "candidate_id": 11,
      "aft_loss_distribution": "logistic",
      "aft_loss_distribution_scale": 2.0,
      "learning_rate": 0.03,
      "num_boost_round": 400,
      "max_depth": 2,
      "min_child_weight": 2.0,
      "subsample": 0.8,
      "colsample_bytree": 0.8,
      "reg_lambda": 5.0,
      "reg_alpha": 0.0
    },
    {
      "candidate_id": 12,
      "aft_loss_distribution": "logistic",
      "aft_loss_distribution_scale": 2.0,
      "learning_rate": 0.05,
      "num_boost_round": 400,
      "max_depth": 2,
      "min_child_weight": 2.0,
      "subsample": 0.8,
      "colsample_bytree": 0.8,
      "reg_lambda": 5.0,
      "reg_alpha": 0.0
    },
    {
      "candidate_id": 13,
      "aft_loss_distribution": "normal",
      "aft_loss_distribution_scale": 1.0,
      "learning_rate": 0.03,
      "num_boost_round": 200,
      "max_depth": 2,
      "min_child_weight": 1.0,
      "subsample": 0.8,
      "colsample_bytree": 0.8,
      "reg_lambda": 1.0,
      "reg_alpha": 0.0
    },
    {
      "candidate_id": 14,
      "aft_loss_distribution": "normal",
      "aft_loss_distribution_scale": 1.0,
      "learning_rate": 0.05,
      "num_boost_round": 200,
      "max_depth": 2,
      "min_child_weight": 1.0,
      "subsample": 0.8,
      "colsample_bytree": 0.8,
      "reg_lambda": 1.0,
      "reg_alpha": 0.0
    },
    {
      "candidate_id": 15,
      "aft_loss_distribution": "normal",
      "aft_loss_distribution_scale": 1.0,
      "learning_rate": 0.03,
      "num_boost_round": 400,
      "max_depth": 2,
      "min_child_weight": 1.0,
      "subsample": 0.8,
      "colsample_bytree": 0.8,
      "reg_lambda": 1.0,
      "reg_alpha": 0.0
    },
    {
      "candidate_id": 16,
      "aft_loss_distribution": "normal",
      "aft_loss_distribution_scale": 1.0,
      "learning_rate": 0.05,
      "num_boost_round": 400,
      "max_depth": 2,
      "min_child_weight": 1.0,
      "subsample": 0.8,
      "colsample_bytree": 0.8,
      "reg_lambda": 1.0,
      "reg_alpha": 0.0
    },
    {
      "candidate_id": 17,
      "aft_loss_distribution": "normal",
      "aft_loss_distribution_scale": 1.5,
      "learning_rate": 0.03,
      "num_boost_round": 200,
      "max_depth": 2,
      "min_child_weight": 1.0,
      "subsample": 0.8,
      "colsample_bytree": 0.8,
      "reg_lambda": 1.0,
      "reg_alpha": 0.0
    },
    {
      "candidate_id": 18,
      "aft_loss_distribution": "normal",
      "aft_loss_distribution_scale": 1.5,
      "learning_rate": 0.05,
      "num_boost_round": 200,
      "max_depth": 2,
      "min_child_weight": 1.0,
      "subsample": 0.8,
      "colsample_bytree": 0.8,
      "reg_lambda": 1.0,
      "reg_alpha": 0.0
    },
    {
      "candidate_id": 19,
      "aft_loss_distribution": "normal",
      "aft_loss_distribution_scale": 1.5,
      "learning_rate": 0.03,
      "num_boost_round": 400,
      "max_depth": 2,
      "min_child_weight": 2.0,
      "subsample": 0.8,
      "colsample_bytree": 0.8,
      "reg_lambda": 5.0,
      "reg_alpha": 0.0
    },
    {
      "candidate_id": 20,
      "aft_loss_distribution": "normal",
      "aft_loss_distribution_scale": 1.5,
      "learning_rate": 0.05,
      "num_boost_round": 400,
      "max_depth": 2,
      "min_child_weight": 2.0,
      "subsample": 0.8,
      "colsample_bytree": 0.8,
      "reg_lambda": 5.0,
      "reg_alpha": 0.0
    },
    {
      "candidate_id": 21,
      "aft_loss_distribution": "normal",
      "aft_loss_distribution_scale": 2.0,
      "learning_rate": 0.03,
      "num_boost_round": 200,
      "max_depth": 2,
      "min_child_weight": 1.0,
      "subsample": 0.8,
      "colsample_bytree": 0.8,
      "reg_lambda": 1.0,
      "reg_alpha": 0.0
    },
    {
      "candidate_id": 22,
      "aft_loss_distribution": "normal",
      "aft_loss_distribution_scale": 2.0,
      "learning_rate": 0.05,
      "num_boost_round": 200,
      "max_depth": 2,
      "min_child_weight": 1.0,
      "subsample": 0.8,
      "colsample_bytree": 0.8,
      "reg_lambda": 1.0,
      "reg_alpha": 0.0
    },
    {
      "candidate_id": 23,
      "aft_loss_distribution": "normal",
      "aft_loss_distribution_scale": 2.0,
      "learning_rate": 0.03,
      "num_boost_round": 400,
      "max_depth": 2,
      "min_child_weight": 2.0,
      "subsample": 0.8,
      "colsample_bytree": 0.8,
      "reg_lambda": 5.0,
      "reg_alpha": 0.0
    },
    {
      "candidate_id": 24,
      "aft_loss_distribution": "normal",
      "aft_loss_distribution_scale": 2.0,
      "learning_rate": 0.05,
      "num_boost_round": 400,
      "max_depth": 2,
      "min_child_weight": 2.0,
      "subsample": 0.8,
      "colsample_bytree": 0.8,
      "reg_lambda": 5.0,
      "reg_alpha": 0.0
    }
  ],
  "benchmark_horizons": [
    10,
    20,
    30
  ],
  "calibration_bins": 10,
  "calibration_contract_version": "v2_ipcw_km_observed_risk",
  "calibration_observed_risk_method": "ipcw_km_pseudo_event_rate",
  "variance_filter_threshold": 1e-12,
  "duration_floor": 1.0,
  "effective_window_weeks": 2,
  "input_train_table": "enrollment_cox_ready_train_w2",
  "input_test_table": "enrollment_cox_ready_test_w2",
  "best_candidate": {
    "candidate_id": 8,
    "params": {
      "aft_loss_distribution": "logistic",
      "aft_loss_distribution_scale": 1.5,
      "learning_rate": 0.05,
      "num_boost_round": 400,
      "max_depth": 2,
      "min_child_weight": 2.0,
      "subsample": 0.8,
      "colsample_bytree": 0.8,
      "reg_lambda": 5.0,
      "reg_alpha": 0.0
    },
    "val_ibs": 0.1459396744048009,
    "val_c_index": 0.5228608176655057,
    "implementation": "xgboost_survival_aft"
  },
  "guardrails": {
    "validation_test_size": 0.1,
    "search_row_cap": 14634,
    "final_row_cap": 14634,
    "search_rows_selected": 14634,
    "final_rows_selected": 14634,
    "subtrain_rows": 20533,
    "validation_rows": 2282,
    "full_train_rows": 22815,
    "subtrain_enrollments": 20533,
    "validation_enrollments": 2282,
    "full_train_enrollments": 22815,
    "n_features": 41,
    "subtrain_event_rate": 0.22709784249744314,
    "validation_event_rate": 0.22261174408413673,
    "full_train_event_rate": 0.22664913434144204,
    "sampled_subtrain_event_rate": 0.22707393740604073,
    "sampled_full_train_event_rate": 0.22666393330599974,
    "random_seed": 42
  },
  "preprocessing": {
    "categorical_features": [
      "gender",
      "region",
      "highest_education",
      "imd_band",
      "age_band",
      "disability"
    ],
    "numeric_features": [
      "num_of_prev_attempts",
      "studied_credits",
      "clicks_first_2_weeks",
      "active_weeks_first_2",
      "mean_clicks_first_2_weeks"
    ],
    "numeric_prefill_values": {
      "num_of_prev_attempts": 0.0,
      "studied_credits": 60.0,
      "clicks_first_2_weeks": 56.0,
      "active_weeks_first_2": 2.0,
      "mean_clicks_first_2_weeks": 33.0
    },
    "feature_names_before_filter": [
      "num__num_of_prev_attempts",
      "num__studied_credits",
      "num__clicks_first_2_weeks",
      "num__active_weeks_first_2",
      "num__mean_clicks_first_2_weeks",
      "cat__gender_F",
      "cat__gender_M",
      "cat__region_East Anglian Region",
      "cat__region_East Midlands Region",
      "cat__region_Ireland",
      "cat__region_London Region",
      "cat__region_North Region",
      "cat__region_North Western Region",
      "cat__region_Scotland",
      "cat__region_South East Region",
      "cat__region_South Region",
      "cat__region_South West Region",
      "cat__region_Wales",
      "cat__region_West Midlands Region",
      "cat__region_Yorkshire Region",
      "cat__highest_education_A Level or Equivalent",
      "cat__highest_education_HE Qualification",
      "cat__highest_education_Lower Than A Level",
      "cat__highest_education_No Formal quals",
      "cat__highest_education_Post Graduate Qualification",
      "cat__imd_band_0-10%",
      "cat__imd_band_10-20",
      "cat__imd_band_20-30%",
      "cat__imd_band_30-40%",
      "cat__imd_band_40-50%",
      "cat__imd_band_50-60%",
      "cat__imd_band_60-70%",
      "cat__imd_band_70-80%",
      "cat__imd_band_80-90%",
      "cat__imd_band_90-100%",
      "cat__imd_band_None",
      "cat__age_band_0-35",
      "cat__age_band_35-55",
      "cat__age_band_55<=",
      "cat__disability_N",
      "cat__disability_Y"
    ],
    "feature_names_out": [
      "num__num_of_prev_attempts",
      "num__studied_credits",
      "num__clicks_first_2_weeks",
      "num__active_weeks_first_2",
      "num__mean_clicks_first_2_weeks",
      "cat__gender_F",
      "cat__gender_M",
      "cat__region_East Anglian Region",
      "cat__region_East Midlands Region",
      "cat__region_Ireland",
      "cat__region_London Region",
      "cat__region_North Region",
      "cat__region_North Western Region",
      "cat__region_Scotland",
      "cat__region_South East Region",
      "cat__region_South Region",
      "cat__region_South West Region",
      "cat__region_Wales",
      "cat__region_West Midlands Region",
      "cat__region_Yorkshire Region",
      "cat__highest_education_A Level or Equivalent",
      "cat__highest_education_HE Qualification",
      "cat__highest_education_Lower Than A Level",
      "cat__highest_education_No Formal quals",
      "cat__highest_education_Post Graduate Qualification",
      "cat__imd_band_0-10%",
      "cat__imd_band_10-20",
      "cat__imd_band_20-30%",
      "cat__imd_band_30-40%",
      "cat__imd_band_40-50%",
      "cat__imd_band_50-60%",
      "cat__imd_band_60-70%",
      "cat__imd_band_70-80%",
      "cat__imd_band_80-90%",
      "cat__imd_band_90-100%",
      "cat__imd_band_None",
      "cat__age_band_0-35",
      "cat__age_band_35-55",
      "cat__age_band_55<=",
      "cat__disability_N",
      "cat__disability_Y"
    ],
    "dropped_low_variance_features": []
  },
  "design_note": "The comparable XGBoost AFT arm preserves the canonical early-window contract, uses deterministic train-only preprocessing, fits ranged censoring labels through xgboost.DMatrix, and reconstructs survival curves from the tuned AFT location predictions under validation IBS."
}

 candidate_id                                                                                                                                                                                                                                            params  val_ibs  val_c_index       implementation
            8 {'aft_loss_distribution': 'logistic', 'aft_loss_distribution_scale': 1.5, 'learning_rate': 0.05, 'num_boost_round': 400, 'max_depth': 2, 'min_child_weight': 2.0, 'subsample': 0.8, 'colsample_bytree': 0.8, 'reg_lambda': 5.0, 'reg_alpha': 0.0}  0.14594     0.522861 xgboost_survival_aft
[END] 5.13.4 - 2026-06-19 22:30:29
[START] 5.13.5 - 2026-06-19 22:30:29
# ==============================================================
# 5.13.5 - Close runtime resources
# ==============================================================
DuckDB connection closed.
ARTIFACT | duckdb_connection | closed::/Users/rafars/dropout_benchmark_desenv/outputs_benchmark_survival/benchmark_survival.duckdb
[END] 5.13.5 - 2026-06-19 22:30:30
[RUN_PLAN] comparable_window_weeks=4
[START] 5.13.1 - 2026-06-19 22:30:30
# ==============================================================
# 5.13.1 - Lightweight runtime bootstrap
# ==============================================================
ARTIFACT | benchmark_shared_config | /Users/rafars/dropout_benchmark_desenv/benchmark_shared_config.toml
ARTIFACT | benchmark_modeling_contract | /Users/rafars/dropout_benchmark_desenv/benchmark_modeling_contract.toml
ARTIFACT | run_metadata | /Users/rafars/dropout_benchmark_desenv/outputs_benchmark_survival/metadata/run_metadata.json
ARTIFACT | duckdb_path | /Users/rafars/dropout_benchmark_desenv/outputs_benchmark_survival/benchmark_survival.duckdb
{
  "run_id": "f3766e75053447a7beb7a1c4936d231f",
  "random_seed": 42,
  "test_size": 0.3,
  "early_window_weeks": 4,
  "main_enrollment_window_weeks": 4,
  "effective_window_weeks": 4,
  "input_train_table": "enrollment_cox_ready_train",
  "input_test_table": "enrollment_cox_ready_test"
}
[END] 5.13.1 - 2026-06-19 22:30:30
[START] 5.13.2 - 2026-06-19 22:30:30
# ==============================================================
# 5.13.2 - Build comparable XGBoost AFT treatment
# ==============================================================
[Stage 5.13.2 table_xgb_aft_preprocessing_summary - XGBoost AFT preprocessing summary]
table_name=table_xgb_aft_preprocessing_summary
rows=1, cols=21
model_family  train_rows  test_rows  n_input_features_raw  n_numeric_features  n_categorical_features  n_features_after_encoding_before_filter  n_features_after_variance_filter  n_features_dropped_by_variance_filter  n_events_train  n_events_test  mean_duration_train  mean_duration_test                              numeric_prefill_policy categorical_imputation          categorical_encoding                   numeric_scaling  variance_filter_threshold output_dtype                        model_positioning_note  window_weeks
 xgboost_aft       22815       9778                    11                   5                       6                                       41                                41                                      0            5171           2216            30.536182           30.539476 deterministic_train_median_or_zero_when_all_missing       constant_missing one_hot_handle_unknown_ignore standard_scaler_fit_on_train_only               1.000000e-12      float32 early-window comparable XGBoost AFT benchmark             4
ARTIFACT | Stage 5.13.2 table_xgb_aft_preprocessing_summary - XGBoost AFT preprocessing summary | duckdb://table_xgb_aft_preprocessing_summary
[Stage 5.13.2 table_xgb_aft_raw_feature_manifest - XGBoost AFT raw feature manifest]
table_name=table_xgb_aft_raw_feature_manifest
rows=11, cols=6
 feature_name_operational feature_role  present_in_train  present_in_test  covered_by_canonical_config  numeric_prefill_value
                   gender  categorical              True             True                        False                    NaN
                   region  categorical              True             True                        False                    NaN
        highest_education  categorical              True             True                        False                    NaN
                 imd_band  categorical              True             True                        False                    NaN
                 age_band  categorical              True             True                        False                    NaN
               disability  categorical              True             True                        False                    NaN
     num_of_prev_attempts      numeric              True             True                         True                   0.00
          studied_credits      numeric              True             True                         True                  60.00
     clicks_first_4_weeks      numeric              True             True                         True                 136.00
     active_weeks_first_4      numeric              True             True                         True                   4.00
mean_clicks_first_4_weeks      numeric              True             True                         True                  41.25
ARTIFACT | Stage 5.13.2 table_xgb_aft_raw_feature_manifest - XGBoost AFT raw feature manifest | duckdb://table_xgb_aft_raw_feature_manifest
[Stage 5.13.2 table_xgb_aft_feature_names_out - XGBoost AFT output feature manifest]
table_name=table_xgb_aft_feature_names_out
rows=41, cols=2
                feature_name_out  transformed_variance_train
       num__num_of_prev_attempts                    1.000000
            num__studied_credits                    1.000000
       num__clicks_first_4_weeks                    1.000000
       num__active_weeks_first_4                    1.000000
  num__mean_clicks_first_4_weeks                    1.000000
                   cat__gender_F                    0.247988
                   cat__gender_M                    0.247988
 cat__region_East Anglian Region                    0.092080
cat__region_East Midlands Region                    0.067091
             cat__region_Ireland                    0.034283
       cat__region_London Region                    0.088295
        cat__region_North Region                    0.052060
cat__region_North Western Region                    0.082139
            cat__region_Scotland                    0.094370
   cat__region_South East Region                    0.059974
        cat__region_South Region                    0.087554
   cat__region_South West Region                    0.068848
               cat__region_Wales                    0.059707
cat__region_West Midlands Region                    0.073261
    cat__region_Yorkshire Region                    0.058136
ARTIFACT | Stage 5.13.2 table_xgb_aft_feature_names_out - XGBoost AFT output feature manifest | duckdb://table_xgb_aft_feature_names_out
ARTIFACT | xgb_aft_preprocessing_config | /Users/rafars/dropout_benchmark_desenv/outputs_benchmark_survival/metadata/xgb_aft_preprocessing_config.json
{
  "model_family": "xgboost_aft",
  "duration_column": "duration",
  "event_column": "event",
  "categorical_features": [
    "gender",
    "region",
    "highest_education",
    "imd_band",
    "age_band",
    "disability"
  ],
  "numeric_features": [
    "num_of_prev_attempts",
    "studied_credits",
    "clicks_first_4_weeks",
    "active_weeks_first_4",
    "mean_clicks_first_4_weeks"
  ],
  "raw_feature_columns": [
    "gender",
    "region",
    "highest_education",
    "imd_band",
    "age_band",
    "disability",
    "num_of_prev_attempts",
    "studied_credits",
    "clicks_first_4_weeks",
    "active_weeks_first_4",
    "mean_clicks_first_4_weeks"
  ],
  "expected_features_raw": [
    "studied_credits",
    "num_of_prev_attempts",
    "studied_credits",
    "num_of_prev_attempts",
    "clicks_first_4_weeks",
    "active_weeks_first_4",
    "mean_clicks_first_4_weeks"
  ],
  "expected_features_resolved": [
    "studied_credits",
    "num_of_prev_attempts",
    "clicks_first_4_weeks",
    "active_weeks_first_4",
    "mean_clicks_first_4_weeks"
  ],
  "numeric_prefill_policy": "deterministic_train_median_or_zero_when_all_missing",
  "numeric_fill_values": {
    "num_of_prev_attempts": 0.0,
    "studied_credits": 60.0,
    "clicks_first_4_weeks": 136.0,
    "active_weeks_first_4": 4.0,
    "mean_clicks_first_4_weeks": 41.25
  },
  "categorical_imputation": "constant_missing",
  "categorical_encoding": "one_hot_handle_unknown_ignore",
  "numeric_scaling": "standard_scaler_fit_on_train_only",
  "variance_filter_threshold": 1e-12,
  "feature_names_before_filter": [
    "num__num_of_prev_attempts",
    "num__studied_credits",
    "num__clicks_first_4_weeks",
    "num__active_weeks_first_4",
    "num__mean_clicks_first_4_weeks",
    "cat__gender_F",
    "cat__gender_M",
    "cat__region_East Anglian Region",
    "cat__region_East Midlands Region",
    "cat__region_Ireland",
    "cat__region_London Region",
    "cat__region_North Region",
    "cat__region_North Western Region",
    "cat__region_Scotland",
    "cat__region_South East Region",
    "cat__region_South Region",
    "cat__region_South West Region",
    "cat__region_Wales",
    "cat__region_West Midlands Region",
    "cat__region_Yorkshire Region",
    "cat__highest_education_A Level or Equivalent",
    "cat__highest_education_HE Qualification",
    "cat__highest_education_Lower Than A Level",
    "cat__highest_education_No Formal quals",
    "cat__highest_education_Post Graduate Qualification",
    "cat__imd_band_0-10%",
    "cat__imd_band_10-20",
    "cat__imd_band_20-30%",
    "cat__imd_band_30-40%",
    "cat__imd_band_40-50%",
    "cat__imd_band_50-60%",
    "cat__imd_band_60-70%",
    "cat__imd_band_70-80%",
    "cat__imd_band_80-90%",
    "cat__imd_band_90-100%",
    "cat__imd_band_None",
    "cat__age_band_0-35",
    "cat__age_band_35-55",
    "cat__age_band_55<=",
    "cat__disability_N",
    "cat__disability_Y"
  ],
  "feature_names_out": [
    "num__num_of_prev_attempts",
    "num__studied_credits",
    "num__clicks_first_4_weeks",
    "num__active_weeks_first_4",
    "num__mean_clicks_first_4_weeks",
    "cat__gender_F",
    "cat__gender_M",
    "cat__region_East Anglian Region",
    "cat__region_East Midlands Region",
    "cat__region_Ireland",
    "cat__region_London Region",
    "cat__region_North Region",
    "cat__region_North Western Region",
    "cat__region_Scotland",
    "cat__region_South East Region",
    "cat__region_South Region",
    "cat__region_South West Region",
    "cat__region_Wales",
    "cat__region_West Midlands Region",
    "cat__region_Yorkshire Region",
    "cat__highest_education_A Level or Equivalent",
    "cat__highest_education_HE Qualification",
    "cat__highest_education_Lower Than A Level",
    "cat__highest_education_No Formal quals",
    "cat__highest_education_Post Graduate Qualification",
    "cat__imd_band_0-10%",
    "cat__imd_band_10-20",
    "cat__imd_band_20-30%",
    "cat__imd_band_30-40%",
    "cat__imd_band_40-50%",
    "cat__imd_band_50-60%",
    "cat__imd_band_60-70%",
    "cat__imd_band_70-80%",
    "cat__imd_band_80-90%",
    "cat__imd_band_90-100%",
    "cat__imd_band_None",
    "cat__age_band_0-35",
    "cat__age_band_35-55",
    "cat__age_band_55<=",
    "cat__disability_N",
    "cat__disability_Y"
  ],
  "dropped_low_variance_features": [],
  "model_positioning_note": "early-window comparable XGBoost AFT benchmark",
  "window_weeks": 4
}

[END] 5.13.2 - 2026-06-19 22:30:30
[START] 5.13.3 - 2026-06-19 22:30:30
# ==============================================================
# 5.13.3 - Compute runtime guardrails for gradient boosting
# ==============================================================
[Stage 5.13.3 table_xgb_aft_guardrails - XGBoost AFT runtime guardrails]
table_name=table_xgb_aft_guardrails
rows=1, cols=18
 validation_test_size  search_row_cap  final_row_cap  search_rows_selected  final_rows_selected  subtrain_rows  validation_rows  full_train_rows  subtrain_enrollments  validation_enrollments  full_train_enrollments  n_features  subtrain_event_rate  validation_event_rate  full_train_event_rate  sampled_subtrain_event_rate  sampled_full_train_event_rate  random_seed
                  0.1           14634          14634                 14634                14634          20533             2282            22815                 20533                    2282                   22815          41             0.227098               0.222612               0.226649                     0.227074                       0.226664           42
ARTIFACT | Stage 5.13.3 table_xgb_aft_guardrails - XGBoost AFT runtime guardrails | duckdb://table_xgb_aft_guardrails
[END] 5.13.3 - 2026-06-19 22:30:30
[START] 5.13.4 - 2026-06-19 22:30:30
# ==============================================================
# 5.13.4 - Tune and evaluate the XGBoost AFT model
# ==============================================================
[Stage 5.13.4 table_xgb_aft_tuning_results - XGBoost AFT tuning results]
table_name=table_xgb_aft_tuning_results
rows=24, cols=13
 candidate_id aft_loss_distribution  aft_loss_distribution_scale  learning_rate  num_boost_round  max_depth  min_child_weight  subsample  colsample_bytree  reg_lambda  reg_alpha  val_ibs  val_c_index
            4              logistic                          1.0           0.05              400          2               1.0        0.8               0.8         1.0        0.0 0.145342     0.563817
           12              logistic                          2.0           0.05              400          2               2.0        0.8               0.8         5.0        0.0 0.145404     0.556107
            8              logistic                          1.5           0.05              400          2               2.0        0.8               0.8         5.0        0.0 0.145490     0.567136
           24                normal                          2.0           0.05              400          2               2.0        0.8               0.8         5.0        0.0 0.145735     0.522701
           20                normal                          1.5           0.05              400          2               2.0        0.8               0.8         5.0        0.0 0.145764     0.522386
           16                normal                          1.0           0.05              400          2               1.0        0.8               0.8         1.0        0.0 0.145827     0.509870
            3              logistic                          1.0           0.03              400          2               1.0        0.8               0.8         1.0        0.0 0.145827     0.559349
            2              logistic                          1.0           0.05              200          2               1.0        0.8               0.8         1.0        0.0 0.145861     0.560849
           11              logistic                          2.0           0.03              400          2               2.0        0.8               0.8         5.0        0.0 0.145884     0.557549
            7              logistic                          1.5           0.03              400          2               2.0        0.8               0.8         5.0        0.0 0.145904     0.564557
            6              logistic                          1.5           0.05              200          2               1.0        0.8               0.8         1.0        0.0 0.145916     0.563267
           10              logistic                          2.0           0.05              200          2               1.0        0.8               0.8         1.0        0.0 0.145922     0.559559
           19                normal                          1.5           0.03              400          2               2.0        0.8               0.8         5.0        0.0 0.145933     0.511108
           23                normal                          2.0           0.03              400          2               2.0        0.8               0.8         5.0        0.0 0.145938     0.514631
            1              logistic                          1.0           0.03              200          2               1.0        0.8               0.8         1.0        0.0 0.145939     0.555590
           15                normal                          1.0           0.03              400          2               1.0        0.8               0.8         1.0        0.0 0.145939     0.507581
            5              logistic                          1.5           0.03              200          2               1.0        0.8               0.8         1.0        0.0 0.145940     0.556356
           22                normal                          2.0           0.05              200          2               1.0        0.8               0.8         1.0        0.0 0.145940     0.512645
            9              logistic                          2.0           0.03              200          2               1.0        0.8               0.8         1.0        0.0 0.145940     0.545453
           18                normal                          1.5           0.05              200          2               1.0        0.8               0.8         1.0        0.0 0.145940     0.510374
ARTIFACT | Stage 5.13.4 table_xgb_aft_tuning_results - XGBoost AFT tuning results | duckdb://table_xgb_aft_tuning_results
[Stage 5.13.4 table_xgb_aft_tuned_test_predictions - XGBoost AFT test predictions]
table_name=table_xgb_aft_tuned_test_predictions
rows=29334, cols=6
      enrollment_id  event  duration  horizon_week  pred_survival_h  pred_risk_h
 100561||DDD||2014J      0        37            10              1.0 0.000000e+00
 100621||CCC||2014B      1         6            10              1.0 0.000000e+00
 101187||DDD||2014J      0        37            10              1.0 0.000000e+00
 101279||DDD||2014J      0        37            10              1.0 0.000000e+00
 101414||EEE||2013J      0        38            10              1.0 0.000000e+00
 101700||CCC||2014J      0        38            10              1.0 2.208467e-11
 101781||AAA||2013J      0        38            10              1.0 0.000000e+00
 102209||CCC||2014J      1        15            10              1.0 0.000000e+00
 102343||FFF||2013J      0        38            10              1.0 0.000000e+00
1023623||CCC||2014J      0        38            10              1.0 0.000000e+00
1033968||DDD||2014B      1        13            10              1.0 3.985701e-14
 103891||DDD||2014B      0        34            10              1.0 0.000000e+00
 104316||FFF||2014B      0        34            10              1.0 0.000000e+00
1045203||AAA||2014J      0        38            10              1.0 0.000000e+00
1047645||CCC||2014B      0        34            10              1.0 0.000000e+00
1053702||EEE||2013J      0        38            10              1.0 0.000000e+00
 105629||FFF||2013J      0        38            10              1.0 0.000000e+00
1057883||CCC||2014B      0        34            10              1.0 0.000000e+00
 106383||BBB||2014J      1        21            10              1.0 0.000000e+00
 106553||DDD||2014J      0        37            10              1.0 0.000000e+00
ARTIFACT | Stage 5.13.4 table_xgb_aft_tuned_test_predictions - XGBoost AFT test predictions | duckdb://table_xgb_aft_tuned_test_predictions
[Stage 5.13.4 table_xgb_aft_tuned_primary_metrics - XGBoost AFT primary metrics]
table_name=table_xgb_aft_tuned_primary_metrics
rows=2, cols=4
metric_name metric_category  metric_value                         notes
        ibs         primary      0.149492 sksurv_integrated_brier_score
    c_index      co_primary      0.577164          pycox_concordance_td
ARTIFACT | Stage 5.13.4 table_xgb_aft_tuned_primary_metrics - XGBoost AFT primary metrics | duckdb://table_xgb_aft_tuned_primary_metrics
[Stage 5.13.4 table_xgb_aft_tuned_brier_by_horizon - XGBoost AFT Brier scores by horizon]
table_name=table_xgb_aft_tuned_brier_by_horizon
rows=3, cols=5
 horizon_week      metric_name metric_category  metric_value              notes
           10 brier_at_horizon         primary      0.124134 sksurv_brier_score
           20 brier_at_horizon         primary      0.177319 sksurv_brier_score
           30 brier_at_horizon         primary      0.217430 sksurv_brier_score
ARTIFACT | Stage 5.13.4 table_xgb_aft_tuned_brier_by_horizon - XGBoost AFT Brier scores by horizon | duckdb://table_xgb_aft_tuned_brier_by_horizon
[Stage 5.13.4 table_xgb_aft_tuned_secondary_metrics - XGBoost AFT secondary metrics]
table_name=table_xgb_aft_tuned_secondary_metrics
rows=6, cols=5
 horizon_week         metric_name metric_category  metric_value                                                                                  notes
           10 risk_auc_at_horizon       secondary      0.631221                                                            roc_auc_on_evaluable_subset
           10  time_dependent_auc       secondary      0.548524 ipcw_supported_subset(duration < 38); retained=6742/9778; auc=0.548524; local_ipcw_auc
           20 risk_auc_at_horizon       secondary      0.597351                                                            roc_auc_on_evaluable_subset
           20  time_dependent_auc       secondary      0.542021 ipcw_supported_subset(duration < 38); retained=6742/9778; auc=0.542021; local_ipcw_auc
           30 risk_auc_at_horizon       secondary      0.581088                                                            roc_auc_on_evaluable_subset
           30  time_dependent_auc       secondary      0.535112 ipcw_supported_subset(duration < 38); retained=6742/9778; auc=0.535112; local_ipcw_auc
ARTIFACT | Stage 5.13.4 table_xgb_aft_tuned_secondary_metrics - XGBoost AFT secondary metrics | duckdb://table_xgb_aft_tuned_secondary_metrics
[Stage 5.13.4 table_xgb_aft_tuned_td_auc_support_audit - XGBoost AFT IPCW support audit]
table_name=table_xgb_aft_tuned_td_auc_support_audit
rows=3, cols=6
 horizon_week  max_ipcw_time  n_total_test_enrollments  n_supported_test_enrollments  mean_auc                                                         notes
           10           38.0                      9778                          6742  0.548524 IPCW-supported subset used for XGBoost AFT time-dependent AUC
           20           38.0                      9778                          6742  0.542021 IPCW-supported subset used for XGBoost AFT time-dependent AUC
           30           38.0                      9778                          6742  0.535112 IPCW-supported subset used for XGBoost AFT time-dependent AUC
ARTIFACT | Stage 5.13.4 table_xgb_aft_tuned_td_auc_support_audit - XGBoost AFT IPCW support audit | duckdb://table_xgb_aft_tuned_td_auc_support_audit
[Stage 5.13.4 table_xgb_aft_tuned_row_diagnostics - XGBoost AFT row-level diagnostics]
table_name=table_xgb_aft_tuned_row_diagnostics
rows=1, cols=6
   model_name  row_level_roc_auc  row_level_pr_auc  row_level_log_loss  row_level_brier                                                                    diagnostic_note
xgb_aft_tuned           0.569871          0.285284            4.075818         0.226615 auxiliary enrollment-level proxy only; not a primary cross-family benchmark metric
ARTIFACT | Stage 5.13.4 table_xgb_aft_tuned_row_diagnostics - XGBoost AFT row-level diagnostics | duckdb://table_xgb_aft_tuned_row_diagnostics
[Stage 5.13.4 table_xgb_aft_tuned_support_by_horizon - XGBoost AFT support by horizon]
table_name=table_xgb_aft_tuned_support_by_horizon
rows=3, cols=4
 horizon_week  n_evaluable_enrollments  n_events_by_horizon  event_rate_by_horizon
           10                     9778                 1215               0.124259
           20                     9778                 1736               0.177541
           30                     9778                 2129               0.217734
ARTIFACT | Stage 5.13.4 table_xgb_aft_tuned_support_by_horizon - XGBoost AFT support by horizon | duckdb://table_xgb_aft_tuned_support_by_horizon
[Stage 5.13.4 table_xgb_aft_tuned_calibration_summary - XGBoost AFT calibration summary]
table_name=table_xgb_aft_tuned_calibration_summary
rows=3, cols=5
 horizon_week            metric_name metric_category  metric_value                                         notes
           10 calibration_at_horizon         primary      0.124182 Weighted absolute calibration gap across bins
           20 calibration_at_horizon         primary      0.177399 Weighted absolute calibration gap across bins
           30 calibration_at_horizon         primary      0.217533 Weighted absolute calibration gap across bins
ARTIFACT | Stage 5.13.4 table_xgb_aft_tuned_calibration_summary - XGBoost AFT calibration summary | duckdb://table_xgb_aft_tuned_calibration_summary
[Stage 5.13.4 table_xgb_aft_tuned_calibration_bins_by_horizon - XGBoost AFT calibration bins]
table_name=table_xgb_aft_tuned_calibration_bins_by_horizon
rows=30, cols=6
 calibration_bin   n  mean_predicted_risk  observed_event_rate  horizon_week  abs_calibration_gap
               0 978         0.000000e+00             0.098160            10             0.098160
               1 978         0.000000e+00             0.080777            10             0.080777
               2 978         0.000000e+00             0.080777            10             0.080777
               3 977         0.000000e+00             0.104401            10             0.104401
               4 978         0.000000e+00             0.080777            10             0.080777
               5 978         0.000000e+00             0.092025            10             0.092025
               6 977         0.000000e+00             0.102354            10             0.102354
               7 978         0.000000e+00             0.096115            10             0.096115
               8 978         5.221908e-18             0.106339            10             0.106339
               9 978         7.621726e-04             0.400818            10             0.400056
               0 978         0.000000e+00             0.139059            20             0.139059
               1 978         0.000000e+00             0.141104            20             0.141104
               2 978         0.000000e+00             0.145194            20             0.145194
               3 977         0.000000e+00             0.175026            20             0.175026
               4 978         0.000000e+00             0.141104            20             0.141104
               5 978         0.000000e+00             0.146217            20             0.146217
               6 977         0.000000e+00             0.142272            20             0.142272
               7 978         0.000000e+00             0.144172            20             0.144172
               8 978         1.418997e-17             0.155419            20             0.155419
               9 978         1.423374e-03             0.445808            20             0.444384
ARTIFACT | Stage 5.13.4 table_xgb_aft_tuned_calibration_bins_by_horizon - XGBoost AFT calibration bins | duckdb://table_xgb_aft_tuned_calibration_bins_by_horizon
[Stage 5.13.4 table_xgb_aft_tuned_predicted_vs_observed_survival - XGBoost AFT predicted versus observed survival]
table_name=table_xgb_aft_tuned_predicted_vs_observed_survival
rows=3, cols=5
 horizon_week  n_evaluable_enrollments  mean_predicted_survival  mean_observed_survival  abs_gap
           10                     9778                 0.999924                0.875741 0.124182
           20                     9778                 0.999858                0.822459 0.177399
           30                     9778                 0.999799                0.782266 0.217533
ARTIFACT | Stage 5.13.4 table_xgb_aft_tuned_predicted_vs_observed_survival - XGBoost AFT predicted versus observed survival | duckdb://table_xgb_aft_tuned_predicted_vs_observed_survival
ARTIFACT | xgb_aft_model | /Users/rafars/dropout_benchmark_desenv/outputs_benchmark_survival/models/xgb_aft_tuned.joblib
ARTIFACT | xgb_aft_preprocessor | /Users/rafars/dropout_benchmark_desenv/outputs_benchmark_survival/models/xgb_aft_preprocessor.joblib
ARTIFACT | xgb_aft_tuned_model_config | /Users/rafars/dropout_benchmark_desenv/outputs_benchmark_survival/metadata/xgb_aft_tuned_model_config.json
{
  "model_name": "xgb_aft_tuned",
  "selection_metric": "lowest_validation_ibs",
  "implementation": "xgboost_survival_aft",
  "validation_split": {
    "method": "GroupShuffleSplit",
    "test_size": 0.1,
    "group_column": "enrollment_id",
    "random_seed": 42
  },
  "search_space": [
    {
      "candidate_id": 1,
      "aft_loss_distribution": "logistic",
      "aft_loss_distribution_scale": 1.0,
      "learning_rate": 0.03,
      "num_boost_round": 200,
      "max_depth": 2,
      "min_child_weight": 1.0,
      "subsample": 0.8,
      "colsample_bytree": 0.8,
      "reg_lambda": 1.0,
      "reg_alpha": 0.0
    },
    {
      "candidate_id": 2,
      "aft_loss_distribution": "logistic",
      "aft_loss_distribution_scale": 1.0,
      "learning_rate": 0.05,
      "num_boost_round": 200,
      "max_depth": 2,
      "min_child_weight": 1.0,
      "subsample": 0.8,
      "colsample_bytree": 0.8,
      "reg_lambda": 1.0,
      "reg_alpha": 0.0
    },
    {
      "candidate_id": 3,
      "aft_loss_distribution": "logistic",
      "aft_loss_distribution_scale": 1.0,
      "learning_rate": 0.03,
      "num_boost_round": 400,
      "max_depth": 2,
      "min_child_weight": 1.0,
      "subsample": 0.8,
      "colsample_bytree": 0.8,
      "reg_lambda": 1.0,
      "reg_alpha": 0.0
    },
    {
      "candidate_id": 4,
      "aft_loss_distribution": "logistic",
      "aft_loss_distribution_scale": 1.0,
      "learning_rate": 0.05,
      "num_boost_round": 400,
      "max_depth": 2,
      "min_child_weight": 1.0,
      "subsample": 0.8,
      "colsample_bytree": 0.8,
      "reg_lambda": 1.0,
      "reg_alpha": 0.0
    },
    {
      "candidate_id": 5,
      "aft_loss_distribution": "logistic",
      "aft_loss_distribution_scale": 1.5,
      "learning_rate": 0.03,
      "num_boost_round": 200,
      "max_depth": 2,
      "min_child_weight": 1.0,
      "subsample": 0.8,
      "colsample_bytree": 0.8,
      "reg_lambda": 1.0,
      "reg_alpha": 0.0
    },
    {
      "candidate_id": 6,
      "aft_loss_distribution": "logistic",
      "aft_loss_distribution_scale": 1.5,
      "learning_rate": 0.05,
      "num_boost_round": 200,
      "max_depth": 2,
      "min_child_weight": 1.0,
      "subsample": 0.8,
      "colsample_bytree": 0.8,
      "reg_lambda": 1.0,
      "reg_alpha": 0.0
    },
    {
      "candidate_id": 7,
      "aft_loss_distribution": "logistic",
      "aft_loss_distribution_scale": 1.5,
      "learning_rate": 0.03,
      "num_boost_round": 400,
      "max_depth": 2,
      "min_child_weight": 2.0,
      "subsample": 0.8,
      "colsample_bytree": 0.8,
      "reg_lambda": 5.0,
      "reg_alpha": 0.0
    },
    {
      "candidate_id": 8,
      "aft_loss_distribution": "logistic",
      "aft_loss_distribution_scale": 1.5,
      "learning_rate": 0.05,
      "num_boost_round": 400,
      "max_depth": 2,
      "min_child_weight": 2.0,
      "subsample": 0.8,
      "colsample_bytree": 0.8,
      "reg_lambda": 5.0,
      "reg_alpha": 0.0
    },
    {
      "candidate_id": 9,
      "aft_loss_distribution": "logistic",
      "aft_loss_distribution_scale": 2.0,
      "learning_rate": 0.03,
      "num_boost_round": 200,
      "max_depth": 2,
      "min_child_weight": 1.0,
      "subsample": 0.8,
      "colsample_bytree": 0.8,
      "reg_lambda": 1.0,
      "reg_alpha": 0.0
    },
    {
      "candidate_id": 10,
      "aft_loss_distribution": "logistic",
      "aft_loss_distribution_scale": 2.0,
      "learning_rate": 0.05,
      "num_boost_round": 200,
      "max_depth": 2,
      "min_child_weight": 1.0,
      "subsample": 0.8,
      "colsample_bytree": 0.8,
      "reg_lambda": 1.0,
      "reg_alpha": 0.0
    },
    {
      "candidate_id": 11,
      "aft_loss_distribution": "logistic",
      "aft_loss_distribution_scale": 2.0,
      "learning_rate": 0.03,
      "num_boost_round": 400,
      "max_depth": 2,
      "min_child_weight": 2.0,
      "subsample": 0.8,
      "colsample_bytree": 0.8,
      "reg_lambda": 5.0,
      "reg_alpha": 0.0
    },
    {
      "candidate_id": 12,
      "aft_loss_distribution": "logistic",
      "aft_loss_distribution_scale": 2.0,
      "learning_rate": 0.05,
      "num_boost_round": 400,
      "max_depth": 2,
      "min_child_weight": 2.0,
      "subsample": 0.8,
      "colsample_bytree": 0.8,
      "reg_lambda": 5.0,
      "reg_alpha": 0.0
    },
    {
      "candidate_id": 13,
      "aft_loss_distribution": "normal",
      "aft_loss_distribution_scale": 1.0,
      "learning_rate": 0.03,
      "num_boost_round": 200,
      "max_depth": 2,
      "min_child_weight": 1.0,
      "subsample": 0.8,
      "colsample_bytree": 0.8,
      "reg_lambda": 1.0,
      "reg_alpha": 0.0
    },
    {
      "candidate_id": 14,
      "aft_loss_distribution": "normal",
      "aft_loss_distribution_scale": 1.0,
      "learning_rate": 0.05,
      "num_boost_round": 200,
      "max_depth": 2,
      "min_child_weight": 1.0,
      "subsample": 0.8,
      "colsample_bytree": 0.8,
      "reg_lambda": 1.0,
      "reg_alpha": 0.0
    },
    {
      "candidate_id": 15,
      "aft_loss_distribution": "normal",
      "aft_loss_distribution_scale": 1.0,
      "learning_rate": 0.03,
      "num_boost_round": 400,
      "max_depth": 2,
      "min_child_weight": 1.0,
      "subsample": 0.8,
      "colsample_bytree": 0.8,
      "reg_lambda": 1.0,
      "reg_alpha": 0.0
    },
    {
      "candidate_id": 16,
      "aft_loss_distribution": "normal",
      "aft_loss_distribution_scale": 1.0,
      "learning_rate": 0.05,
      "num_boost_round": 400,
      "max_depth": 2,
      "min_child_weight": 1.0,
      "subsample": 0.8,
      "colsample_bytree": 0.8,
      "reg_lambda": 1.0,
      "reg_alpha": 0.0
    },
    {
      "candidate_id": 17,
      "aft_loss_distribution": "normal",
      "aft_loss_distribution_scale": 1.5,
      "learning_rate": 0.03,
      "num_boost_round": 200,
      "max_depth": 2,
      "min_child_weight": 1.0,
      "subsample": 0.8,
      "colsample_bytree": 0.8,
      "reg_lambda": 1.0,
      "reg_alpha": 0.0
    },
    {
      "candidate_id": 18,
      "aft_loss_distribution": "normal",
      "aft_loss_distribution_scale": 1.5,
      "learning_rate": 0.05,
      "num_boost_round": 200,
      "max_depth": 2,
      "min_child_weight": 1.0,
      "subsample": 0.8,
      "colsample_bytree": 0.8,
      "reg_lambda": 1.0,
      "reg_alpha": 0.0
    },
    {
      "candidate_id": 19,
      "aft_loss_distribution": "normal",
      "aft_loss_distribution_scale": 1.5,
      "learning_rate": 0.03,
      "num_boost_round": 400,
      "max_depth": 2,
      "min_child_weight": 2.0,
      "subsample": 0.8,
      "colsample_bytree": 0.8,
      "reg_lambda": 5.0,
      "reg_alpha": 0.0
    },
    {
      "candidate_id": 20,
      "aft_loss_distribution": "normal",
      "aft_loss_distribution_scale": 1.5,
      "learning_rate": 0.05,
      "num_boost_round": 400,
      "max_depth": 2,
      "min_child_weight": 2.0,
      "subsample": 0.8,
      "colsample_bytree": 0.8,
      "reg_lambda": 5.0,
      "reg_alpha": 0.0
    },
    {
      "candidate_id": 21,
      "aft_loss_distribution": "normal",
      "aft_loss_distribution_scale": 2.0,
      "learning_rate": 0.03,
      "num_boost_round": 200,
      "max_depth": 2,
      "min_child_weight": 1.0,
      "subsample": 0.8,
      "colsample_bytree": 0.8,
      "reg_lambda": 1.0,
      "reg_alpha": 0.0
    },
    {
      "candidate_id": 22,
      "aft_loss_distribution": "normal",
      "aft_loss_distribution_scale": 2.0,
      "learning_rate": 0.05,
      "num_boost_round": 200,
      "max_depth": 2,
      "min_child_weight": 1.0,
      "subsample": 0.8,
      "colsample_bytree": 0.8,
      "reg_lambda": 1.0,
      "reg_alpha": 0.0
    },
    {
      "candidate_id": 23,
      "aft_loss_distribution": "normal",
      "aft_loss_distribution_scale": 2.0,
      "learning_rate": 0.03,
      "num_boost_round": 400,
      "max_depth": 2,
      "min_child_weight": 2.0,
      "subsample": 0.8,
      "colsample_bytree": 0.8,
      "reg_lambda": 5.0,
      "reg_alpha": 0.0
    },
    {
      "candidate_id": 24,
      "aft_loss_distribution": "normal",
      "aft_loss_distribution_scale": 2.0,
      "learning_rate": 0.05,
      "num_boost_round": 400,
      "max_depth": 2,
      "min_child_weight": 2.0,
      "subsample": 0.8,
      "colsample_bytree": 0.8,
      "reg_lambda": 5.0,
      "reg_alpha": 0.0
    }
  ],
  "benchmark_horizons": [
    10,
    20,
    30
  ],
  "calibration_bins": 10,
  "calibration_contract_version": "v2_ipcw_km_observed_risk",
  "calibration_observed_risk_method": "ipcw_km_pseudo_event_rate",
  "variance_filter_threshold": 1e-12,
  "duration_floor": 1.0,
  "effective_window_weeks": 4,
  "input_train_table": "enrollment_cox_ready_train",
  "input_test_table": "enrollment_cox_ready_test",
  "best_candidate": {
    "candidate_id": 4,
    "params": {
      "aft_loss_distribution": "logistic",
      "aft_loss_distribution_scale": 1.0,
      "learning_rate": 0.05,
      "num_boost_round": 400,
      "max_depth": 2,
      "min_child_weight": 1.0,
      "subsample": 0.8,
      "colsample_bytree": 0.8,
      "reg_lambda": 1.0,
      "reg_alpha": 0.0
    },
    "val_ibs": 0.14534163468817887,
    "val_c_index": 0.563816832136268,
    "implementation": "xgboost_survival_aft"
  },
  "guardrails": {
    "validation_test_size": 0.1,
    "search_row_cap": 14634,
    "final_row_cap": 14634,
    "search_rows_selected": 14634,
    "final_rows_selected": 14634,
    "subtrain_rows": 20533,
    "validation_rows": 2282,
    "full_train_rows": 22815,
    "subtrain_enrollments": 20533,
    "validation_enrollments": 2282,
    "full_train_enrollments": 22815,
    "n_features": 41,
    "subtrain_event_rate": 0.22709784249744314,
    "validation_event_rate": 0.22261174408413673,
    "full_train_event_rate": 0.22664913434144204,
    "sampled_subtrain_event_rate": 0.22707393740604073,
    "sampled_full_train_event_rate": 0.22666393330599974,
    "random_seed": 42
  },
  "preprocessing": {
    "categorical_features": [
      "gender",
      "region",
      "highest_education",
      "imd_band",
      "age_band",
      "disability"
    ],
    "numeric_features": [
      "num_of_prev_attempts",
      "studied_credits",
      "clicks_first_4_weeks",
      "active_weeks_first_4",
      "mean_clicks_first_4_weeks"
    ],
    "numeric_prefill_values": {
      "num_of_prev_attempts": 0.0,
      "studied_credits": 60.0,
      "clicks_first_4_weeks": 136.0,
      "active_weeks_first_4": 4.0,
      "mean_clicks_first_4_weeks": 41.25
    },
    "feature_names_before_filter": [
      "num__num_of_prev_attempts",
      "num__studied_credits",
      "num__clicks_first_4_weeks",
      "num__active_weeks_first_4",
      "num__mean_clicks_first_4_weeks",
      "cat__gender_F",
      "cat__gender_M",
      "cat__region_East Anglian Region",
      "cat__region_East Midlands Region",
      "cat__region_Ireland",
      "cat__region_London Region",
      "cat__region_North Region",
      "cat__region_North Western Region",
      "cat__region_Scotland",
      "cat__region_South East Region",
      "cat__region_South Region",
      "cat__region_South West Region",
      "cat__region_Wales",
      "cat__region_West Midlands Region",
      "cat__region_Yorkshire Region",
      "cat__highest_education_A Level or Equivalent",
      "cat__highest_education_HE Qualification",
      "cat__highest_education_Lower Than A Level",
      "cat__highest_education_No Formal quals",
      "cat__highest_education_Post Graduate Qualification",
      "cat__imd_band_0-10%",
      "cat__imd_band_10-20",
      "cat__imd_band_20-30%",
      "cat__imd_band_30-40%",
      "cat__imd_band_40-50%",
      "cat__imd_band_50-60%",
      "cat__imd_band_60-70%",
      "cat__imd_band_70-80%",
      "cat__imd_band_80-90%",
      "cat__imd_band_90-100%",
      "cat__imd_band_None",
      "cat__age_band_0-35",
      "cat__age_band_35-55",
      "cat__age_band_55<=",
      "cat__disability_N",
      "cat__disability_Y"
    ],
    "feature_names_out": [
      "num__num_of_prev_attempts",
      "num__studied_credits",
      "num__clicks_first_4_weeks",
      "num__active_weeks_first_4",
      "num__mean_clicks_first_4_weeks",
      "cat__gender_F",
      "cat__gender_M",
      "cat__region_East Anglian Region",
      "cat__region_East Midlands Region",
      "cat__region_Ireland",
      "cat__region_London Region",
      "cat__region_North Region",
      "cat__region_North Western Region",
      "cat__region_Scotland",
      "cat__region_South East Region",
      "cat__region_South Region",
      "cat__region_South West Region",
      "cat__region_Wales",
      "cat__region_West Midlands Region",
      "cat__region_Yorkshire Region",
      "cat__highest_education_A Level or Equivalent",
      "cat__highest_education_HE Qualification",
      "cat__highest_education_Lower Than A Level",
      "cat__highest_education_No Formal quals",
      "cat__highest_education_Post Graduate Qualification",
      "cat__imd_band_0-10%",
      "cat__imd_band_10-20",
      "cat__imd_band_20-30%",
      "cat__imd_band_30-40%",
      "cat__imd_band_40-50%",
      "cat__imd_band_50-60%",
      "cat__imd_band_60-70%",
      "cat__imd_band_70-80%",
      "cat__imd_band_80-90%",
      "cat__imd_band_90-100%",
      "cat__imd_band_None",
      "cat__age_band_0-35",
      "cat__age_band_35-55",
      "cat__age_band_55<=",
      "cat__disability_N",
      "cat__disability_Y"
    ],
    "dropped_low_variance_features": []
  },
  "design_note": "The comparable XGBoost AFT arm preserves the canonical early-window contract, uses deterministic train-only preprocessing, fits ranged censoring labels through xgboost.DMatrix, and reconstructs survival curves from the tuned AFT location predictions under validation IBS."
}

 candidate_id                                                                                                                                                                                                                                            params  val_ibs  val_c_index       implementation
            4 {'aft_loss_distribution': 'logistic', 'aft_loss_distribution_scale': 1.0, 'learning_rate': 0.05, 'num_boost_round': 400, 'max_depth': 2, 'min_child_weight': 1.0, 'subsample': 0.8, 'colsample_bytree': 0.8, 'reg_lambda': 1.0, 'reg_alpha': 0.0} 0.145342     0.563817 xgboost_survival_aft
[END] 5.13.4 - 2026-06-19 22:30:40
[START] 5.13.5 - 2026-06-19 22:30:40
# ==============================================================
# 5.13.5 - Close runtime resources
# ==============================================================
DuckDB connection closed.
ARTIFACT | duckdb_connection | closed::/Users/rafars/dropout_benchmark_desenv/outputs_benchmark_survival/benchmark_survival.duckdb
[END] 5.13.5 - 2026-06-19 22:30:41
[RUN_PLAN] comparable_window_weeks=6
[START] 5.13.1 - 2026-06-19 22:30:41
# ==============================================================
# 5.13.1 - Lightweight runtime bootstrap
# ==============================================================
ARTIFACT | benchmark_shared_config | /Users/rafars/dropout_benchmark_desenv/benchmark_shared_config.toml
ARTIFACT | benchmark_modeling_contract | /Users/rafars/dropout_benchmark_desenv/benchmark_modeling_contract.toml
ARTIFACT | run_metadata | /Users/rafars/dropout_benchmark_desenv/outputs_benchmark_survival/metadata/run_metadata.json
ARTIFACT | duckdb_path | /Users/rafars/dropout_benchmark_desenv/outputs_benchmark_survival/benchmark_survival.duckdb
{
  "run_id": "f3766e75053447a7beb7a1c4936d231f",
  "random_seed": 42,
  "test_size": 0.3,
  "early_window_weeks": 4,
  "main_enrollment_window_weeks": 4,
  "effective_window_weeks": 6,
  "input_train_table": "enrollment_cox_ready_train_w6",
  "input_test_table": "enrollment_cox_ready_test_w6"
}
[END] 5.13.1 - 2026-06-19 22:30:42
[START] 5.13.2 - 2026-06-19 22:30:42
# ==============================================================
# 5.13.2 - Build comparable XGBoost AFT treatment
# ==============================================================
[Stage 5.13.2 table_xgb_aft_preprocessing_summary - XGBoost AFT preprocessing summary]
table_name=table_xgb_aft_preprocessing_summary_w6
rows=1, cols=21
model_family  train_rows  test_rows  n_input_features_raw  n_numeric_features  n_categorical_features  n_features_after_encoding_before_filter  n_features_after_variance_filter  n_features_dropped_by_variance_filter  n_events_train  n_events_test  mean_duration_train  mean_duration_test                              numeric_prefill_policy categorical_imputation          categorical_encoding                   numeric_scaling  variance_filter_threshold output_dtype                        model_positioning_note  window_weeks
 xgboost_aft       22815       9778                    11                   5                       6                                       41                                41                                      0            5171           2216            30.536182           30.539476 deterministic_train_median_or_zero_when_all_missing       constant_missing one_hot_handle_unknown_ignore standard_scaler_fit_on_train_only               1.000000e-12      float32 early-window comparable XGBoost AFT benchmark             6
ARTIFACT | Stage 5.13.2 table_xgb_aft_preprocessing_summary - XGBoost AFT preprocessing summary | duckdb://table_xgb_aft_preprocessing_summary_w6
[Stage 5.13.2 table_xgb_aft_raw_feature_manifest - XGBoost AFT raw feature manifest]
table_name=table_xgb_aft_raw_feature_manifest_w6
rows=11, cols=6
 feature_name_operational feature_role  present_in_train  present_in_test  covered_by_canonical_config  numeric_prefill_value
                   gender  categorical              True             True                        False                    NaN
                   region  categorical              True             True                        False                    NaN
        highest_education  categorical              True             True                        False                    NaN
                 imd_band  categorical              True             True                        False                    NaN
                 age_band  categorical              True             True                        False                    NaN
               disability  categorical              True             True                        False                    NaN
     num_of_prev_attempts      numeric              True             True                         True                    0.0
          studied_credits      numeric              True             True                         True                   60.0
     clicks_first_6_weeks      numeric              True             True                         True                  182.0
     active_weeks_first_6      numeric              True             True                         True                    5.0
mean_clicks_first_6_weeks      numeric              True             True                         True                   39.0
ARTIFACT | Stage 5.13.2 table_xgb_aft_raw_feature_manifest - XGBoost AFT raw feature manifest | duckdb://table_xgb_aft_raw_feature_manifest_w6
[Stage 5.13.2 table_xgb_aft_feature_names_out - XGBoost AFT output feature manifest]
table_name=table_xgb_aft_feature_names_out_w6
rows=41, cols=2
                feature_name_out  transformed_variance_train
       num__num_of_prev_attempts                    1.000000
            num__studied_credits                    1.000000
       num__clicks_first_6_weeks                    1.000000
       num__active_weeks_first_6                    1.000000
  num__mean_clicks_first_6_weeks                    1.000000
                   cat__gender_F                    0.247988
                   cat__gender_M                    0.247988
 cat__region_East Anglian Region                    0.092080
cat__region_East Midlands Region                    0.067091
             cat__region_Ireland                    0.034283
       cat__region_London Region                    0.088295
        cat__region_North Region                    0.052060
cat__region_North Western Region                    0.082139
            cat__region_Scotland                    0.094370
   cat__region_South East Region                    0.059974
        cat__region_South Region                    0.087554
   cat__region_South West Region                    0.068848
               cat__region_Wales                    0.059707
cat__region_West Midlands Region                    0.073261
    cat__region_Yorkshire Region                    0.058136
ARTIFACT | Stage 5.13.2 table_xgb_aft_feature_names_out - XGBoost AFT output feature manifest | duckdb://table_xgb_aft_feature_names_out_w6
ARTIFACT | xgb_aft_preprocessing_config | /Users/rafars/dropout_benchmark_desenv/outputs_benchmark_survival/metadata/xgb_aft_preprocessing_config_w6.json
{
  "model_family": "xgboost_aft",
  "duration_column": "duration",
  "event_column": "event",
  "categorical_features": [
    "gender",
    "region",
    "highest_education",
    "imd_band",
    "age_band",
    "disability"
  ],
  "numeric_features": [
    "num_of_prev_attempts",
    "studied_credits",
    "clicks_first_6_weeks",
    "active_weeks_first_6",
    "mean_clicks_first_6_weeks"
  ],
  "raw_feature_columns": [
    "gender",
    "region",
    "highest_education",
    "imd_band",
    "age_band",
    "disability",
    "num_of_prev_attempts",
    "studied_credits",
    "clicks_first_6_weeks",
    "active_weeks_first_6",
    "mean_clicks_first_6_weeks"
  ],
  "expected_features_raw": [
    "studied_credits",
    "num_of_prev_attempts",
    "num_of_prev_attempts",
    "studied_credits",
    "clicks_first_6_weeks",
    "active_weeks_first_6",
    "mean_clicks_first_6_weeks"
  ],
  "expected_features_resolved": [
    "studied_credits",
    "num_of_prev_attempts",
    "clicks_first_6_weeks",
    "active_weeks_first_6",
    "mean_clicks_first_6_weeks"
  ],
  "numeric_prefill_policy": "deterministic_train_median_or_zero_when_all_missing",
  "numeric_fill_values": {
    "num_of_prev_attempts": 0.0,
    "studied_credits": 60.0,
    "clicks_first_6_weeks": 182.0,
    "active_weeks_first_6": 5.0,
    "mean_clicks_first_6_weeks": 39.0
  },
  "categorical_imputation": "constant_missing",
  "categorical_encoding": "one_hot_handle_unknown_ignore",
  "numeric_scaling": "standard_scaler_fit_on_train_only",
  "variance_filter_threshold": 1e-12,
  "feature_names_before_filter": [
    "num__num_of_prev_attempts",
    "num__studied_credits",
    "num__clicks_first_6_weeks",
    "num__active_weeks_first_6",
    "num__mean_clicks_first_6_weeks",
    "cat__gender_F",
    "cat__gender_M",
    "cat__region_East Anglian Region",
    "cat__region_East Midlands Region",
    "cat__region_Ireland",
    "cat__region_London Region",
    "cat__region_North Region",
    "cat__region_North Western Region",
    "cat__region_Scotland",
    "cat__region_South East Region",
    "cat__region_South Region",
    "cat__region_South West Region",
    "cat__region_Wales",
    "cat__region_West Midlands Region",
    "cat__region_Yorkshire Region",
    "cat__highest_education_A Level or Equivalent",
    "cat__highest_education_HE Qualification",
    "cat__highest_education_Lower Than A Level",
    "cat__highest_education_No Formal quals",
    "cat__highest_education_Post Graduate Qualification",
    "cat__imd_band_0-10%",
    "cat__imd_band_10-20",
    "cat__imd_band_20-30%",
    "cat__imd_band_30-40%",
    "cat__imd_band_40-50%",
    "cat__imd_band_50-60%",
    "cat__imd_band_60-70%",
    "cat__imd_band_70-80%",
    "cat__imd_band_80-90%",
    "cat__imd_band_90-100%",
    "cat__imd_band_None",
    "cat__age_band_0-35",
    "cat__age_band_35-55",
    "cat__age_band_55<=",
    "cat__disability_N",
    "cat__disability_Y"
  ],
  "feature_names_out": [
    "num__num_of_prev_attempts",
    "num__studied_credits",
    "num__clicks_first_6_weeks",
    "num__active_weeks_first_6",
    "num__mean_clicks_first_6_weeks",
    "cat__gender_F",
    "cat__gender_M",
    "cat__region_East Anglian Region",
    "cat__region_East Midlands Region",
    "cat__region_Ireland",
    "cat__region_London Region",
    "cat__region_North Region",
    "cat__region_North Western Region",
    "cat__region_Scotland",
    "cat__region_South East Region",
    "cat__region_South Region",
    "cat__region_South West Region",
    "cat__region_Wales",
    "cat__region_West Midlands Region",
    "cat__region_Yorkshire Region",
    "cat__highest_education_A Level or Equivalent",
    "cat__highest_education_HE Qualification",
    "cat__highest_education_Lower Than A Level",
    "cat__highest_education_No Formal quals",
    "cat__highest_education_Post Graduate Qualification",
    "cat__imd_band_0-10%",
    "cat__imd_band_10-20",
    "cat__imd_band_20-30%",
    "cat__imd_band_30-40%",
    "cat__imd_band_40-50%",
    "cat__imd_band_50-60%",
    "cat__imd_band_60-70%",
    "cat__imd_band_70-80%",
    "cat__imd_band_80-90%",
    "cat__imd_band_90-100%",
    "cat__imd_band_None",
    "cat__age_band_0-35",
    "cat__age_band_35-55",
    "cat__age_band_55<=",
    "cat__disability_N",
    "cat__disability_Y"
  ],
  "dropped_low_variance_features": [],
  "model_positioning_note": "early-window comparable XGBoost AFT benchmark",
  "window_weeks": 6
}

[END] 5.13.2 - 2026-06-19 22:30:42
[START] 5.13.3 - 2026-06-19 22:30:42
# ==============================================================
# 5.13.3 - Compute runtime guardrails for gradient boosting
# ==============================================================
[Stage 5.13.3 table_xgb_aft_guardrails - XGBoost AFT runtime guardrails]
table_name=table_xgb_aft_guardrails_w6
rows=1, cols=18
 validation_test_size  search_row_cap  final_row_cap  search_rows_selected  final_rows_selected  subtrain_rows  validation_rows  full_train_rows  subtrain_enrollments  validation_enrollments  full_train_enrollments  n_features  subtrain_event_rate  validation_event_rate  full_train_event_rate  sampled_subtrain_event_rate  sampled_full_train_event_rate  random_seed
                  0.1           14634          14634                 14634                14634          20533             2282            22815                 20533                    2282                   22815          41             0.227098               0.222612               0.226649                     0.227074                       0.226664           42
ARTIFACT | Stage 5.13.3 table_xgb_aft_guardrails - XGBoost AFT runtime guardrails | duckdb://table_xgb_aft_guardrails_w6
[END] 5.13.3 - 2026-06-19 22:30:42
[START] 5.13.4 - 2026-06-19 22:30:42
# ==============================================================
# 5.13.4 - Tune and evaluate the XGBoost AFT model
# ==============================================================
[Stage 5.13.4 table_xgb_aft_tuning_results - XGBoost AFT tuning results]
table_name=table_xgb_aft_tuning_results_w6
rows=24, cols=13
 candidate_id aft_loss_distribution  aft_loss_distribution_scale  learning_rate  num_boost_round  max_depth  min_child_weight  subsample  colsample_bytree  reg_lambda  reg_alpha  val_ibs  val_c_index
           12              logistic                          2.0           0.05              400          2               2.0        0.8               0.8         5.0        0.0 0.142321     0.573096
            8              logistic                          1.5           0.05              400          2               2.0        0.8               0.8         5.0        0.0 0.142513     0.576191
            4              logistic                          1.0           0.05              400          2               1.0        0.8               0.8         1.0        0.0 0.143313     0.577511
           11              logistic                          2.0           0.03              400          2               2.0        0.8               0.8         5.0        0.0 0.143908     0.570758
            7              logistic                          1.5           0.03              400          2               2.0        0.8               0.8         5.0        0.0 0.143942     0.576101
           24                normal                          2.0           0.05              400          2               2.0        0.8               0.8         5.0        0.0 0.143993     0.546481
           20                normal                          1.5           0.05              400          2               2.0        0.8               0.8         5.0        0.0 0.144091     0.545094
           10              logistic                          2.0           0.05              200          2               1.0        0.8               0.8         1.0        0.0 0.144202     0.572658
            6              logistic                          1.5           0.05              200          2               1.0        0.8               0.8         1.0        0.0 0.144323     0.573284
            3              logistic                          1.0           0.03              400          2               1.0        0.8               0.8         1.0        0.0 0.144506     0.575720
           16                normal                          1.0           0.05              400          2               1.0        0.8               0.8         1.0        0.0 0.144621     0.536790
            2              logistic                          1.0           0.05              200          2               1.0        0.8               0.8         1.0        0.0 0.144834     0.575904
           23                normal                          2.0           0.03              400          2               2.0        0.8               0.8         5.0        0.0 0.144997     0.540814
           19                normal                          1.5           0.03              400          2               2.0        0.8               0.8         5.0        0.0 0.145122     0.538216
           15                normal                          1.0           0.03              400          2               1.0        0.8               0.8         1.0        0.0 0.145188     0.530131
           22                normal                          2.0           0.05              200          2               1.0        0.8               0.8         1.0        0.0 0.145324     0.538862
            5              logistic                          1.5           0.03              200          2               1.0        0.8               0.8         1.0        0.0 0.145392     0.574265
            1              logistic                          1.0           0.03              200          2               1.0        0.8               0.8         1.0        0.0 0.145417     0.571136
           18                normal                          1.5           0.05              200          2               1.0        0.8               0.8         1.0        0.0 0.145441     0.536187
           14                normal                          1.0           0.05              200          2               1.0        0.8               0.8         1.0        0.0 0.145446     0.531850
ARTIFACT | Stage 5.13.4 table_xgb_aft_tuning_results - XGBoost AFT tuning results | duckdb://table_xgb_aft_tuning_results_w6
[Stage 5.13.4 table_xgb_aft_tuned_test_predictions - XGBoost AFT test predictions]
table_name=table_xgb_aft_tuned_test_predictions_w6
rows=29334, cols=6
      enrollment_id  event  duration  horizon_week  pred_survival_h  pred_risk_h
 100561||DDD||2014J      0        37            10              1.0 0.000000e+00
 100621||CCC||2014B      1         6            10              1.0 0.000000e+00
 101187||DDD||2014J      0        37            10              1.0 0.000000e+00
 101279||DDD||2014J      0        37            10              1.0 0.000000e+00
 101414||EEE||2013J      0        38            10              1.0 0.000000e+00
 101700||CCC||2014J      0        38            10              1.0 9.480972e-12
 101781||AAA||2013J      0        38            10              1.0 0.000000e+00
 102209||CCC||2014J      1        15            10              1.0 0.000000e+00
 102343||FFF||2013J      0        38            10              1.0 0.000000e+00
1023623||CCC||2014J      0        38            10              1.0 0.000000e+00
1033968||DDD||2014B      1        13            10              1.0 0.000000e+00
 103891||DDD||2014B      0        34            10              1.0 0.000000e+00
 104316||FFF||2014B      0        34            10              1.0 0.000000e+00
1045203||AAA||2014J      0        38            10              1.0 0.000000e+00
1047645||CCC||2014B      0        34            10              1.0 0.000000e+00
1053702||EEE||2013J      0        38            10              1.0 0.000000e+00
 105629||FFF||2013J      0        38            10              1.0 0.000000e+00
1057883||CCC||2014B      0        34            10              1.0 0.000000e+00
 106383||BBB||2014J      1        21            10              1.0 0.000000e+00
 106553||DDD||2014J      0        37            10              1.0 0.000000e+00
ARTIFACT | Stage 5.13.4 table_xgb_aft_tuned_test_predictions - XGBoost AFT test predictions | duckdb://table_xgb_aft_tuned_test_predictions_w6
[Stage 5.13.4 table_xgb_aft_tuned_primary_metrics - XGBoost AFT primary metrics]
table_name=table_xgb_aft_tuned_primary_metrics_w6
rows=2, cols=4
metric_name metric_category  metric_value                         notes
        ibs         primary      0.146618 sksurv_integrated_brier_score
    c_index      co_primary      0.587942          pycox_concordance_td
ARTIFACT | Stage 5.13.4 table_xgb_aft_tuned_primary_metrics - XGBoost AFT primary metrics | duckdb://table_xgb_aft_tuned_primary_metrics_w6
[Stage 5.13.4 table_xgb_aft_tuned_brier_by_horizon - XGBoost AFT Brier scores by horizon]
table_name=table_xgb_aft_tuned_brier_by_horizon_w6
rows=3, cols=5
 horizon_week      metric_name metric_category  metric_value              notes
           10 brier_at_horizon         primary      0.121444 sksurv_brier_score
           20 brier_at_horizon         primary      0.174080 sksurv_brier_score
           30 brier_at_horizon         primary      0.213835 sksurv_brier_score
ARTIFACT | Stage 5.13.4 table_xgb_aft_tuned_brier_by_horizon - XGBoost AFT Brier scores by horizon | duckdb://table_xgb_aft_tuned_brier_by_horizon_w6
[Stage 5.13.4 table_xgb_aft_tuned_secondary_metrics - XGBoost AFT secondary metrics]
table_name=table_xgb_aft_tuned_secondary_metrics_w6
rows=6, cols=5
 horizon_week         metric_name metric_category  metric_value                                                                                  notes
           10 risk_auc_at_horizon       secondary      0.651520                                                            roc_auc_on_evaluable_subset
           10  time_dependent_auc       secondary      0.604673 ipcw_supported_subset(duration < 38); retained=6742/9778; auc=0.604673; local_ipcw_auc
           20 risk_auc_at_horizon       secondary      0.606114                                                            roc_auc_on_evaluable_subset
           20  time_dependent_auc       secondary      0.572715 ipcw_supported_subset(duration < 38); retained=6742/9778; auc=0.572715; local_ipcw_auc
           30 risk_auc_at_horizon       secondary      0.588210                                                            roc_auc_on_evaluable_subset
           30  time_dependent_auc       secondary      0.559659 ipcw_supported_subset(duration < 38); retained=6742/9778; auc=0.559659; local_ipcw_auc
ARTIFACT | Stage 5.13.4 table_xgb_aft_tuned_secondary_metrics - XGBoost AFT secondary metrics | duckdb://table_xgb_aft_tuned_secondary_metrics_w6
[Stage 5.13.4 table_xgb_aft_tuned_td_auc_support_audit - XGBoost AFT IPCW support audit]
table_name=table_xgb_aft_tuned_td_auc_support_audit_w6
rows=3, cols=6
 horizon_week  max_ipcw_time  n_total_test_enrollments  n_supported_test_enrollments  mean_auc                                                         notes
           10           38.0                      9778                          6742  0.604673 IPCW-supported subset used for XGBoost AFT time-dependent AUC
           20           38.0                      9778                          6742  0.572715 IPCW-supported subset used for XGBoost AFT time-dependent AUC
           30           38.0                      9778                          6742  0.559659 IPCW-supported subset used for XGBoost AFT time-dependent AUC
ARTIFACT | Stage 5.13.4 table_xgb_aft_tuned_td_auc_support_audit - XGBoost AFT IPCW support audit | duckdb://table_xgb_aft_tuned_td_auc_support_audit_w6
[Stage 5.13.4 table_xgb_aft_tuned_row_diagnostics - XGBoost AFT row-level diagnostics]
table_name=table_xgb_aft_tuned_row_diagnostics_w6
rows=1, cols=6
   model_name  row_level_roc_auc  row_level_pr_auc  row_level_log_loss  row_level_brier                                                                    diagnostic_note
xgb_aft_tuned           0.582974          0.306576            3.840035         0.225404 auxiliary enrollment-level proxy only; not a primary cross-family benchmark metric
ARTIFACT | Stage 5.13.4 table_xgb_aft_tuned_row_diagnostics - XGBoost AFT row-level diagnostics | duckdb://table_xgb_aft_tuned_row_diagnostics_w6
[Stage 5.13.4 table_xgb_aft_tuned_support_by_horizon - XGBoost AFT support by horizon]
table_name=table_xgb_aft_tuned_support_by_horizon_w6
rows=3, cols=4
 horizon_week  n_evaluable_enrollments  n_events_by_horizon  event_rate_by_horizon
           10                     9778                 1215               0.124259
           20                     9778                 1736               0.177541
           30                     9778                 2129               0.217734
ARTIFACT | Stage 5.13.4 table_xgb_aft_tuned_support_by_horizon - XGBoost AFT support by horizon | duckdb://table_xgb_aft_tuned_support_by_horizon_w6
[Stage 5.13.4 table_xgb_aft_tuned_calibration_summary - XGBoost AFT calibration summary]
table_name=table_xgb_aft_tuned_calibration_summary_w6
rows=3, cols=5
 horizon_week            metric_name metric_category  metric_value                                         notes
           10 calibration_at_horizon         primary      0.121489 Weighted absolute calibration gap across bins
           20 calibration_at_horizon         primary      0.174087 Weighted absolute calibration gap across bins
           30 calibration_at_horizon         primary      0.213834 Weighted absolute calibration gap across bins
ARTIFACT | Stage 5.13.4 table_xgb_aft_tuned_calibration_summary - XGBoost AFT calibration summary | duckdb://table_xgb_aft_tuned_calibration_summary_w6
[Stage 5.13.4 table_xgb_aft_tuned_calibration_bins_by_horizon - XGBoost AFT calibration bins]
table_name=table_xgb_aft_tuned_calibration_bins_by_horizon_w6
rows=30, cols=6
 calibration_bin   n  mean_predicted_risk  observed_event_rate  horizon_week  abs_calibration_gap
               0 978             0.000000             0.088957            10             0.088957
               1 978             0.000000             0.071575            10             0.071575
               2 978             0.000000             0.075665            10             0.075665
               3 977             0.000000             0.107472            10             0.107472
               4 978             0.000000             0.072597            10             0.072597
               5 978             0.000000             0.098160            10             0.098160
               6 977             0.000000             0.091095            10             0.091095
               7 978             0.000000             0.093047            10             0.093047
               8 978             0.000000             0.098160            10             0.098160
               9 978             0.027685             0.445808            10             0.418123
               0 978             0.000000             0.132924            20             0.132924
               1 978             0.000000             0.134969            20             0.134969
               2 978             0.000000             0.135992            20             0.135992
               3 977             0.000000             0.183214            20             0.183214
               4 978             0.000000             0.132924            20             0.132924
               5 978             0.000000             0.155419            20             0.155419
               6 977             0.000000             0.133060            20             0.133060
               7 978             0.000000             0.143149            20             0.143149
               8 978             0.000000             0.144172            20             0.144172
               9 978             0.034540             0.479550            20             0.445010
ARTIFACT | Stage 5.13.4 table_xgb_aft_tuned_calibration_bins_by_horizon - XGBoost AFT calibration bins | duckdb://table_xgb_aft_tuned_calibration_bins_by_horizon_w6
[Stage 5.13.4 table_xgb_aft_tuned_predicted_vs_observed_survival - XGBoost AFT predicted versus observed survival]
table_name=table_xgb_aft_tuned_predicted_vs_observed_survival_w6
rows=3, cols=5
 horizon_week  n_evaluable_enrollments  mean_predicted_survival  mean_observed_survival  abs_gap
           10                     9778                 0.997231                0.875741 0.121489
           20                     9778                 0.996545                0.822459 0.174087
           30                     9778                 0.996101                0.782266 0.213834
ARTIFACT | Stage 5.13.4 table_xgb_aft_tuned_predicted_vs_observed_survival - XGBoost AFT predicted versus observed survival | duckdb://table_xgb_aft_tuned_predicted_vs_observed_survival_w6
ARTIFACT | xgb_aft_model | /Users/rafars/dropout_benchmark_desenv/outputs_benchmark_survival/models/xgb_aft_tuned_w6.joblib
ARTIFACT | xgb_aft_preprocessor | /Users/rafars/dropout_benchmark_desenv/outputs_benchmark_survival/models/xgb_aft_preprocessor_w6.joblib
ARTIFACT | xgb_aft_tuned_model_config | /Users/rafars/dropout_benchmark_desenv/outputs_benchmark_survival/metadata/xgb_aft_tuned_model_config_w6.json
{
  "model_name": "xgb_aft_tuned",
  "selection_metric": "lowest_validation_ibs",
  "implementation": "xgboost_survival_aft",
  "validation_split": {
    "method": "GroupShuffleSplit",
    "test_size": 0.1,
    "group_column": "enrollment_id",
    "random_seed": 42
  },
  "search_space": [
    {
      "candidate_id": 1,
      "aft_loss_distribution": "logistic",
      "aft_loss_distribution_scale": 1.0,
      "learning_rate": 0.03,
      "num_boost_round": 200,
      "max_depth": 2,
      "min_child_weight": 1.0,
      "subsample": 0.8,
      "colsample_bytree": 0.8,
      "reg_lambda": 1.0,
      "reg_alpha": 0.0
    },
    {
      "candidate_id": 2,
      "aft_loss_distribution": "logistic",
      "aft_loss_distribution_scale": 1.0,
      "learning_rate": 0.05,
      "num_boost_round": 200,
      "max_depth": 2,
      "min_child_weight": 1.0,
      "subsample": 0.8,
      "colsample_bytree": 0.8,
      "reg_lambda": 1.0,
      "reg_alpha": 0.0
    },
    {
      "candidate_id": 3,
      "aft_loss_distribution": "logistic",
      "aft_loss_distribution_scale": 1.0,
      "learning_rate": 0.03,
      "num_boost_round": 400,
      "max_depth": 2,
      "min_child_weight": 1.0,
      "subsample": 0.8,
      "colsample_bytree": 0.8,
      "reg_lambda": 1.0,
      "reg_alpha": 0.0
    },
    {
      "candidate_id": 4,
      "aft_loss_distribution": "logistic",
      "aft_loss_distribution_scale": 1.0,
      "learning_rate": 0.05,
      "num_boost_round": 400,
      "max_depth": 2,
      "min_child_weight": 1.0,
      "subsample": 0.8,
      "colsample_bytree": 0.8,
      "reg_lambda": 1.0,
      "reg_alpha": 0.0
    },
    {
      "candidate_id": 5,
      "aft_loss_distribution": "logistic",
      "aft_loss_distribution_scale": 1.5,
      "learning_rate": 0.03,
      "num_boost_round": 200,
      "max_depth": 2,
      "min_child_weight": 1.0,
      "subsample": 0.8,
      "colsample_bytree": 0.8,
      "reg_lambda": 1.0,
      "reg_alpha": 0.0
    },
    {
      "candidate_id": 6,
      "aft_loss_distribution": "logistic",
      "aft_loss_distribution_scale": 1.5,
      "learning_rate": 0.05,
      "num_boost_round": 200,
      "max_depth": 2,
      "min_child_weight": 1.0,
      "subsample": 0.8,
      "colsample_bytree": 0.8,
      "reg_lambda": 1.0,
      "reg_alpha": 0.0
    },
    {
      "candidate_id": 7,
      "aft_loss_distribution": "logistic",
      "aft_loss_distribution_scale": 1.5,
      "learning_rate": 0.03,
      "num_boost_round": 400,
      "max_depth": 2,
      "min_child_weight": 2.0,
      "subsample": 0.8,
      "colsample_bytree": 0.8,
      "reg_lambda": 5.0,
      "reg_alpha": 0.0
    },
    {
      "candidate_id": 8,
      "aft_loss_distribution": "logistic",
      "aft_loss_distribution_scale": 1.5,
      "learning_rate": 0.05,
      "num_boost_round": 400,
      "max_depth": 2,
      "min_child_weight": 2.0,
      "subsample": 0.8,
      "colsample_bytree": 0.8,
      "reg_lambda": 5.0,
      "reg_alpha": 0.0
    },
    {
      "candidate_id": 9,
      "aft_loss_distribution": "logistic",
      "aft_loss_distribution_scale": 2.0,
      "learning_rate": 0.03,
      "num_boost_round": 200,
      "max_depth": 2,
      "min_child_weight": 1.0,
      "subsample": 0.8,
      "colsample_bytree": 0.8,
      "reg_lambda": 1.0,
      "reg_alpha": 0.0
    },
    {
      "candidate_id": 10,
      "aft_loss_distribution": "logistic",
      "aft_loss_distribution_scale": 2.0,
      "learning_rate": 0.05,
      "num_boost_round": 200,
      "max_depth": 2,
      "min_child_weight": 1.0,
      "subsample": 0.8,
      "colsample_bytree": 0.8,
      "reg_lambda": 1.0,
      "reg_alpha": 0.0
    },
    {
      "candidate_id": 11,
      "aft_loss_distribution": "logistic",
      "aft_loss_distribution_scale": 2.0,
      "learning_rate": 0.03,
      "num_boost_round": 400,
      "max_depth": 2,
      "min_child_weight": 2.0,
      "subsample": 0.8,
      "colsample_bytree": 0.8,
      "reg_lambda": 5.0,
      "reg_alpha": 0.0
    },
    {
      "candidate_id": 12,
      "aft_loss_distribution": "logistic",
      "aft_loss_distribution_scale": 2.0,
      "learning_rate": 0.05,
      "num_boost_round": 400,
      "max_depth": 2,
      "min_child_weight": 2.0,
      "subsample": 0.8,
      "colsample_bytree": 0.8,
      "reg_lambda": 5.0,
      "reg_alpha": 0.0
    },
    {
      "candidate_id": 13,
      "aft_loss_distribution": "normal",
      "aft_loss_distribution_scale": 1.0,
      "learning_rate": 0.03,
      "num_boost_round": 200,
      "max_depth": 2,
      "min_child_weight": 1.0,
      "subsample": 0.8,
      "colsample_bytree": 0.8,
      "reg_lambda": 1.0,
      "reg_alpha": 0.0
    },
    {
      "candidate_id": 14,
      "aft_loss_distribution": "normal",
      "aft_loss_distribution_scale": 1.0,
      "learning_rate": 0.05,
      "num_boost_round": 200,
      "max_depth": 2,
      "min_child_weight": 1.0,
      "subsample": 0.8,
      "colsample_bytree": 0.8,
      "reg_lambda": 1.0,
      "reg_alpha": 0.0
    },
    {
      "candidate_id": 15,
      "aft_loss_distribution": "normal",
      "aft_loss_distribution_scale": 1.0,
      "learning_rate": 0.03,
      "num_boost_round": 400,
      "max_depth": 2,
      "min_child_weight": 1.0,
      "subsample": 0.8,
      "colsample_bytree": 0.8,
      "reg_lambda": 1.0,
      "reg_alpha": 0.0
    },
    {
      "candidate_id": 16,
      "aft_loss_distribution": "normal",
      "aft_loss_distribution_scale": 1.0,
      "learning_rate": 0.05,
      "num_boost_round": 400,
      "max_depth": 2,
      "min_child_weight": 1.0,
      "subsample": 0.8,
      "colsample_bytree": 0.8,
      "reg_lambda": 1.0,
      "reg_alpha": 0.0
    },
    {
      "candidate_id": 17,
      "aft_loss_distribution": "normal",
      "aft_loss_distribution_scale": 1.5,
      "learning_rate": 0.03,
      "num_boost_round": 200,
      "max_depth": 2,
      "min_child_weight": 1.0,
      "subsample": 0.8,
      "colsample_bytree": 0.8,
      "reg_lambda": 1.0,
      "reg_alpha": 0.0
    },
    {
      "candidate_id": 18,
      "aft_loss_distribution": "normal",
      "aft_loss_distribution_scale": 1.5,
      "learning_rate": 0.05,
      "num_boost_round": 200,
      "max_depth": 2,
      "min_child_weight": 1.0,
      "subsample": 0.8,
      "colsample_bytree": 0.8,
      "reg_lambda": 1.0,
      "reg_alpha": 0.0
    },
    {
      "candidate_id": 19,
      "aft_loss_distribution": "normal",
      "aft_loss_distribution_scale": 1.5,
      "learning_rate": 0.03,
      "num_boost_round": 400,
      "max_depth": 2,
      "min_child_weight": 2.0,
      "subsample": 0.8,
      "colsample_bytree": 0.8,
      "reg_lambda": 5.0,
      "reg_alpha": 0.0
    },
    {
      "candidate_id": 20,
      "aft_loss_distribution": "normal",
      "aft_loss_distribution_scale": 1.5,
      "learning_rate": 0.05,
      "num_boost_round": 400,
      "max_depth": 2,
      "min_child_weight": 2.0,
      "subsample": 0.8,
      "colsample_bytree": 0.8,
      "reg_lambda": 5.0,
      "reg_alpha": 0.0
    },
    {
      "candidate_id": 21,
      "aft_loss_distribution": "normal",
      "aft_loss_distribution_scale": 2.0,
      "learning_rate": 0.03,
      "num_boost_round": 200,
      "max_depth": 2,
      "min_child_weight": 1.0,
      "subsample": 0.8,
      "colsample_bytree": 0.8,
      "reg_lambda": 1.0,
      "reg_alpha": 0.0
    },
    {
      "candidate_id": 22,
      "aft_loss_distribution": "normal",
      "aft_loss_distribution_scale": 2.0,
      "learning_rate": 0.05,
      "num_boost_round": 200,
      "max_depth": 2,
      "min_child_weight": 1.0,
      "subsample": 0.8,
      "colsample_bytree": 0.8,
      "reg_lambda": 1.0,
      "reg_alpha": 0.0
    },
    {
      "candidate_id": 23,
      "aft_loss_distribution": "normal",
      "aft_loss_distribution_scale": 2.0,
      "learning_rate": 0.03,
      "num_boost_round": 400,
      "max_depth": 2,
      "min_child_weight": 2.0,
      "subsample": 0.8,
      "colsample_bytree": 0.8,
      "reg_lambda": 5.0,
      "reg_alpha": 0.0
    },
    {
      "candidate_id": 24,
      "aft_loss_distribution": "normal",
      "aft_loss_distribution_scale": 2.0,
      "learning_rate": 0.05,
      "num_boost_round": 400,
      "max_depth": 2,
      "min_child_weight": 2.0,
      "subsample": 0.8,
      "colsample_bytree": 0.8,
      "reg_lambda": 5.0,
      "reg_alpha": 0.0
    }
  ],
  "benchmark_horizons": [
    10,
    20,
    30
  ],
  "calibration_bins": 10,
  "calibration_contract_version": "v2_ipcw_km_observed_risk",
  "calibration_observed_risk_method": "ipcw_km_pseudo_event_rate",
  "variance_filter_threshold": 1e-12,
  "duration_floor": 1.0,
  "effective_window_weeks": 6,
  "input_train_table": "enrollment_cox_ready_train_w6",
  "input_test_table": "enrollment_cox_ready_test_w6",
  "best_candidate": {
    "candidate_id": 12,
    "params": {
      "aft_loss_distribution": "logistic",
      "aft_loss_distribution_scale": 2.0,
      "learning_rate": 0.05,
      "num_boost_round": 400,
      "max_depth": 2,
      "min_child_weight": 2.0,
      "subsample": 0.8,
      "colsample_bytree": 0.8,
      "reg_lambda": 5.0,
      "reg_alpha": 0.0
    },
    "val_ibs": 0.14232123843395253,
    "val_c_index": 0.573096136152338,
    "implementation": "xgboost_survival_aft"
  },
  "guardrails": {
    "validation_test_size": 0.1,
    "search_row_cap": 14634,
    "final_row_cap": 14634,
    "search_rows_selected": 14634,
    "final_rows_selected": 14634,
    "subtrain_rows": 20533,
    "validation_rows": 2282,
    "full_train_rows": 22815,
    "subtrain_enrollments": 20533,
    "validation_enrollments": 2282,
    "full_train_enrollments": 22815,
    "n_features": 41,
    "subtrain_event_rate": 0.22709784249744314,
    "validation_event_rate": 0.22261174408413673,
    "full_train_event_rate": 0.22664913434144204,
    "sampled_subtrain_event_rate": 0.22707393740604073,
    "sampled_full_train_event_rate": 0.22666393330599974,
    "random_seed": 42
  },
  "preprocessing": {
    "categorical_features": [
      "gender",
      "region",
      "highest_education",
      "imd_band",
      "age_band",
      "disability"
    ],
    "numeric_features": [
      "num_of_prev_attempts",
      "studied_credits",
      "clicks_first_6_weeks",
      "active_weeks_first_6",
      "mean_clicks_first_6_weeks"
    ],
    "numeric_prefill_values": {
      "num_of_prev_attempts": 0.0,
      "studied_credits": 60.0,
      "clicks_first_6_weeks": 182.0,
      "active_weeks_first_6": 5.0,
      "mean_clicks_first_6_weeks": 39.0
    },
    "feature_names_before_filter": [
      "num__num_of_prev_attempts",
      "num__studied_credits",
      "num__clicks_first_6_weeks",
      "num__active_weeks_first_6",
      "num__mean_clicks_first_6_weeks",
      "cat__gender_F",
      "cat__gender_M",
      "cat__region_East Anglian Region",
      "cat__region_East Midlands Region",
      "cat__region_Ireland",
      "cat__region_London Region",
      "cat__region_North Region",
      "cat__region_North Western Region",
      "cat__region_Scotland",
      "cat__region_South East Region",
      "cat__region_South Region",
      "cat__region_South West Region",
      "cat__region_Wales",
      "cat__region_West Midlands Region",
      "cat__region_Yorkshire Region",
      "cat__highest_education_A Level or Equivalent",
      "cat__highest_education_HE Qualification",
      "cat__highest_education_Lower Than A Level",
      "cat__highest_education_No Formal quals",
      "cat__highest_education_Post Graduate Qualification",
      "cat__imd_band_0-10%",
      "cat__imd_band_10-20",
      "cat__imd_band_20-30%",
      "cat__imd_band_30-40%",
      "cat__imd_band_40-50%",
      "cat__imd_band_50-60%",
      "cat__imd_band_60-70%",
      "cat__imd_band_70-80%",
      "cat__imd_band_80-90%",
      "cat__imd_band_90-100%",
      "cat__imd_band_None",
      "cat__age_band_0-35",
      "cat__age_band_35-55",
      "cat__age_band_55<=",
      "cat__disability_N",
      "cat__disability_Y"
    ],
    "feature_names_out": [
      "num__num_of_prev_attempts",
      "num__studied_credits",
      "num__clicks_first_6_weeks",
      "num__active_weeks_first_6",
      "num__mean_clicks_first_6_weeks",
      "cat__gender_F",
      "cat__gender_M",
      "cat__region_East Anglian Region",
      "cat__region_East Midlands Region",
      "cat__region_Ireland",
      "cat__region_London Region",
      "cat__region_North Region",
      "cat__region_North Western Region",
      "cat__region_Scotland",
      "cat__region_South East Region",
      "cat__region_South Region",
      "cat__region_South West Region",
      "cat__region_Wales",
      "cat__region_West Midlands Region",
      "cat__region_Yorkshire Region",
      "cat__highest_education_A Level or Equivalent",
      "cat__highest_education_HE Qualification",
      "cat__highest_education_Lower Than A Level",
      "cat__highest_education_No Formal quals",
      "cat__highest_education_Post Graduate Qualification",
      "cat__imd_band_0-10%",
      "cat__imd_band_10-20",
      "cat__imd_band_20-30%",
      "cat__imd_band_30-40%",
      "cat__imd_band_40-50%",
      "cat__imd_band_50-60%",
      "cat__imd_band_60-70%",
      "cat__imd_band_70-80%",
      "cat__imd_band_80-90%",
      "cat__imd_band_90-100%",
      "cat__imd_band_None",
      "cat__age_band_0-35",
      "cat__age_band_35-55",
      "cat__age_band_55<=",
      "cat__disability_N",
      "cat__disability_Y"
    ],
    "dropped_low_variance_features": []
  },
  "design_note": "The comparable XGBoost AFT arm preserves the canonical early-window contract, uses deterministic train-only preprocessing, fits ranged censoring labels through xgboost.DMatrix, and reconstructs survival curves from the tuned AFT location predictions under validation IBS."
}

 candidate_id                                                                                                                                                                                                                                            params  val_ibs  val_c_index       implementation
           12 {'aft_loss_distribution': 'logistic', 'aft_loss_distribution_scale': 2.0, 'learning_rate': 0.05, 'num_boost_round': 400, 'max_depth': 2, 'min_child_weight': 2.0, 'subsample': 0.8, 'colsample_bytree': 0.8, 'reg_lambda': 5.0, 'reg_alpha': 0.0} 0.142321     0.573096 xgboost_survival_aft
[END] 5.13.4 - 2026-06-19 22:30:53
[START] 5.13.5 - 2026-06-19 22:30:53
# ==============================================================
# 5.13.5 - Close runtime resources
# ==============================================================
DuckDB connection closed.
ARTIFACT | duckdb_connection | closed::/Users/rafars/dropout_benchmark_desenv/outputs_benchmark_survival/benchmark_survival.duckdb
[END] 5.13.5 - 2026-06-19 22:30:54
[RUN_PLAN] comparable_window_weeks=8
[START] 5.13.1 - 2026-06-19 22:30:54
# ==============================================================
# 5.13.1 - Lightweight runtime bootstrap
# ==============================================================
ARTIFACT | benchmark_shared_config | /Users/rafars/dropout_benchmark_desenv/benchmark_shared_config.toml
ARTIFACT | benchmark_modeling_contract | /Users/rafars/dropout_benchmark_desenv/benchmark_modeling_contract.toml
ARTIFACT | run_metadata | /Users/rafars/dropout_benchmark_desenv/outputs_benchmark_survival/metadata/run_metadata.json
ARTIFACT | duckdb_path | /Users/rafars/dropout_benchmark_desenv/outputs_benchmark_survival/benchmark_survival.duckdb
{
  "run_id": "f3766e75053447a7beb7a1c4936d231f",
  "random_seed": 42,
  "test_size": 0.3,
  "early_window_weeks": 4,
  "main_enrollment_window_weeks": 4,
  "effective_window_weeks": 8,
  "input_train_table": "enrollment_cox_ready_train_w8",
  "input_test_table": "enrollment_cox_ready_test_w8"
}
[END] 5.13.1 - 2026-06-19 22:30:54
[START] 5.13.2 - 2026-06-19 22:30:54
# ==============================================================
# 5.13.2 - Build comparable XGBoost AFT treatment
# ==============================================================
[Stage 5.13.2 table_xgb_aft_preprocessing_summary - XGBoost AFT preprocessing summary]
table_name=table_xgb_aft_preprocessing_summary_w8
rows=1, cols=21
model_family  train_rows  test_rows  n_input_features_raw  n_numeric_features  n_categorical_features  n_features_after_encoding_before_filter  n_features_after_variance_filter  n_features_dropped_by_variance_filter  n_events_train  n_events_test  mean_duration_train  mean_duration_test                              numeric_prefill_policy categorical_imputation          categorical_encoding                   numeric_scaling  variance_filter_threshold output_dtype                        model_positioning_note  window_weeks
 xgboost_aft       22815       9778                    11                   5                       6                                       41                                41                                      0            5171           2216            30.536182           30.539476 deterministic_train_median_or_zero_when_all_missing       constant_missing one_hot_handle_unknown_ignore standard_scaler_fit_on_train_only               1.000000e-12      float32 early-window comparable XGBoost AFT benchmark             8
ARTIFACT | Stage 5.13.2 table_xgb_aft_preprocessing_summary - XGBoost AFT preprocessing summary | duckdb://table_xgb_aft_preprocessing_summary_w8
[Stage 5.13.2 table_xgb_aft_raw_feature_manifest - XGBoost AFT raw feature manifest]
table_name=table_xgb_aft_raw_feature_manifest_w8
rows=11, cols=6
 feature_name_operational feature_role  present_in_train  present_in_test  covered_by_canonical_config  numeric_prefill_value
                   gender  categorical              True             True                        False                    NaN
                   region  categorical              True             True                        False                    NaN
        highest_education  categorical              True             True                        False                    NaN
                 imd_band  categorical              True             True                        False                    NaN
                 age_band  categorical              True             True                        False                    NaN
               disability  categorical              True             True                        False                    NaN
     num_of_prev_attempts      numeric              True             True                         True               0.000000
          studied_credits      numeric              True             True                         True              60.000000
     clicks_first_8_weeks      numeric              True             True                         True             229.000000
     active_weeks_first_8      numeric              True             True                         True               7.000000
mean_clicks_first_8_weeks      numeric              True             True                         True              37.857143
ARTIFACT | Stage 5.13.2 table_xgb_aft_raw_feature_manifest - XGBoost AFT raw feature manifest | duckdb://table_xgb_aft_raw_feature_manifest_w8
[Stage 5.13.2 table_xgb_aft_feature_names_out - XGBoost AFT output feature manifest]
table_name=table_xgb_aft_feature_names_out_w8
rows=41, cols=2
                feature_name_out  transformed_variance_train
       num__num_of_prev_attempts                    1.000000
            num__studied_credits                    1.000000
       num__clicks_first_8_weeks                    1.000000
       num__active_weeks_first_8                    1.000000
  num__mean_clicks_first_8_weeks                    1.000000
                   cat__gender_F                    0.247988
                   cat__gender_M                    0.247988
 cat__region_East Anglian Region                    0.092080
cat__region_East Midlands Region                    0.067091
             cat__region_Ireland                    0.034283
       cat__region_London Region                    0.088295
        cat__region_North Region                    0.052060
cat__region_North Western Region                    0.082139
            cat__region_Scotland                    0.094370
   cat__region_South East Region                    0.059974
        cat__region_South Region                    0.087554
   cat__region_South West Region                    0.068848
               cat__region_Wales                    0.059707
cat__region_West Midlands Region                    0.073261
    cat__region_Yorkshire Region                    0.058136
ARTIFACT | Stage 5.13.2 table_xgb_aft_feature_names_out - XGBoost AFT output feature manifest | duckdb://table_xgb_aft_feature_names_out_w8
ARTIFACT | xgb_aft_preprocessing_config | /Users/rafars/dropout_benchmark_desenv/outputs_benchmark_survival/metadata/xgb_aft_preprocessing_config_w8.json
{
  "model_family": "xgboost_aft",
  "duration_column": "duration",
  "event_column": "event",
  "categorical_features": [
    "gender",
    "region",
    "highest_education",
    "imd_band",
    "age_band",
    "disability"
  ],
  "numeric_features": [
    "num_of_prev_attempts",
    "studied_credits",
    "clicks_first_8_weeks",
    "active_weeks_first_8",
    "mean_clicks_first_8_weeks"
  ],
  "raw_feature_columns": [
    "gender",
    "region",
    "highest_education",
    "imd_band",
    "age_band",
    "disability",
    "num_of_prev_attempts",
    "studied_credits",
    "clicks_first_8_weeks",
    "active_weeks_first_8",
    "mean_clicks_first_8_weeks"
  ],
  "expected_features_raw": [
    "studied_credits",
    "num_of_prev_attempts",
    "num_of_prev_attempts",
    "studied_credits",
    "clicks_first_8_weeks",
    "active_weeks_first_8",
    "mean_clicks_first_8_weeks"
  ],
  "expected_features_resolved": [
    "studied_credits",
    "num_of_prev_attempts",
    "clicks_first_8_weeks",
    "active_weeks_first_8",
    "mean_clicks_first_8_weeks"
  ],
  "numeric_prefill_policy": "deterministic_train_median_or_zero_when_all_missing",
  "numeric_fill_values": {
    "num_of_prev_attempts": 0.0,
    "studied_credits": 60.0,
    "clicks_first_8_weeks": 229.0,
    "active_weeks_first_8": 7.0,
    "mean_clicks_first_8_weeks": 37.857142857142854
  },
  "categorical_imputation": "constant_missing",
  "categorical_encoding": "one_hot_handle_unknown_ignore",
  "numeric_scaling": "standard_scaler_fit_on_train_only",
  "variance_filter_threshold": 1e-12,
  "feature_names_before_filter": [
    "num__num_of_prev_attempts",
    "num__studied_credits",
    "num__clicks_first_8_weeks",
    "num__active_weeks_first_8",
    "num__mean_clicks_first_8_weeks",
    "cat__gender_F",
    "cat__gender_M",
    "cat__region_East Anglian Region",
    "cat__region_East Midlands Region",
    "cat__region_Ireland",
    "cat__region_London Region",
    "cat__region_North Region",
    "cat__region_North Western Region",
    "cat__region_Scotland",
    "cat__region_South East Region",
    "cat__region_South Region",
    "cat__region_South West Region",
    "cat__region_Wales",
    "cat__region_West Midlands Region",
    "cat__region_Yorkshire Region",
    "cat__highest_education_A Level or Equivalent",
    "cat__highest_education_HE Qualification",
    "cat__highest_education_Lower Than A Level",
    "cat__highest_education_No Formal quals",
    "cat__highest_education_Post Graduate Qualification",
    "cat__imd_band_0-10%",
    "cat__imd_band_10-20",
    "cat__imd_band_20-30%",
    "cat__imd_band_30-40%",
    "cat__imd_band_40-50%",
    "cat__imd_band_50-60%",
    "cat__imd_band_60-70%",
    "cat__imd_band_70-80%",
    "cat__imd_band_80-90%",
    "cat__imd_band_90-100%",
    "cat__imd_band_None",
    "cat__age_band_0-35",
    "cat__age_band_35-55",
    "cat__age_band_55<=",
    "cat__disability_N",
    "cat__disability_Y"
  ],
  "feature_names_out": [
    "num__num_of_prev_attempts",
    "num__studied_credits",
    "num__clicks_first_8_weeks",
    "num__active_weeks_first_8",
    "num__mean_clicks_first_8_weeks",
    "cat__gender_F",
    "cat__gender_M",
    "cat__region_East Anglian Region",
    "cat__region_East Midlands Region",
    "cat__region_Ireland",
    "cat__region_London Region",
    "cat__region_North Region",
    "cat__region_North Western Region",
    "cat__region_Scotland",
    "cat__region_South East Region",
    "cat__region_South Region",
    "cat__region_South West Region",
    "cat__region_Wales",
    "cat__region_West Midlands Region",
    "cat__region_Yorkshire Region",
    "cat__highest_education_A Level or Equivalent",
    "cat__highest_education_HE Qualification",
    "cat__highest_education_Lower Than A Level",
    "cat__highest_education_No Formal quals",
    "cat__highest_education_Post Graduate Qualification",
    "cat__imd_band_0-10%",
    "cat__imd_band_10-20",
    "cat__imd_band_20-30%",
    "cat__imd_band_30-40%",
    "cat__imd_band_40-50%",
    "cat__imd_band_50-60%",
    "cat__imd_band_60-70%",
    "cat__imd_band_70-80%",
    "cat__imd_band_80-90%",
    "cat__imd_band_90-100%",
    "cat__imd_band_None",
    "cat__age_band_0-35",
    "cat__age_band_35-55",
    "cat__age_band_55<=",
    "cat__disability_N",
    "cat__disability_Y"
  ],
  "dropped_low_variance_features": [],
  "model_positioning_note": "early-window comparable XGBoost AFT benchmark",
  "window_weeks": 8
}

[END] 5.13.2 - 2026-06-19 22:30:54
[START] 5.13.3 - 2026-06-19 22:30:54
# ==============================================================
# 5.13.3 - Compute runtime guardrails for gradient boosting
# ==============================================================
[Stage 5.13.3 table_xgb_aft_guardrails - XGBoost AFT runtime guardrails]
table_name=table_xgb_aft_guardrails_w8
rows=1, cols=18
 validation_test_size  search_row_cap  final_row_cap  search_rows_selected  final_rows_selected  subtrain_rows  validation_rows  full_train_rows  subtrain_enrollments  validation_enrollments  full_train_enrollments  n_features  subtrain_event_rate  validation_event_rate  full_train_event_rate  sampled_subtrain_event_rate  sampled_full_train_event_rate  random_seed
                  0.1           14634          14634                 14634                14634          20533             2282            22815                 20533                    2282                   22815          41             0.227098               0.222612               0.226649                     0.227074                       0.226664           42
ARTIFACT | Stage 5.13.3 table_xgb_aft_guardrails - XGBoost AFT runtime guardrails | duckdb://table_xgb_aft_guardrails_w8
[END] 5.13.3 - 2026-06-19 22:30:55
[START] 5.13.4 - 2026-06-19 22:30:55
# ==============================================================
# 5.13.4 - Tune and evaluate the XGBoost AFT model
# ==============================================================
[Stage 5.13.4 table_xgb_aft_tuning_results - XGBoost AFT tuning results]
table_name=table_xgb_aft_tuning_results_w8
rows=24, cols=13
 candidate_id aft_loss_distribution  aft_loss_distribution_scale  learning_rate  num_boost_round  max_depth  min_child_weight  subsample  colsample_bytree  reg_lambda  reg_alpha  val_ibs  val_c_index
           12              logistic                          2.0           0.05              400          2               2.0        0.8               0.8         5.0        0.0 0.138668     0.594957
            8              logistic                          1.5           0.05              400          2               2.0        0.8               0.8         5.0        0.0 0.138765     0.601467
            4              logistic                          1.0           0.05              400          2               1.0        0.8               0.8         1.0        0.0 0.139294     0.600419
           11              logistic                          2.0           0.03              400          2               2.0        0.8               0.8         5.0        0.0 0.140273     0.590309
            7              logistic                          1.5           0.03              400          2               2.0        0.8               0.8         5.0        0.0 0.140354     0.599118
           24                normal                          2.0           0.05              400          2               2.0        0.8               0.8         5.0        0.0 0.140430     0.559265
           20                normal                          1.5           0.05              400          2               2.0        0.8               0.8         5.0        0.0 0.140573     0.557449
            3              logistic                          1.0           0.03              400          2               1.0        0.8               0.8         1.0        0.0 0.140744     0.594091
           10              logistic                          2.0           0.05              200          2               1.0        0.8               0.8         1.0        0.0 0.140922     0.587705
            6              logistic                          1.5           0.05              200          2               1.0        0.8               0.8         1.0        0.0 0.141084     0.598408
           16                normal                          1.0           0.05              400          2               1.0        0.8               0.8         1.0        0.0 0.141254     0.546934
            2              logistic                          1.0           0.05              200          2               1.0        0.8               0.8         1.0        0.0 0.141642     0.600794
           19                normal                          1.5           0.03              400          2               2.0        0.8               0.8         5.0        0.0 0.142093     0.550112
           23                normal                          2.0           0.03              400          2               2.0        0.8               0.8         5.0        0.0 0.142116     0.553911
           15                normal                          1.0           0.03              400          2               1.0        0.8               0.8         1.0        0.0 0.142305     0.541014
           18                normal                          1.5           0.05              200          2               1.0        0.8               0.8         1.0        0.0 0.142559     0.547552
           22                normal                          2.0           0.05              200          2               1.0        0.8               0.8         1.0        0.0 0.142755     0.551407
           14                normal                          1.0           0.05              200          2               1.0        0.8               0.8         1.0        0.0 0.143182     0.541545
            9              logistic                          2.0           0.03              200          2               1.0        0.8               0.8         1.0        0.0 0.143216     0.586524
            5              logistic                          1.5           0.03              200          2               1.0        0.8               0.8         1.0        0.0 0.143345     0.599847
ARTIFACT | Stage 5.13.4 table_xgb_aft_tuning_results - XGBoost AFT tuning results | duckdb://table_xgb_aft_tuning_results_w8
[Stage 5.13.4 table_xgb_aft_tuned_test_predictions - XGBoost AFT test predictions]
table_name=table_xgb_aft_tuned_test_predictions_w8
rows=29334, cols=6
      enrollment_id  event  duration  horizon_week  pred_survival_h  pred_risk_h
 100561||DDD||2014J      0        37            10              1.0 0.000000e+00
 100621||CCC||2014B      1         6            10              1.0 0.000000e+00
 101187||DDD||2014J      0        37            10              1.0 0.000000e+00
 101279||DDD||2014J      0        37            10              1.0 0.000000e+00
 101414||EEE||2013J      0        38            10              1.0 0.000000e+00
 101700||CCC||2014J      0        38            10              1.0 5.550005e-13
 101781||AAA||2013J      0        38            10              1.0 0.000000e+00
 102209||CCC||2014J      1        15            10              1.0 0.000000e+00
 102343||FFF||2013J      0        38            10              1.0 0.000000e+00
1023623||CCC||2014J      0        38            10              1.0 0.000000e+00
1033968||DDD||2014B      1        13            10              1.0 0.000000e+00
 103891||DDD||2014B      0        34            10              1.0 0.000000e+00
 104316||FFF||2014B      0        34            10              1.0 0.000000e+00
1045203||AAA||2014J      0        38            10              1.0 0.000000e+00
1047645||CCC||2014B      0        34            10              1.0 0.000000e+00
1053702||EEE||2013J      0        38            10              1.0 0.000000e+00
 105629||FFF||2013J      0        38            10              1.0 0.000000e+00
1057883||CCC||2014B      0        34            10              1.0 0.000000e+00
 106383||BBB||2014J      1        21            10              1.0 0.000000e+00
 106553||DDD||2014J      0        37            10              1.0 0.000000e+00
ARTIFACT | Stage 5.13.4 table_xgb_aft_tuned_test_predictions - XGBoost AFT test predictions | duckdb://table_xgb_aft_tuned_test_predictions_w8
[Stage 5.13.4 table_xgb_aft_tuned_primary_metrics - XGBoost AFT primary metrics]
table_name=table_xgb_aft_tuned_primary_metrics_w8
rows=2, cols=4
metric_name metric_category  metric_value                         notes
        ibs         primary      0.143288 sksurv_integrated_brier_score
    c_index      co_primary      0.600655          pycox_concordance_td
ARTIFACT | Stage 5.13.4 table_xgb_aft_tuned_primary_metrics - XGBoost AFT primary metrics | duckdb://table_xgb_aft_tuned_primary_metrics_w8
[Stage 5.13.4 table_xgb_aft_tuned_brier_by_horizon - XGBoost AFT Brier scores by horizon]
table_name=table_xgb_aft_tuned_brier_by_horizon_w8
rows=3, cols=5
 horizon_week      metric_name metric_category  metric_value              notes
           10 brier_at_horizon         primary      0.118213 sksurv_brier_score
           20 brier_at_horizon         primary      0.170383 sksurv_brier_score
           30 brier_at_horizon         primary      0.210082 sksurv_brier_score
ARTIFACT | Stage 5.13.4 table_xgb_aft_tuned_brier_by_horizon - XGBoost AFT Brier scores by horizon | duckdb://table_xgb_aft_tuned_brier_by_horizon_w8
[Stage 5.13.4 table_xgb_aft_tuned_secondary_metrics - XGBoost AFT secondary metrics]
table_name=table_xgb_aft_tuned_secondary_metrics_w8
rows=6, cols=5
 horizon_week         metric_name metric_category  metric_value                                                                                  notes
           10 risk_auc_at_horizon       secondary      0.678242                                                            roc_auc_on_evaluable_subset
           10  time_dependent_auc       secondary      0.631806 ipcw_supported_subset(duration < 38); retained=6742/9778; auc=0.631806; local_ipcw_auc
           20 risk_auc_at_horizon       secondary      0.625631                                                            roc_auc_on_evaluable_subset
           20  time_dependent_auc       secondary      0.596073 ipcw_supported_subset(duration < 38); retained=6742/9778; auc=0.596073; local_ipcw_auc
           30 risk_auc_at_horizon       secondary      0.602416                                                            roc_auc_on_evaluable_subset
           30  time_dependent_auc       secondary      0.577533 ipcw_supported_subset(duration < 38); retained=6742/9778; auc=0.577533; local_ipcw_auc
ARTIFACT | Stage 5.13.4 table_xgb_aft_tuned_secondary_metrics - XGBoost AFT secondary metrics | duckdb://table_xgb_aft_tuned_secondary_metrics_w8
[Stage 5.13.4 table_xgb_aft_tuned_td_auc_support_audit - XGBoost AFT IPCW support audit]
table_name=table_xgb_aft_tuned_td_auc_support_audit_w8
rows=3, cols=6
 horizon_week  max_ipcw_time  n_total_test_enrollments  n_supported_test_enrollments  mean_auc                                                         notes
           10           38.0                      9778                          6742  0.631806 IPCW-supported subset used for XGBoost AFT time-dependent AUC
           20           38.0                      9778                          6742  0.596073 IPCW-supported subset used for XGBoost AFT time-dependent AUC
           30           38.0                      9778                          6742  0.577533 IPCW-supported subset used for XGBoost AFT time-dependent AUC
ARTIFACT | Stage 5.13.4 table_xgb_aft_tuned_td_auc_support_audit - XGBoost AFT IPCW support audit | duckdb://table_xgb_aft_tuned_td_auc_support_audit_w8
[Stage 5.13.4 table_xgb_aft_tuned_row_diagnostics - XGBoost AFT row-level diagnostics]
table_name=table_xgb_aft_tuned_row_diagnostics_w8
rows=1, cols=6
   model_name  row_level_roc_auc  row_level_pr_auc  row_level_log_loss  row_level_brier                                                                    diagnostic_note
xgb_aft_tuned           0.595426          0.324711            3.719373         0.223555 auxiliary enrollment-level proxy only; not a primary cross-family benchmark metric
ARTIFACT | Stage 5.13.4 table_xgb_aft_tuned_row_diagnostics - XGBoost AFT row-level diagnostics | duckdb://table_xgb_aft_tuned_row_diagnostics_w8
[Stage 5.13.4 table_xgb_aft_tuned_support_by_horizon - XGBoost AFT support by horizon]
table_name=table_xgb_aft_tuned_support_by_horizon_w8
rows=3, cols=4
 horizon_week  n_evaluable_enrollments  n_events_by_horizon  event_rate_by_horizon
           10                     9778                 1215               0.124259
           20                     9778                 1736               0.177541
           30                     9778                 2129               0.217734
ARTIFACT | Stage 5.13.4 table_xgb_aft_tuned_support_by_horizon - XGBoost AFT support by horizon | duckdb://table_xgb_aft_tuned_support_by_horizon_w8
[Stage 5.13.4 table_xgb_aft_tuned_calibration_summary - XGBoost AFT calibration summary]
table_name=table_xgb_aft_tuned_calibration_summary_w8
rows=3, cols=5
 horizon_week            metric_name metric_category  metric_value                                         notes
           10 calibration_at_horizon         primary      0.118538 Weighted absolute calibration gap across bins
           20 calibration_at_horizon         primary      0.170624 Weighted absolute calibration gap across bins
           30 calibration_at_horizon         primary      0.210075 Weighted absolute calibration gap across bins
ARTIFACT | Stage 5.13.4 table_xgb_aft_tuned_calibration_summary - XGBoost AFT calibration summary | duckdb://table_xgb_aft_tuned_calibration_summary_w8
[Stage 5.13.4 table_xgb_aft_tuned_calibration_bins_by_horizon - XGBoost AFT calibration bins]
table_name=table_xgb_aft_tuned_calibration_bins_by_horizon_w8
rows=30, cols=6
 calibration_bin   n  mean_predicted_risk  observed_event_rate  horizon_week  abs_calibration_gap
               0 978         0.000000e+00             0.081800            10             0.081800
               1 978         0.000000e+00             0.065440            10             0.065440
               2 978         0.000000e+00             0.069530            10             0.069530
               3 977         0.000000e+00             0.096213            10             0.096213
               4 978         0.000000e+00             0.073620            10             0.073620
               5 978         0.000000e+00             0.088957            10             0.088957
               6 977         0.000000e+00             0.085977            10             0.085977
               7 978         0.000000e+00             0.087935            10             0.087935
               8 978         2.679066e-17             0.103272            10             0.103272
               9 978         5.719860e-02             0.489775            10             0.432576
               0 978         0.000000e+00             0.126789            20             0.126789
               1 978         0.000000e+00             0.130879            20             0.130879
               2 978         0.000000e+00             0.128834            20             0.128834
               3 977         0.000000e+00             0.172979            20             0.172979
               4 978         0.000000e+00             0.132924            20             0.132924
               5 978         0.000000e+00             0.145194            20             0.145194
               6 977         0.000000e+00             0.128966            20             0.128966
               7 978         0.000000e+00             0.138037            20             0.138037
               8 978         3.825615e-17             0.146217            20             0.146217
               9 978         6.916109e-02             0.524540            20             0.455379
ARTIFACT | Stage 5.13.4 table_xgb_aft_tuned_calibration_bins_by_horizon - XGBoost AFT calibration bins | duckdb://table_xgb_aft_tuned_calibration_bins_by_horizon_w8
[Stage 5.13.4 table_xgb_aft_tuned_predicted_vs_observed_survival - XGBoost AFT predicted versus observed survival]
table_name=table_xgb_aft_tuned_predicted_vs_observed_survival_w8
rows=3, cols=5
 horizon_week  n_evaluable_enrollments  mean_predicted_survival  mean_observed_survival  abs_gap
           10                     9778                 0.994279                0.875741 0.118538
           20                     9778                 0.993082                0.822459 0.170624
           30                     9778                 0.992341                0.782266 0.210075
ARTIFACT | Stage 5.13.4 table_xgb_aft_tuned_predicted_vs_observed_survival - XGBoost AFT predicted versus observed survival | duckdb://table_xgb_aft_tuned_predicted_vs_observed_survival_w8
ARTIFACT | xgb_aft_model | /Users/rafars/dropout_benchmark_desenv/outputs_benchmark_survival/models/xgb_aft_tuned_w8.joblib
ARTIFACT | xgb_aft_preprocessor | /Users/rafars/dropout_benchmark_desenv/outputs_benchmark_survival/models/xgb_aft_preprocessor_w8.joblib
ARTIFACT | xgb_aft_tuned_model_config | /Users/rafars/dropout_benchmark_desenv/outputs_benchmark_survival/metadata/xgb_aft_tuned_model_config_w8.json
{
  "model_name": "xgb_aft_tuned",
  "selection_metric": "lowest_validation_ibs",
  "implementation": "xgboost_survival_aft",
  "validation_split": {
    "method": "GroupShuffleSplit",
    "test_size": 0.1,
    "group_column": "enrollment_id",
    "random_seed": 42
  },
  "search_space": [
    {
      "candidate_id": 1,
      "aft_loss_distribution": "logistic",
      "aft_loss_distribution_scale": 1.0,
      "learning_rate": 0.03,
      "num_boost_round": 200,
      "max_depth": 2,
      "min_child_weight": 1.0,
      "subsample": 0.8,
      "colsample_bytree": 0.8,
      "reg_lambda": 1.0,
      "reg_alpha": 0.0
    },
    {
      "candidate_id": 2,
      "aft_loss_distribution": "logistic",
      "aft_loss_distribution_scale": 1.0,
      "learning_rate": 0.05,
      "num_boost_round": 200,
      "max_depth": 2,
      "min_child_weight": 1.0,
      "subsample": 0.8,
      "colsample_bytree": 0.8,
      "reg_lambda": 1.0,
      "reg_alpha": 0.0
    },
    {
      "candidate_id": 3,
      "aft_loss_distribution": "logistic",
      "aft_loss_distribution_scale": 1.0,
      "learning_rate": 0.03,
      "num_boost_round": 400,
      "max_depth": 2,
      "min_child_weight": 1.0,
      "subsample": 0.8,
      "colsample_bytree": 0.8,
      "reg_lambda": 1.0,
      "reg_alpha": 0.0
    },
    {
      "candidate_id": 4,
      "aft_loss_distribution": "logistic",
      "aft_loss_distribution_scale": 1.0,
      "learning_rate": 0.05,
      "num_boost_round": 400,
      "max_depth": 2,
      "min_child_weight": 1.0,
      "subsample": 0.8,
      "colsample_bytree": 0.8,
      "reg_lambda": 1.0,
      "reg_alpha": 0.0
    },
    {
      "candidate_id": 5,
      "aft_loss_distribution": "logistic",
      "aft_loss_distribution_scale": 1.5,
      "learning_rate": 0.03,
      "num_boost_round": 200,
      "max_depth": 2,
      "min_child_weight": 1.0,
      "subsample": 0.8,
      "colsample_bytree": 0.8,
      "reg_lambda": 1.0,
      "reg_alpha": 0.0
    },
    {
      "candidate_id": 6,
      "aft_loss_distribution": "logistic",
      "aft_loss_distribution_scale": 1.5,
      "learning_rate": 0.05,
      "num_boost_round": 200,
      "max_depth": 2,
      "min_child_weight": 1.0,
      "subsample": 0.8,
      "colsample_bytree": 0.8,
      "reg_lambda": 1.0,
      "reg_alpha": 0.0
    },
    {
      "candidate_id": 7,
      "aft_loss_distribution": "logistic",
      "aft_loss_distribution_scale": 1.5,
      "learning_rate": 0.03,
      "num_boost_round": 400,
      "max_depth": 2,
      "min_child_weight": 2.0,
      "subsample": 0.8,
      "colsample_bytree": 0.8,
      "reg_lambda": 5.0,
      "reg_alpha": 0.0
    },
    {
      "candidate_id": 8,
      "aft_loss_distribution": "logistic",
      "aft_loss_distribution_scale": 1.5,
      "learning_rate": 0.05,
      "num_boost_round": 400,
      "max_depth": 2,
      "min_child_weight": 2.0,
      "subsample": 0.8,
      "colsample_bytree": 0.8,
      "reg_lambda": 5.0,
      "reg_alpha": 0.0
    },
    {
      "candidate_id": 9,
      "aft_loss_distribution": "logistic",
      "aft_loss_distribution_scale": 2.0,
      "learning_rate": 0.03,
      "num_boost_round": 200,
      "max_depth": 2,
      "min_child_weight": 1.0,
      "subsample": 0.8,
      "colsample_bytree": 0.8,
      "reg_lambda": 1.0,
      "reg_alpha": 0.0
    },
    {
      "candidate_id": 10,
      "aft_loss_distribution": "logistic",
      "aft_loss_distribution_scale": 2.0,
      "learning_rate": 0.05,
      "num_boost_round": 200,
      "max_depth": 2,
      "min_child_weight": 1.0,
      "subsample": 0.8,
      "colsample_bytree": 0.8,
      "reg_lambda": 1.0,
      "reg_alpha": 0.0
    },
    {
      "candidate_id": 11,
      "aft_loss_distribution": "logistic",
      "aft_loss_distribution_scale": 2.0,
      "learning_rate": 0.03,
      "num_boost_round": 400,
      "max_depth": 2,
      "min_child_weight": 2.0,
      "subsample": 0.8,
      "colsample_bytree": 0.8,
      "reg_lambda": 5.0,
      "reg_alpha": 0.0
    },
    {
      "candidate_id": 12,
      "aft_loss_distribution": "logistic",
      "aft_loss_distribution_scale": 2.0,
      "learning_rate": 0.05,
      "num_boost_round": 400,
      "max_depth": 2,
      "min_child_weight": 2.0,
      "subsample": 0.8,
      "colsample_bytree": 0.8,
      "reg_lambda": 5.0,
      "reg_alpha": 0.0
    },
    {
      "candidate_id": 13,
      "aft_loss_distribution": "normal",
      "aft_loss_distribution_scale": 1.0,
      "learning_rate": 0.03,
      "num_boost_round": 200,
      "max_depth": 2,
      "min_child_weight": 1.0,
      "subsample": 0.8,
      "colsample_bytree": 0.8,
      "reg_lambda": 1.0,
      "reg_alpha": 0.0
    },
    {
      "candidate_id": 14,
      "aft_loss_distribution": "normal",
      "aft_loss_distribution_scale": 1.0,
      "learning_rate": 0.05,
      "num_boost_round": 200,
      "max_depth": 2,
      "min_child_weight": 1.0,
      "subsample": 0.8,
      "colsample_bytree": 0.8,
      "reg_lambda": 1.0,
      "reg_alpha": 0.0
    },
    {
      "candidate_id": 15,
      "aft_loss_distribution": "normal",
      "aft_loss_distribution_scale": 1.0,
      "learning_rate": 0.03,
      "num_boost_round": 400,
      "max_depth": 2,
      "min_child_weight": 1.0,
      "subsample": 0.8,
      "colsample_bytree": 0.8,
      "reg_lambda": 1.0,
      "reg_alpha": 0.0
    },
    {
      "candidate_id": 16,
      "aft_loss_distribution": "normal",
      "aft_loss_distribution_scale": 1.0,
      "learning_rate": 0.05,
      "num_boost_round": 400,
      "max_depth": 2,
      "min_child_weight": 1.0,
      "subsample": 0.8,
      "colsample_bytree": 0.8,
      "reg_lambda": 1.0,
      "reg_alpha": 0.0
    },
    {
      "candidate_id": 17,
      "aft_loss_distribution": "normal",
      "aft_loss_distribution_scale": 1.5,
      "learning_rate": 0.03,
      "num_boost_round": 200,
      "max_depth": 2,
      "min_child_weight": 1.0,
      "subsample": 0.8,
      "colsample_bytree": 0.8,
      "reg_lambda": 1.0,
      "reg_alpha": 0.0
    },
    {
      "candidate_id": 18,
      "aft_loss_distribution": "normal",
      "aft_loss_distribution_scale": 1.5,
      "learning_rate": 0.05,
      "num_boost_round": 200,
      "max_depth": 2,
      "min_child_weight": 1.0,
      "subsample": 0.8,
      "colsample_bytree": 0.8,
      "reg_lambda": 1.0,
      "reg_alpha": 0.0
    },
    {
      "candidate_id": 19,
      "aft_loss_distribution": "normal",
      "aft_loss_distribution_scale": 1.5,
      "learning_rate": 0.03,
      "num_boost_round": 400,
      "max_depth": 2,
      "min_child_weight": 2.0,
      "subsample": 0.8,
      "colsample_bytree": 0.8,
      "reg_lambda": 5.0,
      "reg_alpha": 0.0
    },
    {
      "candidate_id": 20,
      "aft_loss_distribution": "normal",
      "aft_loss_distribution_scale": 1.5,
      "learning_rate": 0.05,
      "num_boost_round": 400,
      "max_depth": 2,
      "min_child_weight": 2.0,
      "subsample": 0.8,
      "colsample_bytree": 0.8,
      "reg_lambda": 5.0,
      "reg_alpha": 0.0
    },
    {
      "candidate_id": 21,
      "aft_loss_distribution": "normal",
      "aft_loss_distribution_scale": 2.0,
      "learning_rate": 0.03,
      "num_boost_round": 200,
      "max_depth": 2,
      "min_child_weight": 1.0,
      "subsample": 0.8,
      "colsample_bytree": 0.8,
      "reg_lambda": 1.0,
      "reg_alpha": 0.0
    },
    {
      "candidate_id": 22,
      "aft_loss_distribution": "normal",
      "aft_loss_distribution_scale": 2.0,
      "learning_rate": 0.05,
      "num_boost_round": 200,
      "max_depth": 2,
      "min_child_weight": 1.0,
      "subsample": 0.8,
      "colsample_bytree": 0.8,
      "reg_lambda": 1.0,
      "reg_alpha": 0.0
    },
    {
      "candidate_id": 23,
      "aft_loss_distribution": "normal",
      "aft_loss_distribution_scale": 2.0,
      "learning_rate": 0.03,
      "num_boost_round": 400,
      "max_depth": 2,
      "min_child_weight": 2.0,
      "subsample": 0.8,
      "colsample_bytree": 0.8,
      "reg_lambda": 5.0,
      "reg_alpha": 0.0
    },
    {
      "candidate_id": 24,
      "aft_loss_distribution": "normal",
      "aft_loss_distribution_scale": 2.0,
      "learning_rate": 0.05,
      "num_boost_round": 400,
      "max_depth": 2,
      "min_child_weight": 2.0,
      "subsample": 0.8,
      "colsample_bytree": 0.8,
      "reg_lambda": 5.0,
      "reg_alpha": 0.0
    }
  ],
  "benchmark_horizons": [
    10,
    20,
    30
  ],
  "calibration_bins": 10,
  "calibration_contract_version": "v2_ipcw_km_observed_risk",
  "calibration_observed_risk_method": "ipcw_km_pseudo_event_rate",
  "variance_filter_threshold": 1e-12,
  "duration_floor": 1.0,
  "effective_window_weeks": 8,
  "input_train_table": "enrollment_cox_ready_train_w8",
  "input_test_table": "enrollment_cox_ready_test_w8",
  "best_candidate": {
    "candidate_id": 12,
    "params": {
      "aft_loss_distribution": "logistic",
      "aft_loss_distribution_scale": 2.0,
      "learning_rate": 0.05,
      "num_boost_round": 400,
      "max_depth": 2,
      "min_child_weight": 2.0,
      "subsample": 0.8,
      "colsample_bytree": 0.8,
      "reg_lambda": 5.0,
      "reg_alpha": 0.0
    },
    "val_ibs": 0.1386675031628379,
    "val_c_index": 0.5949569104633631,
    "implementation": "xgboost_survival_aft"
  },
  "guardrails": {
    "validation_test_size": 0.1,
    "search_row_cap": 14634,
    "final_row_cap": 14634,
    "search_rows_selected": 14634,
    "final_rows_selected": 14634,
    "subtrain_rows": 20533,
    "validation_rows": 2282,
    "full_train_rows": 22815,
    "subtrain_enrollments": 20533,
    "validation_enrollments": 2282,
    "full_train_enrollments": 22815,
    "n_features": 41,
    "subtrain_event_rate": 0.22709784249744314,
    "validation_event_rate": 0.22261174408413673,
    "full_train_event_rate": 0.22664913434144204,
    "sampled_subtrain_event_rate": 0.22707393740604073,
    "sampled_full_train_event_rate": 0.22666393330599974,
    "random_seed": 42
  },
  "preprocessing": {
    "categorical_features": [
      "gender",
      "region",
      "highest_education",
      "imd_band",
      "age_band",
      "disability"
    ],
    "numeric_features": [
      "num_of_prev_attempts",
      "studied_credits",
      "clicks_first_8_weeks",
      "active_weeks_first_8",
      "mean_clicks_first_8_weeks"
    ],
    "numeric_prefill_values": {
      "num_of_prev_attempts": 0.0,
      "studied_credits": 60.0,
      "clicks_first_8_weeks": 229.0,
      "active_weeks_first_8": 7.0,
      "mean_clicks_first_8_weeks": 37.857142857142854
    },
    "feature_names_before_filter": [
      "num__num_of_prev_attempts",
      "num__studied_credits",
      "num__clicks_first_8_weeks",
      "num__active_weeks_first_8",
      "num__mean_clicks_first_8_weeks",
      "cat__gender_F",
      "cat__gender_M",
      "cat__region_East Anglian Region",
      "cat__region_East Midlands Region",
      "cat__region_Ireland",
      "cat__region_London Region",
      "cat__region_North Region",
      "cat__region_North Western Region",
      "cat__region_Scotland",
      "cat__region_South East Region",
      "cat__region_South Region",
      "cat__region_South West Region",
      "cat__region_Wales",
      "cat__region_West Midlands Region",
      "cat__region_Yorkshire Region",
      "cat__highest_education_A Level or Equivalent",
      "cat__highest_education_HE Qualification",
      "cat__highest_education_Lower Than A Level",
      "cat__highest_education_No Formal quals",
      "cat__highest_education_Post Graduate Qualification",
      "cat__imd_band_0-10%",
      "cat__imd_band_10-20",
      "cat__imd_band_20-30%",
      "cat__imd_band_30-40%",
      "cat__imd_band_40-50%",
      "cat__imd_band_50-60%",
      "cat__imd_band_60-70%",
      "cat__imd_band_70-80%",
      "cat__imd_band_80-90%",
      "cat__imd_band_90-100%",
      "cat__imd_band_None",
      "cat__age_band_0-35",
      "cat__age_band_35-55",
      "cat__age_band_55<=",
      "cat__disability_N",
      "cat__disability_Y"
    ],
    "feature_names_out": [
      "num__num_of_prev_attempts",
      "num__studied_credits",
      "num__clicks_first_8_weeks",
      "num__active_weeks_first_8",
      "num__mean_clicks_first_8_weeks",
      "cat__gender_F",
      "cat__gender_M",
      "cat__region_East Anglian Region",
      "cat__region_East Midlands Region",
      "cat__region_Ireland",
      "cat__region_London Region",
      "cat__region_North Region",
      "cat__region_North Western Region",
      "cat__region_Scotland",
      "cat__region_South East Region",
      "cat__region_South Region",
      "cat__region_South West Region",
      "cat__region_Wales",
      "cat__region_West Midlands Region",
      "cat__region_Yorkshire Region",
      "cat__highest_education_A Level or Equivalent",
      "cat__highest_education_HE Qualification",
      "cat__highest_education_Lower Than A Level",
      "cat__highest_education_No Formal quals",
      "cat__highest_education_Post Graduate Qualification",
      "cat__imd_band_0-10%",
      "cat__imd_band_10-20",
      "cat__imd_band_20-30%",
      "cat__imd_band_30-40%",
      "cat__imd_band_40-50%",
      "cat__imd_band_50-60%",
      "cat__imd_band_60-70%",
      "cat__imd_band_70-80%",
      "cat__imd_band_80-90%",
      "cat__imd_band_90-100%",
      "cat__imd_band_None",
      "cat__age_band_0-35",
      "cat__age_band_35-55",
      "cat__age_band_55<=",
      "cat__disability_N",
      "cat__disability_Y"
    ],
    "dropped_low_variance_features": []
  },
  "design_note": "The comparable XGBoost AFT arm preserves the canonical early-window contract, uses deterministic train-only preprocessing, fits ranged censoring labels through xgboost.DMatrix, and reconstructs survival curves from the tuned AFT location predictions under validation IBS."
}

 candidate_id                                                                                                                                                                                                                                            params  val_ibs  val_c_index       implementation
           12 {'aft_loss_distribution': 'logistic', 'aft_loss_distribution_scale': 2.0, 'learning_rate': 0.05, 'num_boost_round': 400, 'max_depth': 2, 'min_child_weight': 2.0, 'subsample': 0.8, 'colsample_bytree': 0.8, 'reg_lambda': 5.0, 'reg_alpha': 0.0} 0.138668     0.594957 xgboost_survival_aft
[END] 5.13.4 - 2026-06-19 22:31:05
[START] 5.13.5 - 2026-06-19 22:31:05
# ==============================================================
# 5.13.5 - Close runtime resources
# ==============================================================
DuckDB connection closed.
ARTIFACT | duckdb_connection | closed::/Users/rafars/dropout_benchmark_desenv/outputs_benchmark_survival/benchmark_survival.duckdb
[END] 5.13.5 - 2026-06-19 22:31:06
[RUN_PLAN] comparable_window_weeks=10
[START] 5.13.1 - 2026-06-19 22:31:06
# ==============================================================
# 5.13.1 - Lightweight runtime bootstrap
# ==============================================================
ARTIFACT | benchmark_shared_config | /Users/rafars/dropout_benchmark_desenv/benchmark_shared_config.toml
ARTIFACT | benchmark_modeling_contract | /Users/rafars/dropout_benchmark_desenv/benchmark_modeling_contract.toml
ARTIFACT | run_metadata | /Users/rafars/dropout_benchmark_desenv/outputs_benchmark_survival/metadata/run_metadata.json
ARTIFACT | duckdb_path | /Users/rafars/dropout_benchmark_desenv/outputs_benchmark_survival/benchmark_survival.duckdb
{
  "run_id": "f3766e75053447a7beb7a1c4936d231f",
  "random_seed": 42,
  "test_size": 0.3,
  "early_window_weeks": 4,
  "main_enrollment_window_weeks": 4,
  "effective_window_weeks": 10,
  "input_train_table": "enrollment_cox_ready_train_w10",
  "input_test_table": "enrollment_cox_ready_test_w10"
}
[END] 5.13.1 - 2026-06-19 22:31:06
[START] 5.13.2 - 2026-06-19 22:31:06
# ==============================================================
# 5.13.2 - Build comparable XGBoost AFT treatment
# ==============================================================
[Stage 5.13.2 table_xgb_aft_preprocessing_summary - XGBoost AFT preprocessing summary]
table_name=table_xgb_aft_preprocessing_summary_w10
rows=1, cols=21
model_family  train_rows  test_rows  n_input_features_raw  n_numeric_features  n_categorical_features  n_features_after_encoding_before_filter  n_features_after_variance_filter  n_features_dropped_by_variance_filter  n_events_train  n_events_test  mean_duration_train  mean_duration_test                              numeric_prefill_policy categorical_imputation          categorical_encoding                   numeric_scaling  variance_filter_threshold output_dtype                        model_positioning_note  window_weeks
 xgboost_aft       22815       9778                    11                   5                       6                                       41                                41                                      0            5171           2216            30.536182           30.539476 deterministic_train_median_or_zero_when_all_missing       constant_missing one_hot_handle_unknown_ignore standard_scaler_fit_on_train_only               1.000000e-12      float32 early-window comparable XGBoost AFT benchmark            10
ARTIFACT | Stage 5.13.2 table_xgb_aft_preprocessing_summary - XGBoost AFT preprocessing summary | duckdb://table_xgb_aft_preprocessing_summary_w10
[Stage 5.13.2 table_xgb_aft_raw_feature_manifest - XGBoost AFT raw feature manifest]
table_name=table_xgb_aft_raw_feature_manifest_w10
rows=11, cols=6
  feature_name_operational feature_role  present_in_train  present_in_test  covered_by_canonical_config  numeric_prefill_value
                    gender  categorical              True             True                        False                    NaN
                    region  categorical              True             True                        False                    NaN
         highest_education  categorical              True             True                        False                    NaN
                  imd_band  categorical              True             True                        False                    NaN
                  age_band  categorical              True             True                        False                    NaN
                disability  categorical              True             True                        False                    NaN
      num_of_prev_attempts      numeric              True             True                         True                    0.0
           studied_credits      numeric              True             True                         True                   60.0
     clicks_first_10_weeks      numeric              True             True                         True                  260.0
     active_weeks_first_10      numeric              True             True                         True                    8.0
mean_clicks_first_10_weeks      numeric              True             True                         True                   36.4
ARTIFACT | Stage 5.13.2 table_xgb_aft_raw_feature_manifest - XGBoost AFT raw feature manifest | duckdb://table_xgb_aft_raw_feature_manifest_w10
[Stage 5.13.2 table_xgb_aft_feature_names_out - XGBoost AFT output feature manifest]
table_name=table_xgb_aft_feature_names_out_w10
rows=41, cols=2
                feature_name_out  transformed_variance_train
       num__num_of_prev_attempts                    1.000000
            num__studied_credits                    1.000000
      num__clicks_first_10_weeks                    1.000000
      num__active_weeks_first_10                    1.000000
 num__mean_clicks_first_10_weeks                    1.000000
                   cat__gender_F                    0.247988
                   cat__gender_M                    0.247988
 cat__region_East Anglian Region                    0.092080
cat__region_East Midlands Region                    0.067091
             cat__region_Ireland                    0.034283
       cat__region_London Region                    0.088295
        cat__region_North Region                    0.052060
cat__region_North Western Region                    0.082139
            cat__region_Scotland                    0.094370
   cat__region_South East Region                    0.059974
        cat__region_South Region                    0.087554
   cat__region_South West Region                    0.068848
               cat__region_Wales                    0.059707
cat__region_West Midlands Region                    0.073261
    cat__region_Yorkshire Region                    0.058136
ARTIFACT | Stage 5.13.2 table_xgb_aft_feature_names_out - XGBoost AFT output feature manifest | duckdb://table_xgb_aft_feature_names_out_w10
ARTIFACT | xgb_aft_preprocessing_config | /Users/rafars/dropout_benchmark_desenv/outputs_benchmark_survival/metadata/xgb_aft_preprocessing_config_w10.json
{
  "model_family": "xgboost_aft",
  "duration_column": "duration",
  "event_column": "event",
  "categorical_features": [
    "gender",
    "region",
    "highest_education",
    "imd_band",
    "age_band",
    "disability"
  ],
  "numeric_features": [
    "num_of_prev_attempts",
    "studied_credits",
    "clicks_first_10_weeks",
    "active_weeks_first_10",
    "mean_clicks_first_10_weeks"
  ],
  "raw_feature_columns": [
    "gender",
    "region",
    "highest_education",
    "imd_band",
    "age_band",
    "disability",
    "num_of_prev_attempts",
    "studied_credits",
    "clicks_first_10_weeks",
    "active_weeks_first_10",
    "mean_clicks_first_10_weeks"
  ],
  "expected_features_raw": [
    "studied_credits",
    "num_of_prev_attempts",
    "num_of_prev_attempts",
    "studied_credits",
    "clicks_first_10_weeks",
    "active_weeks_first_10",
    "mean_clicks_first_10_weeks"
  ],
  "expected_features_resolved": [
    "studied_credits",
    "num_of_prev_attempts",
    "clicks_first_10_weeks",
    "active_weeks_first_10",
    "mean_clicks_first_10_weeks"
  ],
  "numeric_prefill_policy": "deterministic_train_median_or_zero_when_all_missing",
  "numeric_fill_values": {
    "num_of_prev_attempts": 0.0,
    "studied_credits": 60.0,
    "clicks_first_10_weeks": 260.0,
    "active_weeks_first_10": 8.0,
    "mean_clicks_first_10_weeks": 36.4
  },
  "categorical_imputation": "constant_missing",
  "categorical_encoding": "one_hot_handle_unknown_ignore",
  "numeric_scaling": "standard_scaler_fit_on_train_only",
  "variance_filter_threshold": 1e-12,
  "feature_names_before_filter": [
    "num__num_of_prev_attempts",
    "num__studied_credits",
    "num__clicks_first_10_weeks",
    "num__active_weeks_first_10",
    "num__mean_clicks_first_10_weeks",
    "cat__gender_F",
    "cat__gender_M",
    "cat__region_East Anglian Region",
    "cat__region_East Midlands Region",
    "cat__region_Ireland",
    "cat__region_London Region",
    "cat__region_North Region",
    "cat__region_North Western Region",
    "cat__region_Scotland",
    "cat__region_South East Region",
    "cat__region_South Region",
    "cat__region_South West Region",
    "cat__region_Wales",
    "cat__region_West Midlands Region",
    "cat__region_Yorkshire Region",
    "cat__highest_education_A Level or Equivalent",
    "cat__highest_education_HE Qualification",
    "cat__highest_education_Lower Than A Level",
    "cat__highest_education_No Formal quals",
    "cat__highest_education_Post Graduate Qualification",
    "cat__imd_band_0-10%",
    "cat__imd_band_10-20",
    "cat__imd_band_20-30%",
    "cat__imd_band_30-40%",
    "cat__imd_band_40-50%",
    "cat__imd_band_50-60%",
    "cat__imd_band_60-70%",
    "cat__imd_band_70-80%",
    "cat__imd_band_80-90%",
    "cat__imd_band_90-100%",
    "cat__imd_band_None",
    "cat__age_band_0-35",
    "cat__age_band_35-55",
    "cat__age_band_55<=",
    "cat__disability_N",
    "cat__disability_Y"
  ],
  "feature_names_out": [
    "num__num_of_prev_attempts",
    "num__studied_credits",
    "num__clicks_first_10_weeks",
    "num__active_weeks_first_10",
    "num__mean_clicks_first_10_weeks",
    "cat__gender_F",
    "cat__gender_M",
    "cat__region_East Anglian Region",
    "cat__region_East Midlands Region",
    "cat__region_Ireland",
    "cat__region_London Region",
    "cat__region_North Region",
    "cat__region_North Western Region",
    "cat__region_Scotland",
    "cat__region_South East Region",
    "cat__region_South Region",
    "cat__region_South West Region",
    "cat__region_Wales",
    "cat__region_West Midlands Region",
    "cat__region_Yorkshire Region",
    "cat__highest_education_A Level or Equivalent",
    "cat__highest_education_HE Qualification",
    "cat__highest_education_Lower Than A Level",
    "cat__highest_education_No Formal quals",
    "cat__highest_education_Post Graduate Qualification",
    "cat__imd_band_0-10%",
    "cat__imd_band_10-20",
    "cat__imd_band_20-30%",
    "cat__imd_band_30-40%",
    "cat__imd_band_40-50%",
    "cat__imd_band_50-60%",
    "cat__imd_band_60-70%",
    "cat__imd_band_70-80%",
    "cat__imd_band_80-90%",
    "cat__imd_band_90-100%",
    "cat__imd_band_None",
    "cat__age_band_0-35",
    "cat__age_band_35-55",
    "cat__age_band_55<=",
    "cat__disability_N",
    "cat__disability_Y"
  ],
  "dropped_low_variance_features": [],
  "model_positioning_note": "early-window comparable XGBoost AFT benchmark",
  "window_weeks": 10
}

[END] 5.13.2 - 2026-06-19 22:31:06
[START] 5.13.3 - 2026-06-19 22:31:06
# ==============================================================
# 5.13.3 - Compute runtime guardrails for gradient boosting
# ==============================================================
[Stage 5.13.3 table_xgb_aft_guardrails - XGBoost AFT runtime guardrails]
table_name=table_xgb_aft_guardrails_w10
rows=1, cols=18
 validation_test_size  search_row_cap  final_row_cap  search_rows_selected  final_rows_selected  subtrain_rows  validation_rows  full_train_rows  subtrain_enrollments  validation_enrollments  full_train_enrollments  n_features  subtrain_event_rate  validation_event_rate  full_train_event_rate  sampled_subtrain_event_rate  sampled_full_train_event_rate  random_seed
                  0.1           14634          14634                 14634                14634          20533             2282            22815                 20533                    2282                   22815          41             0.227098               0.222612               0.226649                     0.227074                       0.226664           42
ARTIFACT | Stage 5.13.3 table_xgb_aft_guardrails - XGBoost AFT runtime guardrails | duckdb://table_xgb_aft_guardrails_w10
[END] 5.13.3 - 2026-06-19 22:31:06
[START] 5.13.4 - 2026-06-19 22:31:06
# ==============================================================
# 5.13.4 - Tune and evaluate the XGBoost AFT model
# ==============================================================
[Stage 5.13.4 table_xgb_aft_tuning_results - XGBoost AFT tuning results]
table_name=table_xgb_aft_tuning_results_w10
rows=24, cols=13
 candidate_id aft_loss_distribution  aft_loss_distribution_scale  learning_rate  num_boost_round  max_depth  min_child_weight  subsample  colsample_bytree  reg_lambda  reg_alpha  val_ibs  val_c_index
            8              logistic                          1.5           0.05              400          2               2.0        0.8               0.8         5.0        0.0 0.137021     0.607921
           12              logistic                          2.0           0.05              400          2               2.0        0.8               0.8         5.0        0.0 0.137186     0.603016
            4              logistic                          1.0           0.05              400          2               1.0        0.8               0.8         1.0        0.0 0.137545     0.610918
            7              logistic                          1.5           0.03              400          2               2.0        0.8               0.8         5.0        0.0 0.138615     0.611373
           11              logistic                          2.0           0.03              400          2               2.0        0.8               0.8         5.0        0.0 0.138669     0.603493
            2              logistic                          1.0           0.05              200          2               1.0        0.8               0.8         1.0        0.0 0.139227     0.610905
           24                normal                          2.0           0.05              400          2               2.0        0.8               0.8         5.0        0.0 0.139267     0.563413
            3              logistic                          1.0           0.03              400          2               1.0        0.8               0.8         1.0        0.0 0.139327     0.609962
           10              logistic                          2.0           0.05              200          2               1.0        0.8               0.8         1.0        0.0 0.139349     0.603279
           20                normal                          1.5           0.05              400          2               2.0        0.8               0.8         5.0        0.0 0.139351     0.561356
            6              logistic                          1.5           0.05              200          2               1.0        0.8               0.8         1.0        0.0 0.139529     0.613011
           16                normal                          1.0           0.05              400          2               1.0        0.8               0.8         1.0        0.0 0.139697     0.551165
           23                normal                          2.0           0.03              400          2               2.0        0.8               0.8         5.0        0.0 0.140393     0.555864
           19                normal                          1.5           0.03              400          2               2.0        0.8               0.8         5.0        0.0 0.140572     0.553578
           22                normal                          2.0           0.05              200          2               1.0        0.8               0.8         1.0        0.0 0.140734     0.552510
           15                normal                          1.0           0.03              400          2               1.0        0.8               0.8         1.0        0.0 0.140975     0.543572
           18                normal                          1.5           0.05              200          2               1.0        0.8               0.8         1.0        0.0 0.141215     0.550984
           14                normal                          1.0           0.05              200          2               1.0        0.8               0.8         1.0        0.0 0.141353     0.541301
            9              logistic                          2.0           0.03              200          2               1.0        0.8               0.8         1.0        0.0 0.141555     0.599465
            5              logistic                          1.5           0.03              200          2               1.0        0.8               0.8         1.0        0.0 0.141583     0.603381
ARTIFACT | Stage 5.13.4 table_xgb_aft_tuning_results - XGBoost AFT tuning results | duckdb://table_xgb_aft_tuning_results_w10
[Stage 5.13.4 table_xgb_aft_tuned_test_predictions - XGBoost AFT test predictions]
table_name=table_xgb_aft_tuned_test_predictions_w10
rows=29334, cols=6
      enrollment_id  event  duration  horizon_week  pred_survival_h  pred_risk_h
 100561||DDD||2014J      0        37            10              1.0 0.000000e+00
 100621||CCC||2014B      1         6            10              1.0 0.000000e+00
 101187||DDD||2014J      0        37            10              1.0 0.000000e+00
 101279||DDD||2014J      0        37            10              1.0 0.000000e+00
 101414||EEE||2013J      0        38            10              1.0 0.000000e+00
 101700||CCC||2014J      0        38            10              1.0 2.039028e-10
 101781||AAA||2013J      0        38            10              1.0 0.000000e+00
 102209||CCC||2014J      1        15            10              1.0 0.000000e+00
 102343||FFF||2013J      0        38            10              1.0 0.000000e+00
1023623||CCC||2014J      0        38            10              1.0 0.000000e+00
1033968||DDD||2014B      1        13            10              1.0 0.000000e+00
 103891||DDD||2014B      0        34            10              1.0 0.000000e+00
 104316||FFF||2014B      0        34            10              1.0 0.000000e+00
1045203||AAA||2014J      0        38            10              1.0 0.000000e+00
1047645||CCC||2014B      0        34            10              1.0 0.000000e+00
1053702||EEE||2013J      0        38            10              1.0 0.000000e+00
 105629||FFF||2013J      0        38            10              1.0 0.000000e+00
1057883||CCC||2014B      0        34            10              1.0 0.000000e+00
 106383||BBB||2014J      1        21            10              1.0 0.000000e+00
 106553||DDD||2014J      0        37            10              1.0 0.000000e+00
ARTIFACT | Stage 5.13.4 table_xgb_aft_tuned_test_predictions - XGBoost AFT test predictions | duckdb://table_xgb_aft_tuned_test_predictions_w10
[Stage 5.13.4 table_xgb_aft_tuned_primary_metrics - XGBoost AFT primary metrics]
table_name=table_xgb_aft_tuned_primary_metrics_w10
rows=2, cols=4
metric_name metric_category  metric_value                         notes
        ibs         primary      0.141803 sksurv_integrated_brier_score
    c_index      co_primary      0.622976          pycox_concordance_td
ARTIFACT | Stage 5.13.4 table_xgb_aft_tuned_primary_metrics - XGBoost AFT primary metrics | duckdb://table_xgb_aft_tuned_primary_metrics_w10
[Stage 5.13.4 table_xgb_aft_tuned_brier_by_horizon - XGBoost AFT Brier scores by horizon]
table_name=table_xgb_aft_tuned_brier_by_horizon_w10
rows=3, cols=5
 horizon_week      metric_name metric_category  metric_value              notes
           10 brier_at_horizon         primary      0.116819 sksurv_brier_score
           20 brier_at_horizon         primary      0.168609 sksurv_brier_score
           30 brier_at_horizon         primary      0.208073 sksurv_brier_score
ARTIFACT | Stage 5.13.4 table_xgb_aft_tuned_brier_by_horizon - XGBoost AFT Brier scores by horizon | duckdb://table_xgb_aft_tuned_brier_by_horizon_w10
[Stage 5.13.4 table_xgb_aft_tuned_secondary_metrics - XGBoost AFT secondary metrics]
table_name=table_xgb_aft_tuned_secondary_metrics_w10
rows=6, cols=5
 horizon_week         metric_name metric_category  metric_value                                                                                  notes
           10 risk_auc_at_horizon       secondary      0.716175                                                            roc_auc_on_evaluable_subset
           10  time_dependent_auc       secondary      0.647679 ipcw_supported_subset(duration < 38); retained=6742/9778; auc=0.647679; local_ipcw_auc
           20 risk_auc_at_horizon       secondary      0.655531                                                            roc_auc_on_evaluable_subset
           20  time_dependent_auc       secondary      0.609491 ipcw_supported_subset(duration < 38); retained=6742/9778; auc=0.609491; local_ipcw_auc
           30 risk_auc_at_horizon       secondary      0.627512                                                            roc_auc_on_evaluable_subset
           30  time_dependent_auc       secondary      0.589148 ipcw_supported_subset(duration < 38); retained=6742/9778; auc=0.589148; local_ipcw_auc
ARTIFACT | Stage 5.13.4 table_xgb_aft_tuned_secondary_metrics - XGBoost AFT secondary metrics | duckdb://table_xgb_aft_tuned_secondary_metrics_w10
[Stage 5.13.4 table_xgb_aft_tuned_td_auc_support_audit - XGBoost AFT IPCW support audit]
table_name=table_xgb_aft_tuned_td_auc_support_audit_w10
rows=3, cols=6
 horizon_week  max_ipcw_time  n_total_test_enrollments  n_supported_test_enrollments  mean_auc                                                         notes
           10           38.0                      9778                          6742  0.647679 IPCW-supported subset used for XGBoost AFT time-dependent AUC
           20           38.0                      9778                          6742  0.609491 IPCW-supported subset used for XGBoost AFT time-dependent AUC
           30           38.0                      9778                          6742  0.589148 IPCW-supported subset used for XGBoost AFT time-dependent AUC
ARTIFACT | Stage 5.13.4 table_xgb_aft_tuned_td_auc_support_audit - XGBoost AFT IPCW support audit | duckdb://table_xgb_aft_tuned_td_auc_support_audit_w10
[Stage 5.13.4 table_xgb_aft_tuned_row_diagnostics - XGBoost AFT row-level diagnostics]
table_name=table_xgb_aft_tuned_row_diagnostics_w10
rows=1, cols=6
   model_name  row_level_roc_auc  row_level_pr_auc  row_level_log_loss  row_level_brier                                                                    diagnostic_note
xgb_aft_tuned              0.618          0.342091            3.648832         0.223772 auxiliary enrollment-level proxy only; not a primary cross-family benchmark metric
ARTIFACT | Stage 5.13.4 table_xgb_aft_tuned_row_diagnostics - XGBoost AFT row-level diagnostics | duckdb://table_xgb_aft_tuned_row_diagnostics_w10
[Stage 5.13.4 table_xgb_aft_tuned_support_by_horizon - XGBoost AFT support by horizon]
table_name=table_xgb_aft_tuned_support_by_horizon_w10
rows=3, cols=4
 horizon_week  n_evaluable_enrollments  n_events_by_horizon  event_rate_by_horizon
           10                     9778                 1215               0.124259
           20                     9778                 1736               0.177541
           30                     9778                 2129               0.217734
ARTIFACT | Stage 5.13.4 table_xgb_aft_tuned_support_by_horizon - XGBoost AFT support by horizon | duckdb://table_xgb_aft_tuned_support_by_horizon_w10
[Stage 5.13.4 table_xgb_aft_tuned_calibration_summary - XGBoost AFT calibration summary]
table_name=table_xgb_aft_tuned_calibration_summary_w10
rows=3, cols=5
 horizon_week            metric_name metric_category  metric_value                                         notes
           10 calibration_at_horizon         primary      0.117058 Weighted absolute calibration gap across bins
           20 calibration_at_horizon         primary      0.168471 Weighted absolute calibration gap across bins
           30 calibration_at_horizon         primary      0.207500 Weighted absolute calibration gap across bins
ARTIFACT | Stage 5.13.4 table_xgb_aft_tuned_calibration_summary - XGBoost AFT calibration summary | duckdb://table_xgb_aft_tuned_calibration_summary_w10
[Stage 5.13.4 table_xgb_aft_tuned_calibration_bins_by_horizon - XGBoost AFT calibration bins]
table_name=table_xgb_aft_tuned_calibration_bins_by_horizon_w10
rows=30, cols=6
 calibration_bin   n  mean_predicted_risk  observed_event_rate  horizon_week  abs_calibration_gap
               0 978         0.000000e+00             0.066462            10             0.066462
               1 978         0.000000e+00             0.057260            10             0.057260
               2 978         0.000000e+00             0.067485            10             0.067485
               3 977         0.000000e+00             0.077789            10             0.077789
               4 978         0.000000e+00             0.065440            10             0.065440
               5 978         0.000000e+00             0.078732            10             0.078732
               6 977         0.000000e+00             0.080860            10             0.080860
               7 978         0.000000e+00             0.067485            10             0.067485
               8 978         3.669094e-14             0.164622            10             0.164622
               9 978         7.199395e-02             0.516360            10             0.444366
               0 978         0.000000e+00             0.114519            20             0.114519
               1 978         0.000000e+00             0.120654            20             0.120654
               2 978         0.000000e+00             0.125767            20             0.125767
               3 977         0.000000e+00             0.156602            20             0.156602
               4 978         0.000000e+00             0.120654            20             0.120654
               5 978         0.000000e+00             0.132924            20             0.132924
               6 977         0.000000e+00             0.125896            20             0.125896
               7 978         0.000000e+00             0.112474            20             0.112474
               8 978         5.824720e-14             0.213701            20             0.213701
               9 978         9.068856e-02             0.552147            20             0.461459
ARTIFACT | Stage 5.13.4 table_xgb_aft_tuned_calibration_bins_by_horizon - XGBoost AFT calibration bins | duckdb://table_xgb_aft_tuned_calibration_bins_by_horizon_w10
[Stage 5.13.4 table_xgb_aft_tuned_predicted_vs_observed_survival - XGBoost AFT predicted versus observed survival]
table_name=table_xgb_aft_tuned_predicted_vs_observed_survival_w10
rows=3, cols=5
 horizon_week  n_evaluable_enrollments  mean_predicted_survival  mean_observed_survival  abs_gap
           10                     9778                 0.992799                0.875741 0.117058
           20                     9778                 0.990929                0.822459 0.168471
           30                     9778                 0.989766                0.782266 0.207500
ARTIFACT | Stage 5.13.4 table_xgb_aft_tuned_predicted_vs_observed_survival - XGBoost AFT predicted versus observed survival | duckdb://table_xgb_aft_tuned_predicted_vs_observed_survival_w10
ARTIFACT | xgb_aft_model | /Users/rafars/dropout_benchmark_desenv/outputs_benchmark_survival/models/xgb_aft_tuned_w10.joblib
ARTIFACT | xgb_aft_preprocessor | /Users/rafars/dropout_benchmark_desenv/outputs_benchmark_survival/models/xgb_aft_preprocessor_w10.joblib
ARTIFACT | xgb_aft_tuned_model_config | /Users/rafars/dropout_benchmark_desenv/outputs_benchmark_survival/metadata/xgb_aft_tuned_model_config_w10.json
{
  "model_name": "xgb_aft_tuned",
  "selection_metric": "lowest_validation_ibs",
  "implementation": "xgboost_survival_aft",
  "validation_split": {
    "method": "GroupShuffleSplit",
    "test_size": 0.1,
    "group_column": "enrollment_id",
    "random_seed": 42
  },
  "search_space": [
    {
      "candidate_id": 1,
      "aft_loss_distribution": "logistic",
      "aft_loss_distribution_scale": 1.0,
      "learning_rate": 0.03,
      "num_boost_round": 200,
      "max_depth": 2,
      "min_child_weight": 1.0,
      "subsample": 0.8,
      "colsample_bytree": 0.8,
      "reg_lambda": 1.0,
      "reg_alpha": 0.0
    },
    {
      "candidate_id": 2,
      "aft_loss_distribution": "logistic",
      "aft_loss_distribution_scale": 1.0,
      "learning_rate": 0.05,
      "num_boost_round": 200,
      "max_depth": 2,
      "min_child_weight": 1.0,
      "subsample": 0.8,
      "colsample_bytree": 0.8,
      "reg_lambda": 1.0,
      "reg_alpha": 0.0
    },
    {
      "candidate_id": 3,
      "aft_loss_distribution": "logistic",
      "aft_loss_distribution_scale": 1.0,
      "learning_rate": 0.03,
      "num_boost_round": 400,
      "max_depth": 2,
      "min_child_weight": 1.0,
      "subsample": 0.8,
      "colsample_bytree": 0.8,
      "reg_lambda": 1.0,
      "reg_alpha": 0.0
    },
    {
      "candidate_id": 4,
      "aft_loss_distribution": "logistic",
      "aft_loss_distribution_scale": 1.0,
      "learning_rate": 0.05,
      "num_boost_round": 400,
      "max_depth": 2,
      "min_child_weight": 1.0,
      "subsample": 0.8,
      "colsample_bytree": 0.8,
      "reg_lambda": 1.0,
      "reg_alpha": 0.0
    },
    {
      "candidate_id": 5,
      "aft_loss_distribution": "logistic",
      "aft_loss_distribution_scale": 1.5,
      "learning_rate": 0.03,
      "num_boost_round": 200,
      "max_depth": 2,
      "min_child_weight": 1.0,
      "subsample": 0.8,
      "colsample_bytree": 0.8,
      "reg_lambda": 1.0,
      "reg_alpha": 0.0
    },
    {
      "candidate_id": 6,
      "aft_loss_distribution": "logistic",
      "aft_loss_distribution_scale": 1.5,
      "learning_rate": 0.05,
      "num_boost_round": 200,
      "max_depth": 2,
      "min_child_weight": 1.0,
      "subsample": 0.8,
      "colsample_bytree": 0.8,
      "reg_lambda": 1.0,
      "reg_alpha": 0.0
    },
    {
      "candidate_id": 7,
      "aft_loss_distribution": "logistic",
      "aft_loss_distribution_scale": 1.5,
      "learning_rate": 0.03,
      "num_boost_round": 400,
      "max_depth": 2,
      "min_child_weight": 2.0,
      "subsample": 0.8,
      "colsample_bytree": 0.8,
      "reg_lambda": 5.0,
      "reg_alpha": 0.0
    },
    {
      "candidate_id": 8,
      "aft_loss_distribution": "logistic",
      "aft_loss_distribution_scale": 1.5,
      "learning_rate": 0.05,
      "num_boost_round": 400,
      "max_depth": 2,
      "min_child_weight": 2.0,
      "subsample": 0.8,
      "colsample_bytree": 0.8,
      "reg_lambda": 5.0,
      "reg_alpha": 0.0
    },
    {
      "candidate_id": 9,
      "aft_loss_distribution": "logistic",
      "aft_loss_distribution_scale": 2.0,
      "learning_rate": 0.03,
      "num_boost_round": 200,
      "max_depth": 2,
      "min_child_weight": 1.0,
      "subsample": 0.8,
      "colsample_bytree": 0.8,
      "reg_lambda": 1.0,
      "reg_alpha": 0.0
    },
    {
      "candidate_id": 10,
      "aft_loss_distribution": "logistic",
      "aft_loss_distribution_scale": 2.0,
      "learning_rate": 0.05,
      "num_boost_round": 200,
      "max_depth": 2,
      "min_child_weight": 1.0,
      "subsample": 0.8,
      "colsample_bytree": 0.8,
      "reg_lambda": 1.0,
      "reg_alpha": 0.0
    },
    {
      "candidate_id": 11,
      "aft_loss_distribution": "logistic",
      "aft_loss_distribution_scale": 2.0,
      "learning_rate": 0.03,
      "num_boost_round": 400,
      "max_depth": 2,
      "min_child_weight": 2.0,
      "subsample": 0.8,
      "colsample_bytree": 0.8,
      "reg_lambda": 5.0,
      "reg_alpha": 0.0
    },
    {
      "candidate_id": 12,
      "aft_loss_distribution": "logistic",
      "aft_loss_distribution_scale": 2.0,
      "learning_rate": 0.05,
      "num_boost_round": 400,
      "max_depth": 2,
      "min_child_weight": 2.0,
      "subsample": 0.8,
      "colsample_bytree": 0.8,
      "reg_lambda": 5.0,
      "reg_alpha": 0.0
    },
    {
      "candidate_id": 13,
      "aft_loss_distribution": "normal",
      "aft_loss_distribution_scale": 1.0,
      "learning_rate": 0.03,
      "num_boost_round": 200,
      "max_depth": 2,
      "min_child_weight": 1.0,
      "subsample": 0.8,
      "colsample_bytree": 0.8,
      "reg_lambda": 1.0,
      "reg_alpha": 0.0
    },
    {
      "candidate_id": 14,
      "aft_loss_distribution": "normal",
      "aft_loss_distribution_scale": 1.0,
      "learning_rate": 0.05,
      "num_boost_round": 200,
      "max_depth": 2,
      "min_child_weight": 1.0,
      "subsample": 0.8,
      "colsample_bytree": 0.8,
      "reg_lambda": 1.0,
      "reg_alpha": 0.0
    },
    {
      "candidate_id": 15,
      "aft_loss_distribution": "normal",
      "aft_loss_distribution_scale": 1.0,
      "learning_rate": 0.03,
      "num_boost_round": 400,
      "max_depth": 2,
      "min_child_weight": 1.0,
      "subsample": 0.8,
      "colsample_bytree": 0.8,
      "reg_lambda": 1.0,
      "reg_alpha": 0.0
    },
    {
      "candidate_id": 16,
      "aft_loss_distribution": "normal",
      "aft_loss_distribution_scale": 1.0,
      "learning_rate": 0.05,
      "num_boost_round": 400,
      "max_depth": 2,
      "min_child_weight": 1.0,
      "subsample": 0.8,
      "colsample_bytree": 0.8,
      "reg_lambda": 1.0,
      "reg_alpha": 0.0
    },
    {
      "candidate_id": 17,
      "aft_loss_distribution": "normal",
      "aft_loss_distribution_scale": 1.5,
      "learning_rate": 0.03,
      "num_boost_round": 200,
      "max_depth": 2,
      "min_child_weight": 1.0,
      "subsample": 0.8,
      "colsample_bytree": 0.8,
      "reg_lambda": 1.0,
      "reg_alpha": 0.0
    },
    {
      "candidate_id": 18,
      "aft_loss_distribution": "normal",
      "aft_loss_distribution_scale": 1.5,
      "learning_rate": 0.05,
      "num_boost_round": 200,
      "max_depth": 2,
      "min_child_weight": 1.0,
      "subsample": 0.8,
      "colsample_bytree": 0.8,
      "reg_lambda": 1.0,
      "reg_alpha": 0.0
    },
    {
      "candidate_id": 19,
      "aft_loss_distribution": "normal",
      "aft_loss_distribution_scale": 1.5,
      "learning_rate": 0.03,
      "num_boost_round": 400,
      "max_depth": 2,
      "min_child_weight": 2.0,
      "subsample": 0.8,
      "colsample_bytree": 0.8,
      "reg_lambda": 5.0,
      "reg_alpha": 0.0
    },
    {
      "candidate_id": 20,
      "aft_loss_distribution": "normal",
      "aft_loss_distribution_scale": 1.5,
      "learning_rate": 0.05,
      "num_boost_round": 400,
      "max_depth": 2,
      "min_child_weight": 2.0,
      "subsample": 0.8,
      "colsample_bytree": 0.8,
      "reg_lambda": 5.0,
      "reg_alpha": 0.0
    },
    {
      "candidate_id": 21,
      "aft_loss_distribution": "normal",
      "aft_loss_distribution_scale": 2.0,
      "learning_rate": 0.03,
      "num_boost_round": 200,
      "max_depth": 2,
      "min_child_weight": 1.0,
      "subsample": 0.8,
      "colsample_bytree": 0.8,
      "reg_lambda": 1.0,
      "reg_alpha": 0.0
    },
    {
      "candidate_id": 22,
      "aft_loss_distribution": "normal",
      "aft_loss_distribution_scale": 2.0,
      "learning_rate": 0.05,
      "num_boost_round": 200,
      "max_depth": 2,
      "min_child_weight": 1.0,
      "subsample": 0.8,
      "colsample_bytree": 0.8,
      "reg_lambda": 1.0,
      "reg_alpha": 0.0
    },
    {
      "candidate_id": 23,
      "aft_loss_distribution": "normal",
      "aft_loss_distribution_scale": 2.0,
      "learning_rate": 0.03,
      "num_boost_round": 400,
      "max_depth": 2,
      "min_child_weight": 2.0,
      "subsample": 0.8,
      "colsample_bytree": 0.8,
      "reg_lambda": 5.0,
      "reg_alpha": 0.0
    },
    {
      "candidate_id": 24,
      "aft_loss_distribution": "normal",
      "aft_loss_distribution_scale": 2.0,
      "learning_rate": 0.05,
      "num_boost_round": 400,
      "max_depth": 2,
      "min_child_weight": 2.0,
      "subsample": 0.8,
      "colsample_bytree": 0.8,
      "reg_lambda": 5.0,
      "reg_alpha": 0.0
    }
  ],
  "benchmark_horizons": [
    10,
    20,
    30
  ],
  "calibration_bins": 10,
  "calibration_contract_version": "v2_ipcw_km_observed_risk",
  "calibration_observed_risk_method": "ipcw_km_pseudo_event_rate",
  "variance_filter_threshold": 1e-12,
  "duration_floor": 1.0,
  "effective_window_weeks": 10,
  "input_train_table": "enrollment_cox_ready_train_w10",
  "input_test_table": "enrollment_cox_ready_test_w10",
  "best_candidate": {
    "candidate_id": 8,
    "params": {
      "aft_loss_distribution": "logistic",
      "aft_loss_distribution_scale": 1.5,
      "learning_rate": 0.05,
      "num_boost_round": 400,
      "max_depth": 2,
      "min_child_weight": 2.0,
      "subsample": 0.8,
      "colsample_bytree": 0.8,
      "reg_lambda": 5.0,
      "reg_alpha": 0.0
    },
    "val_ibs": 0.13702140299977925,
    "val_c_index": 0.6079208636212553,
    "implementation": "xgboost_survival_aft"
  },
  "guardrails": {
    "validation_test_size": 0.1,
    "search_row_cap": 14634,
    "final_row_cap": 14634,
    "search_rows_selected": 14634,
    "final_rows_selected": 14634,
    "subtrain_rows": 20533,
    "validation_rows": 2282,
    "full_train_rows": 22815,
    "subtrain_enrollments": 20533,
    "validation_enrollments": 2282,
    "full_train_enrollments": 22815,
    "n_features": 41,
    "subtrain_event_rate": 0.22709784249744314,
    "validation_event_rate": 0.22261174408413673,
    "full_train_event_rate": 0.22664913434144204,
    "sampled_subtrain_event_rate": 0.22707393740604073,
    "sampled_full_train_event_rate": 0.22666393330599974,
    "random_seed": 42
  },
  "preprocessing": {
    "categorical_features": [
      "gender",
      "region",
      "highest_education",
      "imd_band",
      "age_band",
      "disability"
    ],
    "numeric_features": [
      "num_of_prev_attempts",
      "studied_credits",
      "clicks_first_10_weeks",
      "active_weeks_first_10",
      "mean_clicks_first_10_weeks"
    ],
    "numeric_prefill_values": {
      "num_of_prev_attempts": 0.0,
      "studied_credits": 60.0,
      "clicks_first_10_weeks": 260.0,
      "active_weeks_first_10": 8.0,
      "mean_clicks_first_10_weeks": 36.4
    },
    "feature_names_before_filter": [
      "num__num_of_prev_attempts",
      "num__studied_credits",
      "num__clicks_first_10_weeks",
      "num__active_weeks_first_10",
      "num__mean_clicks_first_10_weeks",
      "cat__gender_F",
      "cat__gender_M",
      "cat__region_East Anglian Region",
      "cat__region_East Midlands Region",
      "cat__region_Ireland",
      "cat__region_London Region",
      "cat__region_North Region",
      "cat__region_North Western Region",
      "cat__region_Scotland",
      "cat__region_South East Region",
      "cat__region_South Region",
      "cat__region_South West Region",
      "cat__region_Wales",
      "cat__region_West Midlands Region",
      "cat__region_Yorkshire Region",
      "cat__highest_education_A Level or Equivalent",
      "cat__highest_education_HE Qualification",
      "cat__highest_education_Lower Than A Level",
      "cat__highest_education_No Formal quals",
      "cat__highest_education_Post Graduate Qualification",
      "cat__imd_band_0-10%",
      "cat__imd_band_10-20",
      "cat__imd_band_20-30%",
      "cat__imd_band_30-40%",
      "cat__imd_band_40-50%",
      "cat__imd_band_50-60%",
      "cat__imd_band_60-70%",
      "cat__imd_band_70-80%",
      "cat__imd_band_80-90%",
      "cat__imd_band_90-100%",
      "cat__imd_band_None",
      "cat__age_band_0-35",
      "cat__age_band_35-55",
      "cat__age_band_55<=",
      "cat__disability_N",
      "cat__disability_Y"
    ],
    "feature_names_out": [
      "num__num_of_prev_attempts",
      "num__studied_credits",
      "num__clicks_first_10_weeks",
      "num__active_weeks_first_10",
      "num__mean_clicks_first_10_weeks",
      "cat__gender_F",
      "cat__gender_M",
      "cat__region_East Anglian Region",
      "cat__region_East Midlands Region",
      "cat__region_Ireland",
      "cat__region_London Region",
      "cat__region_North Region",
      "cat__region_North Western Region",
      "cat__region_Scotland",
      "cat__region_South East Region",
      "cat__region_South Region",
      "cat__region_South West Region",
      "cat__region_Wales",
      "cat__region_West Midlands Region",
      "cat__region_Yorkshire Region",
      "cat__highest_education_A Level or Equivalent",
      "cat__highest_education_HE Qualification",
      "cat__highest_education_Lower Than A Level",
      "cat__highest_education_No Formal quals",
      "cat__highest_education_Post Graduate Qualification",
      "cat__imd_band_0-10%",
      "cat__imd_band_10-20",
      "cat__imd_band_20-30%",
      "cat__imd_band_30-40%",
      "cat__imd_band_40-50%",
      "cat__imd_band_50-60%",
      "cat__imd_band_60-70%",
      "cat__imd_band_70-80%",
      "cat__imd_band_80-90%",
      "cat__imd_band_90-100%",
      "cat__imd_band_None",
      "cat__age_band_0-35",
      "cat__age_band_35-55",
      "cat__age_band_55<=",
      "cat__disability_N",
      "cat__disability_Y"
    ],
    "dropped_low_variance_features": []
  },
  "design_note": "The comparable XGBoost AFT arm preserves the canonical early-window contract, uses deterministic train-only preprocessing, fits ranged censoring labels through xgboost.DMatrix, and reconstructs survival curves from the tuned AFT location predictions under validation IBS."
}

 candidate_id                                                                                                                                                                                                                                            params  val_ibs  val_c_index       implementation
            8 {'aft_loss_distribution': 'logistic', 'aft_loss_distribution_scale': 1.5, 'learning_rate': 0.05, 'num_boost_round': 400, 'max_depth': 2, 'min_child_weight': 2.0, 'subsample': 0.8, 'colsample_bytree': 0.8, 'reg_lambda': 5.0, 'reg_alpha': 0.0} 0.137021     0.607921 xgboost_survival_aft
[END] 5.13.4 - 2026-06-19 22:31:16
[START] 5.13.5 - 2026-06-19 22:31:16
# ==============================================================
# 5.13.5 - Close runtime resources
# ==============================================================
DuckDB connection closed.
ARTIFACT | duckdb_connection | closed::/Users/rafars/dropout_benchmark_desenv/outputs_benchmark_survival/benchmark_survival.duckdb
[END] 5.13.5 - 2026-06-19 22:31:17
