feature_block,n_features,mean_abs_coefficient,median_abs_coefficient,max_abs_coefficient,mean_coefficient
dynamic_temporal_behavioral,7,1.6209336327147421,0.846796769783821,5.16941588759434,-1.6209336327147421
discrete_time_index,1,0.7013009152692662,0.7013009152692662,0.7013009152692662,-0.7013009152692662
static_structural,38,0.3658734708901612,0.20027828936923533,2.850811401297546,-0.11892441418998831
