feature_block,n_features,mean_abs_coefficient,median_abs_coefficient,max_abs_coefficient,mean_coefficient
dynamic_temporal_behavioral,7,4.9512101022796795,4.091579181750157,13.016112538023458,-1.754638519333564
discrete_time_index,1,0.8253338416834746,0.8253338416834746,0.8253338416834746,-0.8253338416834746
static_structural,38,0.4503827242177895,0.22301707547649793,3.4277173516656423,-0.22914734895496816
