feature_block,n_features,mean_importance_score_ibs,median_importance_score_ibs,max_importance_score_ibs,mean_importance_score_auc
discrete_time_index,1,0.02505272592085714,0.02505272592085714,0.02505272592085714,0.27958503449533006
dynamic_temporal_behavioral,7,0.00282787244590686,0.0023669895588574463,0.008531755540618358,0.05332073296410589
static_structural,8,0.0006898023531698508,0.0004019956542106323,0.00313826107608825,0.014973830329862586
