feature_block,n_features,mean_abs_coefficient,median_abs_coefficient,max_abs_coefficient,mean_coefficient
discrete_time_index,1,0.013024345123769043,0.013024345123769043,0.013024345123769043,0.013024345123769043
static_structural,8,0.0038678764077889616,0.0011405852175250808,0.022336232326466976,0.0038678764077889616
dynamic_temporal_behavioral,7,0.003347314401262775,0.0,0.02096267261176321,0.003347314401262775
