model,c_index_td,brier_h10,brier_h20,brier_h30,ibs
Cox Comparable (Tuned),0.6511595534058838,0.10115689321017396,0.1378134363109299,0.16232756626110104,0.11762124570088119
DeepSurv (Tuned),0.6610398280230456,0.09765395366554169,0.13437180703693183,0.15908910834966603,0.11450542886066452
Random Survival Forest (Tuned),0.6727366456424279,0.09469258672624392,0.13303142862272785,0.15760204518825524,0.1119050259465049
Neural-MTLR (Tuned),0.6448917774435698,0.096865438158335,0.13646010829139377,0.1618932471073228,0.1150950473021
