feature_block,n_features,mean_abs_coefficient,median_abs_coefficient,max_abs_coefficient,mean_coefficient,mean_hazard_ratio
early_window_behavior,3,0.6613304409935402,0.8021318129577575,1.0105878844319682,-0.12657589902170183,1.1456293408953562
static_structural,38,0.08919561764286628,0.0581316098617439,0.45335695063904463,-0.004537646271750365,1.0048777357568455
