feature_block,n_features,mean_importance_score_ibs,median_importance_score_ibs,max_importance_score_ibs,mean_importance_score_auc
early_window_behavior,3,0.007539555473796343,0.006849210094842323,0.010029101470404492,0.05171540966231746
static_structural,8,0.0013692833908599926,0.0009721958430360111,0.004505173765791293,0.011692693983749327
