model_id,discrete_time_index,dynamic_temporal_behavioral,early_window_behavior,static_structural
cox_tuned,,,0.6613304409935402,0.08919561764286628
deepsurv_tuned,,,0.007539555473796343,0.0013692833908599926
gb_weekly_tuned,0.013024345123769043,0.003347314401262775,,0.0038678764077889616
linear_tuned,0.8253338416834746,4.9512101022796795,,0.4503827242177895
mtlr_tuned,,,0.009585093473386921,0.0013329764226431666
neural_tuned,0.02505272592085714,0.00282787244590686,,0.0006898023531698508
poisson_pexp_tuned,0.7013009152692662,1.6209336327147421,,0.3658734708901612
rsf_tuned,,,0.008043064460409552,0.0014627170443843526
