Model,discrete_time_index,dynamic_temporal_behavioral,early_window_behavior,static_structural
Linear Discrete-Time Hazard,0.8253338416834746,4.9512101022796795,0.0,0.4503827242177895
Neural Discrete-Time Survival,0.02505272592085714,0.00282787244590686,0.0,0.0006898023531698508
Poisson Piecewise-Exponential,0.7013009152692662,1.6209336327147421,0.0,0.3658734708901612
Cox Comparable,0.0,0.0,0.6613304409935402,0.08919561764286628
DeepSurv,0.0,0.0,0.007539555473796343,0.0013692833908599926
Random Survival Forest,0.0,0.0,0.008043064460409552,0.0014627170443843526
Neural-MTLR,0.0,0.0,0.009585093473386921,0.0013329764226431666
